District,Season,Crop,Year,Cultivated Area,Production,Agro_Ecological_Zone,Spatial_Check,AEZ_standardized,Crop_standardized,Yield
Ampara,Maha,Carrot,2018,77.8,1267.06,Dry,Supported envelope,Dry Zone,Carrot,16.28611825192802
Ampara,Maha,Carrot,2018,66.16,808.93,Dry,Supported envelope,Dry Zone,Carrot,12.226874244256349
Ampara,Maha,Cassava,2018,118.85,2657.79,Dry,Supported envelope,Dry Zone,Manioc,22.3625578460244
Ampara,Maha,Chilli,2018,53.98,399.64,Dry,Supported envelope,Dry Zone,Chillies (Green),7.403482771396813
Ampara,Maha,Chilli,2018,61.09,466.1,Dry,Supported envelope,Dry Zone,Chillies (Green),7.629726632836798
Ampara,Maha,Chilli,2018,50.75,546.06,Dry,Supported envelope,Dry Zone,Chillies (Green),10.759802955665023
Ampara,Maha,Cowpea,2018,43.34,306.84,Dry,Supported envelope,Dry Zone,Cowpea,7.079833871712043
Ampara,Maha,Green Gram,2018,66.71,444.27,Dry,Supported envelope,Dry Zone,Green Gram,6.659721181232199
Ampara,Maha,Groundnut,2018,53.91,508.89,Dry,Supported envelope,Dry Zone,Ground Nuts,9.439621591541458
Ampara,Maha,Red Onion,2018,52.79,462.73,Dry,Supported envelope,Dry Zone,Red Onion,8.76548588747869
Ampara,Maha,Sweet Potato,2018,59.2,747.83,Dry,Supported envelope,Dry Zone,Sweet Potatoes,12.632263513513514
Ampara,Maha,Sweet Potato,2018,68.76,852.63,Dry,Supported envelope,Dry Zone,Sweet Potatoes,12.400087260034903
Ampara,Yala,Big Onion,2018,50.0,461.01,Dry,Supported envelope,Dry Zone,Big Onion,9.2202
Ampara,Yala,Big Onion,2018,56.71,671.79,Dry,Supported envelope,Dry Zone,Big Onion,11.846058896138246
Ampara,Yala,Cassava,2018,160.89,3782.07,Dry,Supported envelope,Dry Zone,Manioc,23.507178817825846
Ampara,Yala,Chilli,2018,74.34,574.98,Dry,Supported envelope,Dry Zone,Chillies (Green),7.734463276836158
Ampara,Yala,Ginger,2018,78.68,1227.91,Dry,Supported envelope,Dry Zone,Ginger,15.60638027452974
Ampara,Yala,Groundnut,2018,49.81,470.46,Dry,Supported envelope,Dry Zone,Ground Nuts,9.445091347119051
Ampara,Yala,Maize,2018,96.48,1767.17,Dry,Supported envelope,Dry Zone,Maize,18.31643864013267
Ampara,Yala,Red Onion,2018,51.99,514.58,Dry,Supported envelope,Dry Zone,Red Onion,9.8976726293518
Ampara,Yala,Turmeric,2018,52.69,631.13,Dry,Supported envelope,Dry Zone,Turmeric,11.978174226608465
Anuradhapura,Maha,Big Onion,2018,98.56,943.38,Dry,Supported envelope,Dry Zone,Big Onion,9.571631493506493
Anuradhapura,Maha,Chilli,2018,79.47,573.32,Dry,Supported envelope,Dry Zone,Chillies (Green),7.214294702403423
Anuradhapura,Maha,Potato,2018,61.3,1197.41,Dry,Supported envelope,Dry Zone,Potatoes,19.533605220228388
Anuradhapura,Yala,Big Onion,2018,56.66,604.13,Dry,Supported envelope,Dry Zone,Big Onion,10.662372043769857
Anuradhapura,Yala,Cassava,2018,118.28,2946.85,Dry,Supported envelope,Dry Zone,Manioc,24.914186675684814
Anuradhapura,Yala,Cowpea,2018,36.93,267.77,Dry,Supported envelope,Dry Zone,Cowpea,7.250744652044408
Anuradhapura,Yala,Ginger,2018,64.85,683.41,Dry,Supported envelope,Dry Zone,Ginger,10.538319198149576
Anuradhapura,Yala,Ginger,2018,100.57,1298.23,Dry,Supported envelope,Dry Zone,Ginger,12.908720294322364
Anuradhapura,Yala,Groundnut,2018,68.74,664.74,Dry,Supported envelope,Dry Zone,Ground Nuts,9.670352051207448
Anuradhapura,Yala,Sweet Potato,2018,98.39,1138.1,Dry,Supported envelope,Dry Zone,Sweet Potatoes,11.567232442321373
Anuradhapura,Yala,Sweet Potato,2018,104.53,1301.59,Dry,Supported envelope,Dry Zone,Sweet Potatoes,12.451832009949296
Badulla,Maha,Beans,2018,83.08,778.0,Up-country Intermediate,Supported envelope,Up Country Intermediate Zone,Beans,9.364467982667309
Badulla,Maha,Beans,2018,69.71,661.1,Up-country Intermediate,Supported envelope,Up Country Intermediate Zone,Beans,9.483574809926841
Badulla,Maha,Beans,2018,67.57,843.03,Up-country Intermediate,Supported envelope,Up Country Intermediate Zone,Beans,12.47639484978541
Badulla,Maha,Carrot,2018,115.37,1803.69,Up-country Intermediate,Supported envelope,Up Country Intermediate Zone,Carrot,15.633960301638208
Badulla,Maha,Carrot,2018,86.97,1469.18,Up-country Intermediate,Supported envelope,Up Country Intermediate Zone,Carrot,16.892951592503163
Badulla,Maha,Chilli,2018,41.51,343.97,Up-country Intermediate,Supported envelope,Up Country Intermediate Zone,Chillies (Green),8.286437003131777
Badulla,Maha,Ginger,2018,64.15,883.52,Up-country Intermediate,Supported envelope,Up Country Intermediate Zone,Ginger,13.772720187061573
Badulla,Maha,Green Gram,2018,32.11,237.79,Up-country Intermediate,Supported envelope,Up Country Intermediate Zone,Green Gram,7.4054811585175955
Badulla,Maha,Green Gram,2018,99.07,855.44,Up-country Intermediate,Supported envelope,Up Country Intermediate Zone,Green Gram,8.634702735439589
Badulla,Maha,Green Gram,2018,42.57,302.12,Up-country Intermediate,Supported envelope,Up Country Intermediate Zone,Green Gram,7.097016678412027
Badulla,Maha,Leeks,2018,77.81,848.96,Up-country Intermediate,Supported envelope,Up Country Intermediate Zone,Leeks,10.91067986120036
Badulla,Maha,Leeks,2018,80.26,846.35,Up-country Intermediate,Supported envelope,Up Country Intermediate Zone,Leeks,10.545103413904808
Badulla,Maha,Red Onion,2018,56.42,553.19,Up-country Intermediate,Supported envelope,Up Country Intermediate Zone,Red Onion,9.804856433888693
Badulla,Maha,Sweet Potato,2018,80.03,1425.79,Up-country Intermediate,Supported envelope,Up Country Intermediate Zone,Sweet Potatoes,17.815694114706986
Badulla,Maha,Sweet Potato,2018,113.15,1303.07,Up-country Intermediate,Supported envelope,Up Country Intermediate Zone,Sweet Potatoes,11.51630578877596
Badulla,Maha,Tea,2018,224.56,5613.98,Up-country Intermediate,Supported envelope,Up Country Intermediate Zone,Tea,24.999910936943355
Badulla,Maha,Turmeric,2018,54.75,605.34,Up-country Intermediate,Supported envelope,Up Country Intermediate Zone,Turmeric,11.056438356164383
Badulla,Yala,Beans,2018,53.91,557.85,Up-country Intermediate,Supported envelope,Up Country Intermediate Zone,Beans,10.347801892042293
Badulla,Yala,Beans,2018,74.07,725.62,Up-country Intermediate,Supported envelope,Up Country Intermediate Zone,Beans,9.796408802484137
Badulla,Yala,Carrot,2018,82.01,1262.65,Up-country Intermediate,Supported envelope,Up Country Intermediate Zone,Carrot,15.396293134983539
Badulla,Yala,Carrot,2018,109.39,1836.75,Up-country Intermediate,Supported envelope,Up Country Intermediate Zone,Carrot,16.790840113355884
Badulla,Yala,Carrot,2018,72.73,1091.91,Up-country Intermediate,Supported envelope,Up Country Intermediate Zone,Carrot,15.013199505018562
Badulla,Yala,Chilli,2018,44.51,346.43,Up-country Intermediate,Supported envelope,Up Country Intermediate Zone,Chillies (Green),7.783194787688161
Badulla,Yala,Chilli,2018,35.6,270.48,Up-country Intermediate,Supported envelope,Up Country Intermediate Zone,Chillies (Green),7.597752808988764
Badulla,Yala,Maize,2018,81.85,1233.79,Up-country Intermediate,Supported envelope,Up Country Intermediate Zone,Maize,15.07379352474038
Badulla,Yala,Pepper,2018,34.75,191.54,Up-country Intermediate,Supported envelope,Up Country Intermediate Zone,Pepper,5.511942446043165
Badulla,Yala,Potato,2018,117.89,2362.38,Up-country Intermediate,Supported envelope,Up Country Intermediate Zone,Potatoes,20.038849775214185
Badulla,Yala,Potato,2018,90.55,1687.61,Up-country Intermediate,Supported envelope,Up Country Intermediate Zone,Potatoes,18.637327443401436
Badulla,Yala,Red Onion,2018,71.25,790.75,Up-country Intermediate,Supported envelope,Up Country Intermediate Zone,Red Onion,11.098245614035088
Badulla,Yala,Tea,2018,199.0,5096.02,Up-country Intermediate,Supported envelope,Up Country Intermediate Zone,Tea,25.60814070351759
Batticaloa,Maha,Big Onion,2018,55.9,572.45,Dry,Supported envelope,Dry Zone,Big Onion,10.240608228980323
Batticaloa,Maha,Carrot,2018,65.96,977.64,Dry,Supported envelope,Dry Zone,Carrot,14.82171012734991
Batticaloa,Maha,Carrot,2018,73.03,1071.4,Dry,Supported envelope,Dry Zone,Carrot,14.67068328084349
Batticaloa,Maha,Carrot,2018,98.26,1811.22,Dry,Supported envelope,Dry Zone,Carrot,18.432933034805618
Batticaloa,Maha,Chilli,2018,43.21,249.29,Dry,Supported envelope,Dry Zone,Chillies (Green),5.769266373524647
Batticaloa,Maha,Chilli,2018,70.11,436.02,Dry,Supported envelope,Dry Zone,Chillies (Green),6.219084296106119
Batticaloa,Maha,Cowpea,2018,66.97,449.31,Dry,Supported envelope,Dry Zone,Cowpea,6.709123488129013
Batticaloa,Maha,Groundnut,2018,47.81,389.99,Dry,Supported envelope,Dry Zone,Ground Nuts,8.157080108763857
Batticaloa,Maha,Sweet Potato,2018,81.49,1053.48,Dry,Supported envelope,Dry Zone,Sweet Potatoes,12.927721192784391
Batticaloa,Maha,Turmeric,2018,43.24,455.92,Dry,Supported envelope,Dry Zone,Turmeric,10.543940795559667
Batticaloa,Yala,Carrot,2018,60.98,1076.64,Dry,Supported envelope,Dry Zone,Carrot,17.655624795014763
Batticaloa,Yala,Carrot,2018,67.49,1094.82,Dry,Supported envelope,Dry Zone,Carrot,16.2219588087124
Batticaloa,Yala,Chilli,2018,42.89,353.89,Dry,Supported envelope,Dry Zone,Chillies (Green),8.251107484262066
Batticaloa,Yala,Chilli,2018,66.31,521.91,Dry,Supported envelope,Dry Zone,Chillies (Green),7.870758558286834
Batticaloa,Yala,Chilli,2018,48.11,366.0,Dry,Supported envelope,Dry Zone,Chillies (Green),7.607565994595718
Batticaloa,Yala,Green Gram,2018,47.23,361.8,Dry,Supported envelope,Dry Zone,Green Gram,7.660385348295575
Batticaloa,Yala,Red Onion,2018,39.86,452.05,Dry,Supported envelope,Dry Zone,Red Onion,11.340943301555445
Batticaloa,Yala,Red Onion,2018,44.36,483.38,Dry,Supported envelope,Dry Zone,Red Onion,10.896753832281334
Batticaloa,Yala,Turmeric,2018,62.39,668.97,Dry,Supported envelope,Dry Zone,Turmeric,10.722391408879629
Colombo,Maha,Carrot,2018,78.76,1203.42,Wet,Supported envelope,Wet Zone,Carrot,15.279583544946673
Colombo,Maha,Carrot,2018,98.89,1563.52,Wet,Supported envelope,Wet Zone,Carrot,15.81069875619375
Colombo,Maha,Chilli,2018,77.0,535.76,Wet,Supported envelope,Wet Zone,Chillies (Green),6.957922077922078
Colombo,Maha,Ginger,2018,80.92,1116.18,Wet,Supported envelope,Wet Zone,Ginger,13.793623331685616
Colombo,Maha,Red Onion,2018,71.96,740.58,Wet,Supported envelope,Wet Zone,Red Onion,10.291550861589773
Colombo,Maha,Red Onion,2018,106.56,995.58,Wet,Supported envelope,Wet Zone,Red Onion,9.342905405405405
Colombo,Maha,Turmeric,2018,61.92,597.11,Wet,Supported envelope,Wet Zone,Turmeric,9.643249354005167
Colombo,Yala,Carrot,2018,60.23,1053.58,Wet,Supported envelope,Wet Zone,Carrot,17.49261165532127
Colombo,Yala,Carrot,2018,78.03,1312.62,Wet,Supported envelope,Wet Zone,Carrot,16.821991541714723
Colombo,Yala,Chilli,2018,75.63,623.94,Wet,Supported envelope,Wet Zone,Chillies (Green),8.249900833002778
Colombo,Yala,Chilli,2018,50.71,369.56,Wet,Supported envelope,Wet Zone,Chillies (Green),7.2877144547426544
Colombo,Yala,Chilli,2018,54.47,411.65,Wet,Supported envelope,Wet Zone,Chillies (Green),7.557371029924729
Colombo,Yala,Chilli,2018,54.79,395.77,Wet,Supported envelope,Wet Zone,Chillies (Green),7.223398430370505
Colombo,Yala,Sweet Potato,2018,99.18,1099.51,Wet,Supported envelope,Wet Zone,Sweet Potatoes,11.086005242992538
Colombo,Yala,Turmeric,2018,88.61,995.63,Wet,Supported envelope,Wet Zone,Turmeric,11.236090734680058
Colombo,Yala,Turmeric,2018,61.65,602.54,Wet,Supported envelope,Wet Zone,Turmeric,9.773560421735604
Galle,Maha,Carrot,2018,52.27,816.42,Wet,Supported envelope,Wet Zone,Carrot,15.619284484407881
Galle,Maha,Carrot,2018,64.1,871.09,Wet,Supported envelope,Wet Zone,Carrot,13.589547581903277
Galle,Maha,Carrot,2018,65.62,1019.55,Wet,Supported envelope,Wet Zone,Carrot,15.537183785431269
Galle,Maha,Cassava,2018,108.75,2872.79,Wet,Supported envelope,Wet Zone,Manioc,26.416459770114944
Galle,Maha,Chilli,2018,48.86,398.48,Wet,Supported envelope,Wet Zone,Chillies (Green),8.155546459271388
Galle,Maha,Chilli,2018,42.65,361.32,Wet,Supported envelope,Wet Zone,Chillies (Green),8.471746776084409
Galle,Maha,Pepper,2018,38.51,179.34,Wet,Supported envelope,Wet Zone,Pepper,4.656972215009089
Galle,Maha,Potato,2018,94.96,2044.14,Wet,Supported envelope,Wet Zone,Potatoes,21.526326874473465
Galle,Maha,Tea,2018,120.66,3500.54,Wet,Supported envelope,Wet Zone,Tea,29.011602850986243
Galle,Maha,Tea,2018,95.63,2113.66,Wet,Supported envelope,Wet Zone,Tea,22.102478301788143
Galle,Maha,Turmeric,2018,63.99,573.74,Wet,Supported envelope,Wet Zone,Turmeric,8.966088451320518
Galle,Yala,Carrot,2018,59.18,735.84,Wet,Supported envelope,Wet Zone,Carrot,12.433930381885773
Galle,Yala,Cassava,2018,141.29,3100.11,Wet,Supported envelope,Wet Zone,Manioc,21.941467902894757
Galle,Yala,Cassava,2018,128.3,2924.69,Wet,Supported envelope,Wet Zone,Manioc,22.795713172252533
Galle,Yala,Chilli,2018,33.3,277.52,Wet,Supported envelope,Wet Zone,Chillies (Green),8.333933933933935
Galle,Yala,Chilli,2018,33.03,269.15,Wet,Supported envelope,Wet Zone,Chillies (Green),8.148652739933393
Gampaha,Maha,Carrot,2018,130.17,2385.56,Wet,Supported envelope,Wet Zone,Carrot,18.326496120457865
Gampaha,Maha,Carrot,2018,87.71,1622.95,Wet,Supported envelope,Wet Zone,Carrot,18.503591380686355
Gampaha,Maha,Cassava,2018,183.89,4514.13,Wet,Supported envelope,Wet Zone,Manioc,24.5479906465822
Gampaha,Maha,Chilli,2018,66.46,525.91,Wet,Supported envelope,Wet Zone,Chillies (Green),7.913180860668072
Gampaha,Maha,Chilli,2018,96.88,724.08,Wet,Supported envelope,Wet Zone,Chillies (Green),7.47398843930636
Gampaha,Maha,Chilli,2018,95.51,749.93,Wet,Supported envelope,Wet Zone,Chillies (Green),7.851847974034132
Gampaha,Maha,Chilli,2018,58.06,507.05,Wet,Supported envelope,Wet Zone,Chillies (Green),8.733207027213227
Gampaha,Maha,Cowpea,2018,83.43,673.03,Wet,Supported envelope,Wet Zone,Cowpea,8.067002277358263
Gampaha,Maha,Ginger,2018,102.38,1077.11,Wet,Supported envelope,Wet Zone,Ginger,10.520707169369016
Gampaha,Maha,Green Gram,2018,83.4,542.03,Wet,Supported envelope,Wet Zone,Green Gram,6.499160671462829
Gampaha,Maha,Maize,2018,83.84,1462.18,Wet,Supported envelope,Wet Zone,Maize,17.440124045801525
Gampaha,Maha,Maize,2018,160.36,3066.22,Wet,Supported envelope,Wet Zone,Maize,19.12085308056872
Gampaha,Maha,Pineapple,2018,202.76,4005.29,Wet,Supported envelope,Wet Zone,Pineapple,19.753846912606036
Gampaha,Maha,Pineapple,2018,237.71,6098.35,Wet,Supported envelope,Wet Zone,Pineapple,25.65457910899836
Gampaha,Maha,Potato,2018,118.66,2617.06,Wet,Supported envelope,Wet Zone,Potatoes,22.05511545592449
Gampaha,Yala,Carrot,2018,71.35,1303.81,Wet,Supported envelope,Wet Zone,Carrot,18.27344078486335
Gampaha,Yala,Carrot,2018,108.85,1718.62,Wet,Supported envelope,Wet Zone,Carrot,15.788883785025265
Gampaha,Yala,Carrot,2018,73.98,1240.51,Wet,Supported envelope,Wet Zone,Carrot,16.76818058934847
Gampaha,Yala,Cassava,2018,142.18,3525.4,Wet,Supported envelope,Wet Zone,Manioc,24.795329863553242
Gampaha,Yala,Cowpea,2018,65.64,577.98,Wet,Supported envelope,Wet Zone,Cowpea,8.805301645338208
Gampaha,Yala,Green Gram,2018,59.83,419.24,Wet,Supported envelope,Wet Zone,Green Gram,7.007187029918102
Gampaha,Yala,Green Gram,2018,75.63,497.91,Wet,Supported envelope,Wet Zone,Green Gram,6.58349861166204
Gampaha,Yala,Maize,2018,219.41,3764.18,Wet,Supported envelope,Wet Zone,Maize,17.15591814411376
Gampaha,Yala,Maize,2018,133.98,2526.87,Wet,Supported envelope,Wet Zone,Maize,18.860053739364083
Gampaha,Yala,Turmeric,2018,88.45,886.73,Wet,Supported envelope,Wet Zone,Turmeric,10.025211984171849
Gampaha,Yala,Turmeric,2018,108.97,1024.72,Wet,Supported envelope,Wet Zone,Turmeric,9.40368908874002
Hambantota,Maha,Carrot,2018,121.55,1912.76,Dry/Intermediate,Supported envelope,Dry Zone,Carrot,15.73640477169889
Hambantota,Maha,Carrot,2018,154.42,1749.73,Dry/Intermediate,Supported envelope,Dry Zone,Carrot,11.330980442947805
Hambantota,Maha,Carrot,2018,144.18,2842.9,Dry/Intermediate,Supported envelope,Dry Zone,Carrot,19.717713968650298
Hambantota,Maha,Carrot,2018,80.84,1225.1,Dry/Intermediate,Supported envelope,Dry Zone,Carrot,15.154626422563085
Hambantota,Maha,Carrot,2018,120.58,1799.32,Dry/Intermediate,Supported envelope,Dry Zone,Carrot,14.922209321612208
Hambantota,Maha,Chilli,2018,93.77,718.37,Dry/Intermediate,Supported envelope,Dry Zone,Chillies (Green),7.660978991148555
Hambantota,Maha,Chilli,2018,69.41,461.43,Dry/Intermediate,Supported envelope,Dry Zone,Chillies (Green),6.647889353119147
Hambantota,Maha,Green Gram,2018,93.47,696.15,Dry/Intermediate,Supported envelope,Dry Zone,Green Gram,7.447844228094576
Hambantota,Maha,Green Gram,2018,70.8,504.13,Dry/Intermediate,Supported envelope,Dry Zone,Green Gram,7.120480225988701
Hambantota,Maha,Maize,2018,94.01,1718.59,Dry/Intermediate,Supported envelope,Dry Zone,Maize,18.280927560897776
Hambantota,Maha,Potato,2018,118.25,2534.25,Dry/Intermediate,Supported envelope,Dry Zone,Potatoes,21.431289640591967
Hambantota,Maha,Turmeric,2018,90.12,833.35,Dry/Intermediate,Supported envelope,Dry Zone,Turmeric,9.247114957833999
Hambantota,Yala,Big Onion,2018,61.7,676.91,Dry/Intermediate,Supported envelope,Dry Zone,Big Onion,10.970988654781198
Hambantota,Yala,Carrot,2018,122.88,1806.47,Dry/Intermediate,Supported envelope,Dry Zone,Carrot,14.701090494791668
Hambantota,Yala,Carrot,2018,110.33,1571.18,Dry/Intermediate,Supported envelope,Dry Zone,Carrot,14.240732348409319
Hambantota,Yala,Carrot,2018,127.77,2046.75,Dry/Intermediate,Supported envelope,Dry Zone,Carrot,16.019018548955156
Hambantota,Yala,Carrot,2018,88.99,988.72,Dry/Intermediate,Supported envelope,Dry Zone,Carrot,11.110461849646029
Hambantota,Yala,Carrot,2018,94.8,1901.09,Dry/Intermediate,Supported envelope,Dry Zone,Carrot,20.053691983122363
Hambantota,Yala,Cassava,2018,235.88,4893.78,Dry/Intermediate,Supported envelope,Dry Zone,Manioc,20.746905206036967
Hambantota,Yala,Chilli,2018,59.13,503.33,Dry/Intermediate,Supported envelope,Dry Zone,Chillies (Green),8.512261119567055
Hambantota,Yala,Chilli,2018,54.72,509.06,Dry/Intermediate,Supported envelope,Dry Zone,Chillies (Green),9.302997076023392
Hambantota,Yala,Cowpea,2018,58.24,478.6,Dry/Intermediate,Supported envelope,Dry Zone,Cowpea,8.217719780219781
Hambantota,Yala,Groundnut,2018,84.95,972.62,Dry/Intermediate,Supported envelope,Dry Zone,Ground Nuts,11.449323131253678
Hambantota,Yala,Sweet Potato,2018,121.95,1718.99,Dry/Intermediate,Supported envelope,Dry Zone,Sweet Potatoes,14.095858958589586
Jaffna,Maha,Big Onion,2018,127.19,1438.59,Dry,Supported envelope,Dry Zone,Big Onion,11.31055900621118
Jaffna,Maha,Carrot,2018,82.69,1571.73,Dry,Supported envelope,Dry Zone,Carrot,19.00749788366187
Jaffna,Maha,Carrot,2018,154.68,1973.71,Dry,Supported envelope,Dry Zone,Carrot,12.759956038272563
Jaffna,Maha,Cassava,2018,181.45,4879.04,Dry,Supported envelope,Dry Zone,Manioc,26.88917057040507
Jaffna,Maha,Cassava,2018,210.59,5213.84,Dry,Supported envelope,Dry Zone,Manioc,24.758250629184673
Jaffna,Maha,Chilli,2018,61.51,530.69,Dry,Supported envelope,Dry Zone,Chillies (Green),8.627702812550806
Jaffna,Maha,Chilli,2018,62.68,482.37,Dry,Supported envelope,Dry Zone,Chillies (Green),7.6957562220804085
Jaffna,Maha,Chilli,2018,109.05,698.77,Dry,Supported envelope,Dry Zone,Chillies (Green),6.407794589637781
Jaffna,Maha,Chilli,2018,89.15,681.2,Dry,Supported envelope,Dry Zone,Chillies (Green),7.641054402692092
Jaffna,Maha,Chilli,2018,77.53,581.84,Dry,Supported envelope,Dry Zone,Chillies (Green),7.504707855023862
Jaffna,Maha,Cowpea,2018,53.63,370.98,Dry,Supported envelope,Dry Zone,Cowpea,6.917396979302629
Jaffna,Maha,Green Gram,2018,79.52,600.39,Dry,Supported envelope,Dry Zone,Green Gram,7.550176056338028
Jaffna,Maha,Green Gram,2018,65.63,485.09,Dry,Supported envelope,Dry Zone,Green Gram,7.391284473563919
Jaffna,Maha,Green Gram,2018,59.42,506.98,Dry,Supported envelope,Dry Zone,Green Gram,8.532144059239313
Jaffna,Maha,Groundnut,2018,107.54,949.58,Dry,Supported envelope,Dry Zone,Ground Nuts,8.830016737957969
Jaffna,Maha,Maize,2018,80.02,1337.69,Dry,Supported envelope,Dry Zone,Maize,16.71694576355911
Jaffna,Maha,Potato,2018,172.61,2982.72,Dry,Supported envelope,Dry Zone,Potatoes,17.28011123341637
Jaffna,Yala,Carrot,2018,119.19,1867.26,Dry,Supported envelope,Dry Zone,Carrot,15.66624716838661
Jaffna,Yala,Carrot,2018,137.09,2085.32,Dry,Supported envelope,Dry Zone,Carrot,15.211321029980306
Jaffna,Yala,Carrot,2018,95.49,1427.29,Dry,Supported envelope,Dry Zone,Carrot,14.947010158131741
Jaffna,Yala,Carrot,2018,111.56,1822.94,Dry,Supported envelope,Dry Zone,Carrot,16.340444603800645
Jaffna,Yala,Chilli,2018,48.31,430.31,Dry,Supported envelope,Dry Zone,Chillies (Green),8.9072655764852
Jaffna,Yala,Chilli,2018,46.28,325.55,Dry,Supported envelope,Dry Zone,Chillies (Green),7.034356093344858
Jaffna,Yala,Groundnut,2018,56.84,602.36,Dry,Supported envelope,Dry Zone,Ground Nuts,10.59746657283603
Jaffna,Yala,Turmeric,2018,102.46,1063.9,Dry,Supported envelope,Dry Zone,Turmeric,10.38356431778255
Kalutara,Maha,Carrot,2018,81.7,1548.99,Wet,Supported envelope,Wet Zone,Carrot,18.959485924112606
Kalutara,Maha,Cassava,2018,160.35,3568.34,Wet,Supported envelope,Wet Zone,Manioc,22.25344558777674
Kalutara,Maha,Cassava,2018,158.54,4013.73,Wet,Supported envelope,Wet Zone,Manioc,25.31682856061562
Kalutara,Maha,Chilli,2018,102.76,883.83,Wet,Supported envelope,Wet Zone,Chillies (Green),8.60091475282211
Kalutara,Maha,Cinnamon,2018,60.43,267.1,Wet,Supported envelope,Wet Zone,Cinnamon,4.419990071156711
Kalutara,Maha,Cinnamon,2018,90.69,379.72,Wet,Supported envelope,Wet Zone,Cinnamon,4.187010695776823
Kalutara,Maha,Cinnamon,2018,62.28,275.03,Wet,Supported envelope,Wet Zone,Cinnamon,4.416024405908798
Kalutara,Maha,Potato,2018,179.25,3555.31,Wet,Supported envelope,Wet Zone,Potatoes,19.83436541143654
Kalutara,Maha,Tea,2018,153.03,3693.56,Wet,Supported envelope,Wet Zone,Tea,24.136182447886036
Kalutara,Yala,Carrot,2018,127.18,2020.51,Wet,Supported envelope,Wet Zone,Carrot,15.887010536247837
Kalutara,Yala,Carrot,2018,102.33,1348.92,Wet,Supported envelope,Wet Zone,Carrot,13.182058047493404
Kalutara,Yala,Carrot,2018,94.05,1422.27,Wet,Supported envelope,Wet Zone,Carrot,15.122488038277512
Kalutara,Yala,Carrot,2018,68.61,933.98,Wet,Supported envelope,Wet Zone,Carrot,13.612884419180878
Kalutara,Yala,Carrot,2018,76.62,1289.28,Wet,Supported envelope,Wet Zone,Carrot,16.82693813625685
Kalutara,Yala,Chilli,2018,88.15,669.07,Wet,Supported envelope,Wet Zone,Chillies (Green),7.590130459444129
Kalutara,Yala,Cinnamon,2018,60.02,291.09,Wet,Supported envelope,Wet Zone,Cinnamon,4.849883372209263
Kalutara,Yala,Ginger,2018,74.88,848.24,Wet,Supported envelope,Wet Zone,Ginger,11.327991452991453
Kalutara,Yala,Potato,2018,124.72,2595.37,Wet,Supported envelope,Wet Zone,Potatoes,20.809573444515713
Kalutara,Yala,Red Onion,2018,68.13,584.75,Wet,Supported envelope,Wet Zone,Red Onion,8.58285630412447
Kalutara,Yala,Red Onion,2018,92.82,1042.12,Wet,Supported envelope,Wet Zone,Red Onion,11.227321697909932
Kalutara,Yala,Sweet Potato,2018,82.87,1328.17,Wet,Supported envelope,Wet Zone,Sweet Potatoes,16.027150959333895
Kandy,Maha,Beans,2018,68.01,736.74,Up-country Wet/Intermediate,Supported envelope,Up Country Wet Zone,Beans,10.832818703131892
Kandy,Maha,Beans,2018,100.59,972.13,Up-country Wet/Intermediate,Supported envelope,Up Country Wet Zone,Beans,9.664280743612684
Kandy,Maha,Big Onion,2018,75.79,784.81,Up-country Wet/Intermediate,Supported envelope,Up Country Wet Zone,Big Onion,10.355060034305316
Kandy,Maha,Cabbage,2018,84.8,1239.92,Up-country Wet/Intermediate,Supported envelope,Up Country Wet Zone,Cabbage,14.621698113207549
Kandy,Maha,Cabbage,2018,105.68,2095.14,Up-country Wet/Intermediate,Supported envelope,Up Country Wet Zone,Cabbage,19.825321725965175
Kandy,Maha,Carrot,2018,104.22,1505.02,Up-country Wet/Intermediate,Supported envelope,Up Country Wet Zone,Carrot,14.440798311264633
Kandy,Maha,Carrot,2018,134.36,1829.61,Up-country Wet/Intermediate,Supported envelope,Up Country Wet Zone,Carrot,13.61722238761536
Kandy,Maha,Cassava,2018,188.52,4192.4,Up-country Wet/Intermediate,Supported envelope,Up Country Wet Zone,Manioc,22.2384892849565
Kandy,Maha,Cassava,2018,114.19,2568.31,Up-country Wet/Intermediate,Supported envelope,Up Country Wet Zone,Manioc,22.491549172431913
Kandy,Maha,Cauliflower,2018,105.99,1302.42,Up-country Wet/Intermediate,Supported envelope,Up Country Wet Zone,Cauliflower,12.288140390602889
Kandy,Maha,Chilli,2018,75.49,643.85,Up-country Wet/Intermediate,Supported envelope,Up Country Wet Zone,Chillies (Green),8.528944231023978
Kandy,Maha,Chilli,2018,65.95,564.38,Up-country Wet/Intermediate,Supported envelope,Up Country Wet Zone,Chillies (Green),8.557695223654283
Kandy,Maha,Chilli,2018,48.71,337.39,Up-country Wet/Intermediate,Supported envelope,Up Country Wet Zone,Chillies (Green),6.926503797988093
Kandy,Maha,Chilli,2018,76.44,549.58,Up-country Wet/Intermediate,Supported envelope,Up Country Wet Zone,Chillies (Green),7.189691261119833
Kandy,Maha,Groundnut,2018,68.56,542.32,Up-country Wet/Intermediate,Supported envelope,Up Country Wet Zone,Ground Nuts,7.910151691948658
Kandy,Maha,Leeks,2018,124.43,1790.41,Up-country Wet/Intermediate,Supported envelope,Up Country Wet Zone,Leeks,14.38889335369284
Kandy,Maha,Leeks,2018,98.88,966.14,Up-country Wet/Intermediate,Supported envelope,Up Country Wet Zone,Leeks,9.770833333333334
Kandy,Maha,Sweet Potato,2018,111.2,1177.82,Up-country Wet/Intermediate,Supported envelope,Up Country Wet Zone,Sweet Potatoes,10.591906474820144
Kandy,Maha,Tea,2018,199.11,4321.11,Up-country Wet/Intermediate,Supported envelope,Up Country Wet Zone,Tea,21.702124453819494
Kandy,Yala,Carrot,2018,85.6,1157.74,Up-country Wet/Intermediate,Supported envelope,Up Country Wet Zone,Carrot,13.525
Kandy,Yala,Carrot,2018,87.91,1405.97,Up-country Wet/Intermediate,Supported envelope,Up Country Wet Zone,Carrot,15.993288590604028
Kandy,Yala,Carrot,2018,144.21,2449.18,Up-country Wet/Intermediate,Supported envelope,Up Country Wet Zone,Carrot,16.983426946813672
Kandy,Yala,Carrot,2018,123.4,2179.33,Up-country Wet/Intermediate,Supported envelope,Up Country Wet Zone,Carrot,17.66069692058347
Kandy,Yala,Cassava,2018,172.04,4234.71,Up-country Wet/Intermediate,Supported envelope,Up Country Wet Zone,Manioc,24.61468263194606
Kandy,Yala,Cauliflower,2018,103.02,1134.54,Up-country Wet/Intermediate,Supported envelope,Up Country Wet Zone,Cauliflower,11.012813046010484
Kandy,Yala,Chilli,2018,49.1,340.45,Up-country Wet/Intermediate,Supported envelope,Up Country Wet Zone,Chillies (Green),6.933808553971486
Kandy,Yala,Green Gram,2018,68.11,577.96,Up-country Wet/Intermediate,Supported envelope,Up Country Wet Zone,Green Gram,8.485684921450595
Kandy,Yala,Groundnut,2018,58.78,532.92,Up-country Wet/Intermediate,Supported envelope,Up Country Wet Zone,Ground Nuts,9.066349098332765
Kandy,Yala,Maize,2018,137.52,2866.35,Up-country Wet/Intermediate,Supported envelope,Up Country Wet Zone,Maize,20.84315008726003
Kandy,Yala,Pepper,2018,32.15,181.73,Up-country Wet/Intermediate,Supported envelope,Up Country Wet Zone,Pepper,5.652566096423017
Kandy,Yala,Pepper,2018,47.37,255.3,Up-country Wet/Intermediate,Supported envelope,Up Country Wet Zone,Pepper,5.38948701709943
Kandy,Yala,Pineapple,2018,181.61,3884.55,Up-country Wet/Intermediate,Supported envelope,Up Country Wet Zone,Pineapple,21.38951599581521
Kegalle,Maha,Beans,2018,76.92,837.84,Wet/Intermediate,Supported envelope,Wet Zone,Beans,10.892355694227769
Kegalle,Maha,Beans,2018,89.19,943.5,Wet/Intermediate,Supported envelope,Wet Zone,Beans,10.578540195089136
Kegalle,Maha,Carrot,2018,97.88,1089.86,Wet/Intermediate,Supported envelope,Wet Zone,Carrot,11.134654679199018
Kegalle,Maha,Carrot,2018,147.66,2362.63,Wet/Intermediate,Supported envelope,Wet Zone,Carrot,16.000474062034403
Kegalle,Maha,Carrot,2018,90.59,1393.04,Wet/Intermediate,Supported envelope,Wet Zone,Carrot,15.377414725687162
Kegalle,Maha,Carrot,2018,123.75,1788.6,Wet/Intermediate,Supported envelope,Wet Zone,Carrot,14.453333333333333
Kegalle,Maha,Carrot,2018,120.51,1745.98,Wet/Intermediate,Supported envelope,Wet Zone,Carrot,14.48825823583105
Kegalle,Maha,Cassava,2018,153.64,3698.04,Wet/Intermediate,Supported envelope,Wet Zone,Manioc,24.06951314761781
Kegalle,Maha,Cassava,2018,103.73,2686.75,Wet/Intermediate,Supported envelope,Wet Zone,Manioc,25.90137857900318
Kegalle,Maha,Cauliflower,2018,73.82,917.88,Wet/Intermediate,Supported envelope,Wet Zone,Cauliflower,12.434028718504472
Kegalle,Maha,Chilli,2018,80.44,630.58,Wet/Intermediate,Supported envelope,Wet Zone,Chillies (Green),7.8391347588264555
Kegalle,Maha,Chilli,2018,59.04,432.91,Wet/Intermediate,Supported envelope,Wet Zone,Chillies (Green),7.332486449864499
Kegalle,Maha,Chilli,2018,69.06,510.44,Wet/Intermediate,Supported envelope,Wet Zone,Chillies (Green),7.391253982044598
Kegalle,Maha,Chilli,2018,83.27,589.57,Wet/Intermediate,Supported envelope,Wet Zone,Chillies (Green),7.080220967935632
Kegalle,Maha,Maize,2018,131.71,1992.04,Wet/Intermediate,Supported envelope,Wet Zone,Maize,15.124440057702527
Kegalle,Maha,Pepper,2018,54.15,306.47,Wet/Intermediate,Supported envelope,Wet Zone,Pepper,5.659649122807018
Kegalle,Maha,Pineapple,2018,104.63,2312.89,Wet/Intermediate,Supported envelope,Wet Zone,Pineapple,22.105419095861606
Kegalle,Maha,Potato,2018,110.74,2541.59,Wet/Intermediate,Supported envelope,Wet Zone,Potatoes,22.950966227198847
Kegalle,Maha,Red Onion,2018,62.9,628.02,Wet/Intermediate,Supported envelope,Wet Zone,Red Onion,9.984419713831478
Kegalle,Maha,Sweet Potato,2018,165.71,1949.11,Wet/Intermediate,Supported envelope,Wet Zone,Sweet Potatoes,11.762174883833202
Kegalle,Maha,Sweet Potato,2018,94.13,1284.84,Wet/Intermediate,Supported envelope,Wet Zone,Sweet Potatoes,13.649633485605014
Kegalle,Maha,Sweet Potato,2018,94.13,1326.29,Wet/Intermediate,Supported envelope,Wet Zone,Sweet Potatoes,14.089981939870393
Kegalle,Maha,Tea,2018,142.19,3209.4,Wet/Intermediate,Supported envelope,Wet Zone,Tea,22.571207539208103
Kegalle,Yala,Chilli,2018,59.2,364.29,Wet/Intermediate,Supported envelope,Wet Zone,Chillies (Green),6.1535472972972975
Kegalle,Yala,Chilli,2018,69.73,395.03,Wet/Intermediate,Supported envelope,Wet Zone,Chillies (Green),5.6651369568335
Kegalle,Yala,Ginger,2018,53.14,501.32,Wet/Intermediate,Supported envelope,Wet Zone,Ginger,9.433948061723749
Kegalle,Yala,Green Gram,2018,57.72,466.7,Wet/Intermediate,Supported envelope,Wet Zone,Green Gram,8.085585585585585
Kegalle,Yala,Pepper,2018,34.07,207.14,Wet/Intermediate,Supported envelope,Wet Zone,Pepper,6.079835632521279
Kegalle,Yala,Pineapple,2018,139.86,3162.92,Wet/Intermediate,Supported envelope,Wet Zone,Pineapple,22.614900614900613
Kegalle,Yala,Potato,2018,140.58,2617.41,Wet/Intermediate,Supported envelope,Wet Zone,Potatoes,18.61865130174989
Kegalle,Yala,Red Onion,2018,73.97,733.01,Wet/Intermediate,Supported envelope,Wet Zone,Red Onion,9.909557928890091
Kegalle,Yala,Sweet Potato,2018,100.56,1248.02,Wet/Intermediate,Supported envelope,Wet Zone,Sweet Potatoes,12.410700079554495
Kegalle,Yala,Tea,2018,100.53,2422.82,Wet/Intermediate,Supported envelope,Wet Zone,Tea,24.1004675221327
Kegalle,Yala,Tea,2018,129.79,3051.6,Wet/Intermediate,Supported envelope,Wet Zone,Tea,23.511826797133832
Kegalle,Yala,Turmeric,2018,82.9,796.16,Wet/Intermediate,Supported envelope,Wet Zone,Turmeric,9.603860072376357
Kilinochchi,Maha,Big Onion,2018,53.19,634.24,Dry,Supported envelope,Dry Zone,Big Onion,11.924045873284452
Kilinochchi,Maha,Big Onion,2018,58.28,611.57,Dry,Supported envelope,Dry Zone,Big Onion,10.493651338366508
Kilinochchi,Maha,Carrot,2018,50.85,803.7,Dry,Supported envelope,Dry Zone,Carrot,15.805309734513274
Kilinochchi,Maha,Carrot,2018,81.22,1216.45,Dry,Supported envelope,Dry Zone,Carrot,14.977222359024871
Kilinochchi,Maha,Carrot,2018,86.94,1333.1,Dry,Supported envelope,Dry Zone,Carrot,15.333563377041637
Kilinochchi,Maha,Chilli,2018,42.76,353.21,Dry,Supported envelope,Dry Zone,Chillies (Green),8.260289990645463
Kilinochchi,Maha,Chilli,2018,46.47,308.17,Dry,Supported envelope,Dry Zone,Chillies (Green),6.6315902732945995
Kilinochchi,Maha,Chilli,2018,49.16,351.09,Dry,Supported envelope,Dry Zone,Chillies (Green),7.141781936533767
Kilinochchi,Maha,Cowpea,2018,50.24,463.56,Dry,Supported envelope,Dry Zone,Cowpea,9.226910828025478
Kilinochchi,Maha,Cowpea,2018,29.14,200.94,Dry,Supported envelope,Dry Zone,Cowpea,6.895676046671242
Kilinochchi,Maha,Groundnut,2018,36.06,360.35,Dry,Supported envelope,Dry Zone,Ground Nuts,9.993067110371603
Kilinochchi,Maha,Groundnut,2018,74.41,692.25,Dry,Supported envelope,Dry Zone,Ground Nuts,9.303185055772074
Kilinochchi,Maha,Groundnut,2018,59.83,557.08,Dry,Supported envelope,Dry Zone,Ground Nuts,9.311047969246198
Kilinochchi,Maha,Maize,2018,62.67,1162.11,Dry,Supported envelope,Dry Zone,Maize,18.543322163714695
Kilinochchi,Maha,Maize,2018,51.3,869.55,Dry,Supported envelope,Dry Zone,Maize,16.950292397660817
Kilinochchi,Maha,Sweet Potato,2018,78.87,888.06,Dry,Supported envelope,Dry Zone,Sweet Potatoes,11.259794598706732
Kilinochchi,Yala,Carrot,2018,62.92,925.5,Dry,Supported envelope,Dry Zone,Carrot,14.709154481881754
Kilinochchi,Yala,Chilli,2018,29.78,240.74,Dry,Supported envelope,Dry Zone,Chillies (Green),8.083948959032908
Kilinochchi,Yala,Chilli,2018,52.17,366.26,Dry,Supported envelope,Dry Zone,Chillies (Green),7.020509871573701
Kilinochchi,Yala,Cowpea,2018,50.68,326.41,Dry,Supported envelope,Dry Zone,Cowpea,6.440607734806631
Kilinochchi,Yala,Green Gram,2018,43.78,365.91,Dry,Supported envelope,Dry Zone,Green Gram,8.357925993604386
Kilinochchi,Yala,Green Gram,2018,37.49,328.48,Dry,Supported envelope,Dry Zone,Green Gram,8.761803147506
Kilinochchi,Yala,Groundnut,2018,47.67,474.79,Dry,Supported envelope,Dry Zone,Ground Nuts,9.959932871827146
Kurunegala,Maha,Big Onion,2018,88.04,858.25,Intermediate/Dry,Supported envelope,Intermediate Zone,Big Onion,9.748409813721036
Kurunegala,Maha,Carrot,2018,111.68,1576.79,Intermediate/Dry,Supported envelope,Intermediate Zone,Carrot,14.118821633237822
Kurunegala,Maha,Carrot,2018,155.48,2083.97,Intermediate/Dry,Supported envelope,Intermediate Zone,Carrot,13.403460252122459
Kurunegala,Maha,Carrot,2018,132.51,1845.3,Intermediate/Dry,Supported envelope,Intermediate Zone,Carrot,13.92574145347521
Kurunegala,Maha,Cassava,2018,212.85,4818.7,Intermediate/Dry,Supported envelope,Intermediate Zone,Manioc,22.6389476156918
Kurunegala,Maha,Chilli,2018,57.38,362.68,Intermediate/Dry,Supported envelope,Intermediate Zone,Chillies (Green),6.320669222725688
Kurunegala,Maha,Chilli,2018,52.46,439.49,Intermediate/Dry,Supported envelope,Intermediate Zone,Chillies (Green),8.377621044605414
Kurunegala,Maha,Chilli,2018,90.61,985.31,Intermediate/Dry,Supported envelope,Intermediate Zone,Chillies (Green),10.874186072177464
Kurunegala,Maha,Ginger,2018,130.38,1829.43,Intermediate/Dry,Supported envelope,Intermediate Zone,Ginger,14.0315232397607
Kurunegala,Maha,Ginger,2018,103.19,986.18,Intermediate/Dry,Supported envelope,Intermediate Zone,Ginger,9.556933811415835
Kurunegala,Maha,Potato,2018,186.29,3160.63,Intermediate/Dry,Supported envelope,Intermediate Zone,Potatoes,16.966181759622096
Kurunegala,Maha,Potato,2018,143.19,3579.96,Intermediate/Dry,Supported envelope,Intermediate Zone,Potatoes,25.001466582861934
Kurunegala,Maha,Red Onion,2018,83.62,866.26,Intermediate/Dry,Supported envelope,Intermediate Zone,Red Onion,10.359483377182492
Kurunegala,Maha,Sweet Potato,2018,101.94,1277.91,Intermediate/Dry,Supported envelope,Intermediate Zone,Sweet Potatoes,12.535903472630961
Kurunegala,Maha,Turmeric,2018,103.45,1239.92,Intermediate/Dry,Supported envelope,Intermediate Zone,Turmeric,11.985693571773805
Kurunegala,Yala,Carrot,2018,88.7,1190.85,Intermediate/Dry,Supported envelope,Intermediate Zone,Carrot,13.425591882750844
Kurunegala,Yala,Carrot,2018,111.24,2013.53,Intermediate/Dry,Supported envelope,Intermediate Zone,Carrot,18.10077310320029
Kurunegala,Yala,Carrot,2018,88.97,1145.4,Intermediate/Dry,Supported envelope,Intermediate Zone,Carrot,12.874002472743623
Kurunegala,Yala,Carrot,2018,126.67,2167.52,Intermediate/Dry,Supported envelope,Intermediate Zone,Carrot,17.111549696060628
Kurunegala,Yala,Chilli,2018,68.35,469.76,Intermediate/Dry,Supported envelope,Intermediate Zone,Chillies (Green),6.872860277980981
Kurunegala,Yala,Chilli,2018,83.21,726.9,Intermediate/Dry,Supported envelope,Intermediate Zone,Chillies (Green),8.735728878740536
Kurunegala,Yala,Ginger,2018,82.5,972.53,Intermediate/Dry,Supported envelope,Intermediate Zone,Ginger,11.788242424242425
Kurunegala,Yala,Groundnut,2018,49.49,417.08,Intermediate/Dry,Supported envelope,Intermediate Zone,Ground Nuts,8.427561123459284
Kurunegala,Yala,Groundnut,2018,83.24,756.51,Intermediate/Dry,Supported envelope,Intermediate Zone,Ground Nuts,9.088298894762135
Kurunegala,Yala,Maize,2018,187.32,2567.67,Intermediate/Dry,Supported envelope,Intermediate Zone,Maize,13.707399103139014
Kurunegala,Yala,Pineapple,2018,152.65,3600.27,Intermediate/Dry,Supported envelope,Intermediate Zone,Pineapple,23.58512938093678
Kurunegala,Yala,Red Onion,2018,73.92,745.84,Intermediate/Dry,Supported envelope,Intermediate Zone,Red Onion,10.08982683982684
Kurunegala,Yala,Sweet Potato,2018,90.72,1298.67,Intermediate/Dry,Supported envelope,Intermediate Zone,Sweet Potatoes,14.315145502645503
Kurunegala,Yala,Sweet Potato,2018,155.31,2032.98,Intermediate/Dry,Supported envelope,Intermediate Zone,Sweet Potatoes,13.089820359281436
Mannar,Maha,Carrot,2018,144.62,2371.67,Dry,Supported envelope,Dry Zone,Carrot,16.399322362052274
Mannar,Maha,Carrot,2018,153.43,2227.41,Dry,Supported envelope,Dry Zone,Carrot,14.517434660757347
Mannar,Maha,Carrot,2018,119.67,2060.76,Dry,Supported envelope,Dry Zone,Carrot,17.22035597894209
Mannar,Maha,Chilli,2018,75.57,486.47,Dry,Supported envelope,Dry Zone,Chillies (Green),6.437342860923648
Mannar,Maha,Chilli,2018,70.76,573.31,Dry,Supported envelope,Dry Zone,Chillies (Green),8.102176370830977
Mannar,Maha,Cowpea,2018,74.83,731.11,Dry,Supported envelope,Dry Zone,Cowpea,9.770279299746091
Mannar,Maha,Groundnut,2018,73.66,661.16,Dry,Supported envelope,Dry Zone,Ground Nuts,8.975834917187075
Mannar,Maha,Groundnut,2018,74.85,827.56,Dry,Supported envelope,Dry Zone,Ground Nuts,11.0562458249833
Mannar,Maha,Groundnut,2018,105.3,1019.15,Dry,Supported envelope,Dry Zone,Ground Nuts,9.678537511870845
Mannar,Maha,Groundnut,2018,117.0,1152.02,Dry,Supported envelope,Dry Zone,Ground Nuts,9.846324786324786
Mannar,Maha,Red Onion,2018,120.34,1057.89,Dry,Supported envelope,Dry Zone,Red Onion,8.79084261259764
Mannar,Maha,Sweet Potato,2018,155.79,1975.52,Dry,Supported envelope,Dry Zone,Sweet Potatoes,12.680659862635599
Mannar,Maha,Turmeric,2018,129.21,1266.26,Dry,Supported envelope,Dry Zone,Turmeric,9.80001547867812
Mannar,Yala,Big Onion,2018,111.08,1330.74,Dry,Supported envelope,Dry Zone,Big Onion,11.98001440403313
Mannar,Yala,Big Onion,2018,152.93,1338.91,Dry,Supported envelope,Dry Zone,Big Onion,8.755051330674165
Mannar,Yala,Carrot,2018,94.91,1316.42,Dry,Supported envelope,Dry Zone,Carrot,13.870192814245076
Mannar,Yala,Carrot,2018,113.37,1916.87,Dry,Supported envelope,Dry Zone,Carrot,16.908088559583664
Mannar,Yala,Carrot,2018,153.17,2402.43,Dry,Supported envelope,Dry Zone,Carrot,15.684729385649932
Mannar,Yala,Chilli,2018,90.36,586.77,Dry,Supported envelope,Dry Zone,Chillies (Green),6.493691899070385
Mannar,Yala,Chilli,2018,63.78,376.74,Dry,Supported envelope,Dry Zone,Chillies (Green),5.9068673565381
Mannar,Yala,Chilli,2018,72.04,649.12,Dry,Supported envelope,Dry Zone,Chillies (Green),9.010549694614102
Mannar,Yala,Cowpea,2018,95.7,712.2,Dry,Supported envelope,Dry Zone,Cowpea,7.4420062695924765
Mannar,Yala,Ginger,2018,100.8,936.38,Dry,Supported envelope,Dry Zone,Ginger,9.289484126984128
Mannar,Yala,Groundnut,2018,98.15,874.22,Dry,Supported envelope,Dry Zone,Ground Nuts,8.90697911360163
Mannar,Yala,Groundnut,2018,111.34,1166.53,Dry,Supported envelope,Dry Zone,Ground Nuts,10.477186994790731
Mannar,Yala,Red Onion,2018,91.86,1040.13,Dry,Supported envelope,Dry Zone,Red Onion,11.322991508817767
Mannar,Yala,Red Onion,2018,113.77,1233.68,Dry,Supported envelope,Dry Zone,Red Onion,10.843631888898656
Mannar,Yala,Red Onion,2018,103.48,982.18,Dry,Supported envelope,Dry Zone,Red Onion,9.491495941244684
Mannar,Yala,Sweet Potato,2018,95.17,1024.25,Dry,Supported envelope,Dry Zone,Sweet Potatoes,10.762320058842072
Mannar,Yala,Turmeric,2018,51.9,688.65,Dry,Supported envelope,Dry Zone,Turmeric,13.26878612716763
Matale,Maha,Beans,2018,51.46,500.98,Intermediate/Up-country,Supported envelope,Intermediate Zone,Beans,9.735328410415857
Matale,Maha,Beans,2018,40.52,396.14,Intermediate/Up-country,Supported envelope,Intermediate Zone,Beans,9.77640671273445
Matale,Maha,Cassava,2018,134.71,3029.57,Intermediate/Up-country,Supported envelope,Intermediate Zone,Manioc,22.489570187810852
Matale,Maha,Chilli,2018,55.57,415.68,Intermediate/Up-country,Supported envelope,Intermediate Zone,Chillies (Green),7.48029512326795
Matale,Maha,Ginger,2018,66.65,871.71,Intermediate/Up-country,Supported envelope,Intermediate Zone,Ginger,13.078919729932483
Matale,Maha,Green Gram,2018,58.58,438.98,Intermediate/Up-country,Supported envelope,Intermediate Zone,Green Gram,7.493683851143736
Matale,Maha,Groundnut,2018,59.34,519.75,Intermediate/Up-country,Supported envelope,Intermediate Zone,Ground Nuts,8.758847320525783
Matale,Maha,Leeks,2018,45.37,513.95,Intermediate/Up-country,Supported envelope,Intermediate Zone,Leeks,11.327970024245097
Matale,Maha,Red Onion,2018,42.26,498.34,Intermediate/Up-country,Supported envelope,Intermediate Zone,Red Onion,11.792238523426407
Matale,Maha,Sweet Potato,2018,100.39,1115.23,Intermediate/Up-country,Supported envelope,Intermediate Zone,Sweet Potatoes,11.108974997509712
Matale,Maha,Tea,2018,80.9,1675.06,Intermediate/Up-country,Supported envelope,Intermediate Zone,Tea,20.7053152039555
Matale,Maha,Tea,2018,97.76,2609.43,Intermediate/Up-country,Supported envelope,Intermediate Zone,Tea,26.692205400981994
Matale,Maha,Turmeric,2018,54.77,544.92,Intermediate/Up-country,Supported envelope,Intermediate Zone,Turmeric,9.94924228592295
Matale,Yala,Big Onion,2018,80.77,950.52,Intermediate/Up-country,Supported envelope,Intermediate Zone,Big Onion,11.768230778754488
Matale,Yala,Carrot,2018,58.0,878.96,Intermediate/Up-country,Supported envelope,Intermediate Zone,Carrot,15.15448275862069
Matale,Yala,Cassava,2018,96.07,2341.93,Intermediate/Up-country,Supported envelope,Intermediate Zone,Manioc,24.377329030914957
Matale,Yala,Cauliflower,2018,68.78,727.13,Intermediate/Up-country,Supported envelope,Intermediate Zone,Cauliflower,10.57182320441989
Matale,Yala,Leeks,2018,60.94,804.46,Intermediate/Up-country,Supported envelope,Intermediate Zone,Leeks,13.200853298326223
Matale,Yala,Red Onion,2018,77.02,728.78,Intermediate/Up-country,Supported envelope,Intermediate Zone,Red Onion,9.46221760581667
Matale,Yala,Tea,2018,116.38,2350.94,Intermediate/Up-country,Supported envelope,Intermediate Zone,Tea,20.200549922667125
Matale,Yala,Turmeric,2018,61.49,505.93,Intermediate/Up-country,Supported envelope,Intermediate Zone,Turmeric,8.227841925516344
Matara,Maha,Carrot,2018,73.08,1249.11,Wet,Supported envelope,Wet Zone,Carrot,17.092364532019705
Matara,Maha,Carrot,2018,69.24,1082.65,Wet,Supported envelope,Wet Zone,Carrot,15.63619295205084
Matara,Maha,Carrot,2018,120.63,1586.38,Wet,Supported envelope,Wet Zone,Carrot,13.150791677028932
Matara,Maha,Chilli,2018,49.05,434.05,Wet,Supported envelope,Wet Zone,Chillies (Green),8.849133537206933
Matara,Maha,Cinnamon,2018,102.57,476.25,Wet,Supported envelope,Wet Zone,Cinnamon,4.643170517695233
Matara,Maha,Cinnamon,2018,72.98,366.26,Wet,Supported envelope,Wet Zone,Cinnamon,5.0186352425322
Matara,Maha,Cowpea,2018,104.25,791.94,Wet,Supported envelope,Wet Zone,Cowpea,7.596546762589929
Matara,Maha,Cowpea,2018,64.95,406.3,Wet,Supported envelope,Wet Zone,Cowpea,6.255581216320246
Matara,Maha,Cowpea,2018,95.99,724.46,Wet,Supported envelope,Wet Zone,Cowpea,7.5472445046359
Matara,Maha,Green Gram,2018,85.31,561.51,Wet,Supported envelope,Wet Zone,Green Gram,6.5819950767788065
Matara,Maha,Green Gram,2018,63.43,527.95,Wet,Supported envelope,Wet Zone,Green Gram,8.323348573230334
Matara,Maha,Pepper,2018,41.44,233.8,Wet,Supported envelope,Wet Zone,Pepper,5.641891891891892
Matara,Maha,Sweet Potato,2018,88.63,1357.91,Wet,Supported envelope,Wet Zone,Sweet Potatoes,15.321110233555231
Matara,Maha,Sweet Potato,2018,100.84,1430.86,Wet,Supported envelope,Wet Zone,Sweet Potatoes,14.189408964696547
Matara,Yala,Carrot,2018,103.99,1426.09,Wet,Supported envelope,Wet Zone,Carrot,13.713722473314741
Matara,Yala,Carrot,2018,82.21,1456.0,Wet,Supported envelope,Wet Zone,Carrot,17.710740785792485
Matara,Yala,Carrot,2018,76.2,1174.81,Wet,Supported envelope,Wet Zone,Carrot,15.417454068241469
Matara,Yala,Carrot,2018,101.5,1561.72,Wet,Supported envelope,Wet Zone,Carrot,15.3864039408867
Matara,Yala,Carrot,2018,116.02,2306.36,Wet,Supported envelope,Wet Zone,Carrot,19.878986381658336
Matara,Yala,Cinnamon,2018,116.99,490.43,Wet,Supported envelope,Wet Zone,Cinnamon,4.1920676980938545
Matara,Yala,Green Gram,2018,66.26,425.59,Wet,Supported envelope,Wet Zone,Green Gram,6.423030485964381
Matara,Yala,Green Gram,2018,78.52,629.36,Wet,Supported envelope,Wet Zone,Green Gram,8.01528273051452
Matara,Yala,Groundnut,2018,91.1,978.32,Wet,Supported envelope,Wet Zone,Ground Nuts,10.738968166849617
Matara,Yala,Maize,2018,103.38,1785.34,Wet,Supported envelope,Wet Zone,Maize,17.269684658541305
Matara,Yala,Potato,2018,127.5,2733.57,Wet,Supported envelope,Wet Zone,Potatoes,21.439764705882354
Matara,Yala,Potato,2018,134.28,2351.23,Wet,Supported envelope,Wet Zone,Potatoes,17.509904676794758
Matara,Yala,Sweet Potato,2018,158.49,2432.01,Wet,Supported envelope,Wet Zone,Sweet Potatoes,15.344879803142154
Matara,Yala,Sweet Potato,2018,101.41,1200.52,Wet,Supported envelope,Wet Zone,Sweet Potatoes,11.838280248496204
Matara,Yala,Sweet Potato,2018,92.58,1398.3,Wet,Supported envelope,Wet Zone,Sweet Potatoes,15.103694102397926
Matara,Yala,Sweet Potato,2018,92.61,1150.6,Wet,Supported envelope,Wet Zone,Sweet Potatoes,12.424144260878954
Mullaitivu,Maha,Big Onion,2018,106.73,1040.61,Dry,Supported envelope,Dry Zone,Big Onion,9.749929729223272
Mullaitivu,Maha,Carrot,2018,97.21,1639.71,Dry,Supported envelope,Dry Zone,Carrot,16.86770908342763
Mullaitivu,Maha,Carrot,2018,101.89,1398.43,Dry,Supported envelope,Dry Zone,Carrot,13.724899401315144
Mullaitivu,Maha,Cassava,2018,318.55,8506.67,Dry,Supported envelope,Dry Zone,Manioc,26.704347826086956
Mullaitivu,Maha,Chilli,2018,123.2,1029.34,Dry,Supported envelope,Dry Zone,Chillies (Green),8.355032467532467
Mullaitivu,Maha,Chilli,2018,70.54,624.98,Dry,Supported envelope,Dry Zone,Chillies (Green),8.859937624043095
Mullaitivu,Maha,Chilli,2018,72.4,536.84,Dry,Supported envelope,Dry Zone,Chillies (Green),7.414917127071823
Mullaitivu,Maha,Chilli,2018,87.54,753.78,Dry,Supported envelope,Dry Zone,Chillies (Green),8.610692254969155
Mullaitivu,Maha,Chilli,2018,59.11,568.36,Dry,Supported envelope,Dry Zone,Chillies (Green),9.615293520554898
Mullaitivu,Maha,Green Gram,2018,80.06,780.82,Dry,Supported envelope,Dry Zone,Green Gram,9.752935298526106
Mullaitivu,Maha,Groundnut,2018,102.14,1198.93,Dry,Supported envelope,Dry Zone,Ground Nuts,11.73810456236538
Mullaitivu,Maha,Maize,2018,106.29,1601.79,Dry,Supported envelope,Dry Zone,Maize,15.069997177533162
Mullaitivu,Maha,Maize,2018,130.22,1589.79,Dry,Supported envelope,Dry Zone,Maize,12.208493318998617
Mullaitivu,Maha,Maize,2018,110.12,1441.41,Dry,Supported envelope,Dry Zone,Maize,13.089447875045405
Mullaitivu,Maha,Maize,2018,172.81,2722.82,Dry,Supported envelope,Dry Zone,Maize,15.756148371043343
Mullaitivu,Maha,Sweet Potato,2018,126.18,1535.29,Dry,Supported envelope,Dry Zone,Sweet Potatoes,12.167459185290854
Mullaitivu,Maha,Sweet Potato,2018,143.97,1917.36,Dry,Supported envelope,Dry Zone,Sweet Potatoes,13.31777453636174
Mullaitivu,Maha,Sweet Potato,2018,103.06,1239.5,Dry,Supported envelope,Dry Zone,Sweet Potatoes,12.026974577915777
Mullaitivu,Maha,Turmeric,2018,54.31,463.67,Dry,Supported envelope,Dry Zone,Turmeric,8.537470079175106
Mullaitivu,Maha,Turmeric,2018,90.61,790.7,Dry,Supported envelope,Dry Zone,Turmeric,8.726409888533276
Mullaitivu,Yala,Big Onion,2018,72.38,702.97,Dry,Supported envelope,Dry Zone,Big Onion,9.712213318596298
Mullaitivu,Yala,Carrot,2018,63.97,1043.44,Dry,Supported envelope,Dry Zone,Carrot,16.311395966859468
Mullaitivu,Yala,Carrot,2018,138.83,1889.34,Dry,Supported envelope,Dry Zone,Carrot,13.609018223726858
Mullaitivu,Yala,Carrot,2018,88.87,1284.38,Dry,Supported envelope,Dry Zone,Carrot,14.452346123551255
Mullaitivu,Yala,Chilli,2018,55.65,485.66,Dry,Supported envelope,Dry Zone,Chillies (Green),8.727044025157234
Mullaitivu,Yala,Chilli,2018,37.6,294.23,Dry,Supported envelope,Dry Zone,Chillies (Green),7.825265957446809
Mullaitivu,Yala,Ginger,2018,139.83,2025.91,Dry,Supported envelope,Dry Zone,Ginger,14.48837874561968
Mullaitivu,Yala,Potato,2018,139.46,2564.57,Dry,Supported envelope,Dry Zone,Potatoes,18.38928725082461
Mullaitivu,Yala,Red Onion,2018,84.3,956.37,Dry,Supported envelope,Dry Zone,Red Onion,11.344839857651246
Mullaitivu,Yala,Red Onion,2018,122.52,1240.73,Dry,Supported envelope,Dry Zone,Red Onion,10.12675481554032
Nuwara Eliya,Maha,Beans,2018,102.04,788.21,Up-country Wet,Supported envelope,Up Country Wet Zone,Beans,7.724519796158369
Nuwara Eliya,Maha,Beans,2018,88.42,1042.24,Up-country Wet,Supported envelope,Up Country Wet Zone,Beans,11.787378421171681
Nuwara Eliya,Maha,Big Onion,2018,70.4,678.64,Up-country Wet,Supported envelope,Up Country Wet Zone,Big Onion,9.639772727272726
Nuwara Eliya,Maha,Carrot,2018,146.56,1979.43,Up-country Wet,Supported envelope,Up Country Wet Zone,Carrot,13.50593613537118
Nuwara Eliya,Maha,Carrot,2018,157.33,2297.33,Up-country Wet,Supported envelope,Up Country Wet Zone,Carrot,14.601983092862135
Nuwara Eliya,Maha,Carrot,2018,135.11,2634.85,Up-country Wet,Supported envelope,Up Country Wet Zone,Carrot,19.50151728221449
Nuwara Eliya,Maha,Cassava,2018,171.21,3297.16,Up-country Wet,Supported envelope,Up Country Wet Zone,Manioc,19.257987267098883
Nuwara Eliya,Maha,Cauliflower,2018,72.01,919.63,Up-country Wet,Supported envelope,Up Country Wet Zone,Cauliflower,12.770865157616997
Nuwara Eliya,Maha,Chilli,2018,31.06,276.93,Up-country Wet,Supported envelope,Up Country Wet Zone,Chillies (Green),8.915969092079846
Nuwara Eliya,Maha,Chilli,2018,70.84,700.95,Up-country Wet,Supported envelope,Up Country Wet Zone,Chillies (Green),9.894833427442123
Nuwara Eliya,Maha,Cowpea,2018,26.76,168.99,Up-country Wet,Supported envelope,Up Country Wet Zone,Cowpea,6.315022421524664
Nuwara Eliya,Maha,Groundnut,2018,71.29,603.26,Up-country Wet,Supported envelope,Up Country Wet Zone,Ground Nuts,8.462056389395427
Nuwara Eliya,Maha,Leeks,2018,183.59,2546.0,Up-country Wet,Supported envelope,Up Country Wet Zone,Leeks,13.86785772645569
Nuwara Eliya,Maha,Leeks,2018,163.38,1952.05,Up-country Wet,Supported envelope,Up Country Wet Zone,Leeks,11.947912841229037
Nuwara Eliya,Maha,Maize,2018,62.01,898.59,Up-country Wet,Supported envelope,Up Country Wet Zone,Maize,14.491049830672473
Nuwara Eliya,Maha,Maize,2018,74.63,953.46,Up-country Wet,Supported envelope,Up Country Wet Zone,Maize,12.77582741524856
Nuwara Eliya,Maha,Pepper,2018,42.63,193.17,Up-country Wet,Supported envelope,Up Country Wet Zone,Pepper,4.531315974665728
Nuwara Eliya,Maha,Sweet Potato,2018,41.91,576.86,Up-country Wet,Supported envelope,Up Country Wet Zone,Sweet Potatoes,13.764256740634695
Nuwara Eliya,Maha,Sweet Potato,2018,72.38,898.11,Up-country Wet,Supported envelope,Up Country Wet Zone,Sweet Potatoes,12.408261950815143
Nuwara Eliya,Maha,Sweet Potato,2018,65.69,938.47,Up-country Wet,Supported envelope,Up Country Wet Zone,Sweet Potatoes,14.286344953569799
Nuwara Eliya,Maha,Turmeric,2018,51.95,490.05,Up-country Wet,Supported envelope,Up Country Wet Zone,Turmeric,9.43310875842156
Nuwara Eliya,Maha,Turmeric,2018,88.03,938.35,Up-country Wet,Supported envelope,Up Country Wet Zone,Turmeric,10.659434283766897
Nuwara Eliya,Maha,Turmeric,2018,83.34,919.68,Up-country Wet,Supported envelope,Up Country Wet Zone,Turmeric,11.035277177825773
Nuwara Eliya,Yala,Beans,2018,87.57,763.31,Up-country Wet,Supported envelope,Up Country Wet Zone,Beans,8.716569601461687
Nuwara Eliya,Yala,Cabbage,2018,82.68,1228.82,Up-country Wet,Supported envelope,Up Country Wet Zone,Cabbage,14.862360909530718
Nuwara Eliya,Yala,Carrot,2018,102.71,1907.31,Up-country Wet,Supported envelope,Up Country Wet Zone,Carrot,18.569856878590205
Nuwara Eliya,Yala,Carrot,2018,135.27,2233.02,Up-country Wet,Supported envelope,Up Country Wet Zone,Carrot,16.50787314260368
Nuwara Eliya,Yala,Cauliflower,2018,62.37,780.97,Up-country Wet,Supported envelope,Up Country Wet Zone,Cauliflower,12.52156485489819
Nuwara Eliya,Yala,Chilli,2018,38.55,266.49,Up-country Wet,Supported envelope,Up Country Wet Zone,Chillies (Green),6.91284046692607
Nuwara Eliya,Yala,Cowpea,2018,76.97,523.94,Up-country Wet,Supported envelope,Up Country Wet Zone,Cowpea,6.807067688709888
Nuwara Eliya,Yala,Leeks,2018,98.54,929.6,Up-country Wet,Supported envelope,Up Country Wet Zone,Leeks,9.43373249441851
Nuwara Eliya,Yala,Leeks,2018,136.95,1497.18,Up-country Wet,Supported envelope,Up Country Wet Zone,Leeks,10.932311062431546
Nuwara Eliya,Yala,Leeks,2018,111.16,1431.61,Up-country Wet,Supported envelope,Up Country Wet Zone,Leeks,12.878823317740194
Nuwara Eliya,Yala,Maize,2018,88.4,1622.53,Up-country Wet,Supported envelope,Up Country Wet Zone,Maize,18.35441176470588
Nuwara Eliya,Yala,Turmeric,2018,65.99,633.09,Up-country Wet,Supported envelope,Up Country Wet Zone,Turmeric,9.593726322170028
Polonnaruwa,Maha,Big Onion,2018,146.21,1865.71,Dry,Supported envelope,Dry Zone,Big Onion,12.76048149921346
Polonnaruwa,Maha,Carrot,2018,84.32,1035.8,Dry,Supported envelope,Dry Zone,Carrot,12.284155597722961
Polonnaruwa,Maha,Carrot,2018,73.74,1149.26,Dry,Supported envelope,Dry Zone,Carrot,15.585299701654463
Polonnaruwa,Maha,Cassava,2018,233.75,5663.48,Dry,Supported envelope,Dry Zone,Manioc,24.228791443850266
Polonnaruwa,Maha,Cassava,2018,165.2,3713.33,Dry,Supported envelope,Dry Zone,Manioc,22.477784503631963
Polonnaruwa,Maha,Chilli,2018,50.89,397.44,Dry,Supported envelope,Dry Zone,Chillies (Green),7.809785812536844
Polonnaruwa,Maha,Cowpea,2018,61.1,402.97,Dry,Supported envelope,Dry Zone,Cowpea,6.5952536824877255
Polonnaruwa,Maha,Ginger,2018,92.46,1035.9,Dry,Supported envelope,Dry Zone,Ginger,11.203763789746919
Polonnaruwa,Maha,Red Onion,2018,64.32,762.77,Dry,Supported envelope,Dry Zone,Red Onion,11.858986318407961
Polonnaruwa,Maha,Turmeric,2018,71.17,627.59,Dry,Supported envelope,Dry Zone,Turmeric,8.818181818181818
Polonnaruwa,Yala,Carrot,2018,94.44,1615.1,Dry,Supported envelope,Dry Zone,Carrot,17.101863617111395
Polonnaruwa,Yala,Carrot,2018,76.96,864.68,Dry,Supported envelope,Dry Zone,Carrot,11.235446985446986
Polonnaruwa,Yala,Carrot,2018,123.44,1882.8,Dry,Supported envelope,Dry Zone,Carrot,15.252754374594945
Polonnaruwa,Yala,Chilli,2018,63.17,455.49,Dry,Supported envelope,Dry Zone,Chillies (Green),7.210542979262308
Polonnaruwa,Yala,Chilli,2018,64.25,505.41,Dry,Supported envelope,Dry Zone,Chillies (Green),7.866303501945525
Polonnaruwa,Yala,Chilli,2018,97.14,834.94,Dry,Supported envelope,Dry Zone,Chillies (Green),8.595223388923204
Polonnaruwa,Yala,Ginger,2018,125.57,1830.42,Dry,Supported envelope,Dry Zone,Ginger,14.576889384407105
Polonnaruwa,Yala,Green Gram,2018,62.8,517.58,Dry,Supported envelope,Dry Zone,Green Gram,8.24171974522293
Polonnaruwa,Yala,Groundnut,2018,60.54,560.96,Dry,Supported envelope,Dry Zone,Ground Nuts,9.265939874463166
Polonnaruwa,Yala,Maize,2018,111.78,1607.88,Dry,Supported envelope,Dry Zone,Maize,14.38432635534085
Polonnaruwa,Yala,Potato,2018,72.44,1246.21,Dry,Supported envelope,Dry Zone,Potatoes,17.203340695748206
Polonnaruwa,Yala,Sweet Potato,2018,102.79,1616.52,Dry,Supported envelope,Dry Zone,Sweet Potatoes,15.726432532347504
Polonnaruwa,Yala,Turmeric,2018,98.26,1085.98,Dry,Supported envelope,Dry Zone,Turmeric,11.052106655811112
Puttalam,Maha,Big Onion,2018,67.96,786.19,Dry/Intermediate,Supported envelope,Dry Zone,Big Onion,11.568422601530314
Puttalam,Maha,Carrot,2018,87.03,1293.34,Dry/Intermediate,Supported envelope,Dry Zone,Carrot,14.860852579570262
Puttalam,Maha,Carrot,2018,74.44,975.86,Dry/Intermediate,Supported envelope,Dry Zone,Carrot,13.109349811929071
Puttalam,Maha,Carrot,2018,80.03,1392.03,Dry/Intermediate,Supported envelope,Dry Zone,Carrot,17.39385230538548
Puttalam,Maha,Chilli,2018,83.83,604.37,Dry/Intermediate,Supported envelope,Dry Zone,Chillies (Green),7.209471549564595
Puttalam,Maha,Cowpea,2018,63.77,478.12,Dry/Intermediate,Supported envelope,Dry Zone,Cowpea,7.497569389995295
Puttalam,Maha,Ginger,2018,63.09,628.21,Dry/Intermediate,Supported envelope,Dry Zone,Ginger,9.957362498018703
Puttalam,Maha,Ginger,2018,77.22,862.67,Dry/Intermediate,Supported envelope,Dry Zone,Ginger,11.171587671587671
Puttalam,Maha,Green Gram,2018,66.24,461.75,Dry/Intermediate,Supported envelope,Dry Zone,Green Gram,6.9708635265700485
Puttalam,Maha,Groundnut,2018,64.85,622.88,Dry/Intermediate,Supported envelope,Dry Zone,Ground Nuts,9.604934464148034
Puttalam,Maha,Maize,2018,97.93,1563.93,Dry/Intermediate,Supported envelope,Dry Zone,Maize,15.969876442356785
Puttalam,Maha,Red Onion,2018,73.01,746.65,Dry/Intermediate,Supported envelope,Dry Zone,Red Onion,10.226681276537459
Puttalam,Maha,Turmeric,2018,42.34,554.94,Dry/Intermediate,Supported envelope,Dry Zone,Turmeric,13.106754841757203
Puttalam,Yala,Carrot,2018,69.24,1062.12,Dry/Intermediate,Supported envelope,Dry Zone,Carrot,15.339688041594453
Puttalam,Yala,Carrot,2018,106.42,1715.22,Dry/Intermediate,Supported envelope,Dry Zone,Carrot,16.11745912422477
Puttalam,Yala,Cassava,2018,140.17,3496.24,Dry/Intermediate,Supported envelope,Dry Zone,Manioc,24.942855104515946
Puttalam,Yala,Chilli,2018,61.37,364.98,Dry/Intermediate,Supported envelope,Dry Zone,Chillies (Green),5.947205474987779
Puttalam,Yala,Green Gram,2018,48.03,305.9,Dry/Intermediate,Supported envelope,Dry Zone,Green Gram,6.368936081615656
Puttalam,Yala,Green Gram,2018,69.1,494.47,Dry/Intermediate,Supported envelope,Dry Zone,Green Gram,7.155861070911723
Puttalam,Yala,Groundnut,2018,58.85,577.97,Dry/Intermediate,Supported envelope,Dry Zone,Ground Nuts,9.82107051826678
Puttalam,Yala,Potato,2018,119.09,2531.13,Dry/Intermediate,Supported envelope,Dry Zone,Potatoes,21.253925602485516
Puttalam,Yala,Turmeric,2018,58.14,608.67,Dry/Intermediate,Supported envelope,Dry Zone,Turmeric,10.469040247678018
Ratnapura,Maha,Beans,2018,71.52,777.3,Wet/Intermediate,Supported envelope,Wet Zone,Beans,10.868288590604028
Ratnapura,Maha,Cabbage,2018,81.04,1361.79,Wet/Intermediate,Supported envelope,Wet Zone,Cabbage,16.803923988153997
Ratnapura,Maha,Carrot,2018,83.36,1250.72,Wet/Intermediate,Supported envelope,Wet Zone,Carrot,15.00383877159309
Ratnapura,Maha,Cassava,2018,180.31,3899.35,Wet/Intermediate,Supported envelope,Wet Zone,Manioc,21.625811103100215
Ratnapura,Maha,Chilli,2018,65.72,554.51,Wet/Intermediate,Supported envelope,Wet Zone,Chillies (Green),8.43746195982958
Ratnapura,Maha,Ginger,2018,91.72,1266.95,Wet/Intermediate,Supported envelope,Wet Zone,Ginger,13.813235935455735
Ratnapura,Maha,Ginger,2018,78.23,912.29,Wet/Intermediate,Supported envelope,Wet Zone,Ginger,11.661638757509905
Ratnapura,Maha,Pepper,2018,56.59,360.47,Wet/Intermediate,Supported envelope,Wet Zone,Pepper,6.369853330977205
Ratnapura,Maha,Potato,2018,113.1,2681.5,Wet/Intermediate,Supported envelope,Wet Zone,Potatoes,23.709106984969054
Ratnapura,Maha,Potato,2018,140.82,2638.08,Wet/Intermediate,Supported envelope,Wet Zone,Potatoes,18.733702599062635
Ratnapura,Maha,Red Onion,2018,54.56,531.67,Wet/Intermediate,Supported envelope,Wet Zone,Red Onion,9.744684750733137
Ratnapura,Maha,Red Onion,2018,73.48,745.37,Wet/Intermediate,Supported envelope,Wet Zone,Red Onion,10.143848666303755
Ratnapura,Maha,Tea,2018,232.02,6462.21,Wet/Intermediate,Supported envelope,Wet Zone,Tea,27.851952417895006
Ratnapura,Maha,Turmeric,2018,44.42,390.84,Wet/Intermediate,Supported envelope,Wet Zone,Turmeric,8.79873930661864
Ratnapura,Yala,Beans,2018,88.97,937.45,Wet/Intermediate,Supported envelope,Wet Zone,Beans,10.536697763290997
Ratnapura,Yala,Cabbage,2018,106.25,1563.04,Wet/Intermediate,Supported envelope,Wet Zone,Cabbage,14.710964705882352
Ratnapura,Yala,Cabbage,2018,56.12,892.33,Wet/Intermediate,Supported envelope,Wet Zone,Cabbage,15.900392017106203
Ratnapura,Yala,Carrot,2018,80.9,1052.86,Wet/Intermediate,Supported envelope,Wet Zone,Carrot,13.014338689740418
Ratnapura,Yala,Cassava,2018,109.05,2532.74,Wet/Intermediate,Supported envelope,Wet Zone,Manioc,23.22549289316827
Ratnapura,Yala,Chilli,2018,53.28,424.65,Wet/Intermediate,Supported envelope,Wet Zone,Chillies (Green),7.970157657657657
Ratnapura,Yala,Chilli,2018,96.07,784.81,Wet/Intermediate,Supported envelope,Wet Zone,Chillies (Green),8.16914749661705
Ratnapura,Yala,Cowpea,2018,62.8,520.81,Wet/Intermediate,Supported envelope,Wet Zone,Cowpea,8.293152866242037
Ratnapura,Yala,Ginger,2018,78.11,885.67,Wet/Intermediate,Supported envelope,Wet Zone,Ginger,11.338753040583791
Ratnapura,Yala,Maize,2018,58.35,885.97,Wet/Intermediate,Supported envelope,Wet Zone,Maize,15.183718937446445
Ratnapura,Yala,Pepper,2018,24.81,128.0,Wet/Intermediate,Supported envelope,Wet Zone,Pepper,5.159209995969367
Ratnapura,Yala,Sweet Potato,2018,48.32,657.52,Wet/Intermediate,Supported envelope,Wet Zone,Sweet Potatoes,13.607615894039734
Ratnapura,Yala,Tea,2018,278.01,6447.79,Wet/Intermediate,Supported envelope,Wet Zone,Tea,23.19265494046977
Ratnapura,Yala,Tea,2018,241.39,5912.54,Wet/Intermediate,Supported envelope,Wet Zone,Tea,24.493723849372387
Ratnapura,Yala,Tea,2018,188.88,4834.69,Wet/Intermediate,Supported envelope,Wet Zone,Tea,25.5966221939856
Trincomalee,Maha,Big Onion,2018,61.87,779.03,Dry,Supported envelope,Dry Zone,Big Onion,12.591401325359625
Trincomalee,Maha,Carrot,2018,122.82,2026.59,Dry,Supported envelope,Dry Zone,Carrot,16.50048851978505
Trincomalee,Maha,Carrot,2018,63.12,1055.47,Dry,Supported envelope,Dry Zone,Carrot,16.72164131812421
Trincomalee,Maha,Cassava,2018,83.53,2089.26,Dry,Supported envelope,Dry Zone,Manioc,25.01209146414462
Trincomalee,Maha,Cassava,2018,138.06,3347.48,Dry,Supported envelope,Dry Zone,Manioc,24.24655946689845
Trincomalee,Maha,Chilli,2018,46.68,295.71,Dry,Supported envelope,Dry Zone,Chillies (Green),6.334832904884318
Trincomalee,Maha,Green Gram,2018,59.81,408.98,Dry,Supported envelope,Dry Zone,Green Gram,6.837986958702558
Trincomalee,Maha,Green Gram,2018,49.76,295.71,Dry,Supported envelope,Dry Zone,Green Gram,5.942725080385852
Trincomalee,Maha,Green Gram,2018,82.3,534.33,Dry,Supported envelope,Dry Zone,Green Gram,6.492466585662212
Trincomalee,Maha,Groundnut,2018,123.55,1147.4,Dry,Supported envelope,Dry Zone,Ground Nuts,9.286928369081345
Trincomalee,Maha,Groundnut,2018,78.2,863.74,Dry,Supported envelope,Dry Zone,Ground Nuts,11.045268542199489
Trincomalee,Maha,Sweet Potato,2018,87.81,1401.79,Dry,Supported envelope,Dry Zone,Sweet Potatoes,15.96389932809475
Trincomalee,Yala,Carrot,2018,64.72,993.77,Dry,Supported envelope,Dry Zone,Carrot,15.35491347342398
Trincomalee,Yala,Carrot,2018,93.97,1720.16,Dry,Supported envelope,Dry Zone,Carrot,18.305416622326277
Trincomalee,Yala,Carrot,2018,94.17,1898.78,Dry,Supported envelope,Dry Zone,Carrot,20.16332165233089
Trincomalee,Yala,Chilli,2018,37.25,256.94,Dry,Supported envelope,Dry Zone,Chillies (Green),6.8977181208053695
Trincomalee,Yala,Chilli,2018,65.71,439.33,Dry,Supported envelope,Dry Zone,Chillies (Green),6.685892558210319
Trincomalee,Yala,Chilli,2018,62.48,457.25,Dry,Supported envelope,Dry Zone,Chillies (Green),7.318341869398208
Trincomalee,Yala,Ginger,2018,83.11,851.98,Dry,Supported envelope,Dry Zone,Ginger,10.251233305258092
Trincomalee,Yala,Potato,2018,82.69,1417.3,Dry,Supported envelope,Dry Zone,Potatoes,17.139920183819083
Trincomalee,Yala,Red Onion,2018,45.27,474.32,Dry,Supported envelope,Dry Zone,Red Onion,10.47757897062072
Vavuniya,Maha,Carrot,2018,130.95,1966.75,Dry,Supported envelope,Dry Zone,Carrot,15.019091256204659
Vavuniya,Maha,Carrot,2018,66.88,1242.04,Dry,Supported envelope,Dry Zone,Carrot,18.57117224880383
Vavuniya,Maha,Chilli,2018,75.97,706.41,Dry,Supported envelope,Dry Zone,Chillies (Green),9.298538896933
Vavuniya,Maha,Chilli,2018,79.08,636.02,Dry,Supported envelope,Dry Zone,Chillies (Green),8.04274152756702
Vavuniya,Maha,Chilli,2018,38.4,261.53,Dry,Supported envelope,Dry Zone,Chillies (Green),6.810677083333333
Vavuniya,Maha,Chilli,2018,45.1,327.1,Dry,Supported envelope,Dry Zone,Chillies (Green),7.252771618625277
Vavuniya,Maha,Chilli,2018,52.99,300.24,Dry,Supported envelope,Dry Zone,Chillies (Green),5.6659747122098505
Vavuniya,Maha,Cowpea,2018,48.34,328.13,Dry,Supported envelope,Dry Zone,Cowpea,6.787960281340504
Vavuniya,Maha,Groundnut,2018,46.35,393.22,Dry,Supported envelope,Dry Zone,Ground Nuts,8.483710895361382
Vavuniya,Maha,Maize,2018,69.83,1438.14,Dry,Supported envelope,Dry Zone,Maize,20.59487326364027
Vavuniya,Maha,Maize,2018,64.74,1024.73,Dry,Supported envelope,Dry Zone,Maize,15.828390485016993
Vavuniya,Maha,Maize,2018,69.35,991.9,Dry,Supported envelope,Dry Zone,Maize,14.30281182408075
Vavuniya,Maha,Turmeric,2018,59.52,559.59,Dry,Supported envelope,Dry Zone,Turmeric,9.40171370967742
Vavuniya,Maha,Turmeric,2018,61.39,653.89,Dry,Supported envelope,Dry Zone,Turmeric,10.651409024271054
Vavuniya,Yala,Big Onion,2018,45.34,467.07,Dry,Supported envelope,Dry Zone,Big Onion,10.301499779444198
Vavuniya,Yala,Big Onion,2018,105.49,1115.72,Dry,Supported envelope,Dry Zone,Big Onion,10.576547540051191
Vavuniya,Yala,Carrot,2018,89.36,1445.37,Dry,Supported envelope,Dry Zone,Carrot,16.1746866606983
Vavuniya,Yala,Carrot,2018,68.31,998.86,Dry,Supported envelope,Dry Zone,Carrot,14.622456448543405
Vavuniya,Yala,Carrot,2018,107.04,1980.95,Dry,Supported envelope,Dry Zone,Carrot,18.50663303437967
Vavuniya,Yala,Carrot,2018,97.04,1675.57,Dry,Supported envelope,Dry Zone,Carrot,17.26679719703215
Vavuniya,Yala,Chilli,2018,47.25,370.0,Dry,Supported envelope,Dry Zone,Chillies (Green),7.830687830687831
Vavuniya,Yala,Chilli,2018,35.5,285.2,Dry,Supported envelope,Dry Zone,Chillies (Green),8.033802816901408
Vavuniya,Yala,Chilli,2018,63.56,627.36,Dry,Supported envelope,Dry Zone,Chillies (Green),9.870358716173694
Vavuniya,Yala,Chilli,2018,44.98,389.95,Dry,Supported envelope,Dry Zone,Chillies (Green),8.669408626056025
Vavuniya,Yala,Groundnut,2018,45.76,350.33,Dry,Supported envelope,Dry Zone,Ground Nuts,7.655812937062937
Vavuniya,Yala,Sweet Potato,2018,78.16,1070.18,Dry,Supported envelope,Dry Zone,Sweet Potatoes,13.69216990788127
Ampara,Maha,Big Onion,2019,75.55,694.09,Dry,Supported envelope,Dry Zone,Big Onion,9.187160820648577
Ampara,Maha,Big Onion,2019,88.22,1090.2,Dry,Supported envelope,Dry Zone,Big Onion,12.357742008614828
Ampara,Maha,Carrot,2019,63.41,826.47,Dry,Supported envelope,Dry Zone,Carrot,13.033748620091469
Ampara,Maha,Chilli,2019,43.78,408.28,Dry,Supported envelope,Dry Zone,Chillies (Green),9.325719506624027
Ampara,Maha,Chilli,2019,69.9,605.33,Dry,Supported envelope,Dry Zone,Chillies (Green),8.65994277539342
Ampara,Maha,Groundnut,2019,38.58,498.95,Dry,Supported envelope,Dry Zone,Ground Nuts,12.93286677034733
Ampara,Maha,Maize,2019,71.39,1229.92,Dry,Supported envelope,Dry Zone,Maize,17.228183218938227
Ampara,Maha,Potato,2019,76.92,1569.65,Dry,Supported envelope,Dry Zone,Potatoes,20.406266250650027
Ampara,Maha,Red Onion,2019,55.44,511.98,Dry,Supported envelope,Dry Zone,Red Onion,9.234848484848486
Ampara,Maha,Sweet Potato,2019,76.8,966.72,Dry,Supported envelope,Dry Zone,Sweet Potatoes,12.5875
Ampara,Maha,Turmeric,2019,58.14,528.19,Dry,Supported envelope,Dry Zone,Turmeric,9.084795321637428
Ampara,Yala,Chilli,2019,38.94,316.01,Dry,Supported envelope,Dry Zone,Chillies (Green),8.115305598356446
Ampara,Yala,Chilli,2019,43.84,312.93,Dry,Supported envelope,Dry Zone,Chillies (Green),7.138001824817517
Ampara,Yala,Groundnut,2019,46.39,476.3,Dry,Supported envelope,Dry Zone,Ground Nuts,10.267298986850614
Ampara,Yala,Maize,2019,97.89,1836.28,Dry,Supported envelope,Dry Zone,Maize,18.75860659924405
Ampara,Yala,Potato,2019,80.75,1341.11,Dry,Supported envelope,Dry Zone,Potatoes,16.608173374613003
Ampara,Yala,Potato,2019,82.0,1243.25,Dry,Supported envelope,Dry Zone,Potatoes,15.161585365853659
Ampara,Yala,Sweet Potato,2019,86.82,1308.34,Dry,Supported envelope,Dry Zone,Sweet Potatoes,15.06956922368118
Ampara,Yala,Turmeric,2019,51.57,523.97,Dry,Supported envelope,Dry Zone,Turmeric,10.16036455303471
Ampara,Yala,Turmeric,2019,65.55,686.04,Dry,Supported envelope,Dry Zone,Turmeric,10.465903890160183
Anuradhapura,Maha,Chilli,2019,78.38,564.47,Dry,Supported envelope,Dry Zone,Chillies (Green),7.201709619800971
Anuradhapura,Maha,Chilli,2019,50.19,337.18,Dry,Supported envelope,Dry Zone,Chillies (Green),6.71807132894999
Anuradhapura,Maha,Chilli,2019,110.61,792.34,Dry,Supported envelope,Dry Zone,Chillies (Green),7.163366784196728
Anuradhapura,Maha,Chilli,2019,95.72,843.72,Dry,Supported envelope,Dry Zone,Chillies (Green),8.814458838278313
Anuradhapura,Maha,Chilli,2019,105.29,729.96,Dry,Supported envelope,Dry Zone,Chillies (Green),6.932852122708709
Anuradhapura,Maha,Chilli,2019,95.52,835.22,Dry,Supported envelope,Dry Zone,Chillies (Green),8.74392797319933
Anuradhapura,Maha,Cowpea,2019,46.74,358.66,Dry,Supported envelope,Dry Zone,Cowpea,7.673513050919983
Anuradhapura,Maha,Potato,2019,83.19,1181.25,Dry,Supported envelope,Dry Zone,Potatoes,14.199423007573026
Anuradhapura,Yala,Big Onion,2019,81.37,756.32,Dry,Supported envelope,Dry Zone,Big Onion,9.29482610298636
Anuradhapura,Yala,Chilli,2019,80.09,603.71,Dry,Supported envelope,Dry Zone,Chillies (Green),7.5378948682731926
Anuradhapura,Yala,Ginger,2019,81.94,971.85,Dry,Supported envelope,Dry Zone,Ginger,11.8605076885526
Anuradhapura,Yala,Groundnut,2019,49.35,383.79,Dry,Supported envelope,Dry Zone,Ground Nuts,7.776899696048632
Anuradhapura,Yala,Groundnut,2019,40.63,334.29,Dry,Supported envelope,Dry Zone,Ground Nuts,8.227664287472312
Anuradhapura,Yala,Maize,2019,81.2,1262.21,Dry,Supported envelope,Dry Zone,Maize,15.544458128078817
Anuradhapura,Yala,Red Onion,2019,63.12,548.84,Dry,Supported envelope,Dry Zone,Red Onion,8.695183776932828
Anuradhapura,Yala,Sweet Potato,2019,123.22,1653.18,Dry,Supported envelope,Dry Zone,Sweet Potatoes,13.41649082941081
Badulla,Maha,Beans,2019,97.51,949.57,Up-country Intermediate,Supported envelope,Up Country Intermediate Zone,Beans,9.738180699415445
Badulla,Maha,Beans,2019,60.07,566.86,Up-country Intermediate,Supported envelope,Up Country Intermediate Zone,Beans,9.436657233227901
Badulla,Maha,Beans,2019,66.01,724.35,Up-country Intermediate,Supported envelope,Up Country Intermediate Zone,Beans,10.973337373125284
Badulla,Maha,Cabbage,2019,79.61,1063.07,Up-country Intermediate,Supported envelope,Up Country Intermediate Zone,Cabbage,13.353473181761085
Badulla,Maha,Carrot,2019,122.36,2030.61,Up-country Intermediate,Supported envelope,Up Country Intermediate Zone,Carrot,16.595374305328537
Badulla,Maha,Cowpea,2019,49.26,331.54,Up-country Intermediate,Supported envelope,Up Country Intermediate Zone,Cowpea,6.730410069021519
Badulla,Maha,Green Gram,2019,32.12,204.89,Up-country Intermediate,Supported envelope,Up Country Intermediate Zone,Green Gram,6.378891656288917
Badulla,Maha,Leeks,2019,73.25,743.32,Up-country Intermediate,Supported envelope,Up Country Intermediate Zone,Leeks,10.147713310580205
Badulla,Maha,Maize,2019,68.8,930.59,Up-country Intermediate,Supported envelope,Up Country Intermediate Zone,Maize,13.526017441860466
Badulla,Maha,Potato,2019,71.7,1288.39,Up-country Intermediate,Supported envelope,Up Country Intermediate Zone,Potatoes,17.969177126917714
Badulla,Maha,Potato,2019,104.07,1856.68,Up-country Intermediate,Supported envelope,Up Country Intermediate Zone,Potatoes,17.840684154895744
Badulla,Maha,Red Onion,2019,37.74,318.86,Up-country Intermediate,Supported envelope,Up Country Intermediate Zone,Red Onion,8.448860625331214
Badulla,Maha,Turmeric,2019,60.78,728.6,Up-country Intermediate,Supported envelope,Up Country Intermediate Zone,Turmeric,11.98749588680487
Badulla,Yala,Big Onion,2019,41.67,523.11,Up-country Intermediate,Supported envelope,Up Country Intermediate Zone,Big Onion,12.553635709143268
Badulla,Yala,Carrot,2019,153.61,2392.4,Up-country Intermediate,Supported envelope,Up Country Intermediate Zone,Carrot,15.574506868042445
Badulla,Yala,Carrot,2019,101.21,1410.0,Up-country Intermediate,Supported envelope,Up Country Intermediate Zone,Carrot,13.93142970062247
Badulla,Yala,Cauliflower,2019,74.66,1013.86,Up-country Intermediate,Supported envelope,Up Country Intermediate Zone,Cauliflower,13.579694615590679
Badulla,Yala,Cauliflower,2019,75.86,884.92,Up-country Intermediate,Supported envelope,Up Country Intermediate Zone,Cauliflower,11.665172686527814
Badulla,Yala,Cauliflower,2019,58.18,742.12,Up-country Intermediate,Supported envelope,Up Country Intermediate Zone,Cauliflower,12.755586112066002
Badulla,Yala,Chilli,2019,44.0,334.19,Up-country Intermediate,Supported envelope,Up Country Intermediate Zone,Chillies (Green),7.595227272727272
Badulla,Yala,Cowpea,2019,36.98,284.1,Up-country Intermediate,Supported envelope,Up Country Intermediate Zone,Cowpea,7.682531097890753
Badulla,Yala,Ginger,2019,59.84,703.42,Up-country Intermediate,Supported envelope,Up Country Intermediate Zone,Ginger,11.755013368983956
Badulla,Yala,Leeks,2019,63.99,844.64,Up-country Intermediate,Supported envelope,Up Country Intermediate Zone,Leeks,13.199562431629941
Badulla,Yala,Leeks,2019,77.6,805.15,Up-country Intermediate,Supported envelope,Up Country Intermediate Zone,Leeks,10.375644329896907
Badulla,Yala,Leeks,2019,101.36,927.44,Up-country Intermediate,Supported envelope,Up Country Intermediate Zone,Leeks,9.149960536700869
Badulla,Yala,Leeks,2019,92.0,1399.58,Up-country Intermediate,Supported envelope,Up Country Intermediate Zone,Leeks,15.212826086956522
Badulla,Yala,Maize,2019,78.27,1451.23,Up-country Intermediate,Supported envelope,Up Country Intermediate Zone,Maize,18.54133128912738
Badulla,Yala,Pepper,2019,32.48,199.69,Up-country Intermediate,Supported envelope,Up Country Intermediate Zone,Pepper,6.148091133004927
Badulla,Yala,Sweet Potato,2019,69.12,919.36,Up-country Intermediate,Supported envelope,Up Country Intermediate Zone,Sweet Potatoes,13.300925925925926
Badulla,Yala,Sweet Potato,2019,58.64,772.59,Up-country Intermediate,Supported envelope,Up Country Intermediate Zone,Sweet Potatoes,13.175136425648022
Badulla,Yala,Tea,2019,166.49,3944.44,Up-country Intermediate,Supported envelope,Up Country Intermediate Zone,Tea,23.69175325845396
Badulla,Yala,Turmeric,2019,62.85,763.13,Up-country Intermediate,Supported envelope,Up Country Intermediate Zone,Turmeric,12.142084327764518
Batticaloa,Maha,Big Onion,2019,68.49,816.0,Dry,Supported envelope,Dry Zone,Big Onion,11.914148050810338
Batticaloa,Maha,Big Onion,2019,83.18,725.63,Dry,Supported envelope,Dry Zone,Big Onion,8.723611445058907
Batticaloa,Maha,Carrot,2019,84.41,1388.54,Dry,Supported envelope,Dry Zone,Carrot,16.44994668878095
Batticaloa,Maha,Carrot,2019,126.63,1992.64,Dry,Supported envelope,Dry Zone,Carrot,15.735923556819081
Batticaloa,Maha,Carrot,2019,95.3,1365.52,Dry,Supported envelope,Dry Zone,Carrot,14.328646379853096
Batticaloa,Maha,Cassava,2019,138.2,2719.21,Dry,Supported envelope,Dry Zone,Manioc,19.67590448625181
Batticaloa,Maha,Chilli,2019,48.81,315.49,Dry,Supported envelope,Dry Zone,Chillies (Green),6.463634501126818
Batticaloa,Maha,Chilli,2019,44.87,320.29,Dry,Supported envelope,Dry Zone,Chillies (Green),7.138176955649655
Batticaloa,Maha,Cowpea,2019,74.97,673.89,Dry,Supported envelope,Dry Zone,Cowpea,8.988795518207283
Batticaloa,Maha,Ginger,2019,77.11,890.12,Dry,Supported envelope,Dry Zone,Ginger,11.543509272467903
Batticaloa,Maha,Maize,2019,44.14,680.29,Dry,Supported envelope,Dry Zone,Maize,15.412097870412323
Batticaloa,Maha,Maize,2019,94.89,1511.01,Dry,Supported envelope,Dry Zone,Maize,15.9238065128043
Batticaloa,Maha,Red Onion,2019,30.92,266.08,Dry,Supported envelope,Dry Zone,Red Onion,8.605433376455368
Batticaloa,Yala,Big Onion,2019,73.5,800.87,Dry,Supported envelope,Dry Zone,Big Onion,10.896190476190476
Batticaloa,Yala,Carrot,2019,110.79,1347.08,Dry,Supported envelope,Dry Zone,Carrot,12.158859102807112
Batticaloa,Yala,Carrot,2019,89.14,1129.65,Dry,Supported envelope,Dry Zone,Carrot,12.672761947498318
Batticaloa,Yala,Cassava,2019,204.56,3869.07,Dry,Supported envelope,Dry Zone,Manioc,18.914108330074306
Batticaloa,Yala,Chilli,2019,44.85,435.29,Dry,Supported envelope,Dry Zone,Chillies (Green),9.705462653288741
Batticaloa,Yala,Chilli,2019,47.07,358.58,Dry,Supported envelope,Dry Zone,Chillies (Green),7.6180157212661985
Batticaloa,Yala,Green Gram,2019,58.84,432.61,Dry,Supported envelope,Dry Zone,Green Gram,7.35231135282121
Batticaloa,Yala,Green Gram,2019,31.44,234.26,Dry,Supported envelope,Dry Zone,Green Gram,7.451017811704834
Batticaloa,Yala,Groundnut,2019,50.81,682.8,Dry,Supported envelope,Dry Zone,Ground Nuts,13.4382995473332
Batticaloa,Yala,Groundnut,2019,51.09,631.78,Dry,Supported envelope,Dry Zone,Ground Nuts,12.366020747700135
Batticaloa,Yala,Red Onion,2019,49.96,502.46,Dry,Supported envelope,Dry Zone,Red Onion,10.057245796637309
Colombo,Maha,Carrot,2019,121.9,1998.71,Wet,Supported envelope,Wet Zone,Carrot,16.39630844954881
Colombo,Maha,Cassava,2019,143.14,3545.82,Wet,Supported envelope,Wet Zone,Manioc,24.771692049741514
Colombo,Maha,Cassava,2019,222.91,6125.96,Wet,Supported envelope,Wet Zone,Manioc,27.48176394060383
Colombo,Maha,Ginger,2019,81.92,1243.86,Wet,Supported envelope,Wet Zone,Ginger,15.183837890624998
Colombo,Maha,Ginger,2019,83.78,1076.35,Wet,Supported envelope,Wet Zone,Ginger,12.847338266889471
Colombo,Maha,Red Onion,2019,70.09,573.5,Wet,Supported envelope,Wet Zone,Red Onion,8.182336995291767
Colombo,Maha,Sweet Potato,2019,83.38,1283.17,Wet,Supported envelope,Wet Zone,Sweet Potatoes,15.389421923722717
Colombo,Yala,Carrot,2019,73.28,1211.97,Wet,Supported envelope,Wet Zone,Carrot,16.53889192139738
Colombo,Yala,Carrot,2019,86.47,1296.42,Wet,Supported envelope,Wet Zone,Carrot,14.992714236151267
Colombo,Yala,Chilli,2019,52.69,485.0,Wet,Supported envelope,Wet Zone,Chillies (Green),9.204782691212754
Colombo,Yala,Chilli,2019,46.79,311.15,Wet,Supported envelope,Wet Zone,Chillies (Green),6.649925197691815
Colombo,Yala,Ginger,2019,62.94,823.24,Wet,Supported envelope,Wet Zone,Ginger,13.079758500158881
Colombo,Yala,Ginger,2019,50.37,684.11,Wet,Supported envelope,Wet Zone,Ginger,13.581695453643043
Colombo,Yala,Sweet Potato,2019,116.53,1520.21,Wet,Supported envelope,Wet Zone,Sweet Potatoes,13.045653479790612
Colombo,Yala,Turmeric,2019,54.89,555.57,Wet,Supported envelope,Wet Zone,Turmeric,10.12151575879031
Colombo,Yala,Turmeric,2019,68.4,724.83,Wet,Supported envelope,Wet Zone,Turmeric,10.596929824561403
Galle,Maha,Carrot,2019,53.4,899.8,Wet,Supported envelope,Wet Zone,Carrot,16.8501872659176
Galle,Maha,Chilli,2019,43.56,371.15,Wet,Supported envelope,Wet Zone,Chillies (Green),8.520431588613405
Galle,Maha,Chilli,2019,45.29,441.63,Wet,Supported envelope,Wet Zone,Chillies (Green),9.751159196290573
Galle,Maha,Chilli,2019,43.43,382.67,Wet,Supported envelope,Wet Zone,Chillies (Green),8.81119042136772
Galle,Maha,Chilli,2019,29.3,182.46,Wet,Supported envelope,Wet Zone,Chillies (Green),6.227303754266211
Galle,Maha,Chilli,2019,39.85,235.59,Wet,Supported envelope,Wet Zone,Chillies (Green),5.911919698870765
Galle,Maha,Cinnamon,2019,72.35,288.23,Wet,Supported envelope,Wet Zone,Cinnamon,3.9838286109191436
Galle,Maha,Pepper,2019,41.61,227.82,Wet,Supported envelope,Wet Zone,Pepper,5.475126171593367
Galle,Maha,Pepper,2019,28.08,160.49,Wet,Supported envelope,Wet Zone,Pepper,5.715455840455841
Galle,Maha,Potato,2019,87.06,1262.45,Wet,Supported envelope,Wet Zone,Potatoes,14.500918906501264
Galle,Maha,Potato,2019,107.97,1998.26,Wet,Supported envelope,Wet Zone,Potatoes,18.50754839307215
Galle,Maha,Sweet Potato,2019,50.55,758.82,Wet,Supported envelope,Wet Zone,Sweet Potatoes,15.011275964391693
Galle,Maha,Tea,2019,110.31,2556.82,Wet,Supported envelope,Wet Zone,Tea,23.17849696310398
Galle,Maha,Turmeric,2019,59.12,647.21,Wet,Supported envelope,Wet Zone,Turmeric,10.947395128552099
Galle,Yala,Carrot,2019,67.09,1006.22,Wet,Supported envelope,Wet Zone,Carrot,14.998062304367268
Galle,Yala,Carrot,2019,69.3,1130.57,Wet,Supported envelope,Wet Zone,Carrot,16.314141414141414
Galle,Yala,Carrot,2019,90.83,1424.09,Wet,Supported envelope,Wet Zone,Carrot,15.678630408455355
Galle,Yala,Chilli,2019,32.86,234.46,Wet,Supported envelope,Wet Zone,Chillies (Green),7.135118685331711
Galle,Yala,Pepper,2019,45.97,241.37,Wet,Supported envelope,Wet Zone,Pepper,5.250598216227975
Galle,Yala,Turmeric,2019,73.1,546.89,Wet,Supported envelope,Wet Zone,Turmeric,7.48139534883721
Galle,Yala,Turmeric,2019,49.08,437.39,Wet,Supported envelope,Wet Zone,Turmeric,8.911776691116545
Gampaha,Maha,Carrot,2019,140.07,2163.89,Wet,Supported envelope,Wet Zone,Carrot,15.448632826443921
Gampaha,Maha,Cassava,2019,124.27,2855.29,Wet,Supported envelope,Wet Zone,Manioc,22.976502776213085
Gampaha,Maha,Chilli,2019,63.95,501.0,Wet,Supported envelope,Wet Zone,Chillies (Green),7.834245504300235
Gampaha,Maha,Chilli,2019,99.69,737.91,Wet,Supported envelope,Wet Zone,Chillies (Green),7.402046343665362
Gampaha,Maha,Chilli,2019,102.87,842.15,Wet,Supported envelope,Wet Zone,Chillies (Green),8.186546126178671
Gampaha,Maha,Ginger,2019,129.9,1453.78,Wet,Supported envelope,Wet Zone,Ginger,11.19153194765204
Gampaha,Maha,Ginger,2019,92.95,1015.0,Wet,Supported envelope,Wet Zone,Ginger,10.919849381387843
Gampaha,Maha,Green Gram,2019,87.87,611.47,Wet,Supported envelope,Wet Zone,Green Gram,6.958802776829407
Gampaha,Maha,Maize,2019,150.79,1906.92,Wet,Supported envelope,Wet Zone,Maize,12.646196697393728
Gampaha,Maha,Potato,2019,194.48,3587.6,Wet,Supported envelope,Wet Zone,Potatoes,18.447141094199917
Gampaha,Yala,Chilli,2019,71.57,611.32,Wet,Supported envelope,Wet Zone,Chillies (Green),8.541567695961996
Gampaha,Yala,Chilli,2019,62.03,463.31,Wet,Supported envelope,Wet Zone,Chillies (Green),7.46912784136708
Gampaha,Yala,Cowpea,2019,60.87,415.07,Wet,Supported envelope,Wet Zone,Cowpea,6.8189584360111715
Gampaha,Yala,Ginger,2019,159.55,1842.12,Wet,Supported envelope,Wet Zone,Ginger,11.54572234409276
Gampaha,Yala,Maize,2019,119.21,2066.61,Wet,Supported envelope,Wet Zone,Maize,17.33587786259542
Gampaha,Yala,Pineapple,2019,123.16,2459.49,Wet,Supported envelope,Wet Zone,Pineapple,19.969876583306267
Gampaha,Yala,Pineapple,2019,134.59,3325.08,Wet,Supported envelope,Wet Zone,Pineapple,24.705252990563935
Gampaha,Yala,Red Onion,2019,90.59,1000.0,Wet,Supported envelope,Wet Zone,Red Onion,11.038745998454575
Hambantota,Maha,Carrot,2019,106.85,1993.83,Dry/Intermediate,Supported envelope,Dry Zone,Carrot,18.660084230229295
Hambantota,Maha,Carrot,2019,117.25,1701.26,Dry/Intermediate,Supported envelope,Dry Zone,Carrot,14.509680170575693
Hambantota,Maha,Carrot,2019,120.78,1860.07,Dry/Intermediate,Supported envelope,Dry Zone,Carrot,15.400480211955621
Hambantota,Maha,Cassava,2019,183.93,3903.04,Dry/Intermediate,Supported envelope,Dry Zone,Manioc,21.220246833034306
Hambantota,Maha,Chilli,2019,93.28,646.81,Dry/Intermediate,Supported envelope,Dry Zone,Chillies (Green),6.934069468267581
Hambantota,Maha,Chilli,2019,110.25,863.22,Dry/Intermediate,Supported envelope,Dry Zone,Chillies (Green),7.829659863945579
Hambantota,Maha,Chilli,2019,112.42,926.69,Dry/Intermediate,Supported envelope,Dry Zone,Chillies (Green),8.243106208859635
Hambantota,Maha,Cowpea,2019,77.43,483.04,Dry/Intermediate,Supported envelope,Dry Zone,Cowpea,6.238408885444918
Hambantota,Yala,Carrot,2019,89.73,1497.05,Dry/Intermediate,Supported envelope,Dry Zone,Carrot,16.683940711021954
Hambantota,Yala,Carrot,2019,78.09,1297.38,Dry/Intermediate,Supported envelope,Dry Zone,Carrot,16.613907030349598
Hambantota,Yala,Carrot,2019,126.53,1837.35,Dry/Intermediate,Supported envelope,Dry Zone,Carrot,14.521062198688057
Hambantota,Yala,Carrot,2019,65.15,920.49,Dry/Intermediate,Supported envelope,Dry Zone,Carrot,14.128779739063699
Hambantota,Yala,Chilli,2019,62.07,521.65,Dry/Intermediate,Supported envelope,Dry Zone,Chillies (Green),8.404221040760431
Hambantota,Yala,Chilli,2019,64.2,442.37,Dry/Intermediate,Supported envelope,Dry Zone,Chillies (Green),6.890498442367601
Hambantota,Yala,Cowpea,2019,60.88,435.75,Dry/Intermediate,Supported envelope,Dry Zone,Cowpea,7.157522996057819
Hambantota,Yala,Ginger,2019,74.54,854.84,Dry/Intermediate,Supported envelope,Dry Zone,Ginger,11.468204990609069
Hambantota,Yala,Green Gram,2019,52.43,389.93,Dry/Intermediate,Supported envelope,Dry Zone,Green Gram,7.4371543009727255
Hambantota,Yala,Sweet Potato,2019,100.7,1217.55,Dry/Intermediate,Supported envelope,Dry Zone,Sweet Potatoes,12.090863952333663
Jaffna,Maha,Big Onion,2019,83.5,716.09,Dry,Supported envelope,Dry Zone,Big Onion,8.575928143712575
Jaffna,Maha,Carrot,2019,107.62,1718.54,Dry,Supported envelope,Dry Zone,Carrot,15.96859319829028
Jaffna,Maha,Chilli,2019,80.93,608.18,Dry,Supported envelope,Dry Zone,Chillies (Green),7.514889410601754
Jaffna,Maha,Chilli,2019,57.42,308.6,Dry,Supported envelope,Dry Zone,Chillies (Green),5.374433995123651
Jaffna,Maha,Ginger,2019,76.86,759.15,Dry,Supported envelope,Dry Zone,Ginger,9.87704918032787
Jaffna,Maha,Ginger,2019,103.21,1400.39,Dry,Supported envelope,Dry Zone,Ginger,13.568355779478734
Jaffna,Maha,Maize,2019,149.78,2726.36,Dry,Supported envelope,Dry Zone,Maize,18.202430231005476
Jaffna,Yala,Big Onion,2019,78.51,944.47,Dry,Supported envelope,Dry Zone,Big Onion,12.029932492676092
Jaffna,Yala,Carrot,2019,125.11,2200.28,Dry,Supported envelope,Dry Zone,Carrot,17.58676364798977
Jaffna,Yala,Carrot,2019,85.61,1579.75,Dry,Supported envelope,Dry Zone,Carrot,18.452867655647704
Jaffna,Yala,Carrot,2019,66.88,1007.7,Dry,Supported envelope,Dry Zone,Carrot,15.067284688995217
Jaffna,Yala,Carrot,2019,165.35,2750.57,Dry,Supported envelope,Dry Zone,Carrot,16.634835198064714
Jaffna,Yala,Cassava,2019,150.3,4613.87,Dry,Supported envelope,Dry Zone,Manioc,30.697737857618094
Jaffna,Yala,Cassava,2019,177.6,4126.09,Dry,Supported envelope,Dry Zone,Manioc,23.23248873873874
Jaffna,Yala,Green Gram,2019,86.14,723.03,Dry,Supported envelope,Dry Zone,Green Gram,8.393661481309495
Jaffna,Yala,Green Gram,2019,59.28,369.93,Dry,Supported envelope,Dry Zone,Green Gram,6.240384615384615
Jaffna,Yala,Maize,2019,130.56,2345.36,Dry,Supported envelope,Dry Zone,Maize,17.963848039215687
Jaffna,Yala,Potato,2019,118.92,2554.94,Dry,Supported envelope,Dry Zone,Potatoes,21.484527413387152
Jaffna,Yala,Red Onion,2019,136.23,1330.46,Dry,Supported envelope,Dry Zone,Red Onion,9.766277618733026
Kalutara,Maha,Carrot,2019,102.64,1368.38,Wet,Supported envelope,Wet Zone,Carrot,13.331839438815278
Kalutara,Maha,Carrot,2019,129.58,1908.7,Wet,Supported envelope,Wet Zone,Carrot,14.72989658897978
Kalutara,Maha,Carrot,2019,105.68,1878.68,Wet,Supported envelope,Wet Zone,Carrot,17.77706283118849
Kalutara,Maha,Carrot,2019,131.0,2028.75,Wet,Supported envelope,Wet Zone,Carrot,15.486641221374045
Kalutara,Maha,Red Onion,2019,82.64,799.59,Wet,Supported envelope,Wet Zone,Red Onion,9.675580832526622
Kalutara,Maha,Tea,2019,153.03,3499.62,Wet,Supported envelope,Wet Zone,Tea,22.86884924524603
Kalutara,Maha,Turmeric,2019,101.07,843.99,Wet,Supported envelope,Wet Zone,Turmeric,8.35054912436925
Kalutara,Yala,Carrot,2019,170.47,2970.53,Wet,Supported envelope,Wet Zone,Carrot,17.42552941866604
Kalutara,Yala,Carrot,2019,112.86,1716.6,Wet,Supported envelope,Wet Zone,Carrot,15.209994683678893
Kalutara,Yala,Ginger,2019,114.79,1481.97,Wet,Supported envelope,Wet Zone,Ginger,12.910270929523477
Kalutara,Yala,Pepper,2019,72.46,379.06,Wet,Supported envelope,Wet Zone,Pepper,5.231300027601436
Kalutara,Yala,Potato,2019,134.58,2203.13,Wet,Supported envelope,Wet Zone,Potatoes,16.370411651062565
Kalutara,Yala,Red Onion,2019,76.06,801.6,Wet,Supported envelope,Wet Zone,Red Onion,10.539048119905338
Kalutara,Yala,Red Onion,2019,82.5,850.0,Wet,Supported envelope,Wet Zone,Red Onion,10.303030303030303
Kalutara,Yala,Sweet Potato,2019,150.75,2172.75,Wet,Supported envelope,Wet Zone,Sweet Potatoes,14.412935323383085
Kalutara,Yala,Turmeric,2019,114.36,1220.01,Wet,Supported envelope,Wet Zone,Turmeric,10.668153200419727
Kalutara,Yala,Turmeric,2019,84.74,877.76,Wet,Supported envelope,Wet Zone,Turmeric,10.358272362520651
Kandy,Maha,Beans,2019,94.29,940.57,Up-country Wet/Intermediate,Supported envelope,Up Country Wet Zone,Beans,9.97528900201506
Kandy,Maha,Big Onion,2019,86.6,1060.87,Up-country Wet/Intermediate,Supported envelope,Up Country Wet Zone,Big Onion,12.250230946882217
Kandy,Maha,Big Onion,2019,145.45,1663.64,Up-country Wet/Intermediate,Supported envelope,Up Country Wet Zone,Big Onion,11.437882433826058
Kandy,Maha,Carrot,2019,160.1,2256.98,Up-country Wet/Intermediate,Supported envelope,Up Country Wet Zone,Carrot,14.097314178638351
Kandy,Maha,Carrot,2019,154.78,2231.79,Up-country Wet/Intermediate,Supported envelope,Up Country Wet Zone,Carrot,14.419110996252746
Kandy,Maha,Carrot,2019,102.37,1366.85,Up-country Wet/Intermediate,Supported envelope,Up Country Wet Zone,Carrot,13.35205626648432
Kandy,Maha,Cassava,2019,135.12,2973.19,Up-country Wet/Intermediate,Supported envelope,Up Country Wet Zone,Manioc,22.00407045589106
Kandy,Maha,Chilli,2019,87.74,658.86,Up-country Wet/Intermediate,Supported envelope,Up Country Wet Zone,Chillies (Green),7.509231821290176
Kandy,Maha,Chilli,2019,120.33,914.26,Up-country Wet/Intermediate,Supported envelope,Up Country Wet Zone,Chillies (Green),7.597939001080363
Kandy,Maha,Chilli,2019,75.23,475.69,Up-country Wet/Intermediate,Supported envelope,Up Country Wet Zone,Chillies (Green),6.323142363418849
Kandy,Maha,Chilli,2019,59.67,445.7,Up-country Wet/Intermediate,Supported envelope,Up Country Wet Zone,Chillies (Green),7.4694151164739395
Kandy,Maha,Chilli,2019,83.33,624.09,Up-country Wet/Intermediate,Supported envelope,Up Country Wet Zone,Chillies (Green),7.4893795751830075
Kandy,Maha,Pineapple,2019,140.95,3355.77,Up-country Wet/Intermediate,Supported envelope,Up Country Wet Zone,Pineapple,23.808229868747784
Kandy,Maha,Pineapple,2019,120.4,2760.4,Up-country Wet/Intermediate,Supported envelope,Up Country Wet Zone,Pineapple,22.92691029900332
Kandy,Maha,Potato,2019,115.51,2245.73,Up-country Wet/Intermediate,Supported envelope,Up Country Wet Zone,Potatoes,19.441866505064496
Kandy,Maha,Sweet Potato,2019,109.76,1491.0,Up-country Wet/Intermediate,Supported envelope,Up Country Wet Zone,Sweet Potatoes,13.584183673469386
Kandy,Yala,Beans,2019,124.51,1232.13,Up-country Wet/Intermediate,Supported envelope,Up Country Wet Zone,Beans,9.895831660107623
Kandy,Yala,Big Onion,2019,126.33,1649.09,Up-country Wet/Intermediate,Supported envelope,Up Country Wet Zone,Big Onion,13.053827277764585
Kandy,Yala,Cabbage,2019,103.94,1474.6,Up-country Wet/Intermediate,Supported envelope,Up Country Wet Zone,Cabbage,14.187030979411198
Kandy,Yala,Carrot,2019,105.13,1672.52,Up-country Wet/Intermediate,Supported envelope,Up Country Wet Zone,Carrot,15.909064967183488
Kandy,Yala,Carrot,2019,160.09,2316.16,Up-country Wet/Intermediate,Supported envelope,Up Country Wet Zone,Carrot,14.467861827721904
Kandy,Yala,Cassava,2019,158.38,3560.68,Up-country Wet/Intermediate,Supported envelope,Up Country Wet Zone,Manioc,22.481879025129434
Kandy,Yala,Chilli,2019,65.48,433.34,Up-country Wet/Intermediate,Supported envelope,Up Country Wet Zone,Chillies (Green),6.617898594990836
Kandy,Yala,Cowpea,2019,54.58,431.95,Up-country Wet/Intermediate,Supported envelope,Up Country Wet Zone,Cowpea,7.914071088310736
Kandy,Yala,Cowpea,2019,50.75,353.93,Up-country Wet/Intermediate,Supported envelope,Up Country Wet Zone,Cowpea,6.973990147783251
Kandy,Yala,Ginger,2019,99.78,1357.23,Up-country Wet/Intermediate,Supported envelope,Up Country Wet Zone,Ginger,13.60222489476849
Kandy,Yala,Green Gram,2019,36.41,303.24,Up-country Wet/Intermediate,Supported envelope,Up Country Wet Zone,Green Gram,8.32848118648723
Kandy,Yala,Groundnut,2019,84.72,869.78,Up-country Wet/Intermediate,Supported envelope,Up Country Wet Zone,Ground Nuts,10.266525023607176
Kandy,Yala,Groundnut,2019,73.05,731.69,Up-country Wet/Intermediate,Supported envelope,Up Country Wet Zone,Ground Nuts,10.016290212183437
Kandy,Yala,Leeks,2019,121.67,1316.98,Up-country Wet/Intermediate,Supported envelope,Up Country Wet Zone,Leeks,10.824196597353497
Kandy,Yala,Leeks,2019,86.89,950.95,Up-country Wet/Intermediate,Supported envelope,Up Country Wet Zone,Leeks,10.94429738750144
Kandy,Yala,Leeks,2019,94.77,1279.95,Up-country Wet/Intermediate,Supported envelope,Up Country Wet Zone,Leeks,13.505856283634062
Kandy,Yala,Leeks,2019,108.68,1069.28,Up-country Wet/Intermediate,Supported envelope,Up Country Wet Zone,Leeks,9.838792786161207
Kandy,Yala,Maize,2019,114.11,1484.31,Up-country Wet/Intermediate,Supported envelope,Up Country Wet Zone,Maize,13.007711856980107
Kandy,Yala,Maize,2019,106.07,1524.96,Up-country Wet/Intermediate,Supported envelope,Up Country Wet Zone,Maize,14.376920901291601
Kandy,Yala,Maize,2019,98.19,1686.76,Up-country Wet/Intermediate,Supported envelope,Up Country Wet Zone,Maize,17.178531418678073
Kandy,Yala,Pepper,2019,32.54,152.31,Up-country Wet/Intermediate,Supported envelope,Up Country Wet Zone,Pepper,4.680700676090965
Kandy,Yala,Pepper,2019,41.69,238.4,Up-country Wet/Intermediate,Supported envelope,Up Country Wet Zone,Pepper,5.718397697289518
Kandy,Yala,Pepper,2019,64.71,352.6,Up-country Wet/Intermediate,Supported envelope,Up Country Wet Zone,Pepper,5.4489259774378
Kandy,Yala,Tea,2019,202.8,4763.68,Up-country Wet/Intermediate,Supported envelope,Up Country Wet Zone,Tea,23.48954635108481
Kegalle,Maha,Beans,2019,76.38,553.21,Wet/Intermediate,Supported envelope,Wet Zone,Beans,7.242864624247186
Kegalle,Maha,Cabbage,2019,62.81,929.59,Wet/Intermediate,Supported envelope,Wet Zone,Cabbage,14.800031842063365
Kegalle,Maha,Cabbage,2019,122.53,1810.36,Wet/Intermediate,Supported envelope,Wet Zone,Cabbage,14.774830653717457
Kegalle,Maha,Carrot,2019,67.22,1113.78,Wet/Intermediate,Supported envelope,Wet Zone,Carrot,16.569175840523652
Kegalle,Maha,Carrot,2019,88.97,1294.94,Wet/Intermediate,Supported envelope,Wet Zone,Carrot,14.554793750702485
Kegalle,Maha,Carrot,2019,122.81,1662.5,Wet/Intermediate,Supported envelope,Wet Zone,Carrot,13.537171240127025
Kegalle,Maha,Cassava,2019,111.84,2564.42,Wet/Intermediate,Supported envelope,Wet Zone,Manioc,22.92936337625179
Kegalle,Maha,Cauliflower,2019,66.14,715.05,Wet/Intermediate,Supported envelope,Wet Zone,Cauliflower,10.811158149380102
Kegalle,Maha,Cauliflower,2019,82.6,1132.73,Wet/Intermediate,Supported envelope,Wet Zone,Cauliflower,13.713438256658597
Kegalle,Maha,Maize,2019,104.83,1820.21,Wet/Intermediate,Supported envelope,Wet Zone,Maize,17.36344557855576
Kegalle,Maha,Pineapple,2019,192.86,5577.67,Wet/Intermediate,Supported envelope,Wet Zone,Pineapple,28.92082339520896
Kegalle,Maha,Red Onion,2019,43.41,522.69,Wet/Intermediate,Supported envelope,Wet Zone,Red Onion,12.040774015203873
Kegalle,Maha,Sweet Potato,2019,144.92,1798.94,Wet/Intermediate,Supported envelope,Wet Zone,Sweet Potatoes,12.41333149323765
Kegalle,Maha,Tea,2019,201.09,5340.32,Wet/Intermediate,Supported envelope,Wet Zone,Tea,26.556865085285192
Kegalle,Maha,Tea,2019,167.98,3756.27,Wet/Intermediate,Supported envelope,Wet Zone,Tea,22.361412072865818
Kegalle,Yala,Beans,2019,62.62,642.03,Wet/Intermediate,Supported envelope,Wet Zone,Beans,10.25279463430214
Kegalle,Yala,Beans,2019,69.61,631.06,Wet/Intermediate,Supported envelope,Wet Zone,Beans,9.065651486855336
Kegalle,Yala,Cabbage,2019,112.06,1867.3,Wet/Intermediate,Supported envelope,Wet Zone,Cabbage,16.66339461003034
Kegalle,Yala,Cabbage,2019,90.04,1169.04,Wet/Intermediate,Supported envelope,Wet Zone,Cabbage,12.983562860950688
Kegalle,Yala,Carrot,2019,93.7,1279.72,Wet/Intermediate,Supported envelope,Wet Zone,Carrot,13.657630736392743
Kegalle,Yala,Cauliflower,2019,78.01,1144.31,Wet/Intermediate,Supported envelope,Wet Zone,Cauliflower,14.668760415331366
Kegalle,Yala,Chilli,2019,48.94,423.2,Wet/Intermediate,Supported envelope,Wet Zone,Chillies (Green),8.647323252962812
Kegalle,Yala,Green Gram,2019,62.13,424.67,Wet/Intermediate,Supported envelope,Wet Zone,Green Gram,6.8351842910027365
Kegalle,Yala,Pineapple,2019,168.37,3562.22,Wet/Intermediate,Supported envelope,Wet Zone,Pineapple,21.157094494268573
Kegalle,Yala,Pineapple,2019,183.5,4181.32,Wet/Intermediate,Supported envelope,Wet Zone,Pineapple,22.786485013623977
Kegalle,Yala,Sweet Potato,2019,116.79,1504.93,Wet/Intermediate,Supported envelope,Wet Zone,Sweet Potatoes,12.885777891942803
Kegalle,Yala,Sweet Potato,2019,68.22,917.52,Wet/Intermediate,Supported envelope,Wet Zone,Sweet Potatoes,13.44942832014072
Kegalle,Yala,Sweet Potato,2019,82.24,1089.72,Wet/Intermediate,Supported envelope,Wet Zone,Sweet Potatoes,13.250486381322958
Kegalle,Yala,Tea,2019,151.0,4355.13,Wet/Intermediate,Supported envelope,Wet Zone,Tea,28.841920529801325
Kegalle,Yala,Turmeric,2019,70.02,705.1,Wet/Intermediate,Supported envelope,Wet Zone,Turmeric,10.069980005712655
Kilinochchi,Maha,Big Onion,2019,49.09,520.86,Dry,Supported envelope,Dry Zone,Big Onion,10.610307598288857
Kilinochchi,Maha,Carrot,2019,96.36,1310.7,Dry,Supported envelope,Dry Zone,Carrot,13.602117061021172
Kilinochchi,Maha,Green Gram,2019,50.91,422.36,Dry,Supported envelope,Dry Zone,Green Gram,8.296208996267925
Kilinochchi,Maha,Red Onion,2019,67.45,682.49,Dry,Supported envelope,Dry Zone,Red Onion,10.118458117123796
Kilinochchi,Maha,Red Onion,2019,92.73,946.54,Dry,Supported envelope,Dry Zone,Red Onion,10.207484093605089
Kilinochchi,Yala,Big Onion,2019,55.62,556.07,Dry,Supported envelope,Dry Zone,Big Onion,9.997662711254945
Kilinochchi,Yala,Carrot,2019,52.81,718.92,Dry,Supported envelope,Dry Zone,Carrot,13.613330808558983
Kilinochchi,Yala,Carrot,2019,105.3,1811.73,Dry,Supported envelope,Dry Zone,Carrot,17.205413105413108
Kilinochchi,Yala,Cassava,2019,143.71,2780.0,Dry,Supported envelope,Dry Zone,Manioc,19.3445132558625
Kilinochchi,Yala,Chilli,2019,57.1,524.1,Dry,Supported envelope,Dry Zone,Chillies (Green),9.178633975481612
Kilinochchi,Yala,Chilli,2019,38.59,260.97,Dry,Supported envelope,Dry Zone,Chillies (Green),6.762632806426535
Kilinochchi,Yala,Chilli,2019,68.7,489.27,Dry,Supported envelope,Dry Zone,Chillies (Green),7.12183406113537
Kilinochchi,Yala,Ginger,2019,39.51,416.27,Dry,Supported envelope,Dry Zone,Ginger,10.535813718046064
Kilinochchi,Yala,Green Gram,2019,37.66,285.28,Dry,Supported envelope,Dry Zone,Green Gram,7.57514604354753
Kilinochchi,Yala,Green Gram,2019,38.62,292.52,Dry,Supported envelope,Dry Zone,Green Gram,7.574313827032626
Kilinochchi,Yala,Green Gram,2019,35.63,325.03,Dry,Supported envelope,Dry Zone,Green Gram,9.122368790345213
Kilinochchi,Yala,Green Gram,2019,42.49,313.03,Dry,Supported envelope,Dry Zone,Green Gram,7.367145210637796
Kilinochchi,Yala,Potato,2019,70.77,1364.59,Dry,Supported envelope,Dry Zone,Potatoes,19.28204041260421
Kilinochchi,Yala,Red Onion,2019,70.0,737.08,Dry,Supported envelope,Dry Zone,Red Onion,10.529714285714286
Kurunegala,Maha,Carrot,2019,88.27,1372.78,Intermediate/Dry,Supported envelope,Intermediate Zone,Carrot,15.552056191231449
Kurunegala,Maha,Carrot,2019,126.63,2145.22,Intermediate/Dry,Supported envelope,Intermediate Zone,Carrot,16.940851299060252
Kurunegala,Maha,Cassava,2019,179.25,3673.19,Intermediate/Dry,Supported envelope,Intermediate Zone,Manioc,20.491994421199443
Kurunegala,Maha,Chilli,2019,64.11,550.0,Intermediate/Dry,Supported envelope,Intermediate Zone,Chillies (Green),8.57900483543909
Kurunegala,Maha,Chilli,2019,62.02,443.07,Intermediate/Dry,Supported envelope,Intermediate Zone,Chillies (Green),7.1439858110287
Kurunegala,Maha,Ginger,2019,95.62,1063.77,Intermediate/Dry,Supported envelope,Intermediate Zone,Ginger,11.124973854842082
Kurunegala,Maha,Green Gram,2019,82.2,557.24,Intermediate/Dry,Supported envelope,Intermediate Zone,Green Gram,6.779075425790754
Kurunegala,Maha,Green Gram,2019,86.4,746.92,Intermediate/Dry,Supported envelope,Intermediate Zone,Green Gram,8.644907407407405
Kurunegala,Maha,Maize,2019,123.28,1988.83,Intermediate/Dry,Supported envelope,Intermediate Zone,Maize,16.13262491888384
Kurunegala,Maha,Maize,2019,74.29,1382.91,Intermediate/Dry,Supported envelope,Intermediate Zone,Maize,18.6150222102571
Kurunegala,Maha,Red Onion,2019,78.03,696.91,Intermediate/Dry,Supported envelope,Intermediate Zone,Red Onion,8.931308471100857
Kurunegala,Yala,Big Onion,2019,61.98,603.66,Intermediate/Dry,Supported envelope,Intermediate Zone,Big Onion,9.739593417231365
Kurunegala,Yala,Big Onion,2019,94.38,937.69,Intermediate/Dry,Supported envelope,Intermediate Zone,Big Onion,9.935261707988982
Kurunegala,Yala,Carrot,2019,76.81,815.41,Intermediate/Dry,Supported envelope,Intermediate Zone,Carrot,10.61593542507486
Kurunegala,Yala,Carrot,2019,67.7,820.27,Intermediate/Dry,Supported envelope,Intermediate Zone,Carrot,12.116248153618907
Kurunegala,Yala,Carrot,2019,123.3,2042.31,Intermediate/Dry,Supported envelope,Intermediate Zone,Carrot,16.56374695863747
Kurunegala,Yala,Chilli,2019,36.65,292.56,Intermediate/Dry,Supported envelope,Intermediate Zone,Chillies (Green),7.982537517053206
Kurunegala,Yala,Chilli,2019,49.36,391.55,Intermediate/Dry,Supported envelope,Intermediate Zone,Chillies (Green),7.9325364667747165
Kurunegala,Yala,Ginger,2019,117.17,1125.66,Intermediate/Dry,Supported envelope,Intermediate Zone,Ginger,9.60706665528719
Kurunegala,Yala,Groundnut,2019,102.57,936.27,Intermediate/Dry,Supported envelope,Intermediate Zone,Ground Nuts,9.128107633811057
Kurunegala,Yala,Groundnut,2019,81.04,858.43,Intermediate/Dry,Supported envelope,Intermediate Zone,Ground Nuts,10.592670286278379
Kurunegala,Yala,Pineapple,2019,200.84,4773.43,Intermediate/Dry,Supported envelope,Intermediate Zone,Pineapple,23.767327225652263
Kurunegala,Yala,Potato,2019,128.17,1865.22,Intermediate/Dry,Supported envelope,Intermediate Zone,Potatoes,14.552703440742766
Mannar,Maha,Big Onion,2019,231.11,2490.24,Dry,Supported envelope,Dry Zone,Big Onion,10.775128726580414
Mannar,Maha,Big Onion,2019,53.62,584.65,Dry,Supported envelope,Dry Zone,Big Onion,10.903580753450205
Mannar,Maha,Carrot,2019,186.53,2281.0,Dry,Supported envelope,Dry Zone,Carrot,12.228595936310512
Mannar,Maha,Carrot,2019,155.67,2232.19,Dry,Supported envelope,Dry Zone,Carrot,14.339243271022035
Mannar,Maha,Cassava,2019,156.33,3609.17,Dry,Supported envelope,Dry Zone,Manioc,23.0868675238278
Mannar,Maha,Cassava,2019,214.5,4219.59,Dry,Supported envelope,Dry Zone,Manioc,19.67174825174825
Mannar,Maha,Cowpea,2019,108.85,855.09,Dry,Supported envelope,Dry Zone,Cowpea,7.8556729444189255
Mannar,Maha,Groundnut,2019,102.93,1051.97,Dry,Supported envelope,Dry Zone,Ground Nuts,10.220246769649275
Mannar,Maha,Potato,2019,150.97,3082.43,Dry,Supported envelope,Dry Zone,Potatoes,20.41750016559581
Mannar,Yala,Big Onion,2019,78.66,851.08,Dry,Supported envelope,Dry Zone,Big Onion,10.819730485634377
Mannar,Yala,Carrot,2019,123.09,1687.15,Dry,Supported envelope,Dry Zone,Carrot,13.706637419774149
Mannar,Yala,Chilli,2019,87.87,533.1,Dry,Supported envelope,Dry Zone,Chillies (Green),6.0669170365312395
Mannar,Yala,Ginger,2019,139.39,1807.96,Dry,Supported envelope,Dry Zone,Ginger,12.970514384102161
Mannar,Yala,Maize,2019,178.79,3253.0,Dry,Supported envelope,Dry Zone,Maize,18.19452989540802
Mannar,Yala,Potato,2019,168.87,3997.83,Dry,Supported envelope,Dry Zone,Potatoes,23.674009593178184
Mannar,Yala,Sweet Potato,2019,81.79,1089.08,Dry,Supported envelope,Dry Zone,Sweet Potatoes,13.3155642499083
Mannar,Yala,Turmeric,2019,117.99,1390.82,Dry,Supported envelope,Dry Zone,Turmeric,11.7876091194169
Matale,Maha,Beans,2019,80.71,813.88,Intermediate/Up-country,Supported envelope,Intermediate Zone,Beans,10.084004460413828
Matale,Maha,Big Onion,2019,99.94,1064.55,Intermediate/Up-country,Supported envelope,Intermediate Zone,Big Onion,10.651891134680808
Matale,Maha,Carrot,2019,88.31,1439.67,Intermediate/Up-country,Supported envelope,Intermediate Zone,Carrot,16.302457252859245
Matale,Maha,Carrot,2019,93.23,1140.7,Intermediate/Up-country,Supported envelope,Intermediate Zone,Carrot,12.23533197468626
Matale,Maha,Carrot,2019,74.28,1017.78,Intermediate/Up-country,Supported envelope,Intermediate Zone,Carrot,13.701938610662358
Matale,Maha,Carrot,2019,96.26,1653.13,Intermediate/Up-country,Supported envelope,Intermediate Zone,Carrot,17.173592354041137
Matale,Maha,Chilli,2019,50.0,354.99,Intermediate/Up-country,Supported envelope,Intermediate Zone,Chillies (Green),7.0998
Matale,Maha,Chilli,2019,46.88,398.93,Intermediate/Up-country,Supported envelope,Intermediate Zone,Chillies (Green),8.509598976109215
Matale,Maha,Chilli,2019,76.48,530.98,Intermediate/Up-country,Supported envelope,Intermediate Zone,Chillies (Green),6.9427301255230125
Matale,Maha,Cowpea,2019,60.44,447.12,Intermediate/Up-country,Supported envelope,Intermediate Zone,Cowpea,7.397749834546659
Matale,Maha,Groundnut,2019,55.38,575.33,Intermediate/Up-country,Supported envelope,Intermediate Zone,Ground Nuts,10.388768508486818
Matale,Maha,Groundnut,2019,78.27,616.16,Intermediate/Up-country,Supported envelope,Intermediate Zone,Ground Nuts,7.872237127890635
Matale,Maha,Groundnut,2019,64.6,769.0,Intermediate/Up-country,Supported envelope,Intermediate Zone,Ground Nuts,11.90402476780186
Matale,Maha,Leeks,2019,33.57,424.97,Intermediate/Up-country,Supported envelope,Intermediate Zone,Leeks,12.659219541257075
Matale,Maha,Leeks,2019,67.06,890.52,Intermediate/Up-country,Supported envelope,Intermediate Zone,Leeks,13.279451237697584
Matale,Maha,Maize,2019,101.17,1532.33,Intermediate/Up-country,Supported envelope,Intermediate Zone,Maize,15.146090738361174
Matale,Maha,Red Onion,2019,46.11,558.87,Intermediate/Up-country,Supported envelope,Intermediate Zone,Red Onion,12.120364346128822
Matale,Maha,Red Onion,2019,49.98,525.21,Intermediate/Up-country,Supported envelope,Intermediate Zone,Red Onion,10.50840336134454
Matale,Maha,Sweet Potato,2019,85.42,1170.38,Intermediate/Up-country,Supported envelope,Intermediate Zone,Sweet Potatoes,13.701475064387733
Matale,Maha,Sweet Potato,2019,66.32,870.96,Intermediate/Up-country,Supported envelope,Intermediate Zone,Sweet Potatoes,13.132689987937276
Matale,Maha,Tea,2019,152.33,2990.57,Intermediate/Up-country,Supported envelope,Intermediate Zone,Tea,19.63218013523272
Matale,Yala,Beans,2019,47.78,454.69,Intermediate/Up-country,Supported envelope,Intermediate Zone,Beans,9.516324822101298
Matale,Yala,Beans,2019,46.04,427.68,Intermediate/Up-country,Supported envelope,Intermediate Zone,Beans,9.289313640312772
Matale,Yala,Cabbage,2019,109.18,1873.97,Intermediate/Up-country,Supported envelope,Intermediate Zone,Cabbage,17.164041033156256
Matale,Yala,Carrot,2019,121.19,1603.7,Intermediate/Up-country,Supported envelope,Intermediate Zone,Carrot,13.23294001155211
Matale,Yala,Chilli,2019,41.25,230.5,Intermediate/Up-country,Supported envelope,Intermediate Zone,Chillies (Green),5.587878787878788
Matale,Yala,Groundnut,2019,56.34,606.71,Intermediate/Up-country,Supported envelope,Intermediate Zone,Ground Nuts,10.768725594604188
Matale,Yala,Leeks,2019,73.56,948.44,Intermediate/Up-country,Supported envelope,Intermediate Zone,Leeks,12.89342033713975
Matale,Yala,Pepper,2019,26.52,118.7,Intermediate/Up-country,Supported envelope,Intermediate Zone,Pepper,4.475867269984917
Matale,Yala,Pepper,2019,39.59,216.47,Intermediate/Up-country,Supported envelope,Intermediate Zone,Pepper,5.467794897701439
Matale,Yala,Sweet Potato,2019,108.26,1335.1,Intermediate/Up-country,Supported envelope,Intermediate Zone,Sweet Potatoes,12.33234805098836
Matara,Maha,Big Onion,2019,92.5,844.74,Wet,Supported envelope,Wet Zone,Big Onion,9.132324324324324
Matara,Maha,Big Onion,2019,107.89,1030.62,Wet,Supported envelope,Wet Zone,Big Onion,9.55250718324219
Matara,Maha,Carrot,2019,123.34,2209.0,Wet,Supported envelope,Wet Zone,Carrot,17.9098427112048
Matara,Maha,Carrot,2019,131.64,2467.62,Wet,Supported envelope,Wet Zone,Carrot,18.745214220601643
Matara,Maha,Chilli,2019,66.15,463.31,Wet,Supported envelope,Wet Zone,Chillies (Green),7.003930461073318
Matara,Maha,Chilli,2019,93.39,720.71,Wet,Supported envelope,Wet Zone,Chillies (Green),7.717207409786916
Matara,Maha,Cowpea,2019,109.7,869.12,Wet,Supported envelope,Wet Zone,Cowpea,7.922698268003646
Matara,Maha,Ginger,2019,105.51,1320.5,Wet,Supported envelope,Wet Zone,Ginger,12.515401383755094
Matara,Maha,Maize,2019,172.5,3002.85,Wet,Supported envelope,Wet Zone,Maize,17.407826086956522
Matara,Maha,Pepper,2019,59.04,263.6,Wet,Supported envelope,Wet Zone,Pepper,4.464769647696477
Matara,Maha,Red Onion,2019,68.46,709.96,Wet,Supported envelope,Wet Zone,Red Onion,10.37043529068069
Matara,Maha,Turmeric,2019,50.09,549.82,Wet,Supported envelope,Wet Zone,Turmeric,10.976642044320224
Matara,Yala,Cinnamon,2019,63.68,272.31,Wet,Supported envelope,Wet Zone,Cinnamon,4.276224874371859
Matara,Yala,Cowpea,2019,77.13,595.49,Wet,Supported envelope,Wet Zone,Cowpea,7.720601581745107
Matara,Yala,Ginger,2019,97.55,1337.11,Wet,Supported envelope,Wet Zone,Ginger,13.70691952844695
Matara,Yala,Green Gram,2019,49.39,318.61,Wet,Supported envelope,Wet Zone,Green Gram,6.450900992103665
Matara,Yala,Maize,2019,182.67,3163.14,Wet,Supported envelope,Wet Zone,Maize,17.316143865987847
Matara,Yala,Potato,2019,167.94,2635.51,Wet,Supported envelope,Wet Zone,Potatoes,15.693164225318567
Matara,Yala,Potato,2019,148.77,2895.19,Wet,Supported envelope,Wet Zone,Potatoes,19.460845600591515
Matara,Yala,Tea,2019,197.02,4658.56,Wet,Supported envelope,Wet Zone,Tea,23.645112171353162
Matara,Yala,Tea,2019,180.08,4429.62,Wet,Supported envelope,Wet Zone,Tea,24.5980675255442
Matara,Yala,Turmeric,2019,79.13,767.39,Wet,Supported envelope,Wet Zone,Turmeric,9.69783899911538
Matara,Yala,Turmeric,2019,87.0,777.64,Wet,Supported envelope,Wet Zone,Turmeric,8.9383908045977
Mullaitivu,Maha,Carrot,2019,90.83,1262.14,Dry,Supported envelope,Dry Zone,Carrot,13.89562919740174
Mullaitivu,Maha,Carrot,2019,207.62,3077.25,Dry,Supported envelope,Dry Zone,Carrot,14.821548983720257
Mullaitivu,Maha,Cassava,2019,208.82,4102.53,Dry,Supported envelope,Dry Zone,Manioc,19.646250359160998
Mullaitivu,Maha,Chilli,2019,95.39,820.38,Dry,Supported envelope,Dry Zone,Chillies (Green),8.600272565258413
Mullaitivu,Maha,Chilli,2019,77.35,539.97,Dry,Supported envelope,Dry Zone,Chillies (Green),6.9808661926308995
Mullaitivu,Maha,Cowpea,2019,78.0,562.59,Dry,Supported envelope,Dry Zone,Cowpea,7.212692307692308
Mullaitivu,Maha,Cowpea,2019,53.64,397.29,Dry,Supported envelope,Dry Zone,Cowpea,7.4065995525727075
Mullaitivu,Maha,Groundnut,2019,68.76,742.0,Dry,Supported envelope,Dry Zone,Ground Nuts,10.791157649796393
Mullaitivu,Maha,Groundnut,2019,93.35,761.77,Dry,Supported envelope,Dry Zone,Ground Nuts,8.16036422067488
Mullaitivu,Maha,Red Onion,2019,97.15,1008.76,Dry,Supported envelope,Dry Zone,Red Onion,10.383530622748326
Mullaitivu,Maha,Red Onion,2019,74.18,661.56,Dry,Supported envelope,Dry Zone,Red Onion,8.918306821245617
Mullaitivu,Yala,Carrot,2019,111.77,1656.05,Dry,Supported envelope,Dry Zone,Carrot,14.816587635322538
Mullaitivu,Yala,Carrot,2019,130.59,1998.23,Dry,Supported envelope,Dry Zone,Carrot,15.30155448349797
Mullaitivu,Yala,Carrot,2019,132.53,1991.35,Dry,Supported envelope,Dry Zone,Carrot,15.02565456877688
Mullaitivu,Yala,Chilli,2019,96.36,594.75,Dry,Supported envelope,Dry Zone,Chillies (Green),6.172166874221669
Mullaitivu,Yala,Potato,2019,160.68,2449.26,Dry,Supported envelope,Dry Zone,Potatoes,15.243091859596715
Mullaitivu,Yala,Turmeric,2019,80.94,742.14,Dry,Supported envelope,Dry Zone,Turmeric,9.169014084507042
Nuwara Eliya,Maha,Beans,2019,106.1,969.59,Up-country Wet,Supported envelope,Up Country Wet Zone,Beans,9.138454288407164
Nuwara Eliya,Maha,Big Onion,2019,68.39,762.3,Up-country Wet,Supported envelope,Up Country Wet Zone,Big Onion,11.146366427840327
Nuwara Eliya,Maha,Cabbage,2019,150.38,2665.33,Up-country Wet,Supported envelope,Up Country Wet Zone,Cabbage,17.723965952919272
Nuwara Eliya,Maha,Carrot,2019,98.26,1354.56,Up-country Wet,Supported envelope,Up Country Wet Zone,Carrot,13.78546712802768
Nuwara Eliya,Maha,Carrot,2019,113.03,1803.57,Up-country Wet,Supported envelope,Up Country Wet Zone,Carrot,15.956560205255242
Nuwara Eliya,Maha,Cassava,2019,130.67,2580.66,Up-country Wet,Supported envelope,Up Country Wet Zone,Manioc,19.74944516721512
Nuwara Eliya,Maha,Cassava,2019,84.93,1965.55,Up-country Wet,Supported envelope,Up Country Wet Zone,Manioc,23.14317673378076
Nuwara Eliya,Maha,Cauliflower,2019,104.49,1421.91,Up-country Wet,Supported envelope,Up Country Wet Zone,Cauliflower,13.608096468561586
Nuwara Eliya,Maha,Cauliflower,2019,61.1,750.55,Up-country Wet,Supported envelope,Up Country Wet Zone,Cauliflower,12.283960720130931
Nuwara Eliya,Maha,Cauliflower,2019,62.77,655.47,Up-country Wet,Supported envelope,Up Country Wet Zone,Cauliflower,10.442408794009877
Nuwara Eliya,Maha,Ginger,2019,57.52,592.73,Up-country Wet,Supported envelope,Up Country Wet Zone,Ginger,10.304763560500696
Nuwara Eliya,Maha,Ginger,2019,43.54,499.07,Up-country Wet,Supported envelope,Up Country Wet Zone,Ginger,11.462333486449243
Nuwara Eliya,Maha,Groundnut,2019,57.97,596.75,Up-country Wet,Supported envelope,Up Country Wet Zone,Ground Nuts,10.294117647058824
Nuwara Eliya,Maha,Leeks,2019,119.04,1153.77,Up-country Wet,Supported envelope,Up Country Wet Zone,Leeks,9.692288306451612
Nuwara Eliya,Maha,Leeks,2019,107.07,1236.21,Up-country Wet,Supported envelope,Up Country Wet Zone,Leeks,11.545811151583077
Nuwara Eliya,Maha,Leeks,2019,138.88,1664.13,Up-country Wet,Supported envelope,Up Country Wet Zone,Leeks,11.982502880184333
Nuwara Eliya,Maha,Maize,2019,93.69,1644.87,Up-country Wet,Supported envelope,Up Country Wet Zone,Maize,17.556516170349024
Nuwara Eliya,Maha,Red Onion,2019,44.83,477.22,Up-country Wet,Supported envelope,Up Country Wet Zone,Red Onion,10.645103725184029
Nuwara Eliya,Maha,Sweet Potato,2019,68.54,812.49,Up-country Wet,Supported envelope,Up Country Wet Zone,Sweet Potatoes,11.854245695943973
Nuwara Eliya,Maha,Tea,2019,265.46,7057.91,Up-country Wet,Supported envelope,Up Country Wet Zone,Tea,26.58747080539441
Nuwara Eliya,Maha,Turmeric,2019,96.91,920.61,Up-country Wet,Supported envelope,Up Country Wet Zone,Turmeric,9.499638840160975
Nuwara Eliya,Yala,Beans,2019,76.34,634.02,Up-country Wet,Supported envelope,Up Country Wet Zone,Beans,8.305213518470001
Nuwara Eliya,Yala,Beans,2019,73.84,630.68,Up-country Wet,Supported envelope,Up Country Wet Zone,Beans,8.541170097508125
Nuwara Eliya,Yala,Beans,2019,119.13,1122.06,Up-country Wet,Supported envelope,Up Country Wet Zone,Beans,9.418786199949635
Nuwara Eliya,Yala,Carrot,2019,148.87,2485.27,Up-country Wet,Supported envelope,Up Country Wet Zone,Carrot,16.69422986498287
Nuwara Eliya,Yala,Carrot,2019,176.01,3009.49,Up-country Wet,Supported envelope,Up Country Wet Zone,Carrot,17.098403499801147
Nuwara Eliya,Yala,Carrot,2019,167.13,2737.06,Up-country Wet,Supported envelope,Up Country Wet Zone,Carrot,16.376832405911564
Nuwara Eliya,Yala,Carrot,2019,128.85,2049.38,Up-country Wet,Supported envelope,Up Country Wet Zone,Carrot,15.905161039968958
Nuwara Eliya,Yala,Carrot,2019,138.63,2024.23,Up-country Wet,Supported envelope,Up Country Wet Zone,Carrot,14.601673519440237
Nuwara Eliya,Yala,Chilli,2019,55.2,402.79,Up-country Wet,Supported envelope,Up Country Wet Zone,Chillies (Green),7.2969202898550725
Nuwara Eliya,Yala,Chilli,2019,33.85,319.2,Up-country Wet,Supported envelope,Up Country Wet Zone,Chillies (Green),9.42983751846381
Nuwara Eliya,Yala,Groundnut,2019,86.9,924.25,Up-country Wet,Supported envelope,Up Country Wet Zone,Ground Nuts,10.63578826237054
Nuwara Eliya,Yala,Leeks,2019,91.99,841.55,Up-country Wet,Supported envelope,Up Country Wet Zone,Leeks,9.148276986628982
Nuwara Eliya,Yala,Leeks,2019,100.24,1437.8,Up-country Wet,Supported envelope,Up Country Wet Zone,Leeks,14.343575418994414
Nuwara Eliya,Yala,Maize,2019,49.01,776.72,Up-country Wet,Supported envelope,Up Country Wet Zone,Maize,15.84819424607223
Nuwara Eliya,Yala,Maize,2019,94.2,1168.05,Up-country Wet,Supported envelope,Up Country Wet Zone,Maize,12.39968152866242
Nuwara Eliya,Yala,Tea,2019,168.92,3267.53,Up-country Wet,Supported envelope,Up Country Wet Zone,Tea,19.34365380061568
Nuwara Eliya,Yala,Tea,2019,302.11,8232.0,Up-country Wet,Supported envelope,Up Country Wet Zone,Tea,27.248353248816656
Nuwara Eliya,Yala,Turmeric,2019,58.56,656.53,Up-country Wet,Supported envelope,Up Country Wet Zone,Turmeric,11.211236338797812
Polonnaruwa,Maha,Big Onion,2019,106.89,1175.69,Dry,Supported envelope,Dry Zone,Big Onion,10.99906445878941
Polonnaruwa,Maha,Carrot,2019,77.04,1112.17,Dry,Supported envelope,Dry Zone,Carrot,14.436266874350986
Polonnaruwa,Maha,Carrot,2019,84.51,1400.0,Dry,Supported envelope,Dry Zone,Carrot,16.56608685362679
Polonnaruwa,Maha,Carrot,2019,74.22,1133.06,Dry,Supported envelope,Dry Zone,Carrot,15.266235516033413
Polonnaruwa,Maha,Cassava,2019,197.16,4511.85,Dry,Supported envelope,Dry Zone,Manioc,22.884205721241635
Polonnaruwa,Maha,Groundnut,2019,88.4,962.34,Dry,Supported envelope,Dry Zone,Ground Nuts,10.886199095022624
Polonnaruwa,Maha,Potato,2019,101.64,1956.66,Dry,Supported envelope,Dry Zone,Potatoes,19.250885478158207
Polonnaruwa,Maha,Sweet Potato,2019,139.17,1619.37,Dry,Supported envelope,Dry Zone,Sweet Potatoes,11.635912912265574
Polonnaruwa,Maha,Turmeric,2019,50.13,502.71,Dry,Supported envelope,Dry Zone,Turmeric,10.02812687013764
Polonnaruwa,Yala,Carrot,2019,68.22,863.11,Dry,Supported envelope,Dry Zone,Carrot,12.651861624157139
Polonnaruwa,Yala,Carrot,2019,119.48,1845.34,Dry,Supported envelope,Dry Zone,Carrot,15.44476062939404
Polonnaruwa,Yala,Chilli,2019,43.57,261.91,Dry,Supported envelope,Dry Zone,Chillies (Green),6.01124627036952
Polonnaruwa,Yala,Chilli,2019,53.27,358.1,Dry,Supported envelope,Dry Zone,Chillies (Green),6.722357799887367
Polonnaruwa,Yala,Chilli,2019,73.71,596.13,Dry,Supported envelope,Dry Zone,Chillies (Green),8.087505087505088
Polonnaruwa,Yala,Cowpea,2019,68.25,573.01,Dry,Supported envelope,Dry Zone,Cowpea,8.395750915750916
Polonnaruwa,Yala,Ginger,2019,86.22,1137.02,Dry,Supported envelope,Dry Zone,Ginger,13.187427511018326
Polonnaruwa,Yala,Green Gram,2019,53.23,407.95,Dry,Supported envelope,Dry Zone,Green Gram,7.663911328198385
Polonnaruwa,Yala,Potato,2019,101.75,1580.05,Dry,Supported envelope,Dry Zone,Potatoes,15.528746928746928
Polonnaruwa,Yala,Potato,2019,162.66,3406.66,Dry,Supported envelope,Dry Zone,Potatoes,20.94344030493053
Polonnaruwa,Yala,Turmeric,2019,74.7,797.68,Dry,Supported envelope,Dry Zone,Turmeric,10.678447121820614
Polonnaruwa,Yala,Turmeric,2019,140.33,1729.46,Dry,Supported envelope,Dry Zone,Turmeric,12.324235730064846
Puttalam,Maha,Big Onion,2019,72.59,679.91,Dry/Intermediate,Supported envelope,Dry Zone,Big Onion,9.366441658630665
Puttalam,Maha,Carrot,2019,79.87,1243.59,Dry/Intermediate,Supported envelope,Dry Zone,Carrot,15.570176536872415
Puttalam,Maha,Chilli,2019,77.54,542.48,Dry/Intermediate,Supported envelope,Dry Zone,Chillies (Green),6.996131029146246
Puttalam,Maha,Chilli,2019,59.17,359.65,Dry/Intermediate,Supported envelope,Dry Zone,Chillies (Green),6.078249112726043
Puttalam,Maha,Green Gram,2019,43.87,275.47,Dry/Intermediate,Supported envelope,Dry Zone,Green Gram,6.279234100752223
Puttalam,Maha,Maize,2019,140.95,2527.11,Dry/Intermediate,Supported envelope,Dry Zone,Maize,17.92912380276694
Puttalam,Maha,Red Onion,2019,57.47,489.22,Dry/Intermediate,Supported envelope,Dry Zone,Red Onion,8.512615277536106
Puttalam,Maha,Red Onion,2019,65.81,630.85,Dry/Intermediate,Supported envelope,Dry Zone,Red Onion,9.585929190092692
Puttalam,Maha,Turmeric,2019,101.65,1026.41,Dry/Intermediate,Supported envelope,Dry Zone,Turmeric,10.09749139203148
Puttalam,Maha,Turmeric,2019,95.76,856.31,Dry/Intermediate,Supported envelope,Dry Zone,Turmeric,8.942251461988302
Puttalam,Yala,Ginger,2019,74.92,895.28,Dry/Intermediate,Supported envelope,Dry Zone,Ginger,11.94981313400961
Puttalam,Yala,Potato,2019,90.51,1759.65,Dry/Intermediate,Supported envelope,Dry Zone,Potatoes,19.441498176997015
Puttalam,Yala,Red Onion,2019,78.38,759.44,Dry/Intermediate,Supported envelope,Dry Zone,Red Onion,9.68920643021179
Ratnapura,Maha,Beans,2019,68.89,756.64,Wet/Intermediate,Supported envelope,Wet Zone,Beans,10.983306720859341
Ratnapura,Maha,Big Onion,2019,60.19,804.33,Wet/Intermediate,Supported envelope,Wet Zone,Big Onion,13.363183253032066
Ratnapura,Maha,Big Onion,2019,85.54,858.92,Wet/Intermediate,Supported envelope,Wet Zone,Big Onion,10.041150339022678
Ratnapura,Maha,Carrot,2019,107.55,1480.03,Wet/Intermediate,Supported envelope,Wet Zone,Carrot,13.761320316132032
Ratnapura,Maha,Carrot,2019,106.87,1809.98,Wet/Intermediate,Supported envelope,Wet Zone,Carrot,16.936277720595115
Ratnapura,Maha,Carrot,2019,61.62,1054.43,Wet/Intermediate,Supported envelope,Wet Zone,Carrot,17.11181434599156
Ratnapura,Maha,Carrot,2019,128.63,2117.86,Wet/Intermediate,Supported envelope,Wet Zone,Carrot,16.464743838917826
Ratnapura,Maha,Cauliflower,2019,92.98,1243.73,Wet/Intermediate,Supported envelope,Wet Zone,Cauliflower,13.376317487631749
Ratnapura,Maha,Chilli,2019,70.41,536.89,Wet/Intermediate,Supported envelope,Wet Zone,Chillies (Green),7.625195284760688
Ratnapura,Maha,Chilli,2019,75.27,613.48,Wet/Intermediate,Supported envelope,Wet Zone,Chillies (Green),8.150391922412648
Ratnapura,Maha,Cinnamon,2019,22.08,103.03,Wet/Intermediate,Supported envelope,Wet Zone,Cinnamon,4.666213768115942
Ratnapura,Maha,Groundnut,2019,98.9,1125.34,Wet/Intermediate,Supported envelope,Wet Zone,Ground Nuts,11.378564206268956
Ratnapura,Maha,Pepper,2019,45.89,216.99,Wet/Intermediate,Supported envelope,Wet Zone,Pepper,4.728481150577468
Ratnapura,Maha,Red Onion,2019,73.74,656.33,Wet/Intermediate,Supported envelope,Wet Zone,Red Onion,8.900596691076757
Ratnapura,Maha,Sweet Potato,2019,90.71,1278.05,Wet/Intermediate,Supported envelope,Wet Zone,Sweet Potatoes,14.089405798699152
Ratnapura,Yala,Beans,2019,57.12,581.52,Wet/Intermediate,Supported envelope,Wet Zone,Beans,10.180672268907562
Ratnapura,Yala,Beans,2019,61.19,606.58,Wet/Intermediate,Supported envelope,Wet Zone,Beans,9.913057689164898
Ratnapura,Yala,Beans,2019,72.29,606.43,Wet/Intermediate,Supported envelope,Wet Zone,Beans,8.38885046341126
Ratnapura,Yala,Cabbage,2019,70.48,1223.19,Wet/Intermediate,Supported envelope,Wet Zone,Cabbage,17.355136208853576
Ratnapura,Yala,Cabbage,2019,85.81,1229.73,Wet/Intermediate,Supported envelope,Wet Zone,Cabbage,14.330847220603658
Ratnapura,Yala,Cassava,2019,107.55,2622.44,Wet/Intermediate,Supported envelope,Wet Zone,Manioc,24.383449558344957
Ratnapura,Yala,Ginger,2019,67.48,650.55,Wet/Intermediate,Supported envelope,Wet Zone,Ginger,9.640634262003555
Ratnapura,Yala,Green Gram,2019,47.85,331.17,Wet/Intermediate,Supported envelope,Wet Zone,Green Gram,6.921003134796238
Ratnapura,Yala,Groundnut,2019,64.3,589.52,Wet/Intermediate,Supported envelope,Wet Zone,Ground Nuts,9.168273716951788
Ratnapura,Yala,Red Onion,2019,47.84,543.47,Wet/Intermediate,Supported envelope,Wet Zone,Red Onion,11.360158862876254
Ratnapura,Yala,Sweet Potato,2019,168.3,2373.67,Wet/Intermediate,Supported envelope,Wet Zone,Sweet Potatoes,14.103802733214497
Ratnapura,Yala,Tea,2019,146.9,3747.44,Wet/Intermediate,Supported envelope,Wet Zone,Tea,25.51014295439074
Ratnapura,Yala,Turmeric,2019,63.76,605.7,Wet/Intermediate,Supported envelope,Wet Zone,Turmeric,9.499686323713929
Ratnapura,Yala,Turmeric,2019,69.12,892.59,Wet/Intermediate,Supported envelope,Wet Zone,Turmeric,12.913628472222221
Trincomalee,Maha,Big Onion,2019,56.95,502.23,Dry,Supported envelope,Dry Zone,Big Onion,8.818788410886743
Trincomalee,Maha,Big Onion,2019,60.97,576.15,Dry,Supported envelope,Dry Zone,Big Onion,9.449729375102509
Trincomalee,Maha,Carrot,2019,59.94,802.48,Dry,Supported envelope,Dry Zone,Carrot,13.388054721388055
Trincomalee,Maha,Carrot,2019,68.89,1076.36,Dry,Supported envelope,Dry Zone,Carrot,15.624328639860646
Trincomalee,Maha,Carrot,2019,62.3,965.94,Dry,Supported envelope,Dry Zone,Carrot,15.504654895666134
Trincomalee,Maha,Carrot,2019,75.4,942.83,Dry,Supported envelope,Dry Zone,Carrot,12.504376657824933
Trincomalee,Maha,Carrot,2019,101.81,1474.8,Dry,Supported envelope,Dry Zone,Carrot,14.485806895196935
Trincomalee,Maha,Chilli,2019,75.25,489.93,Dry,Supported envelope,Dry Zone,Chillies (Green),6.510697674418605
Trincomalee,Maha,Chilli,2019,60.11,461.8,Dry,Supported envelope,Dry Zone,Chillies (Green),7.682581933122608
Trincomalee,Maha,Cowpea,2019,64.28,436.96,Dry,Supported envelope,Dry Zone,Cowpea,6.797759800871188
Trincomalee,Maha,Ginger,2019,85.25,848.23,Dry,Supported envelope,Dry Zone,Ginger,9.94991202346041
Trincomalee,Maha,Ginger,2019,80.1,817.85,Dry,Supported envelope,Dry Zone,Ginger,10.2103620474407
Trincomalee,Maha,Potato,2019,138.8,2785.71,Dry,Supported envelope,Dry Zone,Potatoes,20.069956772334294
Trincomalee,Maha,Potato,2019,112.54,2031.04,Dry,Supported envelope,Dry Zone,Potatoes,18.047272081037853
Trincomalee,Maha,Potato,2019,138.99,3124.39,Dry,Supported envelope,Dry Zone,Potatoes,22.47924311101518
Trincomalee,Maha,Sweet Potato,2019,118.85,1543.04,Dry,Supported envelope,Dry Zone,Sweet Potatoes,12.98308792595709
Trincomalee,Maha,Sweet Potato,2019,96.34,1263.47,Dry,Supported envelope,Dry Zone,Sweet Potatoes,13.114697944778907
Trincomalee,Yala,Big Onion,2019,71.55,852.07,Dry,Supported envelope,Dry Zone,Big Onion,11.908735150244585
Trincomalee,Yala,Carrot,2019,65.41,1145.53,Dry,Supported envelope,Dry Zone,Carrot,17.51307139581104
Trincomalee,Yala,Carrot,2019,100.6,1633.38,Dry,Supported envelope,Dry Zone,Carrot,16.236381709741554
Trincomalee,Yala,Carrot,2019,88.27,1460.11,Dry,Supported envelope,Dry Zone,Carrot,16.541407046561684
Trincomalee,Yala,Chilli,2019,29.22,248.12,Dry,Supported envelope,Dry Zone,Chillies (Green),8.491444216290212
Trincomalee,Yala,Chilli,2019,40.22,306.16,Dry,Supported envelope,Dry Zone,Chillies (Green),7.612133267031329
Trincomalee,Yala,Chilli,2019,49.5,297.36,Dry,Supported envelope,Dry Zone,Chillies (Green),6.007272727272728
Trincomalee,Yala,Cowpea,2019,71.73,567.12,Dry,Supported envelope,Dry Zone,Cowpea,7.906315349226265
Trincomalee,Yala,Green Gram,2019,78.45,586.89,Dry,Supported envelope,Dry Zone,Green Gram,7.481070745697896
Trincomalee,Yala,Groundnut,2019,97.49,1040.69,Dry,Supported envelope,Dry Zone,Ground Nuts,10.674838444968715
Trincomalee,Yala,Sweet Potato,2019,126.4,2085.28,Dry,Supported envelope,Dry Zone,Sweet Potatoes,16.49746835443038
Trincomalee,Yala,Turmeric,2019,56.73,526.34,Dry,Supported envelope,Dry Zone,Turmeric,9.277983430283802
Vavuniya,Maha,Carrot,2019,84.07,1601.7,Dry,Supported envelope,Dry Zone,Carrot,19.051980492446773
Vavuniya,Maha,Cassava,2019,95.07,2221.58,Dry,Supported envelope,Dry Zone,Manioc,23.367834227411382
Vavuniya,Maha,Chilli,2019,44.39,339.7,Dry,Supported envelope,Dry Zone,Chillies (Green),7.652624464969588
Vavuniya,Maha,Chilli,2019,43.7,368.98,Dry,Supported envelope,Dry Zone,Chillies (Green),8.443478260869565
Vavuniya,Maha,Chilli,2019,33.98,312.55,Dry,Supported envelope,Dry Zone,Chillies (Green),9.198057680988818
Vavuniya,Maha,Cowpea,2019,52.73,327.7,Dry,Supported envelope,Dry Zone,Cowpea,6.214678551109426
Vavuniya,Maha,Ginger,2019,68.72,831.14,Dry,Supported envelope,Dry Zone,Ginger,12.094586728754365
Vavuniya,Yala,Carrot,2019,76.09,1299.5,Dry,Supported envelope,Dry Zone,Carrot,17.078459718754107
Vavuniya,Yala,Carrot,2019,82.12,1389.94,Dry,Supported envelope,Dry Zone,Carrot,16.92571846078909
Vavuniya,Yala,Chilli,2019,41.04,356.43,Dry,Supported envelope,Dry Zone,Chillies (Green),8.684941520467836
Vavuniya,Yala,Groundnut,2019,58.25,589.88,Dry,Supported envelope,Dry Zone,Ground Nuts,10.126695278969956
Vavuniya,Yala,Maize,2019,62.65,1064.32,Dry,Supported envelope,Dry Zone,Maize,16.988347964884277
Vavuniya,Yala,Potato,2019,44.05,692.58,Dry,Supported envelope,Dry Zone,Potatoes,15.722587968217937
Vavuniya,Yala,Potato,2019,97.98,1991.06,Dry,Supported envelope,Dry Zone,Potatoes,20.321085935905284
Vavuniya,Yala,Sweet Potato,2019,70.67,967.19,Dry,Supported envelope,Dry Zone,Sweet Potatoes,13.686005377104854
Vavuniya,Yala,Turmeric,2019,57.8,645.78,Dry,Supported envelope,Dry Zone,Turmeric,11.172664359861592
Ampara,Maha,Big Onion,2020,80.68,876.12,Dry,Supported envelope,Dry Zone,Big Onion,10.859196826970749
Ampara,Maha,Big Onion,2020,49.08,558.43,Dry,Supported envelope,Dry Zone,Big Onion,11.377954360228198
Ampara,Maha,Carrot,2020,107.52,1282.72,Dry,Supported envelope,Dry Zone,Carrot,11.930059523809524
Ampara,Maha,Carrot,2020,88.22,1494.83,Dry,Supported envelope,Dry Zone,Carrot,16.94434368623895
Ampara,Maha,Carrot,2020,89.43,1755.75,Dry,Supported envelope,Dry Zone,Carrot,19.632673599463267
Ampara,Maha,Carrot,2020,83.19,1690.64,Dry,Supported envelope,Dry Zone,Carrot,20.322634932083186
Ampara,Maha,Carrot,2020,88.96,1495.12,Dry,Supported envelope,Dry Zone,Carrot,16.806654676258994
Ampara,Maha,Cassava,2020,153.28,3653.24,Dry,Supported envelope,Dry Zone,Manioc,23.83376826722338
Ampara,Maha,Cassava,2020,141.19,3760.16,Dry,Supported envelope,Dry Zone,Manioc,26.631914441532686
Ampara,Maha,Chilli,2020,38.28,297.01,Dry,Supported envelope,Dry Zone,Chillies (Green),7.758881922675026
Ampara,Maha,Chilli,2020,43.96,352.02,Dry,Supported envelope,Dry Zone,Chillies (Green),8.007734303912647
Ampara,Maha,Chilli,2020,64.64,414.61,Dry,Supported envelope,Dry Zone,Chillies (Green),6.414139851485149
Ampara,Maha,Ginger,2020,60.44,686.56,Dry,Supported envelope,Dry Zone,Ginger,11.359364659166115
Ampara,Maha,Ginger,2020,83.03,971.03,Dry,Supported envelope,Dry Zone,Ginger,11.69492954353848
Ampara,Maha,Ginger,2020,68.26,949.52,Dry,Supported envelope,Dry Zone,Ginger,13.910342806914736
Ampara,Maha,Green Gram,2020,64.54,607.5,Dry,Supported envelope,Dry Zone,Green Gram,9.41276727610784
Ampara,Maha,Green Gram,2020,45.86,372.93,Dry,Supported envelope,Dry Zone,Green Gram,8.131923244657655
Ampara,Maha,Groundnut,2020,66.88,662.81,Dry,Supported envelope,Dry Zone,Ground Nuts,9.910436602870814
Ampara,Maha,Red Onion,2020,46.3,460.96,Dry,Supported envelope,Dry Zone,Red Onion,9.955939524838014
Ampara,Maha,Red Onion,2020,66.63,619.69,Dry,Supported envelope,Dry Zone,Red Onion,9.30046525589074
Ampara,Maha,Sweet Potato,2020,68.56,1011.74,Dry,Supported envelope,Dry Zone,Sweet Potatoes,14.757001166861142
Ampara,Maha,Turmeric,2020,67.84,724.1,Dry,Supported envelope,Dry Zone,Turmeric,10.673643867924529
Ampara,Yala,Big Onion,2020,55.18,644.82,Dry,Supported envelope,Dry Zone,Big Onion,11.68575570859007
Ampara,Yala,Carrot,2020,70.11,1116.9,Dry,Supported envelope,Dry Zone,Carrot,15.930680359435176
Ampara,Yala,Carrot,2020,70.01,1018.25,Dry,Supported envelope,Dry Zone,Carrot,14.544350807027566
Ampara,Yala,Chilli,2020,37.96,340.6,Dry,Supported envelope,Dry Zone,Chillies (Green),8.972602739726028
Ampara,Yala,Chilli,2020,30.05,274.3,Dry,Supported envelope,Dry Zone,Chillies (Green),9.12811980033278
Ampara,Yala,Chilli,2020,37.71,245.38,Dry,Supported envelope,Dry Zone,Chillies (Green),6.507027313709891
Ampara,Yala,Chilli,2020,41.01,352.45,Dry,Supported envelope,Dry Zone,Chillies (Green),8.594245306022922
Ampara,Yala,Chilli,2020,38.61,303.18,Dry,Supported envelope,Dry Zone,Chillies (Green),7.852369852369852
Ampara,Yala,Chilli,2020,52.1,486.4,Dry,Supported envelope,Dry Zone,Chillies (Green),9.335892514395393
Ampara,Yala,Chilli,2020,45.04,343.78,Dry,Supported envelope,Dry Zone,Chillies (Green),7.6327708703374775
Ampara,Yala,Chilli,2020,68.91,589.95,Dry,Supported envelope,Dry Zone,Chillies (Green),8.561166739225078
Ampara,Yala,Ginger,2020,56.35,690.17,Dry,Supported envelope,Dry Zone,Ginger,12.247914818101153
Ampara,Yala,Potato,2020,122.46,1941.35,Dry,Supported envelope,Dry Zone,Potatoes,15.852931569492078
Ampara,Yala,Red Onion,2020,57.64,608.46,Dry,Supported envelope,Dry Zone,Red Onion,10.556210964607912
Anuradhapura,Maha,Cassava,2020,213.47,5894.05,Dry,Supported envelope,Dry Zone,Manioc,27.610671288705674
Anuradhapura,Maha,Chilli,2020,100.15,770.05,Dry,Supported envelope,Dry Zone,Chillies (Green),7.688966550174737
Anuradhapura,Maha,Chilli,2020,96.32,933.95,Dry,Supported envelope,Dry Zone,Chillies (Green),9.696324750830566
Anuradhapura,Maha,Chilli,2020,60.75,474.85,Dry,Supported envelope,Dry Zone,Chillies (Green),7.816460905349794
Anuradhapura,Maha,Chilli,2020,104.26,605.42,Dry,Supported envelope,Dry Zone,Chillies (Green),5.806829081143295
Anuradhapura,Maha,Ginger,2020,75.27,729.79,Dry,Supported envelope,Dry Zone,Ginger,9.695629068686063
Anuradhapura,Maha,Ginger,2020,74.07,789.75,Dry,Supported envelope,Dry Zone,Ginger,10.662211421628191
Anuradhapura,Maha,Maize,2020,72.25,1284.63,Dry,Supported envelope,Dry Zone,Maize,17.780346020761247
Anuradhapura,Maha,Red Onion,2020,104.76,888.85,Dry,Supported envelope,Dry Zone,Red Onion,8.48463153875525
Anuradhapura,Maha,Red Onion,2020,66.44,814.46,Dry,Supported envelope,Dry Zone,Red Onion,12.258579169175196
Anuradhapura,Maha,Turmeric,2020,73.19,752.21,Dry,Supported envelope,Dry Zone,Turmeric,10.277496925809537
Anuradhapura,Yala,Chilli,2020,78.29,573.71,Dry,Supported envelope,Dry Zone,Chillies (Green),7.32801124026057
Anuradhapura,Yala,Chilli,2020,72.59,596.45,Dry,Supported envelope,Dry Zone,Chillies (Green),8.216696514671442
Anuradhapura,Yala,Chilli,2020,75.65,539.01,Dry,Supported envelope,Dry Zone,Chillies (Green),7.125049570389953
Anuradhapura,Yala,Groundnut,2020,62.34,580.0,Dry,Supported envelope,Dry Zone,Ground Nuts,9.30381777350016
Anuradhapura,Yala,Groundnut,2020,73.07,496.51,Dry,Supported envelope,Dry Zone,Ground Nuts,6.794991104420419
Anuradhapura,Yala,Groundnut,2020,51.88,446.39,Dry,Supported envelope,Dry Zone,Ground Nuts,8.604279105628372
Anuradhapura,Yala,Red Onion,2020,53.91,491.58,Dry,Supported envelope,Dry Zone,Red Onion,9.118530884808013
Anuradhapura,Yala,Turmeric,2020,79.29,908.31,Dry,Supported envelope,Dry Zone,Turmeric,11.455542943624668
Badulla,Maha,Beans,2020,67.15,565.23,Up-country Intermediate,Supported envelope,Up Country Intermediate Zone,Beans,8.417423678332092
Badulla,Maha,Beans,2020,63.73,698.49,Up-country Intermediate,Supported envelope,Up Country Intermediate Zone,Beans,10.960144359014594
Badulla,Maha,Beans,2020,102.1,1106.62,Up-country Intermediate,Supported envelope,Up Country Intermediate Zone,Beans,10.838589618021548
Badulla,Maha,Carrot,2020,124.32,2087.47,Up-country Intermediate,Supported envelope,Up Country Intermediate Zone,Carrot,16.791103603603602
Badulla,Maha,Carrot,2020,69.61,1057.74,Up-country Intermediate,Supported envelope,Up Country Intermediate Zone,Carrot,15.195230570320357
Badulla,Maha,Cassava,2020,120.0,2259.52,Up-country Intermediate,Supported envelope,Up Country Intermediate Zone,Manioc,18.829333333333334
Badulla,Maha,Chilli,2020,71.89,522.73,Up-country Intermediate,Supported envelope,Up Country Intermediate Zone,Chillies (Green),7.27124773960217
Badulla,Maha,Chilli,2020,42.17,346.7,Up-country Intermediate,Supported envelope,Up Country Intermediate Zone,Chillies (Green),8.221484467631017
Badulla,Maha,Chilli,2020,54.68,427.1,Up-country Intermediate,Supported envelope,Up Country Intermediate Zone,Chillies (Green),7.810899780541332
Badulla,Maha,Chilli,2020,84.25,590.34,Up-country Intermediate,Supported envelope,Up Country Intermediate Zone,Chillies (Green),7.007002967359051
Badulla,Maha,Groundnut,2020,53.1,454.83,Up-country Intermediate,Supported envelope,Up Country Intermediate Zone,Ground Nuts,8.565536723163842
Badulla,Maha,Leeks,2020,112.91,1273.58,Up-country Intermediate,Supported envelope,Up Country Intermediate Zone,Leeks,11.279603223806571
Badulla,Maha,Leeks,2020,97.28,1272.77,Up-country Intermediate,Supported envelope,Up Country Intermediate Zone,Leeks,13.083573190789473
Badulla,Maha,Leeks,2020,60.67,779.95,Up-country Intermediate,Supported envelope,Up Country Intermediate Zone,Leeks,12.855612328992914
Badulla,Maha,Leeks,2020,68.78,839.27,Up-country Intermediate,Supported envelope,Up Country Intermediate Zone,Leeks,12.202239022971794
Badulla,Maha,Pepper,2020,42.09,229.54,Up-country Intermediate,Supported envelope,Up Country Intermediate Zone,Pepper,5.453551912568305
Badulla,Maha,Red Onion,2020,58.46,628.42,Up-country Intermediate,Supported envelope,Up Country Intermediate Zone,Red Onion,10.749572357167294
Badulla,Maha,Red Onion,2020,46.16,482.6,Up-country Intermediate,Supported envelope,Up Country Intermediate Zone,Red Onion,10.454939341421145
Badulla,Maha,Tea,2020,189.44,4805.4,Up-country Intermediate,Supported envelope,Up Country Intermediate Zone,Tea,25.366342905405403
Badulla,Maha,Tea,2020,167.8,5360.23,Up-country Intermediate,Supported envelope,Up Country Intermediate Zone,Tea,31.94415971394517
Badulla,Maha,Turmeric,2020,99.63,1071.57,Up-country Intermediate,Supported envelope,Up Country Intermediate Zone,Turmeric,10.755495332731105
Badulla,Yala,Beans,2020,113.36,948.33,Up-country Intermediate,Supported envelope,Up Country Intermediate Zone,Beans,8.365649258997884
Badulla,Yala,Beans,2020,86.98,760.73,Up-country Intermediate,Supported envelope,Up Country Intermediate Zone,Beans,8.746033570935847
Badulla,Yala,Beans,2020,61.31,592.6,Up-country Intermediate,Supported envelope,Up Country Intermediate Zone,Beans,9.665633664981243
Badulla,Yala,Big Onion,2020,59.22,692.32,Up-country Intermediate,Supported envelope,Up Country Intermediate Zone,Big Onion,11.69064505234718
Badulla,Yala,Cabbage,2020,70.34,1259.72,Up-country Intermediate,Supported envelope,Up Country Intermediate Zone,Cabbage,17.90901336366221
Badulla,Yala,Carrot,2020,75.45,1411.19,Up-country Intermediate,Supported envelope,Up Country Intermediate Zone,Carrot,18.70364479787939
Badulla,Yala,Cassava,2020,116.27,2928.41,Up-country Intermediate,Supported envelope,Up Country Intermediate Zone,Manioc,25.186290530661392
Badulla,Yala,Chilli,2020,66.91,492.0,Up-country Intermediate,Supported envelope,Up Country Intermediate Zone,Chillies (Green),7.353160962486923
Badulla,Yala,Chilli,2020,41.05,313.16,Up-country Intermediate,Supported envelope,Up Country Intermediate Zone,Chillies (Green),7.628745432399514
Badulla,Yala,Chilli,2020,52.77,441.6,Up-country Intermediate,Supported envelope,Up Country Intermediate Zone,Chillies (Green),8.368391131324616
Badulla,Yala,Green Gram,2020,25.31,173.22,Up-country Intermediate,Supported envelope,Up Country Intermediate Zone,Green Gram,6.843935203476887
Badulla,Yala,Groundnut,2020,61.86,555.65,Up-country Intermediate,Supported envelope,Up Country Intermediate Zone,Ground Nuts,8.98237956676366
Badulla,Yala,Leeks,2020,89.77,1136.56,Up-country Intermediate,Supported envelope,Up Country Intermediate Zone,Leeks,12.660799821766737
Badulla,Yala,Pepper,2020,40.32,221.87,Up-country Intermediate,Supported envelope,Up Country Intermediate Zone,Pepper,5.502728174603175
Badulla,Yala,Pepper,2020,37.81,188.04,Up-country Intermediate,Supported envelope,Up Country Intermediate Zone,Pepper,4.973287490081988
Badulla,Yala,Potato,2020,69.24,1261.96,Up-country Intermediate,Supported envelope,Up Country Intermediate Zone,Potatoes,18.225880993645294
Badulla,Yala,Tea,2020,255.34,7166.74,Up-country Intermediate,Supported envelope,Up Country Intermediate Zone,Tea,28.067439492441448
Batticaloa,Maha,Big Onion,2020,75.89,804.55,Dry,Supported envelope,Dry Zone,Big Onion,10.601528528132823
Batticaloa,Maha,Carrot,2020,140.83,2159.14,Dry,Supported envelope,Dry Zone,Carrot,15.331534474188736
Batticaloa,Maha,Carrot,2020,85.67,1288.43,Dry,Supported envelope,Dry Zone,Carrot,15.039453717754174
Batticaloa,Maha,Cassava,2020,116.04,2635.85,Dry,Supported envelope,Dry Zone,Manioc,22.715012064805236
Batticaloa,Maha,Chilli,2020,54.14,435.56,Dry,Supported envelope,Dry Zone,Chillies (Green),8.045068341337274
Batticaloa,Maha,Cowpea,2020,40.24,283.56,Dry,Supported envelope,Dry Zone,Cowpea,7.046719681908549
Batticaloa,Maha,Groundnut,2020,111.72,1439.49,Dry,Supported envelope,Dry Zone,Ground Nuts,12.884801288936627
Batticaloa,Maha,Maize,2020,97.53,1683.71,Dry,Supported envelope,Dry Zone,Maize,17.26350866400082
Batticaloa,Maha,Potato,2020,118.18,2429.25,Dry,Supported envelope,Dry Zone,Potatoes,20.555508546285328
Batticaloa,Maha,Potato,2020,127.92,2863.38,Dry,Supported envelope,Dry Zone,Potatoes,22.384146341463413
Batticaloa,Maha,Sweet Potato,2020,72.24,1130.09,Dry,Supported envelope,Dry Zone,Sweet Potatoes,15.643549280177186
Batticaloa,Yala,Big Onion,2020,64.08,717.21,Dry,Supported envelope,Dry Zone,Big Onion,11.19241573033708
Batticaloa,Yala,Carrot,2020,77.43,1087.96,Dry,Supported envelope,Dry Zone,Carrot,14.050884670024537
Batticaloa,Yala,Carrot,2020,78.15,1152.25,Dry,Supported envelope,Dry Zone,Carrot,14.744081893793984
Batticaloa,Yala,Carrot,2020,68.17,1018.17,Dry,Supported envelope,Dry Zone,Carrot,14.935748863136276
Batticaloa,Yala,Cassava,2020,135.17,2932.08,Dry,Supported envelope,Dry Zone,Manioc,21.691795516756677
Batticaloa,Yala,Chilli,2020,32.69,250.63,Dry,Supported envelope,Dry Zone,Chillies (Green),7.666870602630774
Batticaloa,Yala,Groundnut,2020,49.07,449.34,Dry,Supported envelope,Dry Zone,Ground Nuts,9.15712247809252
Batticaloa,Yala,Groundnut,2020,76.52,789.19,Dry,Supported envelope,Dry Zone,Ground Nuts,10.313512807109253
Batticaloa,Yala,Red Onion,2020,48.06,468.16,Dry,Supported envelope,Dry Zone,Red Onion,9.741156887224303
Colombo,Maha,Carrot,2020,76.33,1212.23,Wet,Supported envelope,Wet Zone,Carrot,15.881435870562035
Colombo,Maha,Chilli,2020,71.73,595.81,Wet,Supported envelope,Wet Zone,Chillies (Green),8.306287466889724
Colombo,Maha,Chilli,2020,56.23,387.47,Wet,Supported envelope,Wet Zone,Chillies (Green),6.8908056197759215
Colombo,Maha,Chilli,2020,66.14,468.64,Wet,Supported envelope,Wet Zone,Chillies (Green),7.08557605080133
Colombo,Maha,Ginger,2020,86.23,708.23,Wet,Supported envelope,Wet Zone,Ginger,8.213266844485677
Colombo,Maha,Red Onion,2020,56.98,659.31,Wet,Supported envelope,Wet Zone,Red Onion,11.57090207090207
Colombo,Maha,Red Onion,2020,72.21,586.63,Wet,Supported envelope,Wet Zone,Red Onion,8.123944052070351
Colombo,Maha,Sweet Potato,2020,52.08,636.65,Wet,Supported envelope,Wet Zone,Sweet Potatoes,12.224462365591398
Colombo,Yala,Pineapple,2020,167.25,5058.42,Wet,Supported envelope,Wet Zone,Pineapple,30.244663677130045
Galle,Maha,Carrot,2020,92.15,959.83,Wet,Supported envelope,Wet Zone,Carrot,10.415952251763429
Galle,Maha,Carrot,2020,92.84,1127.2,Wet,Supported envelope,Wet Zone,Carrot,12.141318397242568
Galle,Maha,Cassava,2020,111.78,2280.42,Wet,Supported envelope,Wet Zone,Manioc,20.40096618357488
Galle,Maha,Chilli,2020,45.19,331.08,Wet,Supported envelope,Wet Zone,Chillies (Green),7.326399645939367
Galle,Maha,Chilli,2020,47.62,348.92,Wet,Supported envelope,Wet Zone,Chillies (Green),7.32717345653087
Galle,Maha,Cinnamon,2020,36.09,141.72,Wet,Supported envelope,Wet Zone,Cinnamon,3.9268495428096424
Galle,Maha,Potato,2020,93.34,1451.58,Wet,Supported envelope,Wet Zone,Potatoes,15.551532033426183
Galle,Yala,Carrot,2020,69.36,1123.34,Wet,Supported envelope,Wet Zone,Carrot,16.195790080738178
Galle,Yala,Chilli,2020,39.47,366.07,Wet,Supported envelope,Wet Zone,Chillies (Green),9.274638966303522
Galle,Yala,Chilli,2020,42.15,314.99,Wet,Supported envelope,Wet Zone,Chillies (Green),7.473072360616845
Galle,Yala,Chilli,2020,44.84,376.43,Wet,Supported envelope,Wet Zone,Chillies (Green),8.394959857270294
Galle,Yala,Ginger,2020,94.79,1049.94,Wet,Supported envelope,Wet Zone,Ginger,11.076484861272286
Galle,Yala,Pepper,2020,41.42,201.12,Wet,Supported envelope,Wet Zone,Pepper,4.855625301786576
Galle,Yala,Red Onion,2020,82.52,635.01,Wet,Supported envelope,Wet Zone,Red Onion,7.695225399903054
Galle,Yala,Sweet Potato,2020,87.71,1138.54,Wet,Supported envelope,Wet Zone,Sweet Potatoes,12.980731957587505
Galle,Yala,Tea,2020,75.13,2263.71,Wet,Supported envelope,Wet Zone,Tea,30.130573672301345
Galle,Yala,Turmeric,2020,46.86,475.71,Wet,Supported envelope,Wet Zone,Turmeric,10.151728553137003
Gampaha,Maha,Carrot,2020,92.16,1256.17,Wet,Supported envelope,Wet Zone,Carrot,13.630316840277779
Gampaha,Maha,Carrot,2020,101.44,1375.24,Wet,Supported envelope,Wet Zone,Carrot,13.55717665615142
Gampaha,Maha,Carrot,2020,176.32,2321.21,Wet,Supported envelope,Wet Zone,Carrot,13.164757259528132
Gampaha,Maha,Chilli,2020,107.45,724.17,Wet,Supported envelope,Wet Zone,Chillies (Green),6.739599813866914
Gampaha,Maha,Cowpea,2020,79.46,514.04,Wet,Supported envelope,Wet Zone,Cowpea,6.469166876415807
Gampaha,Maha,Ginger,2020,110.54,1246.42,Wet,Supported envelope,Wet Zone,Ginger,11.275737289668898
Gampaha,Maha,Green Gram,2020,80.71,558.32,Wet,Supported envelope,Wet Zone,Green Gram,6.91760624457936
Gampaha,Maha,Maize,2020,136.16,2528.7,Wet,Supported envelope,Wet Zone,Maize,18.57153349001175
Gampaha,Maha,Pineapple,2020,136.94,2811.42,Wet,Supported envelope,Wet Zone,Pineapple,20.530305243172194
Gampaha,Yala,Carrot,2020,131.23,2000.27,Wet,Supported envelope,Wet Zone,Carrot,15.242475043816201
Gampaha,Yala,Carrot,2020,147.65,2608.35,Wet,Supported envelope,Wet Zone,Carrot,17.66576363020657
Gampaha,Yala,Chilli,2020,49.79,416.65,Wet,Supported envelope,Wet Zone,Chillies (Green),8.368146214099216
Gampaha,Yala,Chilli,2020,51.57,463.89,Wet,Supported envelope,Wet Zone,Chillies (Green),8.995346131471786
Gampaha,Yala,Chilli,2020,97.09,614.14,Wet,Supported envelope,Wet Zone,Chillies (Green),6.325471212277268
Gampaha,Yala,Cowpea,2020,74.2,530.93,Wet,Supported envelope,Wet Zone,Cowpea,7.155390835579514
Gampaha,Yala,Cowpea,2020,86.7,561.74,Wet,Supported envelope,Wet Zone,Cowpea,6.479123414071511
Gampaha,Yala,Potato,2020,158.57,2895.21,Wet,Supported envelope,Wet Zone,Potatoes,18.25824556977991
Gampaha,Yala,Turmeric,2020,65.97,664.95,Wet,Supported envelope,Wet Zone,Turmeric,10.079581628012734
Hambantota,Maha,Cassava,2020,218.8,4346.1,Dry/Intermediate,Supported envelope,Dry Zone,Manioc,19.863345521023767
Hambantota,Maha,Chilli,2020,84.13,644.22,Dry/Intermediate,Supported envelope,Dry Zone,Chillies (Green),7.657434922144302
Hambantota,Maha,Ginger,2020,69.38,679.45,Dry/Intermediate,Supported envelope,Dry Zone,Ginger,9.793168059959644
Hambantota,Maha,Ginger,2020,101.5,1250.5,Dry/Intermediate,Supported envelope,Dry Zone,Ginger,12.320197044334975
Hambantota,Maha,Green Gram,2020,76.91,474.93,Dry/Intermediate,Supported envelope,Dry Zone,Green Gram,6.17513977376154
Hambantota,Maha,Potato,2020,127.42,2363.8,Dry/Intermediate,Supported envelope,Dry Zone,Potatoes,18.55124784178308
Hambantota,Maha,Red Onion,2020,114.18,1182.0,Dry/Intermediate,Supported envelope,Dry Zone,Red Onion,10.352075669994745
Hambantota,Maha,Red Onion,2020,81.46,885.14,Dry/Intermediate,Supported envelope,Dry Zone,Red Onion,10.86594647679843
Hambantota,Maha,Red Onion,2020,52.04,504.13,Dry/Intermediate,Supported envelope,Dry Zone,Red Onion,9.687355880092237
Hambantota,Yala,Carrot,2020,106.3,1608.05,Dry/Intermediate,Supported envelope,Dry Zone,Carrot,15.127469426152398
Hambantota,Yala,Carrot,2020,75.32,866.56,Dry/Intermediate,Supported envelope,Dry Zone,Carrot,11.505045140732873
Hambantota,Yala,Carrot,2020,105.06,1415.94,Dry/Intermediate,Supported envelope,Dry Zone,Carrot,13.477441462021702
Hambantota,Yala,Carrot,2020,83.64,1439.16,Dry/Intermediate,Supported envelope,Dry Zone,Carrot,17.206599713055954
Hambantota,Yala,Carrot,2020,89.27,1448.22,Dry/Intermediate,Supported envelope,Dry Zone,Carrot,16.22291923378515
Hambantota,Yala,Carrot,2020,124.34,1782.57,Dry/Intermediate,Supported envelope,Dry Zone,Carrot,14.33625542866334
Hambantota,Yala,Chilli,2020,70.43,486.95,Dry/Intermediate,Supported envelope,Dry Zone,Chillies (Green),6.913957120545222
Hambantota,Yala,Chilli,2020,83.23,633.95,Dry/Intermediate,Supported envelope,Dry Zone,Chillies (Green),7.616844887660699
Hambantota,Yala,Chilli,2020,81.41,645.68,Dry/Intermediate,Supported envelope,Dry Zone,Chillies (Green),7.931212381771281
Hambantota,Yala,Chilli,2020,128.35,895.48,Dry/Intermediate,Supported envelope,Dry Zone,Chillies (Green),6.976860148032723
Hambantota,Yala,Chilli,2020,85.24,503.3,Dry/Intermediate,Supported envelope,Dry Zone,Chillies (Green),5.904504927264195
Hambantota,Yala,Cowpea,2020,82.1,761.1,Dry/Intermediate,Supported envelope,Dry Zone,Cowpea,9.270401948842876
Hambantota,Yala,Ginger,2020,72.99,792.33,Dry/Intermediate,Supported envelope,Dry Zone,Ginger,10.855322646937939
Hambantota,Yala,Green Gram,2020,53.32,349.77,Dry/Intermediate,Supported envelope,Dry Zone,Green Gram,6.559827456864216
Hambantota,Yala,Maize,2020,92.74,1440.87,Dry/Intermediate,Supported envelope,Dry Zone,Maize,15.536661634677593
Hambantota,Yala,Potato,2020,93.62,1826.3,Dry/Intermediate,Supported envelope,Dry Zone,Potatoes,19.507583849604785
Hambantota,Yala,Potato,2020,146.15,2430.91,Dry/Intermediate,Supported envelope,Dry Zone,Potatoes,16.632979815258295
Hambantota,Yala,Turmeric,2020,72.73,757.07,Dry/Intermediate,Supported envelope,Dry Zone,Turmeric,10.40932215041936
Jaffna,Maha,Big Onion,2020,64.03,694.01,Dry,Supported envelope,Dry Zone,Big Onion,10.838825550523191
Jaffna,Maha,Carrot,2020,97.9,1212.33,Dry,Supported envelope,Dry Zone,Carrot,12.38335035750766
Jaffna,Maha,Carrot,2020,174.93,2595.26,Dry,Supported envelope,Dry Zone,Carrot,14.835991539472932
Jaffna,Maha,Carrot,2020,116.2,1447.17,Dry,Supported envelope,Dry Zone,Carrot,12.454130808950087
Jaffna,Maha,Carrot,2020,132.56,1769.63,Dry,Supported envelope,Dry Zone,Carrot,13.349652987326495
Jaffna,Maha,Carrot,2020,101.53,1449.32,Dry,Supported envelope,Dry Zone,Carrot,14.274795626908302
Jaffna,Maha,Carrot,2020,101.74,1670.05,Dry,Supported envelope,Dry Zone,Carrot,16.41488106939257
Jaffna,Maha,Carrot,2020,96.74,1702.29,Dry,Supported envelope,Dry Zone,Carrot,17.596547446764525
Jaffna,Maha,Carrot,2020,149.16,2352.83,Dry,Supported envelope,Dry Zone,Carrot,15.773866988468757
Jaffna,Maha,Cassava,2020,138.98,3016.67,Dry,Supported envelope,Dry Zone,Manioc,21.7057850050367
Jaffna,Maha,Cassava,2020,139.87,3436.16,Dry,Supported envelope,Dry Zone,Manioc,24.566812039751195
Jaffna,Maha,Chilli,2020,68.83,592.5,Dry,Supported envelope,Dry Zone,Chillies (Green),8.608165044312074
Jaffna,Maha,Cowpea,2020,79.8,614.82,Dry,Supported envelope,Dry Zone,Cowpea,7.70451127819549
Jaffna,Maha,Potato,2020,119.66,2375.68,Dry,Supported envelope,Dry Zone,Potatoes,19.853585157947517
Jaffna,Maha,Turmeric,2020,94.42,1052.85,Dry,Supported envelope,Dry Zone,Turmeric,11.150709595424697
Jaffna,Maha,Turmeric,2020,112.58,826.54,Dry,Supported envelope,Dry Zone,Turmeric,7.341801385681293
Jaffna,Yala,Big Onion,2020,87.45,864.06,Dry,Supported envelope,Dry Zone,Big Onion,9.880617495711835
Jaffna,Yala,Carrot,2020,108.63,1915.09,Dry,Supported envelope,Dry Zone,Carrot,17.62947620362699
Jaffna,Yala,Carrot,2020,109.92,1646.99,Dry,Supported envelope,Dry Zone,Carrot,14.98353347889374
Jaffna,Yala,Carrot,2020,83.47,1250.73,Dry,Supported envelope,Dry Zone,Carrot,14.984185935066492
Jaffna,Yala,Cassava,2020,132.48,2936.93,Dry,Supported envelope,Dry Zone,Manioc,22.1688556763285
Jaffna,Yala,Chilli,2020,75.5,647.43,Dry,Supported envelope,Dry Zone,Chillies (Green),8.575231788079469
Jaffna,Yala,Groundnut,2020,83.85,806.88,Dry,Supported envelope,Dry Zone,Ground Nuts,9.622898032200359
Jaffna,Yala,Groundnut,2020,77.61,842.31,Dry,Supported envelope,Dry Zone,Ground Nuts,10.853111712408195
Jaffna,Yala,Maize,2020,145.06,2274.92,Dry,Supported envelope,Dry Zone,Maize,15.682614090721081
Jaffna,Yala,Maize,2020,135.14,1795.14,Dry,Supported envelope,Dry Zone,Maize,13.283557791919494
Jaffna,Yala,Maize,2020,134.83,2038.64,Dry,Supported envelope,Dry Zone,Maize,15.120077134168953
Jaffna,Yala,Potato,2020,138.93,2453.48,Dry,Supported envelope,Dry Zone,Potatoes,17.65982869070755
Jaffna,Yala,Potato,2020,137.37,2999.64,Dry,Supported envelope,Dry Zone,Potatoes,21.836208779209432
Jaffna,Yala,Potato,2020,109.25,1815.24,Dry,Supported envelope,Dry Zone,Potatoes,16.615469107551487
Jaffna,Yala,Red Onion,2020,208.32,1695.11,Dry,Supported envelope,Dry Zone,Red Onion,8.137048771121352
Jaffna,Yala,Sweet Potato,2020,125.42,1424.43,Dry,Supported envelope,Dry Zone,Sweet Potatoes,11.357279540743104
Jaffna,Yala,Turmeric,2020,90.11,1242.7,Dry,Supported envelope,Dry Zone,Turmeric,13.790922206192432
Kalutara,Maha,Carrot,2020,78.85,1220.44,Wet,Supported envelope,Wet Zone,Carrot,15.477996195307547
Kalutara,Maha,Cassava,2020,258.94,6749.47,Wet,Supported envelope,Wet Zone,Manioc,26.065768131613503
Kalutara,Maha,Chilli,2020,69.67,487.02,Wet,Supported envelope,Wet Zone,Chillies (Green),6.990383235251901
Kalutara,Maha,Ginger,2020,91.55,965.86,Wet,Supported envelope,Wet Zone,Ginger,10.55008192244675
Kalutara,Maha,Pepper,2020,43.63,239.09,Wet,Supported envelope,Wet Zone,Pepper,5.479944991977996
Kalutara,Maha,Pepper,2020,50.59,246.97,Wet,Supported envelope,Wet Zone,Pepper,4.8817948211108915
Kalutara,Maha,Red Onion,2020,59.6,493.68,Wet,Supported envelope,Wet Zone,Red Onion,8.283221476510066
Kalutara,Maha,Tea,2020,170.48,5718.69,Wet,Supported envelope,Wet Zone,Tea,33.544638667292354
Kalutara,Yala,Carrot,2020,116.48,1789.34,Wet,Supported envelope,Wet Zone,Carrot,15.361778846153845
Kalutara,Yala,Cassava,2020,243.03,6470.87,Wet,Supported envelope,Wet Zone,Manioc,26.625807513475703
Kalutara,Yala,Chilli,2020,69.57,542.82,Wet,Supported envelope,Wet Zone,Chillies (Green),7.802501078050885
Kalutara,Yala,Chilli,2020,51.63,374.06,Wet,Supported envelope,Wet Zone,Chillies (Green),7.2450125895797015
Kalutara,Yala,Chilli,2020,82.21,773.74,Wet,Supported envelope,Wet Zone,Chillies (Green),9.411750395329037
Kalutara,Yala,Cinnamon,2020,41.99,213.14,Wet,Supported envelope,Wet Zone,Cinnamon,5.075970469159323
Kalutara,Yala,Turmeric,2020,106.2,1097.41,Wet,Supported envelope,Wet Zone,Turmeric,10.333427495291902
Kandy,Maha,Beans,2020,91.83,932.99,Up-country Wet/Intermediate,Supported envelope,Up Country Wet Zone,Beans,10.159969508875095
Kandy,Maha,Beans,2020,80.48,817.75,Up-country Wet/Intermediate,Supported envelope,Up Country Wet Zone,Beans,10.160909542743537
Kandy,Maha,Beans,2020,58.54,482.42,Up-country Wet/Intermediate,Supported envelope,Up Country Wet Zone,Beans,8.24086094977793
Kandy,Maha,Cabbage,2020,75.1,1081.84,Up-country Wet/Intermediate,Supported envelope,Up Country Wet Zone,Cabbage,14.40532623169108
Kandy,Maha,Carrot,2020,75.31,982.83,Up-country Wet/Intermediate,Supported envelope,Up Country Wet Zone,Carrot,13.050458106493162
Kandy,Maha,Cauliflower,2020,106.91,1338.15,Up-country Wet/Intermediate,Supported envelope,Up Country Wet Zone,Cauliflower,12.516602749976617
Kandy,Maha,Cauliflower,2020,109.18,1095.49,Up-country Wet/Intermediate,Supported envelope,Up Country Wet Zone,Cauliflower,10.033797398790988
Kandy,Maha,Chilli,2020,112.66,840.67,Up-country Wet/Intermediate,Supported envelope,Up Country Wet Zone,Chillies (Green),7.462009586366057
Kandy,Maha,Chilli,2020,49.73,357.41,Up-country Wet/Intermediate,Supported envelope,Up Country Wet Zone,Chillies (Green),7.1870098532073206
Kandy,Maha,Chilli,2020,128.71,1001.52,Up-country Wet/Intermediate,Supported envelope,Up Country Wet Zone,Chillies (Green),7.781213580918343
Kandy,Maha,Cowpea,2020,54.48,383.19,Up-country Wet/Intermediate,Supported envelope,Up Country Wet Zone,Cowpea,7.033590308370044
Kandy,Maha,Groundnut,2020,70.0,618.7,Up-country Wet/Intermediate,Supported envelope,Up Country Wet Zone,Ground Nuts,8.838571428571429
Kandy,Maha,Groundnut,2020,67.27,607.31,Up-country Wet/Intermediate,Supported envelope,Up Country Wet Zone,Ground Nuts,9.027947078935632
Kandy,Maha,Groundnut,2020,152.31,1493.97,Up-country Wet/Intermediate,Supported envelope,Up Country Wet Zone,Ground Nuts,9.808745322040576
Kandy,Maha,Groundnut,2020,84.14,957.71,Up-country Wet/Intermediate,Supported envelope,Up Country Wet Zone,Ground Nuts,11.38233895887806
Kandy,Maha,Leeks,2020,78.59,955.15,Up-country Wet/Intermediate,Supported envelope,Up Country Wet Zone,Leeks,12.153581880646392
Kandy,Maha,Leeks,2020,109.48,1371.58,Up-country Wet/Intermediate,Supported envelope,Up Country Wet Zone,Leeks,12.528132992327365
Kandy,Maha,Leeks,2020,129.49,1424.99,Up-country Wet/Intermediate,Supported envelope,Up Country Wet Zone,Leeks,11.004633562437252
Kandy,Maha,Maize,2020,108.62,1708.66,Up-country Wet/Intermediate,Supported envelope,Up Country Wet Zone,Maize,15.730620511876266
Kandy,Maha,Maize,2020,81.0,1348.41,Up-country Wet/Intermediate,Supported envelope,Up Country Wet Zone,Maize,16.647037037037038
Kandy,Maha,Maize,2020,103.19,1646.66,Up-country Wet/Intermediate,Supported envelope,Up Country Wet Zone,Maize,15.957554026552963
Kandy,Maha,Pepper,2020,54.34,238.73,Up-country Wet/Intermediate,Supported envelope,Up Country Wet Zone,Pepper,4.393264630106735
Kandy,Maha,Pepper,2020,52.65,316.76,Up-country Wet/Intermediate,Supported envelope,Up Country Wet Zone,Pepper,6.016334283000949
Kandy,Maha,Pepper,2020,66.93,329.47,Up-country Wet/Intermediate,Supported envelope,Up Country Wet Zone,Pepper,4.92260570745555
Kandy,Maha,Red Onion,2020,43.08,378.04,Up-country Wet/Intermediate,Supported envelope,Up Country Wet Zone,Red Onion,8.775301764159703
Kandy,Maha,Sweet Potato,2020,102.21,1355.65,Up-country Wet/Intermediate,Supported envelope,Up Country Wet Zone,Sweet Potatoes,13.263379317092262
Kandy,Maha,Tea,2020,271.11,7070.25,Up-country Wet/Intermediate,Supported envelope,Up Country Wet Zone,Tea,26.07889786433551
Kandy,Maha,Tea,2020,162.03,4588.79,Up-country Wet/Intermediate,Supported envelope,Up Country Wet Zone,Tea,28.320619638338577
Kandy,Maha,Turmeric,2020,77.33,821.56,Up-country Wet/Intermediate,Supported envelope,Up Country Wet Zone,Turmeric,10.624078624078624
Kandy,Yala,Beans,2020,76.77,879.56,Up-country Wet/Intermediate,Supported envelope,Up Country Wet Zone,Beans,11.457079588380878
Kandy,Yala,Beans,2020,100.67,1013.43,Up-country Wet/Intermediate,Supported envelope,Up Country Wet Zone,Beans,10.066852090990364
Kandy,Yala,Cabbage,2020,100.86,1425.2,Up-country Wet/Intermediate,Supported envelope,Up Country Wet Zone,Cabbage,14.130477890144755
Kandy,Yala,Carrot,2020,145.39,2720.97,Up-country Wet/Intermediate,Supported envelope,Up Country Wet Zone,Carrot,18.714973519499278
Kandy,Yala,Carrot,2020,149.9,1969.92,Up-country Wet/Intermediate,Supported envelope,Up Country Wet Zone,Carrot,13.141561040693796
Kandy,Yala,Carrot,2020,100.13,1311.51,Up-country Wet/Intermediate,Supported envelope,Up Country Wet Zone,Carrot,13.098072505742536
Kandy,Yala,Cassava,2020,151.17,3084.72,Up-country Wet/Intermediate,Supported envelope,Up Country Wet Zone,Manioc,20.405636038896606
Kandy,Yala,Cassava,2020,194.84,4228.49,Up-country Wet/Intermediate,Supported envelope,Up Country Wet Zone,Manioc,21.702371176349825
Kandy,Yala,Cauliflower,2020,98.79,840.84,Up-country Wet/Intermediate,Supported envelope,Up Country Wet Zone,Cauliflower,8.51138779228667
Kandy,Yala,Chilli,2020,76.11,687.98,Up-country Wet/Intermediate,Supported envelope,Up Country Wet Zone,Chillies (Green),9.039285245040073
Kandy,Yala,Chilli,2020,74.99,624.86,Up-country Wet/Intermediate,Supported envelope,Up Country Wet Zone,Chillies (Green),8.332577677023604
Kandy,Yala,Cowpea,2020,48.76,392.52,Up-country Wet/Intermediate,Supported envelope,Up Country Wet Zone,Cowpea,8.050041017227235
Kandy,Yala,Cowpea,2020,61.72,528.09,Up-country Wet/Intermediate,Supported envelope,Up Country Wet Zone,Cowpea,8.556221646143877
Kandy,Yala,Leeks,2020,116.48,1283.06,Up-country Wet/Intermediate,Supported envelope,Up Country Wet Zone,Leeks,11.015281593406593
Kandy,Yala,Maize,2020,106.43,1818.57,Up-country Wet/Intermediate,Supported envelope,Up Country Wet Zone,Maize,17.08700554354975
Kandy,Yala,Pepper,2020,31.01,180.33,Up-country Wet/Intermediate,Supported envelope,Up Country Wet Zone,Pepper,5.8152208964850045
Kandy,Yala,Potato,2020,122.91,2433.67,Up-country Wet/Intermediate,Supported envelope,Up Country Wet Zone,Potatoes,19.800423073793834
Kandy,Yala,Potato,2020,148.07,2700.2,Up-country Wet/Intermediate,Supported envelope,Up Country Wet Zone,Potatoes,18.23596947389748
Kandy,Yala,Tea,2020,210.69,4734.43,Up-country Wet/Intermediate,Supported envelope,Up Country Wet Zone,Tea,22.47107124210926
Kandy,Yala,Tea,2020,243.78,6327.03,Up-country Wet/Intermediate,Supported envelope,Up Country Wet Zone,Tea,25.953851833620476
Kandy,Yala,Turmeric,2020,68.98,627.43,Up-country Wet/Intermediate,Supported envelope,Up Country Wet Zone,Turmeric,9.095824876775875
Kegalle,Maha,Beans,2020,96.16,968.57,Wet/Intermediate,Supported envelope,Wet Zone,Beans,10.072483361064892
Kegalle,Maha,Cabbage,2020,131.26,1864.71,Wet/Intermediate,Supported envelope,Wet Zone,Cabbage,14.206231906140486
Kegalle,Maha,Carrot,2020,135.41,1676.0,Wet/Intermediate,Supported envelope,Wet Zone,Carrot,12.377224724909535
Kegalle,Maha,Carrot,2020,74.36,1118.18,Wet/Intermediate,Supported envelope,Wet Zone,Carrot,15.037385691231846
Kegalle,Maha,Carrot,2020,78.11,1568.39,Wet/Intermediate,Supported envelope,Wet Zone,Carrot,20.079247215465372
Kegalle,Maha,Carrot,2020,100.55,1279.01,Wet/Intermediate,Supported envelope,Wet Zone,Carrot,12.720139234211835
Kegalle,Maha,Cassava,2020,143.54,3125.92,Wet/Intermediate,Supported envelope,Wet Zone,Manioc,21.777344294273377
Kegalle,Maha,Cauliflower,2020,92.0,1123.96,Wet/Intermediate,Supported envelope,Wet Zone,Cauliflower,12.216956521739132
Kegalle,Maha,Chilli,2020,74.08,509.37,Wet/Intermediate,Supported envelope,Wet Zone,Chillies (Green),6.875944924406047
Kegalle,Maha,Chilli,2020,51.61,437.56,Wet/Intermediate,Supported envelope,Wet Zone,Chillies (Green),8.478201898856812
Kegalle,Maha,Chilli,2020,48.8,303.13,Wet/Intermediate,Supported envelope,Wet Zone,Chillies (Green),6.211680327868852
Kegalle,Maha,Cinnamon,2020,35.55,168.67,Wet/Intermediate,Supported envelope,Wet Zone,Cinnamon,4.744585091420534
Kegalle,Maha,Green Gram,2020,57.04,450.91,Wet/Intermediate,Supported envelope,Wet Zone,Green Gram,7.90515427769986
Kegalle,Maha,Maize,2020,94.46,1296.72,Wet/Intermediate,Supported envelope,Wet Zone,Maize,13.727715435104807
Kegalle,Maha,Pepper,2020,47.01,203.02,Wet/Intermediate,Supported envelope,Wet Zone,Pepper,4.3186556051903855
Kegalle,Maha,Pepper,2020,57.05,229.92,Wet/Intermediate,Supported envelope,Wet Zone,Pepper,4.030148992112182
Kegalle,Maha,Pepper,2020,35.14,200.17,Wet/Intermediate,Supported envelope,Wet Zone,Pepper,5.696357427433124
Kegalle,Maha,Pineapple,2020,79.85,2257.47,Wet/Intermediate,Supported envelope,Wet Zone,Pineapple,28.27138384470883
Kegalle,Maha,Pineapple,2020,150.01,2990.48,Wet/Intermediate,Supported envelope,Wet Zone,Pineapple,19.93520431971202
Kegalle,Maha,Pineapple,2020,124.16,2865.22,Wet/Intermediate,Supported envelope,Wet Zone,Pineapple,23.076836340206185
Kegalle,Maha,Pineapple,2020,113.83,2723.8,Wet/Intermediate,Supported envelope,Wet Zone,Pineapple,23.928665553896163
Kegalle,Maha,Red Onion,2020,92.6,800.0,Wet/Intermediate,Supported envelope,Wet Zone,Red Onion,8.639308855291578
Kegalle,Maha,Sweet Potato,2020,102.32,1290.66,Wet/Intermediate,Supported envelope,Wet Zone,Sweet Potatoes,12.613956215793591
Kegalle,Maha,Sweet Potato,2020,88.73,1017.92,Wet/Intermediate,Supported envelope,Wet Zone,Sweet Potatoes,11.472106390172431
Kegalle,Maha,Turmeric,2020,56.59,656.36,Wet/Intermediate,Supported envelope,Wet Zone,Turmeric,11.598515638805441
Kegalle,Yala,Beans,2020,64.66,649.52,Wet/Intermediate,Supported envelope,Wet Zone,Beans,10.045159294772658
Kegalle,Yala,Beans,2020,79.32,861.43,Wet/Intermediate,Supported envelope,Wet Zone,Beans,10.860186585980838
Kegalle,Yala,Beans,2020,56.2,550.29,Wet/Intermediate,Supported envelope,Wet Zone,Beans,9.791637010676155
Kegalle,Yala,Cabbage,2020,115.31,1801.09,Wet/Intermediate,Supported envelope,Wet Zone,Cabbage,15.619547307258692
Kegalle,Yala,Carrot,2020,102.5,1647.6,Wet/Intermediate,Supported envelope,Wet Zone,Carrot,16.074146341463415
Kegalle,Yala,Cassava,2020,141.54,3985.3,Wet/Intermediate,Supported envelope,Wet Zone,Manioc,28.15670481842589
Kegalle,Yala,Chilli,2020,76.43,564.7,Wet/Intermediate,Supported envelope,Wet Zone,Chillies (Green),7.388460028784508
Kegalle,Yala,Chilli,2020,52.47,432.4,Wet/Intermediate,Supported envelope,Wet Zone,Chillies (Green),8.240899561654278
Kegalle,Yala,Chilli,2020,73.7,498.46,Wet/Intermediate,Supported envelope,Wet Zone,Chillies (Green),6.763364993215739
Kegalle,Yala,Chilli,2020,74.46,568.37,Wet/Intermediate,Supported envelope,Wet Zone,Chillies (Green),7.633225893096966
Kegalle,Yala,Chilli,2020,58.71,582.11,Wet/Intermediate,Supported envelope,Wet Zone,Chillies (Green),9.915005961505706
Kegalle,Yala,Cinnamon,2020,33.44,152.91,Wet/Intermediate,Supported envelope,Wet Zone,Cinnamon,4.572667464114833
Kegalle,Yala,Ginger,2020,84.76,948.37,Wet/Intermediate,Supported envelope,Wet Zone,Ginger,11.188886267107126
Kegalle,Yala,Green Gram,2020,39.43,245.01,Wet/Intermediate,Supported envelope,Wet Zone,Green Gram,6.213796601572406
Kegalle,Yala,Green Gram,2020,52.58,344.24,Wet/Intermediate,Supported envelope,Wet Zone,Green Gram,6.546976036515786
Kegalle,Yala,Maize,2020,122.25,1826.53,Wet/Intermediate,Supported envelope,Wet Zone,Maize,14.940940695296524
Kegalle,Yala,Pineapple,2020,130.89,2987.69,Wet/Intermediate,Supported envelope,Wet Zone,Pineapple,22.825960730384296
Kegalle,Yala,Potato,2020,144.94,2241.3,Wet/Intermediate,Supported envelope,Wet Zone,Potatoes,15.463640126949084
Kegalle,Yala,Sweet Potato,2020,86.21,1139.0,Wet/Intermediate,Supported envelope,Wet Zone,Sweet Potatoes,13.211924370722654
Kegalle,Yala,Turmeric,2020,90.18,1123.05,Wet/Intermediate,Supported envelope,Wet Zone,Turmeric,12.453426480372586
Kegalle,Yala,Turmeric,2020,63.56,666.66,Wet/Intermediate,Supported envelope,Wet Zone,Turmeric,10.48867212083071
Kilinochchi,Maha,Carrot,2020,71.56,1071.57,Dry,Supported envelope,Dry Zone,Carrot,14.974427054220234
Kilinochchi,Maha,Carrot,2020,60.96,783.27,Dry,Supported envelope,Dry Zone,Carrot,12.848917322834644
Kilinochchi,Maha,Chilli,2020,34.86,282.7,Dry,Supported envelope,Dry Zone,Chillies (Green),8.109581181870338
Kilinochchi,Maha,Chilli,2020,46.86,328.13,Dry,Supported envelope,Dry Zone,Chillies (Green),7.002347417840376
Kilinochchi,Maha,Chilli,2020,61.24,403.87,Dry,Supported envelope,Dry Zone,Chillies (Green),6.594872632266492
Kilinochchi,Maha,Green Gram,2020,57.38,444.32,Dry,Supported envelope,Dry Zone,Green Gram,7.743464621819449
Kilinochchi,Maha,Groundnut,2020,56.44,522.27,Dry,Supported envelope,Dry Zone,Ground Nuts,9.253543586109142
Kilinochchi,Maha,Potato,2020,84.11,1506.32,Dry,Supported envelope,Dry Zone,Potatoes,17.908928783735583
Kilinochchi,Maha,Sweet Potato,2020,71.89,1068.43,Dry,Supported envelope,Dry Zone,Sweet Potatoes,14.862011406315204
Kilinochchi,Yala,Carrot,2020,58.53,891.55,Dry,Supported envelope,Dry Zone,Carrot,15.232359473774132
Kilinochchi,Yala,Carrot,2020,70.0,1099.65,Dry,Supported envelope,Dry Zone,Carrot,15.709285714285716
Kilinochchi,Yala,Chilli,2020,56.95,496.3,Dry,Supported envelope,Dry Zone,Chillies (Green),8.714661984196663
Kilinochchi,Yala,Chilli,2020,32.84,284.43,Dry,Supported envelope,Dry Zone,Chillies (Green),8.661084043848964
Kilinochchi,Yala,Ginger,2020,42.56,513.91,Dry,Supported envelope,Dry Zone,Ginger,12.074953007518795
Kilinochchi,Yala,Groundnut,2020,45.99,467.45,Dry,Supported envelope,Dry Zone,Ground Nuts,10.164166123070231
Kilinochchi,Yala,Potato,2020,67.77,1164.81,Dry,Supported envelope,Dry Zone,Potatoes,17.187693669765384
Kilinochchi,Yala,Red Onion,2020,78.33,647.66,Dry,Supported envelope,Dry Zone,Red Onion,8.268351844759351
Kurunegala,Maha,Big Onion,2020,121.66,1443.74,Intermediate/Dry,Supported envelope,Intermediate Zone,Big Onion,11.867006411310209
Kurunegala,Maha,Big Onion,2020,67.07,870.84,Intermediate/Dry,Supported envelope,Intermediate Zone,Big Onion,12.984046518562698
Kurunegala,Maha,Carrot,2020,102.54,1476.06,Intermediate/Dry,Supported envelope,Intermediate Zone,Carrot,14.394967817437097
Kurunegala,Maha,Chilli,2020,69.34,560.65,Intermediate/Dry,Supported envelope,Intermediate Zone,Chillies (Green),8.085520623017016
Kurunegala,Maha,Chilli,2020,47.0,379.1,Intermediate/Dry,Supported envelope,Intermediate Zone,Chillies (Green),8.065957446808511
Kurunegala,Maha,Cowpea,2020,49.72,442.27,Intermediate/Dry,Supported envelope,Intermediate Zone,Cowpea,8.89521319388576
Kurunegala,Maha,Cowpea,2020,91.72,665.8,Intermediate/Dry,Supported envelope,Intermediate Zone,Cowpea,7.259049280418665
Kurunegala,Maha,Green Gram,2020,59.13,426.28,Intermediate/Dry,Supported envelope,Intermediate Zone,Green Gram,7.209200067647555
Kurunegala,Yala,Carrot,2020,104.86,1225.96,Intermediate/Dry,Supported envelope,Intermediate Zone,Carrot,11.691398054548923
Kurunegala,Yala,Carrot,2020,115.12,2140.23,Intermediate/Dry,Supported envelope,Intermediate Zone,Carrot,18.591296038915914
Kurunegala,Yala,Carrot,2020,94.83,1480.25,Intermediate/Dry,Supported envelope,Intermediate Zone,Carrot,15.609511757882528
Kurunegala,Yala,Chilli,2020,60.98,497.01,Intermediate/Dry,Supported envelope,Intermediate Zone,Chillies (Green),8.150377172843555
Kurunegala,Yala,Chilli,2020,49.63,446.39,Intermediate/Dry,Supported envelope,Intermediate Zone,Chillies (Green),8.994358251057827
Kurunegala,Yala,Chilli,2020,75.21,576.01,Intermediate/Dry,Supported envelope,Intermediate Zone,Chillies (Green),7.6586890041217925
Kurunegala,Yala,Cowpea,2020,49.53,458.28,Intermediate/Dry,Supported envelope,Intermediate Zone,Cowpea,9.252574197456086
Kurunegala,Yala,Ginger,2020,77.81,776.25,Intermediate/Dry,Supported envelope,Intermediate Zone,Ginger,9.976224135715203
Kurunegala,Yala,Green Gram,2020,79.45,438.24,Intermediate/Dry,Supported envelope,Intermediate Zone,Green Gram,5.515921963499056
Kurunegala,Yala,Maize,2020,107.12,1694.9,Intermediate/Dry,Supported envelope,Intermediate Zone,Maize,15.82244212098581
Kurunegala,Yala,Potato,2020,137.01,2687.99,Intermediate/Dry,Supported envelope,Intermediate Zone,Potatoes,19.618932924604042
Kurunegala,Yala,Red Onion,2020,65.79,708.76,Intermediate/Dry,Supported envelope,Intermediate Zone,Red Onion,10.773065815473474
Mannar,Maha,Carrot,2020,104.99,1698.06,Dry,Supported envelope,Dry Zone,Carrot,16.17354033717497
Mannar,Maha,Carrot,2020,97.34,1350.37,Dry,Supported envelope,Dry Zone,Carrot,13.872714197657693
Mannar,Maha,Carrot,2020,142.35,2335.57,Dry,Supported envelope,Dry Zone,Carrot,16.407235686687745
Mannar,Maha,Carrot,2020,99.79,1407.35,Dry,Supported envelope,Dry Zone,Carrot,14.10311654474396
Mannar,Maha,Chilli,2020,173.72,1462.63,Dry,Supported envelope,Dry Zone,Chillies (Green),8.419468109601658
Mannar,Maha,Chilli,2020,86.67,659.89,Dry,Supported envelope,Dry Zone,Chillies (Green),7.61382254528672
Mannar,Maha,Cowpea,2020,94.04,709.63,Dry,Supported envelope,Dry Zone,Cowpea,7.546044236495108
Mannar,Maha,Cowpea,2020,67.89,578.45,Dry,Supported envelope,Dry Zone,Cowpea,8.520400648107232
Mannar,Maha,Maize,2020,165.83,2708.23,Dry,Supported envelope,Dry Zone,Maize,16.331363444491345
Mannar,Maha,Potato,2020,99.35,1779.36,Dry,Supported envelope,Dry Zone,Potatoes,17.910015098137897
Mannar,Maha,Sweet Potato,2020,123.97,1520.37,Dry,Supported envelope,Dry Zone,Sweet Potatoes,12.264015487617971
Mannar,Maha,Sweet Potato,2020,122.82,1456.07,Dry,Supported envelope,Dry Zone,Sweet Potatoes,11.855316723660641
Mannar,Maha,Turmeric,2020,119.74,1276.11,Dry,Supported envelope,Dry Zone,Turmeric,10.657340905294806
Mannar,Yala,Carrot,2020,96.6,1784.37,Dry,Supported envelope,Dry Zone,Carrot,18.471739130434784
Mannar,Yala,Carrot,2020,121.18,2211.2,Dry,Supported envelope,Dry Zone,Carrot,18.24723551741211
Mannar,Yala,Carrot,2020,143.66,2107.09,Dry,Supported envelope,Dry Zone,Carrot,14.667200334122235
Mannar,Yala,Cassava,2020,186.97,4651.2,Dry,Supported envelope,Dry Zone,Manioc,24.87671819008397
Mannar,Yala,Chilli,2020,117.12,1157.38,Dry,Supported envelope,Dry Zone,Chillies (Green),9.88200136612022
Mannar,Yala,Ginger,2020,98.82,1171.16,Dry,Supported envelope,Dry Zone,Ginger,11.851447075490793
Mannar,Yala,Ginger,2020,124.54,1365.47,Dry,Supported envelope,Dry Zone,Ginger,10.964107917135056
Mannar,Yala,Potato,2020,104.34,1851.14,Dry,Supported envelope,Dry Zone,Potatoes,17.741422273337168
Mannar,Yala,Red Onion,2020,122.95,1138.87,Dry,Supported envelope,Dry Zone,Red Onion,9.262871085807237
Matale,Maha,Beans,2020,48.46,538.09,Intermediate/Up-country,Supported envelope,Intermediate Zone,Beans,11.103796945934793
Matale,Maha,Beans,2020,44.21,417.79,Intermediate/Up-country,Supported envelope,Intermediate Zone,Beans,9.450124406242931
Matale,Maha,Beans,2020,64.91,783.51,Intermediate/Up-country,Supported envelope,Intermediate Zone,Beans,12.070713295331998
Matale,Maha,Big Onion,2020,124.1,1039.96,Intermediate/Up-country,Supported envelope,Intermediate Zone,Big Onion,8.380016116035456
Matale,Maha,Big Onion,2020,67.66,656.93,Intermediate/Up-country,Supported envelope,Intermediate Zone,Big Onion,9.7092817026308
Matale,Maha,Big Onion,2020,102.32,1153.88,Intermediate/Up-country,Supported envelope,Intermediate Zone,Big Onion,11.277169663799846
Matale,Maha,Carrot,2020,86.05,1360.51,Intermediate/Up-country,Supported envelope,Intermediate Zone,Carrot,15.810691458454388
Matale,Maha,Carrot,2020,76.56,1212.64,Intermediate/Up-country,Supported envelope,Intermediate Zone,Carrot,15.839080459770116
Matale,Maha,Carrot,2020,54.71,1015.74,Intermediate/Up-country,Supported envelope,Intermediate Zone,Carrot,18.56589288978249
Matale,Maha,Cassava,2020,153.96,3683.84,Intermediate/Up-country,Supported envelope,Intermediate Zone,Manioc,23.927253832164197
Matale,Maha,Cassava,2020,155.72,3822.24,Intermediate/Up-country,Supported envelope,Intermediate Zone,Manioc,24.545594657076805
Matale,Maha,Cauliflower,2020,65.31,731.3,Intermediate/Up-country,Supported envelope,Intermediate Zone,Cauliflower,11.197366406369621
Matale,Maha,Chilli,2020,40.74,264.46,Intermediate/Up-country,Supported envelope,Intermediate Zone,Chillies (Green),6.491408934707903
Matale,Maha,Chilli,2020,67.31,390.85,Intermediate/Up-country,Supported envelope,Intermediate Zone,Chillies (Green),5.806715198336057
Matale,Maha,Chilli,2020,38.93,352.58,Intermediate/Up-country,Supported envelope,Intermediate Zone,Chillies (Green),9.056768558951966
Matale,Maha,Ginger,2020,67.05,859.83,Intermediate/Up-country,Supported envelope,Intermediate Zone,Ginger,12.82371364653244
Matale,Maha,Leeks,2020,66.2,642.95,Intermediate/Up-country,Supported envelope,Intermediate Zone,Leeks,9.712235649546828
Matale,Maha,Leeks,2020,76.94,1052.93,Intermediate/Up-country,Supported envelope,Intermediate Zone,Leeks,13.685079282557838
Matale,Maha,Leeks,2020,87.43,995.05,Intermediate/Up-country,Supported envelope,Intermediate Zone,Leeks,11.381104883907124
Matale,Maha,Maize,2020,64.81,1299.99,Intermediate/Up-country,Supported envelope,Intermediate Zone,Maize,20.058478629841073
Matale,Maha,Pepper,2020,40.46,206.55,Intermediate/Up-country,Supported envelope,Intermediate Zone,Pepper,5.105042016806723
Matale,Maha,Tea,2020,112.5,2781.58,Intermediate/Up-country,Supported envelope,Intermediate Zone,Tea,24.725155555555556
Matale,Maha,Tea,2020,130.1,3134.43,Intermediate/Up-country,Supported envelope,Intermediate Zone,Tea,24.092467332820906
Matale,Maha,Turmeric,2020,59.93,800.09,Intermediate/Up-country,Supported envelope,Intermediate Zone,Turmeric,13.350408810278658
Matale,Maha,Turmeric,2020,75.1,771.83,Intermediate/Up-country,Supported envelope,Intermediate Zone,Turmeric,10.277363515312917
Matale,Yala,Beans,2020,55.97,569.85,Intermediate/Up-country,Supported envelope,Intermediate Zone,Beans,10.181347150259068
Matale,Yala,Beans,2020,47.9,497.83,Intermediate/Up-country,Supported envelope,Intermediate Zone,Beans,10.39311064718163
Matale,Yala,Beans,2020,46.56,402.07,Intermediate/Up-country,Supported envelope,Intermediate Zone,Beans,8.635524054982817
Matale,Yala,Beans,2020,36.03,305.98,Intermediate/Up-country,Supported envelope,Intermediate Zone,Beans,8.492367471551486
Matale,Yala,Beans,2020,50.52,488.43,Intermediate/Up-country,Supported envelope,Intermediate Zone,Beans,9.668052256532066
Matale,Yala,Carrot,2020,97.61,1975.71,Intermediate/Up-country,Supported envelope,Intermediate Zone,Carrot,20.240856469624013
Matale,Yala,Carrot,2020,97.89,1671.04,Intermediate/Up-country,Supported envelope,Intermediate Zone,Carrot,17.070589437123303
Matale,Yala,Cassava,2020,126.72,2391.43,Intermediate/Up-country,Supported envelope,Intermediate Zone,Manioc,18.87176452020202
Matale,Yala,Cauliflower,2020,87.17,1153.17,Intermediate/Up-country,Supported envelope,Intermediate Zone,Cauliflower,13.228977859355282
Matale,Yala,Green Gram,2020,43.41,331.98,Intermediate/Up-country,Supported envelope,Intermediate Zone,Green Gram,7.647546648237734
Matale,Yala,Leeks,2020,47.97,532.69,Intermediate/Up-country,Supported envelope,Intermediate Zone,Leeks,11.104648738795081
Matale,Yala,Leeks,2020,65.38,706.6,Intermediate/Up-country,Supported envelope,Intermediate Zone,Leeks,10.807586417864792
Matale,Yala,Leeks,2020,69.34,1009.57,Intermediate/Up-country,Supported envelope,Intermediate Zone,Leeks,14.55970579751947
Matale,Yala,Sweet Potato,2020,64.73,854.78,Intermediate/Up-country,Supported envelope,Intermediate Zone,Sweet Potatoes,13.205314382820948
Matale,Yala,Sweet Potato,2020,58.1,762.63,Intermediate/Up-country,Supported envelope,Intermediate Zone,Sweet Potatoes,13.12616179001721
Matale,Yala,Sweet Potato,2020,111.79,1199.61,Intermediate/Up-country,Supported envelope,Intermediate Zone,Sweet Potatoes,10.730924054029876
Matale,Yala,Turmeric,2020,44.23,478.65,Intermediate/Up-country,Supported envelope,Intermediate Zone,Turmeric,10.821840379832693
Matara,Maha,Big Onion,2020,115.79,1654.18,Wet,Supported envelope,Wet Zone,Big Onion,14.286035063476984
Matara,Maha,Carrot,2020,93.43,1402.92,Wet,Supported envelope,Wet Zone,Carrot,15.015733704377608
Matara,Maha,Carrot,2020,177.66,3212.93,Wet,Supported envelope,Wet Zone,Carrot,18.084712371946413
Matara,Maha,Carrot,2020,131.16,1947.55,Wet,Supported envelope,Wet Zone,Carrot,14.84865812747789
Matara,Maha,Chilli,2020,54.56,440.29,Wet,Supported envelope,Wet Zone,Chillies (Green),8.06983137829912
Matara,Maha,Chilli,2020,59.12,514.13,Wet,Supported envelope,Wet Zone,Chillies (Green),8.696380243572396
Matara,Maha,Chilli,2020,58.59,460.68,Wet,Supported envelope,Wet Zone,Chillies (Green),7.862775217613927
Matara,Maha,Groundnut,2020,85.58,701.77,Wet,Supported envelope,Wet Zone,Ground Nuts,8.200163589623743
Matara,Maha,Potato,2020,123.66,2188.33,Wet,Supported envelope,Wet Zone,Potatoes,17.696344816432152
Matara,Yala,Carrot,2020,133.92,2055.67,Wet,Supported envelope,Wet Zone,Carrot,15.349985065710873
Matara,Yala,Carrot,2020,98.12,1226.3,Wet,Supported envelope,Wet Zone,Carrot,12.497961679576028
Matara,Yala,Carrot,2020,131.57,2383.58,Wet,Supported envelope,Wet Zone,Carrot,18.11643991791442
Matara,Yala,Chilli,2020,104.22,792.1,Wet,Supported envelope,Wet Zone,Chillies (Green),7.600268662444829
Matara,Yala,Chilli,2020,74.11,676.08,Wet,Supported envelope,Wet Zone,Chillies (Green),9.122655512076644
Matara,Yala,Chilli,2020,76.37,577.78,Wet,Supported envelope,Wet Zone,Chillies (Green),7.5655362053162225
Matara,Yala,Groundnut,2020,79.7,762.81,Wet,Supported envelope,Wet Zone,Ground Nuts,9.571016311166876
Matara,Yala,Groundnut,2020,123.88,1225.41,Wet,Supported envelope,Wet Zone,Ground Nuts,9.89191152728447
Matara,Yala,Maize,2020,107.43,1884.38,Wet,Supported envelope,Wet Zone,Maize,17.54053802476031
Matara,Yala,Maize,2020,181.3,3037.89,Wet,Supported envelope,Wet Zone,Maize,16.7561500275786
Matara,Yala,Pepper,2020,57.22,288.42,Wet,Supported envelope,Wet Zone,Pepper,5.040545263893744
Matara,Yala,Red Onion,2020,82.08,776.77,Wet,Supported envelope,Wet Zone,Red Onion,9.463572124756336
Matara,Yala,Red Onion,2020,68.8,577.57,Wet,Supported envelope,Wet Zone,Red Onion,8.394912790697676
Matara,Yala,Red Onion,2020,84.26,794.91,Wet,Supported envelope,Wet Zone,Red Onion,9.434013766911939
Matara,Yala,Turmeric,2020,94.28,918.43,Wet,Supported envelope,Wet Zone,Turmeric,9.741514637250742
Mullaitivu,Maha,Big Onion,2020,124.18,1344.7,Dry,Supported envelope,Dry Zone,Big Onion,10.828635851183765
Mullaitivu,Maha,Cassava,2020,199.06,4307.56,Dry,Supported envelope,Dry Zone,Manioc,21.6395056766804
Mullaitivu,Maha,Cassava,2020,162.39,3955.41,Dry,Supported envelope,Dry Zone,Manioc,24.35747275078515
Mullaitivu,Maha,Cassava,2020,198.63,4596.93,Dry,Supported envelope,Dry Zone,Manioc,23.143180788400546
Mullaitivu,Maha,Chilli,2020,63.79,408.99,Dry,Supported envelope,Dry Zone,Chillies (Green),6.4115065057219
Mullaitivu,Maha,Chilli,2020,83.69,592.85,Dry,Supported envelope,Dry Zone,Chillies (Green),7.083880989365516
Mullaitivu,Maha,Chilli,2020,51.08,420.3,Dry,Supported envelope,Dry Zone,Chillies (Green),8.22826938136257
Mullaitivu,Maha,Cowpea,2020,58.51,422.61,Dry,Supported envelope,Dry Zone,Cowpea,7.222867885831482
Mullaitivu,Maha,Cowpea,2020,74.99,597.9,Dry,Supported envelope,Dry Zone,Cowpea,7.973063075076677
Mullaitivu,Maha,Ginger,2020,129.32,1473.05,Dry,Supported envelope,Dry Zone,Ginger,11.390736158366842
Mullaitivu,Maha,Green Gram,2020,65.67,599.56,Dry,Supported envelope,Dry Zone,Green Gram,9.129891883660727
Mullaitivu,Maha,Potato,2020,145.58,2452.68,Dry,Supported envelope,Dry Zone,Potatoes,16.8476439071301
Mullaitivu,Maha,Red Onion,2020,88.59,853.49,Dry,Supported envelope,Dry Zone,Red Onion,9.634157354103172
Mullaitivu,Yala,Big Onion,2020,77.33,838.24,Dry,Supported envelope,Dry Zone,Big Onion,10.839777576619682
Mullaitivu,Yala,Carrot,2020,82.15,1361.75,Dry,Supported envelope,Dry Zone,Carrot,16.576384662203285
Mullaitivu,Yala,Chilli,2020,56.98,399.37,Dry,Supported envelope,Dry Zone,Chillies (Green),7.00895050895051
Mullaitivu,Yala,Chilli,2020,101.49,682.02,Dry,Supported envelope,Dry Zone,Chillies (Green),6.720070942950045
Mullaitivu,Yala,Cowpea,2020,75.93,543.69,Dry,Supported envelope,Dry Zone,Cowpea,7.160410904780719
Mullaitivu,Yala,Green Gram,2020,77.7,635.86,Dry,Supported envelope,Dry Zone,Green Gram,8.183526383526383
Mullaitivu,Yala,Maize,2020,112.05,1724.23,Dry,Supported envelope,Dry Zone,Maize,15.388041053101295
Mullaitivu,Yala,Potato,2020,112.77,2119.0,Dry,Supported envelope,Dry Zone,Potatoes,18.790458455262925
Mullaitivu,Yala,Potato,2020,139.86,2761.55,Dry,Supported envelope,Dry Zone,Potatoes,19.745102245102245
Mullaitivu,Yala,Red Onion,2020,65.24,576.87,Dry,Supported envelope,Dry Zone,Red Onion,8.842274678111588
Mullaitivu,Yala,Turmeric,2020,71.28,722.88,Dry,Supported envelope,Dry Zone,Turmeric,10.141414141414142
Nuwara Eliya,Maha,Beans,2020,85.61,815.77,Up-country Wet,Supported envelope,Up Country Wet Zone,Beans,9.528910174045087
Nuwara Eliya,Maha,Beans,2020,57.48,554.83,Up-country Wet,Supported envelope,Up Country Wet Zone,Beans,9.65257480862909
Nuwara Eliya,Maha,Beans,2020,112.02,1369.0,Up-country Wet,Supported envelope,Up Country Wet Zone,Beans,12.221031958578825
Nuwara Eliya,Maha,Beans,2020,76.25,668.92,Up-country Wet,Supported envelope,Up Country Wet Zone,Beans,8.77272131147541
Nuwara Eliya,Maha,Big Onion,2020,57.44,547.92,Up-country Wet,Supported envelope,Up Country Wet Zone,Big Onion,9.538997214484679
Nuwara Eliya,Maha,Carrot,2020,164.63,2896.66,Up-country Wet,Supported envelope,Up Country Wet Zone,Carrot,17.594970539998783
Nuwara Eliya,Maha,Carrot,2020,180.82,2301.8,Up-country Wet,Supported envelope,Up Country Wet Zone,Carrot,12.729786528038936
Nuwara Eliya,Maha,Carrot,2020,186.26,2627.62,Up-country Wet,Supported envelope,Up Country Wet Zone,Carrot,14.107269408353915
Nuwara Eliya,Maha,Carrot,2020,126.15,1637.44,Up-country Wet,Supported envelope,Up Country Wet Zone,Carrot,12.980103051922315
Nuwara Eliya,Maha,Cauliflower,2020,61.36,868.41,Up-country Wet,Supported envelope,Up Country Wet Zone,Cauliflower,14.152705345501955
Nuwara Eliya,Maha,Chilli,2020,44.53,441.87,Up-country Wet,Supported envelope,Up Country Wet Zone,Chillies (Green),9.922973276442848
Nuwara Eliya,Maha,Chilli,2020,39.62,310.41,Up-country Wet,Supported envelope,Up Country Wet Zone,Chillies (Green),7.834679454820798
Nuwara Eliya,Maha,Chilli,2020,50.12,370.3,Up-country Wet,Supported envelope,Up Country Wet Zone,Chillies (Green),7.388268156424582
Nuwara Eliya,Maha,Cowpea,2020,47.78,333.29,Up-country Wet,Supported envelope,Up Country Wet Zone,Cowpea,6.975512766848054
Nuwara Eliya,Maha,Ginger,2020,60.83,739.78,Up-country Wet,Supported envelope,Up Country Wet Zone,Ginger,12.161433503205656
Nuwara Eliya,Maha,Leeks,2020,159.44,1799.81,Up-country Wet,Supported envelope,Up Country Wet Zone,Leeks,11.288321625689914
Nuwara Eliya,Maha,Maize,2020,98.91,1795.79,Up-country Wet,Supported envelope,Up Country Wet Zone,Maize,18.155798200384186
Nuwara Eliya,Maha,Maize,2020,92.61,1620.72,Up-country Wet,Supported envelope,Up Country Wet Zone,Maize,17.500485908649175
Nuwara Eliya,Maha,Pepper,2020,18.65,95.9,Up-country Wet,Supported envelope,Up Country Wet Zone,Pepper,5.142091152815014
Nuwara Eliya,Maha,Pepper,2020,36.32,164.05,Up-country Wet,Supported envelope,Up Country Wet Zone,Pepper,4.516795154185022
Nuwara Eliya,Maha,Tea,2020,199.91,4541.23,Up-country Wet,Supported envelope,Up Country Wet Zone,Tea,22.716372367565402
Nuwara Eliya,Yala,Beans,2020,83.02,665.44,Up-country Wet,Supported envelope,Up Country Wet Zone,Beans,8.015417971573116
Nuwara Eliya,Yala,Cassava,2020,117.65,2687.69,Up-country Wet,Supported envelope,Up Country Wet Zone,Manioc,22.844793880152995
Nuwara Eliya,Yala,Cauliflower,2020,70.61,1016.0,Up-country Wet,Supported envelope,Up Country Wet Zone,Cauliflower,14.38889675683331
Nuwara Eliya,Yala,Chilli,2020,45.24,330.42,Up-country Wet,Supported envelope,Up Country Wet Zone,Chillies (Green),7.303713527851459
Nuwara Eliya,Yala,Chilli,2020,39.5,323.36,Up-country Wet,Supported envelope,Up Country Wet Zone,Chillies (Green),8.186329113924051
Nuwara Eliya,Yala,Cowpea,2020,31.92,248.16,Up-country Wet,Supported envelope,Up Country Wet Zone,Cowpea,7.774436090225564
Nuwara Eliya,Yala,Pepper,2020,36.46,188.42,Up-country Wet,Supported envelope,Up Country Wet Zone,Pepper,5.167855183763027
Nuwara Eliya,Yala,Potato,2020,92.79,1781.75,Up-country Wet,Supported envelope,Up Country Wet Zone,Potatoes,19.201961418256275
Nuwara Eliya,Yala,Sweet Potato,2020,76.63,875.04,Up-country Wet,Supported envelope,Up Country Wet Zone,Sweet Potatoes,11.419026490930445
Polonnaruwa,Maha,Carrot,2020,104.6,1869.82,Dry,Supported envelope,Dry Zone,Carrot,17.875908221797324
Polonnaruwa,Maha,Cassava,2020,128.34,3111.09,Dry,Supported envelope,Dry Zone,Manioc,24.241000467508183
Polonnaruwa,Maha,Chilli,2020,95.2,800.77,Dry,Supported envelope,Dry Zone,Chillies (Green),8.411449579831933
Polonnaruwa,Maha,Chilli,2020,73.29,548.83,Dry,Supported envelope,Dry Zone,Chillies (Green),7.488470459817164
Polonnaruwa,Maha,Chilli,2020,72.88,557.84,Dry,Supported envelope,Dry Zone,Chillies (Green),7.654226125137213
Polonnaruwa,Maha,Cowpea,2020,51.18,358.14,Dry,Supported envelope,Dry Zone,Cowpea,6.997655334114889
Polonnaruwa,Maha,Cowpea,2020,57.1,426.37,Dry,Supported envelope,Dry Zone,Cowpea,7.46707530647986
Polonnaruwa,Maha,Green Gram,2020,79.34,715.35,Dry,Supported envelope,Dry Zone,Green Gram,9.016259137887573
Polonnaruwa,Maha,Groundnut,2020,67.74,605.78,Dry,Supported envelope,Dry Zone,Ground Nuts,8.942722173014467
Polonnaruwa,Maha,Red Onion,2020,80.86,846.32,Dry,Supported envelope,Dry Zone,Red Onion,10.466485283205541
Polonnaruwa,Yala,Carrot,2020,74.61,1251.68,Dry,Supported envelope,Dry Zone,Carrot,16.776303444578474
Polonnaruwa,Yala,Chilli,2020,41.13,326.98,Dry,Supported envelope,Dry Zone,Chillies (Green),7.949914903963044
Polonnaruwa,Yala,Chilli,2020,55.36,408.42,Dry,Supported envelope,Dry Zone,Chillies (Green),7.377528901734104
Polonnaruwa,Yala,Cowpea,2020,59.5,583.77,Dry,Supported envelope,Dry Zone,Cowpea,9.81126050420168
Polonnaruwa,Yala,Cowpea,2020,76.3,564.4,Dry,Supported envelope,Dry Zone,Cowpea,7.3971166448230665
Polonnaruwa,Yala,Ginger,2020,77.31,1005.32,Dry,Supported envelope,Dry Zone,Ginger,13.003751131807011
Polonnaruwa,Yala,Groundnut,2020,69.49,689.45,Dry,Supported envelope,Dry Zone,Ground Nuts,9.921571449129372
Polonnaruwa,Yala,Sweet Potato,2020,90.67,1453.93,Dry,Supported envelope,Dry Zone,Sweet Potatoes,16.03540311017977
Polonnaruwa,Yala,Sweet Potato,2020,110.86,1515.12,Dry,Supported envelope,Dry Zone,Sweet Potatoes,13.666967346202416
Polonnaruwa,Yala,Turmeric,2020,71.62,753.9,Dry,Supported envelope,Dry Zone,Turmeric,10.52638927673834
Polonnaruwa,Yala,Turmeric,2020,77.13,844.99,Dry,Supported envelope,Dry Zone,Turmeric,10.955399974069753
Puttalam,Maha,Carrot,2020,97.12,1115.83,Dry/Intermediate,Supported envelope,Dry Zone,Carrot,11.489188632619438
Puttalam,Maha,Carrot,2020,89.68,1101.65,Dry/Intermediate,Supported envelope,Dry Zone,Carrot,12.284232827832293
Puttalam,Maha,Carrot,2020,114.62,1594.78,Dry/Intermediate,Supported envelope,Dry Zone,Carrot,13.91362763915547
Puttalam,Maha,Carrot,2020,102.7,1744.48,Dry/Intermediate,Supported envelope,Dry Zone,Carrot,16.986173320350535
Puttalam,Maha,Carrot,2020,100.23,1702.25,Dry/Intermediate,Supported envelope,Dry Zone,Carrot,16.98343809238751
Puttalam,Maha,Carrot,2020,76.61,1248.83,Dry/Intermediate,Supported envelope,Dry Zone,Carrot,16.301135621981462
Puttalam,Maha,Chilli,2020,79.59,605.35,Dry/Intermediate,Supported envelope,Dry Zone,Chillies (Green),7.605855006910416
Puttalam,Maha,Chilli,2020,64.27,482.06,Dry/Intermediate,Supported envelope,Dry Zone,Chillies (Green),7.500544577563405
Puttalam,Maha,Chilli,2020,74.78,540.9,Dry/Intermediate,Supported envelope,Dry Zone,Chillies (Green),7.233217437817598
Puttalam,Maha,Cowpea,2020,92.78,666.75,Dry/Intermediate,Supported envelope,Dry Zone,Cowpea,7.186354817848674
Puttalam,Maha,Ginger,2020,74.2,863.7,Dry/Intermediate,Supported envelope,Dry Zone,Ginger,11.640161725067385
Puttalam,Maha,Ginger,2020,122.15,1480.05,Dry/Intermediate,Supported envelope,Dry Zone,Ginger,12.11665984445354
Puttalam,Maha,Green Gram,2020,65.37,574.9,Dry/Intermediate,Supported envelope,Dry Zone,Green Gram,8.794554076793636
Puttalam,Maha,Green Gram,2020,35.21,244.29,Dry/Intermediate,Supported envelope,Dry Zone,Green Gram,6.938085771087759
Puttalam,Maha,Groundnut,2020,100.28,1162.46,Dry/Intermediate,Supported envelope,Dry Zone,Ground Nuts,11.592142002393299
Puttalam,Maha,Potato,2020,124.91,2136.13,Dry/Intermediate,Supported envelope,Dry Zone,Potatoes,17.101352974141385
Puttalam,Maha,Red Onion,2020,71.74,744.47,Dry/Intermediate,Supported envelope,Dry Zone,Red Onion,10.377334820183998
Puttalam,Yala,Carrot,2020,90.51,1341.59,Dry/Intermediate,Supported envelope,Dry Zone,Carrot,14.822561042978675
Puttalam,Yala,Carrot,2020,74.13,1044.8,Dry/Intermediate,Supported envelope,Dry Zone,Carrot,14.094158910022934
Puttalam,Yala,Potato,2020,142.84,3299.24,Dry/Intermediate,Supported envelope,Dry Zone,Potatoes,23.0974516942033
Ratnapura,Maha,Beans,2020,85.32,866.75,Wet/Intermediate,Supported envelope,Wet Zone,Beans,10.158813877168308
Ratnapura,Maha,Beans,2020,56.83,587.17,Wet/Intermediate,Supported envelope,Wet Zone,Beans,10.332042935069506
Ratnapura,Maha,Big Onion,2020,77.52,814.52,Wet/Intermediate,Supported envelope,Wet Zone,Big Onion,10.507223942208462
Ratnapura,Maha,Cabbage,2020,69.96,1156.28,Wet/Intermediate,Supported envelope,Wet Zone,Cabbage,16.527730131503716
Ratnapura,Maha,Carrot,2020,103.52,1706.61,Wet/Intermediate,Supported envelope,Wet Zone,Carrot,16.485799845440493
Ratnapura,Maha,Carrot,2020,85.07,1232.79,Wet/Intermediate,Supported envelope,Wet Zone,Carrot,14.491477606676854
Ratnapura,Maha,Cauliflower,2020,107.51,1067.51,Wet/Intermediate,Supported envelope,Wet Zone,Cauliflower,9.929401916100828
Ratnapura,Maha,Cauliflower,2020,94.72,1136.1,Wet/Intermediate,Supported envelope,Wet Zone,Cauliflower,11.994298986486486
Ratnapura,Maha,Chilli,2020,54.38,450.21,Wet/Intermediate,Supported envelope,Wet Zone,Chillies (Green),8.278962853990437
Ratnapura,Maha,Chilli,2020,49.84,377.16,Wet/Intermediate,Supported envelope,Wet Zone,Chillies (Green),7.567415730337078
Ratnapura,Maha,Chilli,2020,44.24,362.23,Wet/Intermediate,Supported envelope,Wet Zone,Chillies (Green),8.187839059674502
Ratnapura,Maha,Chilli,2020,57.82,561.12,Wet/Intermediate,Supported envelope,Wet Zone,Chillies (Green),9.704600484261501
Ratnapura,Maha,Cowpea,2020,50.98,444.03,Wet/Intermediate,Supported envelope,Wet Zone,Cowpea,8.709886229894076
Ratnapura,Maha,Cowpea,2020,49.17,402.8,Wet/Intermediate,Supported envelope,Wet Zone,Cowpea,8.191986983933292
Ratnapura,Maha,Green Gram,2020,38.95,272.41,Wet/Intermediate,Supported envelope,Wet Zone,Green Gram,6.993838254172015
Ratnapura,Maha,Groundnut,2020,64.95,581.62,Wet/Intermediate,Supported envelope,Wet Zone,Ground Nuts,8.954888375673594
Ratnapura,Maha,Groundnut,2020,69.52,642.55,Wet/Intermediate,Supported envelope,Wet Zone,Ground Nuts,9.242663981588032
Ratnapura,Maha,Groundnut,2020,80.73,748.9,Wet/Intermediate,Supported envelope,Wet Zone,Ground Nuts,9.27660101573145
Ratnapura,Maha,Maize,2020,131.94,2157.72,Wet/Intermediate,Supported envelope,Wet Zone,Maize,16.353797180536606
Ratnapura,Maha,Red Onion,2020,57.35,673.05,Wet/Intermediate,Supported envelope,Wet Zone,Red Onion,11.735832606800347
Ratnapura,Maha,Sweet Potato,2020,117.33,1306.0,Wet/Intermediate,Supported envelope,Wet Zone,Sweet Potatoes,11.130998039717037
Ratnapura,Maha,Tea,2020,165.12,4062.73,Wet/Intermediate,Supported envelope,Wet Zone,Tea,24.6047117248062
Ratnapura,Maha,Tea,2020,317.34,7100.17,Wet/Intermediate,Supported envelope,Wet Zone,Tea,22.374015251780428
Ratnapura,Maha,Turmeric,2020,76.86,847.37,Wet/Intermediate,Supported envelope,Wet Zone,Turmeric,11.024850377309393
Ratnapura,Yala,Beans,2020,74.61,811.14,Wet/Intermediate,Supported envelope,Wet Zone,Beans,10.871733011660636
Ratnapura,Yala,Beans,2020,60.88,465.4,Wet/Intermediate,Supported envelope,Wet Zone,Beans,7.64454664914586
Ratnapura,Yala,Carrot,2020,109.55,1863.21,Wet/Intermediate,Supported envelope,Wet Zone,Carrot,17.007850296668188
Ratnapura,Yala,Carrot,2020,116.04,1732.61,Wet/Intermediate,Supported envelope,Wet Zone,Carrot,14.931144432954152
Ratnapura,Yala,Carrot,2020,122.51,2076.12,Wet/Intermediate,Supported envelope,Wet Zone,Carrot,16.94653497673659
Ratnapura,Yala,Carrot,2020,73.49,1270.61,Wet/Intermediate,Supported envelope,Wet Zone,Carrot,17.289563205878352
Ratnapura,Yala,Chilli,2020,61.39,456.55,Wet/Intermediate,Supported envelope,Wet Zone,Chillies (Green),7.4368789705163705
Ratnapura,Yala,Chilli,2020,43.69,381.81,Wet/Intermediate,Supported envelope,Wet Zone,Chillies (Green),8.739070725566492
Ratnapura,Yala,Chilli,2020,40.79,356.82,Wet/Intermediate,Supported envelope,Wet Zone,Chillies (Green),8.747732287325325
Ratnapura,Yala,Chilli,2020,54.45,403.62,Wet/Intermediate,Supported envelope,Wet Zone,Chillies (Green),7.41267217630854
Ratnapura,Yala,Cinnamon,2020,28.31,118.41,Wet/Intermediate,Supported envelope,Wet Zone,Cinnamon,4.182620981985164
Ratnapura,Yala,Green Gram,2020,48.57,360.59,Wet/Intermediate,Supported envelope,Wet Zone,Green Gram,7.42413012147416
Ratnapura,Yala,Tea,2020,171.7,4248.53,Wet/Intermediate,Supported envelope,Wet Zone,Tea,24.74391380314502
Ratnapura,Yala,Tea,2020,249.3,7910.21,Wet/Intermediate,Supported envelope,Wet Zone,Tea,31.729683112715602
Trincomalee,Maha,Carrot,2020,92.49,1608.9,Dry,Supported envelope,Dry Zone,Carrot,17.3953940966591
Trincomalee,Maha,Carrot,2020,95.44,1654.06,Dry,Supported envelope,Dry Zone,Carrot,17.330888516345347
Trincomalee,Maha,Chilli,2020,39.73,361.05,Dry,Supported envelope,Dry Zone,Chillies (Green),9.087591240875913
Trincomalee,Maha,Chilli,2020,50.53,364.77,Dry,Supported envelope,Dry Zone,Chillies (Green),7.218879873342568
Trincomalee,Maha,Chilli,2020,52.49,386.4,Dry,Supported envelope,Dry Zone,Chillies (Green),7.361402171842255
Trincomalee,Maha,Groundnut,2020,47.77,463.46,Dry,Supported envelope,Dry Zone,Ground Nuts,9.701904961272763
Trincomalee,Maha,Maize,2020,82.76,1566.06,Dry,Supported envelope,Dry Zone,Maize,18.92290961817303
Trincomalee,Maha,Maize,2020,78.93,1379.19,Dry,Supported envelope,Dry Zone,Maize,17.473584188521475
Trincomalee,Maha,Potato,2020,98.39,2086.24,Dry,Supported envelope,Dry Zone,Potatoes,21.20378087203984
Trincomalee,Maha,Red Onion,2020,41.63,381.26,Dry,Supported envelope,Dry Zone,Red Onion,9.158299303386979
Trincomalee,Yala,Carrot,2020,100.96,1309.28,Dry,Supported envelope,Dry Zone,Carrot,12.968304278922346
Trincomalee,Yala,Carrot,2020,118.25,1939.7,Dry,Supported envelope,Dry Zone,Carrot,16.40338266384778
Trincomalee,Yala,Chilli,2020,57.19,381.54,Dry,Supported envelope,Dry Zone,Chillies (Green),6.671446057002973
Trincomalee,Yala,Ginger,2020,115.26,1365.84,Dry,Supported envelope,Dry Zone,Ginger,11.850078084331077
Trincomalee,Yala,Groundnut,2020,57.92,509.83,Dry,Supported envelope,Dry Zone,Ground Nuts,8.802313535911601
Vavuniya,Maha,Carrot,2020,159.11,2397.41,Dry,Supported envelope,Dry Zone,Carrot,15.067626170573815
Vavuniya,Maha,Chilli,2020,37.66,290.43,Dry,Supported envelope,Dry Zone,Chillies (Green),7.71189591078067
Vavuniya,Maha,Chilli,2020,56.49,406.25,Dry,Supported envelope,Dry Zone,Chillies (Green),7.191538325367321
Vavuniya,Maha,Cowpea,2020,27.58,261.74,Dry,Supported envelope,Dry Zone,Cowpea,9.490210297316898
Vavuniya,Maha,Groundnut,2020,49.2,596.53,Dry,Supported envelope,Dry Zone,Ground Nuts,12.124593495934958
Vavuniya,Maha,Maize,2020,73.3,1432.06,Dry,Supported envelope,Dry Zone,Maize,19.536971350613914
Vavuniya,Maha,Maize,2020,71.63,1196.12,Dry,Supported envelope,Dry Zone,Maize,16.698589976266927
Vavuniya,Maha,Maize,2020,131.5,2049.09,Dry,Supported envelope,Dry Zone,Maize,15.582433460076047
Vavuniya,Maha,Red Onion,2020,31.47,252.61,Dry,Supported envelope,Dry Zone,Red Onion,8.027009850651416
Vavuniya,Yala,Carrot,2020,112.98,1710.11,Dry,Supported envelope,Dry Zone,Carrot,15.136395822269426
Vavuniya,Yala,Carrot,2020,84.5,1284.59,Dry,Supported envelope,Dry Zone,Carrot,15.202248520710059
Vavuniya,Yala,Carrot,2020,72.35,1095.47,Dry,Supported envelope,Dry Zone,Carrot,15.14125777470629
Vavuniya,Yala,Carrot,2020,73.02,1202.2,Dry,Supported envelope,Dry Zone,Carrot,16.463982470556015
Vavuniya,Yala,Carrot,2020,91.48,1295.12,Dry,Supported envelope,Dry Zone,Carrot,14.157411456055966
Vavuniya,Yala,Carrot,2020,72.75,984.23,Dry,Supported envelope,Dry Zone,Carrot,13.52893470790378
Vavuniya,Yala,Carrot,2020,69.72,1427.51,Dry,Supported envelope,Dry Zone,Carrot,20.474899598393574
Vavuniya,Yala,Chilli,2020,46.79,346.86,Dry,Supported envelope,Dry Zone,Chillies (Green),7.413122462064544
Vavuniya,Yala,Maize,2020,96.06,1449.08,Dry,Supported envelope,Dry Zone,Maize,15.085155111388714
Vavuniya,Yala,Turmeric,2020,54.03,492.52,Dry,Supported envelope,Dry Zone,Turmeric,9.115676476031833
Ampara,Maha,Big Onion,2021,72.05,922.86,Dry,Supported envelope,Dry Zone,Big Onion,12.808605135322694
Ampara,Maha,Carrot,2021,63.85,1020.14,Dry,Supported envelope,Dry Zone,Carrot,15.977133907595928
Ampara,Maha,Carrot,2021,83.49,1136.58,Dry,Supported envelope,Dry Zone,Carrot,13.613366870283865
Ampara,Maha,Carrot,2021,84.4,1181.43,Dry,Supported envelope,Dry Zone,Carrot,13.997985781990522
Ampara,Maha,Carrot,2021,85.25,1178.67,Dry,Supported envelope,Dry Zone,Carrot,13.826041055718475
Ampara,Maha,Carrot,2021,101.25,1658.46,Dry,Supported envelope,Dry Zone,Carrot,16.379851851851853
Ampara,Maha,Cassava,2021,133.01,2813.87,Dry,Supported envelope,Dry Zone,Manioc,21.155326667167884
Ampara,Maha,Chilli,2021,50.88,384.72,Dry,Supported envelope,Dry Zone,Chillies (Green),7.561320754716982
Ampara,Maha,Chilli,2021,73.03,584.92,Dry,Supported envelope,Dry Zone,Chillies (Green),8.009311241955361
Ampara,Maha,Chilli,2021,37.36,270.31,Dry,Supported envelope,Dry Zone,Chillies (Green),7.235278372591007
Ampara,Maha,Chilli,2021,38.65,390.12,Dry,Supported envelope,Dry Zone,Chillies (Green),10.09366106080207
Ampara,Maha,Ginger,2021,44.09,511.36,Dry,Supported envelope,Dry Zone,Ginger,11.598094806078475
Ampara,Maha,Ginger,2021,121.26,1424.54,Dry,Supported envelope,Dry Zone,Ginger,11.747814613227774
Ampara,Maha,Ginger,2021,52.88,567.43,Dry,Supported envelope,Dry Zone,Ginger,10.730521936459908
Ampara,Maha,Green Gram,2021,76.89,545.66,Dry,Supported envelope,Dry Zone,Green Gram,7.096631551567174
Ampara,Maha,Groundnut,2021,82.36,758.43,Dry,Supported envelope,Dry Zone,Ground Nuts,9.208717824186497
Ampara,Maha,Maize,2021,64.85,1060.81,Dry,Supported envelope,Dry Zone,Maize,16.357902852737087
Ampara,Maha,Potato,2021,111.33,2560.42,Dry,Supported envelope,Dry Zone,Potatoes,22.9984730081739
Ampara,Maha,Sweet Potato,2021,122.94,1333.27,Dry,Supported envelope,Dry Zone,Sweet Potatoes,10.844883683097446
Ampara,Maha,Sweet Potato,2021,123.04,1451.25,Dry,Supported envelope,Dry Zone,Sweet Potatoes,11.794944733420026
Ampara,Yala,Carrot,2021,63.78,973.51,Dry,Supported envelope,Dry Zone,Carrot,15.263562245217937
Ampara,Yala,Chilli,2021,46.13,341.87,Dry,Supported envelope,Dry Zone,Chillies (Green),7.4110123563841315
Ampara,Yala,Cowpea,2021,59.09,463.04,Dry,Supported envelope,Dry Zone,Cowpea,7.836182095109155
Ampara,Yala,Green Gram,2021,48.23,311.14,Dry,Supported envelope,Dry Zone,Green Gram,6.4511714700393945
Ampara,Yala,Green Gram,2021,42.62,262.41,Dry,Supported envelope,Dry Zone,Green Gram,6.156968559361803
Ampara,Yala,Red Onion,2021,64.4,526.48,Dry,Supported envelope,Dry Zone,Red Onion,8.175155279503105
Anuradhapura,Maha,Big Onion,2021,94.53,1297.39,Dry,Supported envelope,Dry Zone,Big Onion,13.724637681159422
Anuradhapura,Maha,Chilli,2021,79.33,751.93,Dry,Supported envelope,Dry Zone,Chillies (Green),9.478507500315139
Anuradhapura,Maha,Chilli,2021,78.69,576.22,Dry,Supported envelope,Dry Zone,Chillies (Green),7.322658533485831
Anuradhapura,Maha,Chilli,2021,63.17,519.86,Dry,Supported envelope,Dry Zone,Chillies (Green),8.229539338293494
Anuradhapura,Maha,Chilli,2021,90.78,679.34,Dry,Supported envelope,Dry Zone,Chillies (Green),7.4833663802599695
Anuradhapura,Maha,Cowpea,2021,59.16,412.1,Dry,Supported envelope,Dry Zone,Cowpea,6.9658553076402985
Anuradhapura,Maha,Ginger,2021,60.11,658.44,Dry,Supported envelope,Dry Zone,Ginger,10.953917817334887
Anuradhapura,Maha,Green Gram,2021,73.51,635.99,Dry,Supported envelope,Dry Zone,Green Gram,8.651748061488233
Anuradhapura,Maha,Green Gram,2021,40.49,243.42,Dry,Supported envelope,Dry Zone,Green Gram,6.011854778957766
Anuradhapura,Maha,Maize,2021,81.8,1250.49,Dry,Supported envelope,Dry Zone,Maize,15.28716381418093
Anuradhapura,Maha,Potato,2021,159.18,2693.83,Dry,Supported envelope,Dry Zone,Potatoes,16.92316873979143
Anuradhapura,Maha,Potato,2021,181.73,3604.11,Dry,Supported envelope,Dry Zone,Potatoes,19.832223628459804
Anuradhapura,Maha,Red Onion,2021,135.18,1385.06,Dry,Supported envelope,Dry Zone,Red Onion,10.246042313951767
Anuradhapura,Maha,Sweet Potato,2021,72.33,956.76,Dry,Supported envelope,Dry Zone,Sweet Potatoes,13.227706345914559
Anuradhapura,Yala,Big Onion,2021,114.02,1081.47,Dry,Supported envelope,Dry Zone,Big Onion,9.484914927205754
Anuradhapura,Yala,Ginger,2021,75.88,908.16,Dry,Supported envelope,Dry Zone,Ginger,11.968371112282552
Anuradhapura,Yala,Groundnut,2021,85.57,937.69,Dry,Supported envelope,Dry Zone,Ground Nuts,10.958162907561062
Anuradhapura,Yala,Maize,2021,82.97,1396.18,Dry,Supported envelope,Dry Zone,Maize,16.82752802217669
Anuradhapura,Yala,Potato,2021,158.69,3271.18,Dry,Supported envelope,Dry Zone,Potatoes,20.613649253261073
Anuradhapura,Yala,Potato,2021,111.64,2263.76,Dry,Supported envelope,Dry Zone,Potatoes,20.27731995700466
Anuradhapura,Yala,Sweet Potato,2021,87.6,1097.55,Dry,Supported envelope,Dry Zone,Sweet Potatoes,12.529109589041097
Anuradhapura,Yala,Turmeric,2021,72.2,697.82,Dry,Supported envelope,Dry Zone,Turmeric,9.665096952908588
Anuradhapura,Yala,Turmeric,2021,66.17,688.36,Dry,Supported envelope,Dry Zone,Turmeric,10.402901617047
Badulla,Maha,Beans,2021,80.68,808.58,Up-country Intermediate,Supported envelope,Up Country Intermediate Zone,Beans,10.022062469013386
Badulla,Maha,Beans,2021,74.65,572.66,Up-country Intermediate,Supported envelope,Up Country Intermediate Zone,Beans,7.671265907568653
Badulla,Maha,Beans,2021,85.59,762.88,Up-country Intermediate,Supported envelope,Up Country Intermediate Zone,Beans,8.913190793316977
Badulla,Maha,Carrot,2021,118.03,1698.43,Up-country Intermediate,Supported envelope,Up Country Intermediate Zone,Carrot,14.389816148436838
Badulla,Maha,Carrot,2021,83.44,1347.28,Up-country Intermediate,Supported envelope,Up Country Intermediate Zone,Carrot,16.146692233940556
Badulla,Maha,Carrot,2021,97.81,1445.32,Up-country Intermediate,Supported envelope,Up Country Intermediate Zone,Carrot,14.776812186892954
Badulla,Maha,Cauliflower,2021,52.83,528.03,Up-country Intermediate,Supported envelope,Up Country Intermediate Zone,Cauliflower,9.99488926746167
Badulla,Maha,Cauliflower,2021,50.73,529.26,Up-country Intermediate,Supported envelope,Up Country Intermediate Zone,Cauliflower,10.432879952690715
Badulla,Maha,Ginger,2021,42.56,535.1,Up-country Intermediate,Supported envelope,Up Country Intermediate Zone,Ginger,12.572838345864662
Badulla,Maha,Leeks,2021,75.19,1289.54,Up-country Intermediate,Supported envelope,Up Country Intermediate Zone,Leeks,17.150418938688656
Badulla,Maha,Leeks,2021,152.61,1764.4,Up-country Intermediate,Supported envelope,Up Country Intermediate Zone,Leeks,11.561496625384967
Badulla,Maha,Leeks,2021,125.74,1110.71,Up-country Intermediate,Supported envelope,Up Country Intermediate Zone,Leeks,8.833386352791475
Badulla,Maha,Pepper,2021,32.45,174.91,Up-country Intermediate,Supported envelope,Up Country Intermediate Zone,Pepper,5.390138674884437
Badulla,Maha,Red Onion,2021,64.67,665.57,Up-country Intermediate,Supported envelope,Up Country Intermediate Zone,Red Onion,10.291789083036956
Badulla,Maha,Red Onion,2021,52.86,404.78,Up-country Intermediate,Supported envelope,Up Country Intermediate Zone,Red Onion,7.6575860764283
Badulla,Maha,Sweet Potato,2021,90.33,1272.91,Up-country Intermediate,Supported envelope,Up Country Intermediate Zone,Sweet Potatoes,14.09177460422894
Badulla,Maha,Turmeric,2021,50.87,482.86,Up-country Intermediate,Supported envelope,Up Country Intermediate Zone,Turmeric,9.492038529585217
Badulla,Yala,Beans,2021,82.3,1070.59,Up-country Intermediate,Supported envelope,Up Country Intermediate Zone,Beans,13.008383961117861
Badulla,Yala,Big Onion,2021,44.03,526.38,Up-country Intermediate,Supported envelope,Up Country Intermediate Zone,Big Onion,11.955030660913014
Badulla,Yala,Cabbage,2021,65.33,1152.14,Up-country Intermediate,Supported envelope,Up Country Intermediate Zone,Cabbage,17.63569569876014
Badulla,Yala,Cabbage,2021,62.52,941.53,Up-country Intermediate,Supported envelope,Up Country Intermediate Zone,Cabbage,15.059660908509276
Badulla,Yala,Carrot,2021,112.08,1537.78,Up-country Intermediate,Supported envelope,Up Country Intermediate Zone,Carrot,13.720378301213419
Badulla,Yala,Carrot,2021,77.7,1435.56,Up-country Intermediate,Supported envelope,Up Country Intermediate Zone,Carrot,18.475675675675674
Badulla,Yala,Carrot,2021,144.85,2310.76,Up-country Intermediate,Supported envelope,Up Country Intermediate Zone,Carrot,15.952778736624095
Badulla,Yala,Cassava,2021,105.46,2298.31,Up-country Intermediate,Supported envelope,Up Country Intermediate Zone,Manioc,21.793191731462166
Badulla,Yala,Cauliflower,2021,85.93,873.5,Up-country Intermediate,Supported envelope,Up Country Intermediate Zone,Cauliflower,10.1652507855231
Badulla,Yala,Leeks,2021,60.17,839.63,Up-country Intermediate,Supported envelope,Up Country Intermediate Zone,Leeks,13.954296160877513
Badulla,Yala,Maize,2021,75.82,1278.42,Up-country Intermediate,Supported envelope,Up Country Intermediate Zone,Maize,16.861250329728307
Badulla,Yala,Potato,2021,67.92,1556.24,Up-country Intermediate,Supported envelope,Up Country Intermediate Zone,Potatoes,22.91283863368669
Badulla,Yala,Potato,2021,89.17,1598.26,Up-country Intermediate,Supported envelope,Up Country Intermediate Zone,Potatoes,17.923741168554447
Badulla,Yala,Red Onion,2021,58.41,582.93,Up-country Intermediate,Supported envelope,Up Country Intermediate Zone,Red Onion,9.979969183359014
Badulla,Yala,Sweet Potato,2021,86.99,1360.36,Up-country Intermediate,Supported envelope,Up Country Intermediate Zone,Sweet Potatoes,15.638119324060236
Badulla,Yala,Tea,2021,152.01,3795.3,Up-country Intermediate,Supported envelope,Up Country Intermediate Zone,Tea,24.967436352871523
Badulla,Yala,Tea,2021,197.31,5399.71,Up-country Intermediate,Supported envelope,Up Country Intermediate Zone,Tea,27.366631189498758
Batticaloa,Maha,Carrot,2021,72.32,1135.59,Dry,Supported envelope,Dry Zone,Carrot,15.7022953539823
Batticaloa,Maha,Chilli,2021,41.94,287.45,Dry,Supported envelope,Dry Zone,Chillies (Green),6.853838817358131
Batticaloa,Maha,Chilli,2021,46.52,344.99,Dry,Supported envelope,Dry Zone,Chillies (Green),7.4159501289767835
Batticaloa,Maha,Chilli,2021,32.87,240.29,Dry,Supported envelope,Dry Zone,Chillies (Green),7.310313355643444
Batticaloa,Maha,Chilli,2021,33.1,325.91,Dry,Supported envelope,Dry Zone,Chillies (Green),9.846223564954682
Batticaloa,Maha,Chilli,2021,54.25,380.41,Dry,Supported envelope,Dry Zone,Chillies (Green),7.012165898617512
Batticaloa,Maha,Chilli,2021,44.95,456.16,Dry,Supported envelope,Dry Zone,Chillies (Green),10.148164627363737
Batticaloa,Maha,Cowpea,2021,42.43,332.21,Dry,Supported envelope,Dry Zone,Cowpea,7.829601696912562
Batticaloa,Maha,Groundnut,2021,36.64,368.15,Dry,Supported envelope,Dry Zone,Ground Nuts,10.047762008733624
Batticaloa,Maha,Potato,2021,179.83,2823.16,Dry,Supported envelope,Dry Zone,Potatoes,15.699049101929598
Batticaloa,Maha,Potato,2021,91.15,1684.42,Dry,Supported envelope,Dry Zone,Potatoes,18.479648930334612
Batticaloa,Maha,Sweet Potato,2021,55.81,602.97,Dry,Supported envelope,Dry Zone,Sweet Potatoes,10.803977781759542
Batticaloa,Maha,Sweet Potato,2021,89.98,1431.89,Dry,Supported envelope,Dry Zone,Sweet Potatoes,15.913425205601245
Batticaloa,Yala,Big Onion,2021,74.33,832.42,Dry,Supported envelope,Dry Zone,Big Onion,11.198977532624781
Batticaloa,Yala,Carrot,2021,67.17,876.0,Dry,Supported envelope,Dry Zone,Carrot,13.04153640017865
Batticaloa,Yala,Carrot,2021,76.97,1120.22,Dry,Supported envelope,Dry Zone,Carrot,14.55398207093673
Batticaloa,Yala,Carrot,2021,84.3,1673.87,Dry,Supported envelope,Dry Zone,Carrot,19.856109134045077
Batticaloa,Yala,Cassava,2021,133.17,2719.83,Dry,Supported envelope,Dry Zone,Manioc,20.42374408650597
Batticaloa,Yala,Chilli,2021,47.11,317.28,Dry,Supported envelope,Dry Zone,Chillies (Green),6.734875822542984
Batticaloa,Yala,Chilli,2021,33.92,292.19,Dry,Supported envelope,Dry Zone,Chillies (Green),8.614091981132075
Batticaloa,Yala,Cowpea,2021,53.1,382.03,Dry,Supported envelope,Dry Zone,Cowpea,7.194538606403013
Batticaloa,Yala,Ginger,2021,55.94,681.0,Dry,Supported envelope,Dry Zone,Ginger,12.173757597425814
Batticaloa,Yala,Maize,2021,93.66,1347.87,Dry,Supported envelope,Dry Zone,Maize,14.391095451633568
Batticaloa,Yala,Potato,2021,86.78,1552.22,Dry,Supported envelope,Dry Zone,Potatoes,17.886840285780135
Batticaloa,Yala,Potato,2021,105.78,1886.73,Dry,Supported envelope,Dry Zone,Potatoes,17.83635847986387
Batticaloa,Yala,Sweet Potato,2021,59.82,908.63,Dry,Supported envelope,Dry Zone,Sweet Potatoes,15.189401537947175
Colombo,Maha,Carrot,2021,75.08,1108.11,Wet,Supported envelope,Wet Zone,Carrot,14.759057005860415
Colombo,Maha,Carrot,2021,67.0,1003.84,Wet,Supported envelope,Wet Zone,Carrot,14.98268656716418
Colombo,Maha,Chilli,2021,48.39,334.91,Wet,Supported envelope,Wet Zone,Chillies (Green),6.921058069849143
Colombo,Maha,Chilli,2021,52.26,299.13,Wet,Supported envelope,Wet Zone,Chillies (Green),5.723880597014926
Colombo,Maha,Chilli,2021,61.71,486.26,Wet,Supported envelope,Wet Zone,Chillies (Green),7.879760168530222
Colombo,Maha,Red Onion,2021,53.71,497.19,Wet,Supported envelope,Wet Zone,Red Onion,9.256935393781418
Colombo,Maha,Turmeric,2021,56.44,466.92,Wet,Supported envelope,Wet Zone,Turmeric,8.27285613040397
Colombo,Maha,Turmeric,2021,64.79,782.8,Wet,Supported envelope,Wet Zone,Turmeric,12.082111436950145
Colombo,Yala,Carrot,2021,80.66,1452.68,Wet,Supported envelope,Wet Zone,Carrot,18.00991817505579
Colombo,Yala,Carrot,2021,92.9,1567.92,Wet,Supported envelope,Wet Zone,Carrot,16.87750269106566
Colombo,Yala,Carrot,2021,127.86,1896.74,Wet,Supported envelope,Wet Zone,Carrot,14.83450649147505
Colombo,Yala,Chilli,2021,74.99,662.15,Wet,Supported envelope,Wet Zone,Chillies (Green),8.829843979197227
Colombo,Yala,Chilli,2021,41.69,308.79,Wet,Supported envelope,Wet Zone,Chillies (Green),7.406812185176302
Colombo,Yala,Chilli,2021,54.35,407.9,Wet,Supported envelope,Wet Zone,Chillies (Green),7.505059797608095
Colombo,Yala,Chilli,2021,64.84,508.07,Wet,Supported envelope,Wet Zone,Chillies (Green),7.83574953732264
Colombo,Yala,Chilli,2021,52.11,377.33,Wet,Supported envelope,Wet Zone,Chillies (Green),7.241028593360199
Colombo,Yala,Pineapple,2021,136.36,2922.06,Wet,Supported envelope,Wet Zone,Pineapple,21.42901144030507
Colombo,Yala,Sweet Potato,2021,120.8,1759.11,Wet,Supported envelope,Wet Zone,Sweet Potatoes,14.562168874172185
Colombo,Yala,Turmeric,2021,67.45,517.48,Wet,Supported envelope,Wet Zone,Turmeric,7.672053372868792
Colombo,Yala,Turmeric,2021,73.42,723.2,Wet,Supported envelope,Wet Zone,Turmeric,9.850177063470444
Galle,Maha,Carrot,2021,64.51,854.82,Wet,Supported envelope,Wet Zone,Carrot,13.250968842039994
Galle,Maha,Carrot,2021,96.72,1435.74,Wet,Supported envelope,Wet Zone,Carrot,14.844292803970223
Galle,Maha,Carrot,2021,75.12,1044.17,Wet,Supported envelope,Wet Zone,Carrot,13.900026624068158
Galle,Maha,Chilli,2021,48.17,402.83,Wet,Supported envelope,Wet Zone,Chillies (Green),8.362673863400456
Galle,Maha,Chilli,2021,58.37,468.58,Wet,Supported envelope,Wet Zone,Chillies (Green),8.027753983210554
Galle,Maha,Chilli,2021,61.89,497.82,Wet,Supported envelope,Wet Zone,Chillies (Green),8.043625787687834
Galle,Maha,Pepper,2021,31.95,172.9,Wet,Supported envelope,Wet Zone,Pepper,5.411580594679187
Galle,Maha,Potato,2021,115.79,2529.31,Wet,Supported envelope,Wet Zone,Potatoes,21.843941618447186
Galle,Maha,Potato,2021,99.21,1694.61,Wet,Supported envelope,Wet Zone,Potatoes,17.081040217719988
Galle,Maha,Turmeric,2021,117.76,1357.47,Wet,Supported envelope,Wet Zone,Turmeric,11.52742866847826
Galle,Yala,Carrot,2021,72.81,1293.88,Wet,Supported envelope,Wet Zone,Carrot,17.770635901661862
Galle,Yala,Carrot,2021,56.85,814.8,Wet,Supported envelope,Wet Zone,Carrot,14.332453825857518
Galle,Yala,Carrot,2021,78.42,1209.49,Wet,Supported envelope,Wet Zone,Carrot,15.423233868910993
Galle,Yala,Carrot,2021,76.75,1049.29,Wet,Supported envelope,Wet Zone,Carrot,13.671530944625406
Galle,Yala,Cassava,2021,72.51,2208.84,Wet,Supported envelope,Wet Zone,Manioc,30.462556888705006
Galle,Yala,Chilli,2021,34.71,258.71,Wet,Supported envelope,Wet Zone,Chillies (Green),7.453471622010947
Galle,Yala,Chilli,2021,38.52,291.39,Wet,Supported envelope,Wet Zone,Chillies (Green),7.564641744548285
Galle,Yala,Chilli,2021,57.72,461.43,Wet,Supported envelope,Wet Zone,Chillies (Green),7.994282744282745
Galle,Yala,Chilli,2021,51.28,478.52,Wet,Supported envelope,Wet Zone,Chillies (Green),9.331513260530421
Galle,Yala,Cinnamon,2021,63.69,283.64,Wet,Supported envelope,Wet Zone,Cinnamon,4.453446380907521
Galle,Yala,Red Onion,2021,39.43,297.92,Wet,Supported envelope,Wet Zone,Red Onion,7.5556682728886635
Galle,Yala,Sweet Potato,2021,56.17,762.44,Wet,Supported envelope,Wet Zone,Sweet Potatoes,13.573793840128182
Galle,Yala,Turmeric,2021,82.32,964.06,Wet,Supported envelope,Wet Zone,Turmeric,11.711127308066084
Gampaha,Maha,Carrot,2021,159.52,2711.5,Wet,Supported envelope,Wet Zone,Carrot,16.99786860581745
Gampaha,Maha,Carrot,2021,162.85,2591.96,Wet,Supported envelope,Wet Zone,Carrot,15.916241940435985
Gampaha,Maha,Cassava,2021,202.04,5924.04,Wet,Supported envelope,Wet Zone,Manioc,29.32112452979608
Gampaha,Maha,Chilli,2021,75.33,571.46,Wet,Supported envelope,Wet Zone,Chillies (Green),7.5860878799946905
Gampaha,Maha,Chilli,2021,116.63,1005.75,Wet,Supported envelope,Wet Zone,Chillies (Green),8.62342450484438
Gampaha,Maha,Chilli,2021,73.08,603.15,Wet,Supported envelope,Wet Zone,Chillies (Green),8.25328407224959
Gampaha,Maha,Chilli,2021,77.53,619.5,Wet,Supported envelope,Wet Zone,Chillies (Green),7.990455307622856
Gampaha,Maha,Green Gram,2021,82.43,531.46,Wet,Supported envelope,Wet Zone,Green Gram,6.447409923571515
Gampaha,Maha,Maize,2021,125.47,1908.14,Wet,Supported envelope,Wet Zone,Maize,15.207938152546426
Gampaha,Maha,Pineapple,2021,225.5,6616.04,Wet,Supported envelope,Wet Zone,Pineapple,29.339423503325943
Gampaha,Maha,Pineapple,2021,140.37,3836.29,Wet,Supported envelope,Wet Zone,Pineapple,27.32984255895134
Gampaha,Maha,Potato,2021,156.18,2752.94,Wet,Supported envelope,Wet Zone,Potatoes,17.62671276731976
Gampaha,Yala,Chilli,2021,111.79,821.47,Wet,Supported envelope,Wet Zone,Chillies (Green),7.348331693353609
Gampaha,Yala,Chilli,2021,93.55,670.68,Wet,Supported envelope,Wet Zone,Chillies (Green),7.169214323890967
Gampaha,Yala,Ginger,2021,114.47,1168.89,Wet,Supported envelope,Wet Zone,Ginger,10.211321743688304
Gampaha,Yala,Ginger,2021,105.94,1167.44,Wet,Supported envelope,Wet Zone,Ginger,11.019822541060979
Gampaha,Yala,Red Onion,2021,115.56,1081.04,Wet,Supported envelope,Wet Zone,Red Onion,9.35479404638283
Gampaha,Yala,Sweet Potato,2021,196.74,2626.34,Wet,Supported envelope,Wet Zone,Sweet Potatoes,13.349293483785708
Gampaha,Yala,Sweet Potato,2021,107.6,1753.44,Wet,Supported envelope,Wet Zone,Sweet Potatoes,16.295910780669146
Hambantota,Maha,Big Onion,2021,68.1,947.6,Dry/Intermediate,Supported envelope,Dry Zone,Big Onion,13.914831130690162
Hambantota,Maha,Carrot,2021,115.3,1799.78,Dry/Intermediate,Supported envelope,Dry Zone,Carrot,15.609540329575022
Hambantota,Maha,Chilli,2021,66.41,519.93,Dry/Intermediate,Supported envelope,Dry Zone,Chillies (Green),7.829092004216232
Hambantota,Maha,Chilli,2021,57.58,431.28,Dry/Intermediate,Supported envelope,Dry Zone,Chillies (Green),7.490100729419937
Hambantota,Maha,Chilli,2021,80.48,674.6,Dry/Intermediate,Supported envelope,Dry Zone,Chillies (Green),8.38220675944334
Hambantota,Maha,Cowpea,2021,54.3,368.74,Dry/Intermediate,Supported envelope,Dry Zone,Cowpea,6.790791896869245
Hambantota,Maha,Green Gram,2021,61.36,373.65,Dry/Intermediate,Supported envelope,Dry Zone,Green Gram,6.0894719687092564
Hambantota,Maha,Potato,2021,147.42,3150.03,Dry/Intermediate,Supported envelope,Dry Zone,Potatoes,21.36772486772487
Hambantota,Maha,Sweet Potato,2021,121.74,1554.69,Dry/Intermediate,Supported envelope,Dry Zone,Sweet Potatoes,12.770576638738296
Hambantota,Maha,Sweet Potato,2021,129.18,1617.5,Dry/Intermediate,Supported envelope,Dry Zone,Sweet Potatoes,12.521288125096763
Hambantota,Maha,Sweet Potato,2021,94.46,1383.23,Dry/Intermediate,Supported envelope,Dry Zone,Sweet Potatoes,14.643552826593268
Hambantota,Maha,Turmeric,2021,86.55,1058.98,Dry/Intermediate,Supported envelope,Dry Zone,Turmeric,12.235470826112074
Hambantota,Maha,Turmeric,2021,59.09,561.78,Dry/Intermediate,Supported envelope,Dry Zone,Turmeric,9.507192418344896
Hambantota,Yala,Carrot,2021,91.24,1587.86,Dry/Intermediate,Supported envelope,Dry Zone,Carrot,17.40311266988163
Hambantota,Yala,Chilli,2021,103.94,671.22,Dry/Intermediate,Supported envelope,Dry Zone,Chillies (Green),6.457764094670003
Hambantota,Yala,Maize,2021,118.33,2000.32,Dry/Intermediate,Supported envelope,Dry Zone,Maize,16.904588861658073
Hambantota,Yala,Maize,2021,108.65,1934.54,Dry/Intermediate,Supported envelope,Dry Zone,Maize,17.805246203405428
Jaffna,Maha,Big Onion,2021,102.91,1072.73,Dry,Supported envelope,Dry Zone,Big Onion,10.423962685841998
Jaffna,Maha,Carrot,2021,128.81,2012.88,Dry,Supported envelope,Dry Zone,Carrot,15.626737054576509
Jaffna,Maha,Carrot,2021,159.66,2301.4,Dry,Supported envelope,Dry Zone,Carrot,14.414380558687212
Jaffna,Maha,Cassava,2021,386.31,9860.64,Dry,Supported envelope,Dry Zone,Manioc,25.525199968936864
Jaffna,Maha,Cassava,2021,86.49,1928.93,Dry,Supported envelope,Dry Zone,Manioc,22.302347092149382
Jaffna,Maha,Chilli,2021,97.26,785.1,Dry,Supported envelope,Dry Zone,Chillies (Green),8.072177668106107
Jaffna,Maha,Chilli,2021,46.92,407.71,Dry,Supported envelope,Dry Zone,Chillies (Green),8.689471440750212
Jaffna,Maha,Cowpea,2021,80.11,539.12,Dry,Supported envelope,Dry Zone,Cowpea,6.7297465984271625
Jaffna,Maha,Cowpea,2021,73.08,619.89,Dry,Supported envelope,Dry Zone,Cowpea,8.482348111658457
Jaffna,Maha,Groundnut,2021,81.36,705.7,Dry,Supported envelope,Dry Zone,Ground Nuts,8.673795476892822
Jaffna,Maha,Potato,2021,98.4,1809.7,Dry,Supported envelope,Dry Zone,Potatoes,18.391260162601625
Jaffna,Maha,Potato,2021,148.77,3418.82,Dry,Supported envelope,Dry Zone,Potatoes,22.980574040465147
Jaffna,Maha,Potato,2021,176.14,2949.99,Dry,Supported envelope,Dry Zone,Potatoes,16.747984557738164
Jaffna,Maha,Sweet Potato,2021,100.13,1146.23,Dry,Supported envelope,Dry Zone,Sweet Potatoes,11.447418356137023
Jaffna,Yala,Carrot,2021,126.97,2406.2,Dry,Supported envelope,Dry Zone,Carrot,18.95093329132866
Jaffna,Yala,Carrot,2021,124.45,1709.14,Dry,Supported envelope,Dry Zone,Carrot,13.73354760948172
Jaffna,Yala,Cassava,2021,129.61,2849.88,Dry,Supported envelope,Dry Zone,Manioc,21.988118200756112
Jaffna,Yala,Cassava,2021,161.13,3640.32,Dry,Supported envelope,Dry Zone,Manioc,22.592440886240926
Jaffna,Yala,Green Gram,2021,83.36,586.65,Dry,Supported envelope,Dry Zone,Green Gram,7.037547984644913
Jaffna,Yala,Groundnut,2021,97.78,833.61,Dry,Supported envelope,Dry Zone,Ground Nuts,8.525363059930456
Jaffna,Yala,Sweet Potato,2021,111.8,1241.61,Dry,Supported envelope,Dry Zone,Sweet Potatoes,11.105635062611807
Jaffna,Yala,Turmeric,2021,59.75,672.63,Dry,Supported envelope,Dry Zone,Turmeric,11.257405857740586
Kalutara,Maha,Carrot,2021,94.71,1698.04,Wet,Supported envelope,Wet Zone,Carrot,17.928835392250026
Kalutara,Maha,Carrot,2021,120.69,1653.89,Wet,Supported envelope,Wet Zone,Carrot,13.703620846797582
Kalutara,Maha,Carrot,2021,118.46,1795.45,Wet,Supported envelope,Wet Zone,Carrot,15.156592942765492
Kalutara,Maha,Cassava,2021,191.75,3658.45,Wet,Supported envelope,Wet Zone,Manioc,19.079269882659712
Kalutara,Maha,Cassava,2021,169.0,4684.45,Wet,Supported envelope,Wet Zone,Manioc,27.718639053254435
Kalutara,Maha,Chilli,2021,98.25,720.72,Wet,Supported envelope,Wet Zone,Chillies (Green),7.33557251908397
Kalutara,Maha,Chilli,2021,47.81,366.53,Wet,Supported envelope,Wet Zone,Chillies (Green),7.66638778498222
Kalutara,Maha,Chilli,2021,98.73,877.47,Wet,Supported envelope,Wet Zone,Chillies (Green),8.887572166514737
Kalutara,Maha,Chilli,2021,66.16,441.86,Wet,Supported envelope,Wet Zone,Chillies (Green),6.678657799274487
Kalutara,Maha,Potato,2021,181.34,3508.57,Wet,Supported envelope,Wet Zone,Potatoes,19.34802029337157
Kalutara,Maha,Red Onion,2021,51.73,638.13,Wet,Supported envelope,Wet Zone,Red Onion,12.335781944712933
Kalutara,Maha,Sweet Potato,2021,127.14,1719.6,Wet,Supported envelope,Wet Zone,Sweet Potatoes,13.525247758376592
Kalutara,Yala,Carrot,2021,171.76,2620.26,Wet,Supported envelope,Wet Zone,Carrot,15.255356311131814
Kalutara,Yala,Cassava,2021,151.37,4780.12,Wet,Supported envelope,Wet Zone,Manioc,31.5790447248464
Kalutara,Yala,Chilli,2021,50.17,329.96,Wet,Supported envelope,Wet Zone,Chillies (Green),6.57683874825593
Kalutara,Yala,Sweet Potato,2021,129.89,1704.15,Wet,Supported envelope,Wet Zone,Sweet Potatoes,13.119947648009857
Kandy,Maha,Beans,2021,92.88,996.41,Up-country Wet/Intermediate,Supported envelope,Up Country Wet Zone,Beans,10.727928509905254
Kandy,Maha,Carrot,2021,88.68,1410.26,Up-country Wet/Intermediate,Supported envelope,Up Country Wet Zone,Carrot,15.902796571944068
Kandy,Maha,Carrot,2021,194.25,2983.68,Up-country Wet/Intermediate,Supported envelope,Up Country Wet Zone,Carrot,15.36
Kandy,Maha,Cauliflower,2021,92.52,1117.52,Up-country Wet/Intermediate,Supported envelope,Up Country Wet Zone,Cauliflower,12.078685689580631
Kandy,Maha,Green Gram,2021,37.6,220.37,Up-country Wet/Intermediate,Supported envelope,Up Country Wet Zone,Green Gram,5.860904255319149
Kandy,Maha,Green Gram,2021,58.88,544.29,Up-country Wet/Intermediate,Supported envelope,Up Country Wet Zone,Green Gram,9.244055706521738
Kandy,Maha,Green Gram,2021,72.55,585.15,Up-country Wet/Intermediate,Supported envelope,Up Country Wet Zone,Green Gram,8.065472088215024
Kandy,Maha,Green Gram,2021,80.2,700.7,Up-country Wet/Intermediate,Supported envelope,Up Country Wet Zone,Green Gram,8.736907730673318
Kandy,Maha,Groundnut,2021,77.91,791.08,Up-country Wet/Intermediate,Supported envelope,Up Country Wet Zone,Ground Nuts,10.153767167244258
Kandy,Maha,Leeks,2021,151.98,1618.77,Up-country Wet/Intermediate,Supported envelope,Up Country Wet Zone,Leeks,10.651204105803396
Kandy,Maha,Leeks,2021,101.69,1198.12,Up-country Wet/Intermediate,Supported envelope,Up Country Wet Zone,Leeks,11.782082800668698
Kandy,Maha,Maize,2021,113.89,1782.71,Up-country Wet/Intermediate,Supported envelope,Up Country Wet Zone,Maize,15.652910703310212
Kandy,Maha,Maize,2021,127.49,1796.5,Up-country Wet/Intermediate,Supported envelope,Up Country Wet Zone,Maize,14.09130127853165
Kandy,Maha,Pepper,2021,54.88,296.98,Up-country Wet/Intermediate,Supported envelope,Up Country Wet Zone,Pepper,5.411443148688047
Kandy,Maha,Pepper,2021,62.67,304.98,Up-country Wet/Intermediate,Supported envelope,Up Country Wet Zone,Pepper,4.86644327429392
Kandy,Maha,Red Onion,2021,88.31,868.15,Up-country Wet/Intermediate,Supported envelope,Up Country Wet Zone,Red Onion,9.830709998867626
Kandy,Yala,Beans,2021,95.13,778.97,Up-country Wet/Intermediate,Supported envelope,Up Country Wet Zone,Beans,8.188478923578263
Kandy,Yala,Cabbage,2021,116.6,1794.65,Up-country Wet/Intermediate,Supported envelope,Up Country Wet Zone,Cabbage,15.391509433962266
Kandy,Yala,Cabbage,2021,83.01,1514.91,Up-country Wet/Intermediate,Supported envelope,Up Country Wet Zone,Cabbage,18.24972894831948
Kandy,Yala,Cabbage,2021,75.7,1126.14,Up-country Wet/Intermediate,Supported envelope,Up Country Wet Zone,Cabbage,14.876354029062089
Kandy,Yala,Cassava,2021,164.6,3814.83,Up-country Wet/Intermediate,Supported envelope,Up Country Wet Zone,Manioc,23.17636695018226
Kandy,Yala,Chilli,2021,66.48,462.1,Up-country Wet/Intermediate,Supported envelope,Up Country Wet Zone,Chillies (Green),6.950962695547533
Kandy,Yala,Cowpea,2021,59.31,518.4,Up-country Wet/Intermediate,Supported envelope,Up Country Wet Zone,Cowpea,8.74051593323217
Kandy,Yala,Ginger,2021,99.37,1137.26,Up-country Wet/Intermediate,Supported envelope,Up Country Wet Zone,Ginger,11.444701620207306
Kandy,Yala,Groundnut,2021,112.71,1086.02,Up-country Wet/Intermediate,Supported envelope,Up Country Wet Zone,Ground Nuts,9.635524798154556
Kandy,Yala,Maize,2021,110.85,1764.94,Up-country Wet/Intermediate,Supported envelope,Up Country Wet Zone,Maize,15.921876409562474
Kandy,Yala,Maize,2021,92.01,1641.41,Up-country Wet/Intermediate,Supported envelope,Up Country Wet Zone,Maize,17.839473970220627
Kandy,Yala,Sweet Potato,2021,70.56,907.17,Up-country Wet/Intermediate,Supported envelope,Up Country Wet Zone,Sweet Potatoes,12.856717687074829
Kandy,Yala,Sweet Potato,2021,76.2,1075.71,Up-country Wet/Intermediate,Supported envelope,Up Country Wet Zone,Sweet Potatoes,14.116929133858267
Kegalle,Maha,Beans,2021,43.83,421.78,Wet/Intermediate,Supported envelope,Wet Zone,Beans,9.623089208304814
Kegalle,Maha,Beans,2021,57.98,531.53,Wet/Intermediate,Supported envelope,Wet Zone,Beans,9.167471541911004
Kegalle,Maha,Carrot,2021,88.37,1449.73,Wet/Intermediate,Supported envelope,Wet Zone,Carrot,16.405228018558333
Kegalle,Maha,Chilli,2021,72.84,617.18,Wet/Intermediate,Supported envelope,Wet Zone,Chillies (Green),8.473091707852827
Kegalle,Maha,Chilli,2021,68.31,402.72,Wet/Intermediate,Supported envelope,Wet Zone,Chillies (Green),5.895476504172157
Kegalle,Maha,Chilli,2021,61.13,484.25,Wet/Intermediate,Supported envelope,Wet Zone,Chillies (Green),7.921642401439555
Kegalle,Maha,Ginger,2021,76.79,710.4,Wet/Intermediate,Supported envelope,Wet Zone,Ginger,9.251204583930198
Kegalle,Maha,Green Gram,2021,69.96,506.97,Wet/Intermediate,Supported envelope,Wet Zone,Green Gram,7.246569468267582
Kegalle,Maha,Maize,2021,126.88,1777.8,Wet/Intermediate,Supported envelope,Wet Zone,Maize,14.011664564943253
Kegalle,Maha,Potato,2021,141.73,2341.09,Wet/Intermediate,Supported envelope,Wet Zone,Potatoes,16.517956678190927
Kegalle,Maha,Sweet Potato,2021,98.89,1209.47,Wet/Intermediate,Supported envelope,Wet Zone,Sweet Potatoes,12.23045808474062
Kegalle,Yala,Beans,2021,97.82,1016.43,Wet/Intermediate,Supported envelope,Wet Zone,Beans,10.390819873236557
Kegalle,Yala,Beans,2021,68.29,624.72,Wet/Intermediate,Supported envelope,Wet Zone,Beans,9.148045101771855
Kegalle,Yala,Beans,2021,70.01,700.83,Wet/Intermediate,Supported envelope,Wet Zone,Beans,10.010427081845451
Kegalle,Yala,Beans,2021,75.27,795.88,Wet/Intermediate,Supported envelope,Wet Zone,Beans,10.573668128072274
Kegalle,Yala,Carrot,2021,99.16,1840.99,Wet/Intermediate,Supported envelope,Wet Zone,Carrot,18.565853166599435
Kegalle,Yala,Carrot,2021,71.91,1103.44,Wet/Intermediate,Supported envelope,Wet Zone,Carrot,15.344736476150745
Kegalle,Yala,Cassava,2021,99.21,2340.86,Wet/Intermediate,Supported envelope,Wet Zone,Manioc,23.595000503981456
Kegalle,Yala,Cassava,2021,133.22,2847.38,Wet/Intermediate,Supported envelope,Wet Zone,Manioc,21.373517489866387
Kegalle,Yala,Cauliflower,2021,79.8,957.47,Wet/Intermediate,Supported envelope,Wet Zone,Cauliflower,11.998370927318296
Kegalle,Yala,Chilli,2021,86.5,626.74,Wet/Intermediate,Supported envelope,Wet Zone,Chillies (Green),7.245549132947977
Kegalle,Yala,Chilli,2021,52.11,366.61,Wet/Intermediate,Supported envelope,Wet Zone,Chillies (Green),7.035309921320285
Kegalle,Yala,Chilli,2021,57.06,506.14,Wet/Intermediate,Supported envelope,Wet Zone,Chillies (Green),8.87031195233088
Kegalle,Yala,Cinnamon,2021,32.25,125.77,Wet/Intermediate,Supported envelope,Wet Zone,Cinnamon,3.89984496124031
Kegalle,Yala,Green Gram,2021,60.98,406.35,Wet/Intermediate,Supported envelope,Wet Zone,Green Gram,6.663660216464415
Kegalle,Yala,Maize,2021,108.94,1811.48,Wet/Intermediate,Supported envelope,Wet Zone,Maize,16.628235726087755
Kegalle,Yala,Pineapple,2021,137.73,3499.14,Wet/Intermediate,Supported envelope,Wet Zone,Pineapple,25.405793944674365
Kegalle,Yala,Turmeric,2021,72.98,737.28,Wet/Intermediate,Supported envelope,Wet Zone,Turmeric,10.102493833927102
Kegalle,Yala,Turmeric,2021,68.95,648.48,Wet/Intermediate,Supported envelope,Wet Zone,Turmeric,9.40507614213198
Kilinochchi,Maha,Big Onion,2021,47.17,613.16,Dry,Supported envelope,Dry Zone,Big Onion,12.998940004239982
Kilinochchi,Maha,Carrot,2021,72.1,951.92,Dry,Supported envelope,Dry Zone,Carrot,13.202773925104022
Kilinochchi,Maha,Cassava,2021,161.71,3172.9,Dry,Supported envelope,Dry Zone,Manioc,19.62092634963824
Kilinochchi,Maha,Cassava,2021,137.31,3435.43,Dry,Supported envelope,Dry Zone,Manioc,25.019517879251328
Kilinochchi,Maha,Chilli,2021,42.22,306.92,Dry,Supported envelope,Dry Zone,Chillies (Green),7.269540502131692
Kilinochchi,Maha,Chilli,2021,38.88,283.41,Dry,Supported envelope,Dry Zone,Chillies (Green),7.289351851851852
Kilinochchi,Maha,Chilli,2021,34.18,226.22,Dry,Supported envelope,Dry Zone,Chillies (Green),6.6184903452311294
Kilinochchi,Maha,Cowpea,2021,55.42,376.37,Dry,Supported envelope,Dry Zone,Cowpea,6.791230602670516
Kilinochchi,Maha,Groundnut,2021,55.24,548.89,Dry,Supported envelope,Dry Zone,Ground Nuts,9.936459087617667
Kilinochchi,Maha,Maize,2021,95.99,1704.96,Dry,Supported envelope,Dry Zone,Maize,17.76185019272841
Kilinochchi,Maha,Potato,2021,78.83,1259.18,Dry,Supported envelope,Dry Zone,Potatoes,15.973360395788406
Kilinochchi,Maha,Red Onion,2021,85.82,821.82,Dry,Supported envelope,Dry Zone,Red Onion,9.576089489629458
Kilinochchi,Maha,Sweet Potato,2021,50.35,699.7,Dry,Supported envelope,Dry Zone,Sweet Potatoes,13.896722939424032
Kilinochchi,Maha,Turmeric,2021,58.37,602.26,Dry,Supported envelope,Dry Zone,Turmeric,10.317971560733254
Kilinochchi,Yala,Carrot,2021,86.77,1503.43,Dry,Supported envelope,Dry Zone,Carrot,17.326610579693444
Kilinochchi,Yala,Carrot,2021,109.61,1458.79,Dry,Supported envelope,Dry Zone,Carrot,13.308913420308366
Kilinochchi,Yala,Carrot,2021,77.58,1386.83,Dry,Supported envelope,Dry Zone,Carrot,17.876127868007217
Kilinochchi,Yala,Carrot,2021,71.33,1214.26,Dry,Supported envelope,Dry Zone,Carrot,17.023131922052432
Kilinochchi,Yala,Carrot,2021,61.25,707.78,Dry,Supported envelope,Dry Zone,Carrot,11.555591836734694
Kilinochchi,Yala,Cassava,2021,101.03,3175.76,Dry,Supported envelope,Dry Zone,Manioc,31.43383153518757
Kilinochchi,Yala,Chilli,2021,42.9,340.57,Dry,Supported envelope,Dry Zone,Chillies (Green),7.938694638694638
Kilinochchi,Yala,Chilli,2021,37.71,314.35,Dry,Supported envelope,Dry Zone,Chillies (Green),8.335985149827632
Kilinochchi,Yala,Chilli,2021,38.25,273.22,Dry,Supported envelope,Dry Zone,Chillies (Green),7.1430065359477135
Kilinochchi,Yala,Maize,2021,51.88,920.67,Dry,Supported envelope,Dry Zone,Maize,17.746144949884346
Kilinochchi,Yala,Potato,2021,97.98,1845.35,Dry,Supported envelope,Dry Zone,Potatoes,18.833945703204733
Kilinochchi,Yala,Turmeric,2021,40.86,382.15,Dry,Supported envelope,Dry Zone,Turmeric,9.352667645619187
Kurunegala,Maha,Carrot,2021,151.86,2518.68,Intermediate/Dry,Supported envelope,Intermediate Zone,Carrot,16.58553931252469
Kurunegala,Maha,Carrot,2021,98.06,1471.77,Intermediate/Dry,Supported envelope,Intermediate Zone,Carrot,15.008872119110748
Kurunegala,Maha,Chilli,2021,69.64,609.71,Intermediate/Dry,Supported envelope,Intermediate Zone,Chillies (Green),8.755169442848938
Kurunegala,Maha,Chilli,2021,56.82,416.96,Intermediate/Dry,Supported envelope,Intermediate Zone,Chillies (Green),7.338261175642379
Kurunegala,Maha,Chilli,2021,62.86,517.89,Intermediate/Dry,Supported envelope,Intermediate Zone,Chillies (Green),8.238784600699969
Kurunegala,Maha,Ginger,2021,108.49,1179.85,Intermediate/Dry,Supported envelope,Intermediate Zone,Ginger,10.87519587058715
Kurunegala,Maha,Ginger,2021,75.36,934.09,Intermediate/Dry,Supported envelope,Intermediate Zone,Ginger,12.395037154989385
Kurunegala,Maha,Pineapple,2021,148.69,3240.98,Intermediate/Dry,Supported envelope,Intermediate Zone,Pineapple,21.796892864348646
Kurunegala,Maha,Pineapple,2021,132.69,3558.53,Intermediate/Dry,Supported envelope,Intermediate Zone,Pineapple,26.818373652875124
Kurunegala,Maha,Potato,2021,76.9,1321.97,Intermediate/Dry,Supported envelope,Intermediate Zone,Potatoes,17.19076723016905
Kurunegala,Yala,Big Onion,2021,60.58,640.27,Intermediate/Dry,Supported envelope,Intermediate Zone,Big Onion,10.568999669858039
Kurunegala,Yala,Cassava,2021,192.61,4254.08,Intermediate/Dry,Supported envelope,Intermediate Zone,Manioc,22.086496028243598
Kurunegala,Yala,Chilli,2021,57.07,441.52,Intermediate/Dry,Supported envelope,Intermediate Zone,Chillies (Green),7.736463991589276
Kurunegala,Yala,Chilli,2021,57.96,481.87,Intermediate/Dry,Supported envelope,Intermediate Zone,Chillies (Green),8.31383712905452
Kurunegala,Yala,Cowpea,2021,90.19,596.83,Intermediate/Dry,Supported envelope,Intermediate Zone,Cowpea,6.617474221088814
Kurunegala,Yala,Cowpea,2021,57.11,408.69,Intermediate/Dry,Supported envelope,Intermediate Zone,Cowpea,7.156189809140256
Kurunegala,Yala,Ginger,2021,113.76,1323.86,Intermediate/Dry,Supported envelope,Intermediate Zone,Ginger,11.637306610407874
Kurunegala,Yala,Pineapple,2021,160.43,3710.66,Intermediate/Dry,Supported envelope,Intermediate Zone,Pineapple,23.12946456398429
Kurunegala,Yala,Red Onion,2021,61.62,600.93,Intermediate/Dry,Supported envelope,Intermediate Zone,Red Onion,9.752190847127556
Kurunegala,Yala,Sweet Potato,2021,110.14,1502.24,Intermediate/Dry,Supported envelope,Intermediate Zone,Sweet Potatoes,13.639368076992918
Mannar,Maha,Carrot,2021,118.14,1820.16,Dry,Supported envelope,Dry Zone,Carrot,15.406805485017776
Mannar,Maha,Carrot,2021,157.84,2686.78,Dry,Supported envelope,Dry Zone,Carrot,17.022174353775977
Mannar,Maha,Chilli,2021,66.9,510.7,Dry,Supported envelope,Dry Zone,Chillies (Green),7.633781763826606
Mannar,Maha,Chilli,2021,67.5,497.04,Dry,Supported envelope,Dry Zone,Chillies (Green),7.363555555555556
Mannar,Maha,Chilli,2021,78.85,744.85,Dry,Supported envelope,Dry Zone,Chillies (Green),9.446417247939126
Mannar,Maha,Ginger,2021,92.55,1051.03,Dry,Supported envelope,Dry Zone,Ginger,11.35634792004322
Mannar,Maha,Groundnut,2021,72.61,561.56,Dry,Supported envelope,Dry Zone,Ground Nuts,7.733920947527888
Mannar,Maha,Potato,2021,111.92,2216.76,Dry,Supported envelope,Dry Zone,Potatoes,19.806647605432453
Mannar,Maha,Red Onion,2021,102.68,1066.62,Dry,Supported envelope,Dry Zone,Red Onion,10.387806778340474
Mannar,Yala,Big Onion,2021,99.95,1117.84,Dry,Supported envelope,Dry Zone,Big Onion,11.183991995997998
Mannar,Yala,Chilli,2021,88.74,610.37,Dry,Supported envelope,Dry Zone,Chillies (Green),6.878183457290962
Mannar,Yala,Chilli,2021,79.99,738.17,Dry,Supported envelope,Dry Zone,Chillies (Green),9.228278534816852
Mannar,Yala,Ginger,2021,65.68,669.78,Dry,Supported envelope,Dry Zone,Ginger,10.19762484774665
Mannar,Yala,Maize,2021,127.48,2092.08,Dry,Supported envelope,Dry Zone,Maize,16.411044869783495
Mannar,Yala,Maize,2021,97.44,1372.81,Dry,Supported envelope,Dry Zone,Maize,14.088772577996716
Mannar,Yala,Potato,2021,86.34,1780.89,Dry,Supported envelope,Dry Zone,Potatoes,20.626476719944407
Mannar,Yala,Red Onion,2021,105.58,926.53,Dry,Supported envelope,Dry Zone,Red Onion,8.77562038264823
Mannar,Yala,Sweet Potato,2021,132.43,1826.96,Dry,Supported envelope,Dry Zone,Sweet Potatoes,13.795665634674922
Mannar,Yala,Sweet Potato,2021,178.01,2635.49,Dry,Supported envelope,Dry Zone,Sweet Potatoes,14.805291837537217
Mannar,Yala,Turmeric,2021,84.79,766.63,Dry,Supported envelope,Dry Zone,Turmeric,9.04151432951999
Mannar,Yala,Turmeric,2021,56.77,658.29,Dry,Supported envelope,Dry Zone,Turmeric,11.595737185132991
Matale,Maha,Beans,2021,44.03,437.85,Intermediate/Up-country,Supported envelope,Intermediate Zone,Beans,9.94435612082671
Matale,Maha,Beans,2021,59.49,491.05,Intermediate/Up-country,Supported envelope,Intermediate Zone,Beans,8.254328458564464
Matale,Maha,Beans,2021,72.93,827.79,Intermediate/Up-country,Supported envelope,Intermediate Zone,Beans,11.350473056355408
Matale,Maha,Big Onion,2021,161.65,1746.98,Intermediate/Up-country,Supported envelope,Intermediate Zone,Big Onion,10.807175997525517
Matale,Maha,Carrot,2021,90.68,1488.09,Intermediate/Up-country,Supported envelope,Intermediate Zone,Carrot,16.41034406704896
Matale,Maha,Carrot,2021,138.54,1850.43,Intermediate/Up-country,Supported envelope,Intermediate Zone,Carrot,13.356647899523605
Matale,Maha,Cassava,2021,131.57,3777.08,Intermediate/Up-country,Supported envelope,Intermediate Zone,Manioc,28.707760127688683
Matale,Maha,Cowpea,2021,67.84,504.13,Intermediate/Up-country,Supported envelope,Intermediate Zone,Cowpea,7.431161556603773
Matale,Maha,Ginger,2021,62.56,601.06,Intermediate/Up-country,Supported envelope,Intermediate Zone,Ginger,9.607736572890024
Matale,Maha,Ginger,2021,78.93,743.59,Intermediate/Up-country,Supported envelope,Intermediate Zone,Ginger,9.42087926010389
Matale,Maha,Leeks,2021,61.42,669.91,Intermediate/Up-country,Supported envelope,Intermediate Zone,Leeks,10.90703353956366
Matale,Maha,Maize,2021,99.39,1742.08,Intermediate/Up-country,Supported envelope,Intermediate Zone,Maize,17.527719086427204
Matale,Maha,Pepper,2021,23.16,104.85,Intermediate/Up-country,Supported envelope,Intermediate Zone,Pepper,4.52720207253886
Matale,Maha,Pepper,2021,44.54,221.8,Intermediate/Up-country,Supported envelope,Intermediate Zone,Pepper,4.979793444095196
Matale,Maha,Red Onion,2021,40.94,345.82,Intermediate/Up-country,Supported envelope,Intermediate Zone,Red Onion,8.446995603321934
Matale,Yala,Beans,2021,81.9,991.94,Intermediate/Up-country,Supported envelope,Intermediate Zone,Beans,12.111599511599511
Matale,Yala,Beans,2021,46.02,335.09,Intermediate/Up-country,Supported envelope,Intermediate Zone,Beans,7.281399391568882
Matale,Yala,Beans,2021,46.14,375.36,Intermediate/Up-country,Supported envelope,Intermediate Zone,Beans,8.135240572171652
Matale,Yala,Carrot,2021,99.11,1546.1,Intermediate/Up-country,Supported envelope,Intermediate Zone,Carrot,15.599838563212591
Matale,Yala,Carrot,2021,129.12,1974.78,Intermediate/Up-country,Supported envelope,Intermediate Zone,Carrot,15.29414498141264
Matale,Yala,Chilli,2021,68.59,502.95,Intermediate/Up-country,Supported envelope,Intermediate Zone,Chillies (Green),7.332701559994168
Matale,Yala,Chilli,2021,61.95,532.78,Intermediate/Up-country,Supported envelope,Intermediate Zone,Chillies (Green),8.600161420500402
Matale,Yala,Chilli,2021,36.7,377.91,Intermediate/Up-country,Supported envelope,Intermediate Zone,Chillies (Green),10.297275204359673
Matale,Yala,Chilli,2021,74.83,616.37,Intermediate/Up-country,Supported envelope,Intermediate Zone,Chillies (Green),8.236937057329948
Matale,Yala,Groundnut,2021,48.31,483.46,Intermediate/Up-country,Supported envelope,Intermediate Zone,Ground Nuts,10.007451873318153
Matale,Yala,Leeks,2021,68.6,799.76,Intermediate/Up-country,Supported envelope,Intermediate Zone,Leeks,11.658309037900876
Matale,Yala,Pepper,2021,34.64,174.48,Intermediate/Up-country,Supported envelope,Intermediate Zone,Pepper,5.036951501154734
Matale,Yala,Sweet Potato,2021,101.86,1428.22,Intermediate/Up-country,Supported envelope,Intermediate Zone,Sweet Potatoes,14.0214019242097
Matale,Yala,Tea,2021,147.79,3552.84,Intermediate/Up-country,Supported envelope,Intermediate Zone,Tea,24.03978618309764
Matale,Yala,Tea,2021,130.79,4926.18,Intermediate/Up-country,Supported envelope,Intermediate Zone,Tea,37.664806177842344
Matara,Maha,Big Onion,2021,124.07,1260.78,Wet,Supported envelope,Wet Zone,Big Onion,10.161844120254695
Matara,Maha,Big Onion,2021,67.93,717.57,Wet,Supported envelope,Wet Zone,Big Onion,10.563374061533931
Matara,Maha,Carrot,2021,161.34,2264.46,Wet,Supported envelope,Wet Zone,Carrot,14.035329118631461
Matara,Maha,Chilli,2021,84.82,585.41,Wet,Supported envelope,Wet Zone,Chillies (Green),6.901792030181561
Matara,Maha,Chilli,2021,73.73,641.89,Wet,Supported envelope,Wet Zone,Chillies (Green),8.70595415705954
Matara,Maha,Chilli,2021,53.83,433.97,Wet,Supported envelope,Wet Zone,Chillies (Green),8.061861415567527
Matara,Maha,Chilli,2021,39.1,299.19,Wet,Supported envelope,Wet Zone,Chillies (Green),7.651918158567774
Matara,Maha,Chilli,2021,59.67,432.17,Wet,Supported envelope,Wet Zone,Chillies (Green),7.24266800737389
Matara,Maha,Chilli,2021,49.97,429.6,Wet,Supported envelope,Wet Zone,Chillies (Green),8.597158294976987
Matara,Maha,Cowpea,2021,102.17,953.31,Wet,Supported envelope,Wet Zone,Cowpea,9.330625428207888
Matara,Maha,Maize,2021,188.09,2926.73,Wet,Supported envelope,Wet Zone,Maize,15.560263703546175
Matara,Maha,Tea,2021,197.62,4613.44,Wet,Supported envelope,Wet Zone,Tea,23.345005566238232
Matara,Yala,Carrot,2021,163.05,2411.48,Wet,Supported envelope,Wet Zone,Carrot,14.78981907390371
Matara,Yala,Carrot,2021,152.11,2669.64,Wet,Supported envelope,Wet Zone,Carrot,17.550719873775556
Matara,Yala,Carrot,2021,119.57,1602.06,Wet,Supported envelope,Wet Zone,Carrot,13.398511332273982
Matara,Yala,Cassava,2021,175.03,4200.12,Wet,Supported envelope,Wet Zone,Manioc,23.996572016225787
Matara,Yala,Chilli,2021,64.21,533.23,Wet,Supported envelope,Wet Zone,Chillies (Green),8.304469708768107
Matara,Yala,Chilli,2021,79.38,655.64,Wet,Supported envelope,Wet Zone,Chillies (Green),8.259511211892164
Matara,Yala,Groundnut,2021,64.57,752.69,Wet,Supported envelope,Wet Zone,Ground Nuts,11.65696143719994
Matara,Yala,Pepper,2021,48.12,194.1,Wet,Supported envelope,Wet Zone,Pepper,4.033665835411472
Mullaitivu,Maha,Big Onion,2021,95.24,907.56,Dry,Supported envelope,Dry Zone,Big Onion,9.529189416211675
Mullaitivu,Maha,Big Onion,2021,141.07,1438.84,Dry,Supported envelope,Dry Zone,Big Onion,10.199475437725951
Mullaitivu,Maha,Carrot,2021,90.96,1726.94,Dry,Supported envelope,Dry Zone,Carrot,18.98570800351803
Mullaitivu,Maha,Carrot,2021,114.55,1672.97,Dry,Supported envelope,Dry Zone,Carrot,14.60471409864688
Mullaitivu,Maha,Carrot,2021,214.36,2460.72,Dry,Supported envelope,Dry Zone,Carrot,11.479380481433102
Mullaitivu,Maha,Cassava,2021,230.8,7040.36,Dry,Supported envelope,Dry Zone,Manioc,30.504159445407275
Mullaitivu,Maha,Cassava,2021,167.45,3608.29,Dry,Supported envelope,Dry Zone,Manioc,21.548462227530607
Mullaitivu,Maha,Chilli,2021,85.51,570.4,Dry,Supported envelope,Dry Zone,Chillies (Green),6.670564846216816
Mullaitivu,Maha,Ginger,2021,93.53,1133.78,Dry,Supported envelope,Dry Zone,Ginger,12.122099861007163
Mullaitivu,Maha,Green Gram,2021,66.82,490.82,Dry,Supported envelope,Dry Zone,Green Gram,7.345405567195451
Mullaitivu,Maha,Groundnut,2021,80.95,707.03,Dry,Supported envelope,Dry Zone,Ground Nuts,8.734156886967263
Mullaitivu,Maha,Red Onion,2021,110.3,958.56,Dry,Supported envelope,Dry Zone,Red Onion,8.690480507706255
Mullaitivu,Maha,Sweet Potato,2021,81.62,1039.42,Dry,Supported envelope,Dry Zone,Sweet Potatoes,12.734868904680226
Mullaitivu,Maha,Sweet Potato,2021,148.25,2436.4,Dry,Supported envelope,Dry Zone,Sweet Potatoes,16.434401349072512
Mullaitivu,Maha,Sweet Potato,2021,102.52,1290.08,Dry,Supported envelope,Dry Zone,Sweet Potatoes,12.583690987124463
Mullaitivu,Yala,Carrot,2021,154.75,2560.22,Dry,Supported envelope,Dry Zone,Carrot,16.54423263327948
Mullaitivu,Yala,Carrot,2021,151.36,2086.8,Dry,Supported envelope,Dry Zone,Carrot,13.786997885835095
Mullaitivu,Yala,Carrot,2021,111.04,1536.37,Dry,Supported envelope,Dry Zone,Carrot,13.83618515850144
Mullaitivu,Yala,Chilli,2021,89.0,861.3,Dry,Supported envelope,Dry Zone,Chillies (Green),9.67752808988764
Mullaitivu,Yala,Maize,2021,138.42,2023.88,Dry,Supported envelope,Dry Zone,Maize,14.621297500361221
Mullaitivu,Yala,Maize,2021,132.13,2421.83,Dry,Supported envelope,Dry Zone,Maize,18.329145538484827
Mullaitivu,Yala,Maize,2021,181.27,2754.9,Dry,Supported envelope,Dry Zone,Maize,15.197771280410437
Mullaitivu,Yala,Potato,2021,134.72,2800.58,Dry,Supported envelope,Dry Zone,Potatoes,20.78815320665083
Mullaitivu,Yala,Red Onion,2021,101.15,855.64,Dry,Supported envelope,Dry Zone,Red Onion,8.459120118635688
Mullaitivu,Yala,Sweet Potato,2021,173.68,2569.54,Dry,Supported envelope,Dry Zone,Sweet Potatoes,14.794679871027176
Nuwara Eliya,Maha,Carrot,2021,132.66,2278.05,Up-country Wet,Supported envelope,Up Country Wet Zone,Carrot,17.17209407507915
Nuwara Eliya,Maha,Carrot,2021,205.41,2959.24,Up-country Wet,Supported envelope,Up Country Wet Zone,Carrot,14.40650406504065
Nuwara Eliya,Maha,Carrot,2021,153.36,2141.43,Up-country Wet,Supported envelope,Up Country Wet Zone,Carrot,13.963419405320812
Nuwara Eliya,Maha,Cauliflower,2021,64.08,772.72,Up-country Wet,Supported envelope,Up Country Wet Zone,Cauliflower,12.058676654182273
Nuwara Eliya,Maha,Chilli,2021,47.95,479.18,Up-country Wet,Supported envelope,Up Country Wet Zone,Chillies (Green),9.993326381647549
Nuwara Eliya,Maha,Chilli,2021,77.82,540.31,Up-country Wet,Supported envelope,Up Country Wet Zone,Chillies (Green),6.943073759958879
Nuwara Eliya,Maha,Chilli,2021,47.29,298.68,Up-country Wet,Supported envelope,Up Country Wet Zone,Chillies (Green),6.315923028124339
Nuwara Eliya,Maha,Cowpea,2021,45.9,300.9,Up-country Wet,Supported envelope,Up Country Wet Zone,Cowpea,6.555555555555555
Nuwara Eliya,Maha,Ginger,2021,59.77,793.48,Up-country Wet,Supported envelope,Up Country Wet Zone,Ginger,13.275556299146729
Nuwara Eliya,Maha,Groundnut,2021,49.78,513.84,Up-country Wet,Supported envelope,Up Country Wet Zone,Ground Nuts,10.322217758135798
Nuwara Eliya,Maha,Leeks,2021,119.22,1530.57,Up-country Wet,Supported envelope,Up Country Wet Zone,Leeks,12.838198288877704
Nuwara Eliya,Maha,Leeks,2021,138.05,1475.38,Up-country Wet,Supported envelope,Up Country Wet Zone,Leeks,10.687287214777255
Nuwara Eliya,Maha,Leeks,2021,157.39,2338.78,Up-country Wet,Supported envelope,Up Country Wet Zone,Leeks,14.85977508100896
Nuwara Eliya,Maha,Sweet Potato,2021,128.79,1605.7,Up-country Wet,Supported envelope,Up Country Wet Zone,Sweet Potatoes,12.4675828868701
Nuwara Eliya,Maha,Tea,2021,318.86,6488.08,Up-country Wet,Supported envelope,Up Country Wet Zone,Tea,20.347738819544627
Nuwara Eliya,Maha,Turmeric,2021,61.07,627.67,Up-country Wet,Supported envelope,Up Country Wet Zone,Turmeric,10.27787784509579
Nuwara Eliya,Maha,Turmeric,2021,92.87,855.93,Up-country Wet,Supported envelope,Up Country Wet Zone,Turmeric,9.216431571013244
Nuwara Eliya,Maha,Turmeric,2021,56.2,579.94,Up-country Wet,Supported envelope,Up Country Wet Zone,Turmeric,10.319217081850534
Nuwara Eliya,Yala,Beans,2021,144.71,1415.07,Up-country Wet,Supported envelope,Up Country Wet Zone,Beans,9.778660769815492
Nuwara Eliya,Yala,Beans,2021,97.32,992.32,Up-country Wet,Supported envelope,Up Country Wet Zone,Beans,10.196465269214961
Nuwara Eliya,Yala,Carrot,2021,123.75,1937.24,Up-country Wet,Supported envelope,Up Country Wet Zone,Carrot,15.654464646464646
Nuwara Eliya,Yala,Carrot,2021,163.02,2327.87,Up-country Wet,Supported envelope,Up Country Wet Zone,Carrot,14.279658937553673
Nuwara Eliya,Yala,Carrot,2021,179.48,2337.58,Up-country Wet,Supported envelope,Up Country Wet Zone,Carrot,13.02418096723869
Nuwara Eliya,Yala,Chilli,2021,59.32,443.54,Up-country Wet,Supported envelope,Up Country Wet Zone,Chillies (Green),7.477073499662846
Nuwara Eliya,Yala,Cowpea,2021,48.42,426.08,Up-country Wet,Supported envelope,Up Country Wet Zone,Cowpea,8.79966955803387
Nuwara Eliya,Yala,Cowpea,2021,69.78,552.51,Up-country Wet,Supported envelope,Up Country Wet Zone,Cowpea,7.917884780739467
Nuwara Eliya,Yala,Ginger,2021,68.11,720.11,Up-country Wet,Supported envelope,Up Country Wet Zone,Ginger,10.57274996329467
Nuwara Eliya,Yala,Ginger,2021,63.93,722.96,Up-country Wet,Supported envelope,Up Country Wet Zone,Ginger,11.308618801814486
Nuwara Eliya,Yala,Leeks,2021,130.05,1202.27,Up-country Wet,Supported envelope,Up Country Wet Zone,Leeks,9.244675124951941
Nuwara Eliya,Yala,Leeks,2021,159.86,2106.84,Up-country Wet,Supported envelope,Up Country Wet Zone,Leeks,13.179281871637682
Nuwara Eliya,Yala,Leeks,2021,86.03,983.02,Up-country Wet,Supported envelope,Up Country Wet Zone,Leeks,11.4264791351854
Nuwara Eliya,Yala,Maize,2021,82.64,1364.8,Up-country Wet,Supported envelope,Up Country Wet Zone,Maize,16.515004840271054
Nuwara Eliya,Yala,Pepper,2021,37.83,191.84,Up-country Wet,Supported envelope,Up Country Wet Zone,Pepper,5.071107586571505
Nuwara Eliya,Yala,Potato,2021,133.17,2746.05,Up-country Wet,Supported envelope,Up Country Wet Zone,Potatoes,20.62063527821582
Nuwara Eliya,Yala,Red Onion,2021,47.8,458.79,Up-country Wet,Supported envelope,Up Country Wet Zone,Red Onion,9.598117154811716
Nuwara Eliya,Yala,Red Onion,2021,68.1,650.68,Up-country Wet,Supported envelope,Up Country Wet Zone,Red Onion,9.554772393538913
Nuwara Eliya,Yala,Tea,2021,285.83,8706.57,Up-country Wet,Supported envelope,Up Country Wet Zone,Tea,30.4606584333345
Polonnaruwa,Maha,Carrot,2021,108.7,1810.67,Dry,Supported envelope,Dry Zone,Carrot,16.657497700091998
Polonnaruwa,Maha,Carrot,2021,76.66,873.39,Dry,Supported envelope,Dry Zone,Carrot,11.393034176884948
Polonnaruwa,Maha,Chilli,2021,67.7,609.86,Dry,Supported envelope,Dry Zone,Chillies (Green),9.008271787296898
Polonnaruwa,Maha,Chilli,2021,70.01,534.08,Dry,Supported envelope,Dry Zone,Chillies (Green),7.628624482216826
Polonnaruwa,Maha,Chilli,2021,34.88,271.19,Dry,Supported envelope,Dry Zone,Chillies (Green),7.774942660550458
Polonnaruwa,Maha,Cowpea,2021,57.25,491.04,Dry,Supported envelope,Dry Zone,Cowpea,8.577117903930132
Polonnaruwa,Maha,Cowpea,2021,108.01,724.33,Dry,Supported envelope,Dry Zone,Cowpea,6.706138320525877
Polonnaruwa,Maha,Ginger,2021,143.77,1833.13,Dry,Supported envelope,Dry Zone,Ginger,12.750434722125616
Polonnaruwa,Maha,Groundnut,2021,68.17,617.34,Dry,Supported envelope,Dry Zone,Ground Nuts,9.055889687545841
Polonnaruwa,Maha,Maize,2021,129.35,2474.91,Dry,Supported envelope,Dry Zone,Maize,19.133436412833397
Polonnaruwa,Maha,Potato,2021,108.49,1613.62,Dry,Supported envelope,Dry Zone,Potatoes,14.873444557102037
Polonnaruwa,Maha,Potato,2021,177.19,2990.14,Dry,Supported envelope,Dry Zone,Potatoes,16.875331564986737
Polonnaruwa,Maha,Red Onion,2021,84.27,766.3,Dry,Supported envelope,Dry Zone,Red Onion,9.093390293105495
Polonnaruwa,Yala,Carrot,2021,107.67,1712.83,Dry,Supported envelope,Dry Zone,Carrot,15.908145258660722
Polonnaruwa,Yala,Carrot,2021,83.59,1214.42,Dry,Supported envelope,Dry Zone,Carrot,14.528292857997368
Polonnaruwa,Yala,Cassava,2021,198.61,4335.13,Dry,Supported envelope,Dry Zone,Manioc,21.827350083077388
Polonnaruwa,Yala,Chilli,2021,57.06,339.6,Dry,Supported envelope,Dry Zone,Chillies (Green),5.951629863301788
Polonnaruwa,Yala,Cowpea,2021,56.75,385.22,Dry,Supported envelope,Dry Zone,Cowpea,6.788017621145375
Polonnaruwa,Yala,Ginger,2021,102.05,1058.07,Dry,Supported envelope,Dry Zone,Ginger,10.368152866242038
Polonnaruwa,Yala,Groundnut,2021,90.78,821.66,Dry,Supported envelope,Dry Zone,Ground Nuts,9.051112579863405
Polonnaruwa,Yala,Maize,2021,136.66,1965.76,Dry,Supported envelope,Dry Zone,Maize,14.384311429825846
Polonnaruwa,Yala,Turmeric,2021,89.74,1036.39,Dry,Supported envelope,Dry Zone,Turmeric,11.54880766659238
Puttalam,Maha,Carrot,2021,111.52,1687.12,Dry/Intermediate,Supported envelope,Dry Zone,Carrot,15.128407460545192
Puttalam,Maha,Carrot,2021,116.08,2011.54,Dry/Intermediate,Supported envelope,Dry Zone,Carrot,17.328911095796002
Puttalam,Maha,Carrot,2021,75.4,1364.47,Dry/Intermediate,Supported envelope,Dry Zone,Carrot,18.096419098143237
Puttalam,Maha,Carrot,2021,136.24,2488.25,Dry/Intermediate,Supported envelope,Dry Zone,Carrot,18.263725778038754
Puttalam,Maha,Chilli,2021,73.45,542.26,Dry/Intermediate,Supported envelope,Dry Zone,Chillies (Green),7.382709326072158
Puttalam,Maha,Chilli,2021,55.62,422.13,Dry/Intermediate,Supported envelope,Dry Zone,Chillies (Green),7.589536138079827
Puttalam,Maha,Chilli,2021,69.11,511.88,Dry/Intermediate,Supported envelope,Dry Zone,Chillies (Green),7.406742873679641
Puttalam,Maha,Ginger,2021,79.5,803.18,Dry/Intermediate,Supported envelope,Dry Zone,Ginger,10.102893081761005
Puttalam,Maha,Green Gram,2021,67.75,543.84,Dry/Intermediate,Supported envelope,Dry Zone,Green Gram,8.027158671586717
Puttalam,Maha,Potato,2021,128.93,1983.09,Dry/Intermediate,Supported envelope,Dry Zone,Potatoes,15.381137051113006
Puttalam,Maha,Sweet Potato,2021,102.6,1459.84,Dry/Intermediate,Supported envelope,Dry Zone,Sweet Potatoes,14.228460038986356
Puttalam,Maha,Turmeric,2021,87.28,930.66,Dry/Intermediate,Supported envelope,Dry Zone,Turmeric,10.662923923006415
Puttalam,Yala,Chilli,2021,65.01,494.73,Dry/Intermediate,Supported envelope,Dry Zone,Chillies (Green),7.61005999077065
Puttalam,Yala,Chilli,2021,62.31,540.32,Dry/Intermediate,Supported envelope,Dry Zone,Chillies (Green),8.671481303161611
Puttalam,Yala,Green Gram,2021,54.48,445.99,Dry/Intermediate,Supported envelope,Dry Zone,Green Gram,8.186306901615271
Puttalam,Yala,Groundnut,2021,87.12,824.54,Dry/Intermediate,Supported envelope,Dry Zone,Ground Nuts,9.464416896235077
Puttalam,Yala,Groundnut,2021,66.41,589.14,Dry/Intermediate,Supported envelope,Dry Zone,Ground Nuts,8.871254329167295
Puttalam,Yala,Potato,2021,120.53,2059.89,Dry/Intermediate,Supported envelope,Dry Zone,Potatoes,17.090267983074753
Puttalam,Yala,Red Onion,2021,60.38,654.7,Dry/Intermediate,Supported envelope,Dry Zone,Red Onion,10.842994368996356
Puttalam,Yala,Sweet Potato,2021,98.04,1407.1,Dry/Intermediate,Supported envelope,Dry Zone,Sweet Potatoes,14.352305181558545
Ratnapura,Maha,Beans,2021,32.91,272.48,Wet/Intermediate,Supported envelope,Wet Zone,Beans,8.27955028866606
Ratnapura,Maha,Beans,2021,40.63,404.24,Wet/Intermediate,Supported envelope,Wet Zone,Beans,9.949298547871031
Ratnapura,Maha,Beans,2021,79.92,745.35,Wet/Intermediate,Supported envelope,Wet Zone,Beans,9.3262012012012
Ratnapura,Maha,Big Onion,2021,76.89,941.81,Wet/Intermediate,Supported envelope,Wet Zone,Big Onion,12.248796982702562
Ratnapura,Maha,Carrot,2021,69.88,1111.02,Wet/Intermediate,Supported envelope,Wet Zone,Carrot,15.898969662278192
Ratnapura,Maha,Carrot,2021,108.69,1744.32,Wet/Intermediate,Supported envelope,Wet Zone,Carrot,16.048578526083357
Ratnapura,Maha,Carrot,2021,71.88,999.52,Wet/Intermediate,Supported envelope,Wet Zone,Carrot,13.905397885364497
Ratnapura,Maha,Carrot,2021,47.66,924.05,Wet/Intermediate,Supported envelope,Wet Zone,Carrot,19.38837599664289
Ratnapura,Maha,Chilli,2021,74.16,470.87,Wet/Intermediate,Supported envelope,Wet Zone,Chillies (Green),6.349379719525351
Ratnapura,Maha,Chilli,2021,52.86,388.39,Wet/Intermediate,Supported envelope,Wet Zone,Chillies (Green),7.347521755580779
Ratnapura,Maha,Chilli,2021,47.26,364.51,Wet/Intermediate,Supported envelope,Wet Zone,Chillies (Green),7.712865002115954
Ratnapura,Maha,Chilli,2021,46.51,398.29,Wet/Intermediate,Supported envelope,Wet Zone,Chillies (Green),8.56353472371533
Ratnapura,Maha,Cinnamon,2021,45.5,203.13,Wet/Intermediate,Supported envelope,Wet Zone,Cinnamon,4.464395604395604
Ratnapura,Maha,Cinnamon,2021,31.2,133.54,Wet/Intermediate,Supported envelope,Wet Zone,Cinnamon,4.280128205128205
Ratnapura,Maha,Cowpea,2021,73.56,517.63,Wet/Intermediate,Supported envelope,Wet Zone,Cowpea,7.0368406742794996
Ratnapura,Maha,Cowpea,2021,57.88,367.43,Wet/Intermediate,Supported envelope,Wet Zone,Cowpea,6.34813407049067
Ratnapura,Maha,Red Onion,2021,67.58,638.87,Wet/Intermediate,Supported envelope,Wet Zone,Red Onion,9.453536549274935
Ratnapura,Maha,Sweet Potato,2021,55.92,781.73,Wet/Intermediate,Supported envelope,Wet Zone,Sweet Potatoes,13.979434907010015
Ratnapura,Maha,Tea,2021,215.53,6139.96,Wet/Intermediate,Supported envelope,Wet Zone,Tea,28.48772792650675
Ratnapura,Maha,Tea,2021,202.57,5666.25,Wet/Intermediate,Supported envelope,Wet Zone,Tea,27.97181221306215
Ratnapura,Yala,Beans,2021,56.93,540.7,Wet/Intermediate,Supported envelope,Wet Zone,Beans,9.49762866678377
Ratnapura,Yala,Carrot,2021,76.88,1317.0,Wet/Intermediate,Supported envelope,Wet Zone,Carrot,17.130593132154008
Ratnapura,Yala,Chilli,2021,47.24,335.07,Wet/Intermediate,Supported envelope,Wet Zone,Chillies (Green),7.092929720575783
Ratnapura,Yala,Chilli,2021,37.84,312.58,Wet/Intermediate,Supported envelope,Wet Zone,Chillies (Green),8.260570824524311
Ratnapura,Yala,Green Gram,2021,54.76,402.98,Wet/Intermediate,Supported envelope,Wet Zone,Green Gram,7.359021183345508
Ratnapura,Yala,Green Gram,2021,32.97,274.57,Wet/Intermediate,Supported envelope,Wet Zone,Green Gram,8.327873824689112
Ratnapura,Yala,Pepper,2021,56.89,297.73,Wet/Intermediate,Supported envelope,Wet Zone,Pepper,5.233432940762876
Ratnapura,Yala,Sweet Potato,2021,60.38,758.25,Wet/Intermediate,Supported envelope,Wet Zone,Sweet Potatoes,12.557966213978139
Ratnapura,Yala,Tea,2021,131.46,2932.69,Wet/Intermediate,Supported envelope,Wet Zone,Tea,22.30861098432983
Ratnapura,Yala,Tea,2021,138.3,3851.65,Wet/Intermediate,Supported envelope,Wet Zone,Tea,27.84996384671005
Trincomalee,Maha,Carrot,2021,105.69,1218.47,Dry,Supported envelope,Dry Zone,Carrot,11.528716056391334
Trincomalee,Maha,Carrot,2021,77.17,1205.39,Dry,Supported envelope,Dry Zone,Carrot,15.619930024620968
Trincomalee,Maha,Carrot,2021,83.91,1429.12,Dry,Supported envelope,Dry Zone,Carrot,17.03158145632225
Trincomalee,Maha,Carrot,2021,107.77,1939.06,Dry,Supported envelope,Dry Zone,Carrot,17.99257678389162
Trincomalee,Maha,Carrot,2021,93.92,1452.64,Dry,Supported envelope,Dry Zone,Carrot,15.466780238500853
Trincomalee,Maha,Carrot,2021,98.75,1548.41,Dry,Supported envelope,Dry Zone,Carrot,15.680101265822787
Trincomalee,Maha,Cassava,2021,159.5,3953.78,Dry,Supported envelope,Dry Zone,Manioc,24.78858934169279
Trincomalee,Maha,Chilli,2021,39.94,308.98,Dry,Supported envelope,Dry Zone,Chillies (Green),7.736104156234353
Trincomalee,Maha,Cowpea,2021,45.82,327.38,Dry,Supported envelope,Dry Zone,Cowpea,7.144914884329987
Trincomalee,Maha,Cowpea,2021,41.99,337.74,Dry,Supported envelope,Dry Zone,Cowpea,8.043343653250774
Trincomalee,Maha,Ginger,2021,94.87,975.51,Dry,Supported envelope,Dry Zone,Ginger,10.28259723832613
Trincomalee,Maha,Groundnut,2021,56.25,514.73,Dry,Supported envelope,Dry Zone,Ground Nuts,9.150755555555556
Trincomalee,Maha,Groundnut,2021,78.81,767.59,Dry,Supported envelope,Dry Zone,Ground Nuts,9.739753838345388
Trincomalee,Maha,Groundnut,2021,73.52,810.96,Dry,Supported envelope,Dry Zone,Ground Nuts,11.030467899891187
Trincomalee,Maha,Potato,2021,110.4,2121.2,Dry,Supported envelope,Dry Zone,Potatoes,19.213768115942027
Trincomalee,Maha,Red Onion,2021,65.16,751.04,Dry,Supported envelope,Dry Zone,Red Onion,11.52608962553714
Trincomalee,Yala,Chilli,2021,46.85,386.19,Dry,Supported envelope,Dry Zone,Chillies (Green),8.243116328708645
Trincomalee,Yala,Chilli,2021,56.52,400.56,Dry,Supported envelope,Dry Zone,Chillies (Green),7.087048832271762
Trincomalee,Yala,Sweet Potato,2021,92.08,1386.03,Dry,Supported envelope,Dry Zone,Sweet Potatoes,15.05245438748914
Trincomalee,Yala,Turmeric,2021,90.01,897.78,Dry,Supported envelope,Dry Zone,Turmeric,9.974225086101544
Vavuniya,Maha,Big Onion,2021,56.22,562.87,Dry,Supported envelope,Dry Zone,Big Onion,10.01191746709356
Vavuniya,Maha,Big Onion,2021,62.83,771.04,Dry,Supported envelope,Dry Zone,Big Onion,12.271844660194175
Vavuniya,Maha,Carrot,2021,113.65,1760.89,Dry,Supported envelope,Dry Zone,Carrot,15.493972723273208
Vavuniya,Maha,Carrot,2021,63.58,949.15,Dry,Supported envelope,Dry Zone,Carrot,14.928436615287826
Vavuniya,Maha,Cassava,2021,155.05,3544.86,Dry,Supported envelope,Dry Zone,Manioc,22.86268945501451
Vavuniya,Maha,Cassava,2021,164.74,4020.02,Dry,Supported envelope,Dry Zone,Manioc,24.40220954230909
Vavuniya,Maha,Chilli,2021,43.05,317.62,Dry,Supported envelope,Dry Zone,Chillies (Green),7.377932636469223
Vavuniya,Maha,Cowpea,2021,68.88,468.5,Dry,Supported envelope,Dry Zone,Cowpea,6.801684088269455
Vavuniya,Maha,Maize,2021,96.13,1350.47,Dry,Supported envelope,Dry Zone,Maize,14.048371996255073
Vavuniya,Yala,Big Onion,2021,57.37,636.86,Dry,Supported envelope,Dry Zone,Big Onion,11.100923827784557
Vavuniya,Yala,Big Onion,2021,47.15,479.06,Dry,Supported envelope,Dry Zone,Big Onion,10.16033934252386
Vavuniya,Yala,Carrot,2021,78.9,1322.03,Dry,Supported envelope,Dry Zone,Carrot,16.75576679340938
Vavuniya,Yala,Cassava,2021,104.0,2101.21,Dry,Supported envelope,Dry Zone,Manioc,20.20394230769231
Vavuniya,Yala,Cassava,2021,151.04,4679.53,Dry,Supported envelope,Dry Zone,Manioc,30.982057733050848
Vavuniya,Yala,Chilli,2021,41.35,267.71,Dry,Supported envelope,Dry Zone,Chillies (Green),6.474244256348246
Vavuniya,Yala,Chilli,2021,43.26,322.56,Dry,Supported envelope,Dry Zone,Chillies (Green),7.456310679611651
Vavuniya,Yala,Green Gram,2021,45.84,320.94,Dry,Supported envelope,Dry Zone,Green Gram,7.00130890052356
Vavuniya,Yala,Maize,2021,80.26,1191.37,Dry,Supported envelope,Dry Zone,Maize,14.84388238225766
Vavuniya,Yala,Potato,2021,108.47,1993.17,Dry,Supported envelope,Dry Zone,Potatoes,18.37531114593897
Ampara,Maha,Big Onion,2022,69.04,728.12,Dry,Supported envelope,Dry Zone,Big Onion,10.546349942062571
Ampara,Maha,Carrot,2022,58.68,883.09,Dry,Supported envelope,Dry Zone,Carrot,15.049250170415815
Ampara,Maha,Carrot,2022,113.05,2040.49,Dry,Supported envelope,Dry Zone,Carrot,18.049447147279967
Ampara,Maha,Carrot,2022,141.37,1867.68,Dry,Supported envelope,Dry Zone,Carrot,13.21128952394426
Ampara,Maha,Chilli,2022,53.2,430.7,Dry,Supported envelope,Dry Zone,Chillies (Green),8.095864661654135
Ampara,Maha,Chilli,2022,36.63,307.89,Dry,Supported envelope,Dry Zone,Chillies (Green),8.405405405405405
Ampara,Maha,Cowpea,2022,76.96,651.3,Dry,Supported envelope,Dry Zone,Cowpea,8.462837837837839
Ampara,Maha,Cowpea,2022,39.27,339.1,Dry,Supported envelope,Dry Zone,Cowpea,8.635090399796281
Ampara,Maha,Groundnut,2022,90.28,921.68,Dry,Supported envelope,Dry Zone,Ground Nuts,10.209127159946831
Ampara,Maha,Groundnut,2022,66.07,603.77,Dry,Supported envelope,Dry Zone,Ground Nuts,9.138338126229756
Ampara,Maha,Groundnut,2022,66.18,765.98,Dry,Supported envelope,Dry Zone,Ground Nuts,11.574191598670293
Ampara,Maha,Potato,2022,89.71,1750.48,Dry,Supported envelope,Dry Zone,Potatoes,19.51265187827444
Ampara,Maha,Potato,2022,62.69,1132.3,Dry,Supported envelope,Dry Zone,Potatoes,18.06189184877971
Ampara,Yala,Carrot,2022,63.51,833.9,Dry,Supported envelope,Dry Zone,Carrot,13.130215714060778
Ampara,Yala,Cassava,2022,101.45,2628.15,Dry,Supported envelope,Dry Zone,Manioc,25.905864958107443
Ampara,Yala,Chilli,2022,64.84,467.95,Dry,Supported envelope,Dry Zone,Chillies (Green),7.216995681677976
Ampara,Yala,Cowpea,2022,36.64,237.4,Dry,Supported envelope,Dry Zone,Cowpea,6.479257641921397
Ampara,Yala,Ginger,2022,65.85,654.01,Dry,Supported envelope,Dry Zone,Ginger,9.93181473044799
Ampara,Yala,Red Onion,2022,65.05,612.98,Dry,Supported envelope,Dry Zone,Red Onion,9.423212913143736
Ampara,Yala,Red Onion,2022,50.97,429.05,Dry,Supported envelope,Dry Zone,Red Onion,8.417696684324113
Anuradhapura,Maha,Cassava,2022,165.37,3335.24,Dry,Supported envelope,Dry Zone,Manioc,20.16834976114168
Anuradhapura,Maha,Chilli,2022,99.59,804.94,Dry,Supported envelope,Dry Zone,Chillies (Green),8.08253840747063
Anuradhapura,Maha,Chilli,2022,93.93,772.55,Dry,Supported envelope,Dry Zone,Chillies (Green),8.22474182902161
Anuradhapura,Maha,Maize,2022,129.96,2323.86,Dry,Supported envelope,Dry Zone,Maize,17.88134810710988
Anuradhapura,Maha,Maize,2022,62.19,964.43,Dry,Supported envelope,Dry Zone,Maize,15.507798681460041
Anuradhapura,Maha,Sweet Potato,2022,68.61,893.97,Dry,Supported envelope,Dry Zone,Sweet Potatoes,13.029733275032795
Anuradhapura,Maha,Turmeric,2022,51.94,596.37,Dry,Supported envelope,Dry Zone,Turmeric,11.4819021948402
Anuradhapura,Yala,Cassava,2022,144.5,3017.72,Dry,Supported envelope,Dry Zone,Manioc,20.88387543252595
Anuradhapura,Yala,Cowpea,2022,45.41,297.33,Dry,Supported envelope,Dry Zone,Cowpea,6.547676723188725
Anuradhapura,Yala,Green Gram,2022,57.68,394.64,Dry,Supported envelope,Dry Zone,Green Gram,6.841886269070735
Anuradhapura,Yala,Groundnut,2022,79.55,779.5,Dry,Supported envelope,Dry Zone,Ground Nuts,9.79886863607794
Anuradhapura,Yala,Turmeric,2022,68.11,603.74,Dry,Supported envelope,Dry Zone,Turmeric,8.86419028042872
Badulla,Maha,Beans,2022,115.53,1135.79,Up-country Intermediate,Supported envelope,Up Country Intermediate Zone,Beans,9.831126114429152
Badulla,Maha,Big Onion,2022,77.05,832.33,Up-country Intermediate,Supported envelope,Up Country Intermediate Zone,Big Onion,10.802465931213499
Badulla,Maha,Big Onion,2022,40.1,541.46,Up-country Intermediate,Supported envelope,Up Country Intermediate Zone,Big Onion,13.502743142144638
Badulla,Maha,Carrot,2022,100.92,1191.94,Up-country Intermediate,Supported envelope,Up Country Intermediate Zone,Carrot,11.810741181133572
Badulla,Maha,Chilli,2022,44.3,342.02,Up-country Intermediate,Supported envelope,Up Country Intermediate Zone,Chillies (Green),7.720541760722348
Badulla,Maha,Chilli,2022,56.9,385.8,Up-country Intermediate,Supported envelope,Up Country Intermediate Zone,Chillies (Green),6.780316344463972
Badulla,Maha,Chilli,2022,57.63,521.24,Up-country Intermediate,Supported envelope,Up Country Intermediate Zone,Chillies (Green),9.044594829082076
Badulla,Maha,Chilli,2022,60.27,465.07,Up-country Intermediate,Supported envelope,Up Country Intermediate Zone,Chillies (Green),7.7164426746308274
Badulla,Maha,Chilli,2022,47.44,388.43,Up-country Intermediate,Supported envelope,Up Country Intermediate Zone,Chillies (Green),8.187816188870153
Badulla,Maha,Chilli,2022,41.68,318.11,Up-country Intermediate,Supported envelope,Up Country Intermediate Zone,Chillies (Green),7.632197696737045
Badulla,Maha,Cowpea,2022,50.85,410.58,Up-country Intermediate,Supported envelope,Up Country Intermediate Zone,Cowpea,8.07433628318584
Badulla,Maha,Ginger,2022,83.96,934.96,Up-country Intermediate,Supported envelope,Up Country Intermediate Zone,Ginger,11.135778942353502
Badulla,Maha,Green Gram,2022,29.74,252.52,Up-country Intermediate,Supported envelope,Up Country Intermediate Zone,Green Gram,8.490921318090114
Badulla,Maha,Leeks,2022,123.42,1372.76,Up-country Intermediate,Supported envelope,Up Country Intermediate Zone,Leeks,11.122670555825636
Badulla,Maha,Potato,2022,76.76,1755.5,Up-country Intermediate,Supported envelope,Up Country Intermediate Zone,Potatoes,22.869984366857736
Badulla,Maha,Red Onion,2022,63.9,551.83,Up-country Intermediate,Supported envelope,Up Country Intermediate Zone,Red Onion,8.635837245696402
Badulla,Maha,Sweet Potato,2022,76.37,1066.46,Up-country Intermediate,Supported envelope,Up Country Intermediate Zone,Sweet Potatoes,13.964383920387586
Badulla,Maha,Turmeric,2022,64.98,735.27,Up-country Intermediate,Supported envelope,Up Country Intermediate Zone,Turmeric,11.315327793167127
Badulla,Maha,Turmeric,2022,62.8,745.71,Up-country Intermediate,Supported envelope,Up Country Intermediate Zone,Turmeric,11.874363057324842
Badulla,Maha,Turmeric,2022,72.27,776.0,Up-country Intermediate,Supported envelope,Up Country Intermediate Zone,Turmeric,10.737512107375121
Badulla,Yala,Beans,2022,68.47,636.38,Up-country Intermediate,Supported envelope,Up Country Intermediate Zone,Beans,9.294289469840805
Badulla,Yala,Beans,2022,59.08,619.77,Up-country Intermediate,Supported envelope,Up Country Intermediate Zone,Beans,10.490352064996614
Badulla,Yala,Beans,2022,55.63,490.99,Up-country Intermediate,Supported envelope,Up Country Intermediate Zone,Beans,8.825993169153334
Badulla,Yala,Cassava,2022,128.01,3011.34,Up-country Intermediate,Supported envelope,Up Country Intermediate Zone,Manioc,23.524255917506448
Badulla,Yala,Cassava,2022,151.6,3127.29,Up-country Intermediate,Supported envelope,Up Country Intermediate Zone,Manioc,20.628562005277047
Badulla,Yala,Cauliflower,2022,71.35,955.89,Up-country Intermediate,Supported envelope,Up Country Intermediate Zone,Cauliflower,13.39719691660827
Badulla,Yala,Chilli,2022,44.54,367.37,Up-country Intermediate,Supported envelope,Up Country Intermediate Zone,Chillies (Green),8.248091603053435
Badulla,Yala,Chilli,2022,37.73,324.47,Up-country Intermediate,Supported envelope,Up Country Intermediate Zone,Chillies (Green),8.599787967134908
Badulla,Yala,Chilli,2022,37.27,305.18,Up-country Intermediate,Supported envelope,Up Country Intermediate Zone,Chillies (Green),8.188355245505768
Badulla,Yala,Green Gram,2022,44.33,336.83,Up-country Intermediate,Supported envelope,Up Country Intermediate Zone,Green Gram,7.5982404692082115
Badulla,Yala,Green Gram,2022,34.93,279.74,Up-country Intermediate,Supported envelope,Up Country Intermediate Zone,Green Gram,8.008588605782995
Badulla,Yala,Leeks,2022,96.42,1101.74,Up-country Intermediate,Supported envelope,Up Country Intermediate Zone,Leeks,11.426467537855217
Badulla,Yala,Leeks,2022,111.24,1533.06,Up-country Intermediate,Supported envelope,Up Country Intermediate Zone,Leeks,13.781553398058252
Badulla,Yala,Pepper,2022,52.25,269.35,Up-country Intermediate,Supported envelope,Up Country Intermediate Zone,Pepper,5.155023923444976
Badulla,Yala,Sweet Potato,2022,72.46,997.06,Up-country Intermediate,Supported envelope,Up Country Intermediate Zone,Sweet Potatoes,13.760143527463429
Badulla,Yala,Tea,2022,184.64,4067.17,Up-country Intermediate,Supported envelope,Up Country Intermediate Zone,Tea,22.02756715771231
Badulla,Yala,Turmeric,2022,63.95,815.41,Up-country Intermediate,Supported envelope,Up Country Intermediate Zone,Turmeric,12.750742767787333
Batticaloa,Maha,Big Onion,2022,62.07,776.18,Dry,Supported envelope,Dry Zone,Big Onion,12.504913806992105
Batticaloa,Maha,Big Onion,2022,57.83,656.97,Dry,Supported envelope,Dry Zone,Big Onion,11.360366591734394
Batticaloa,Maha,Carrot,2022,64.21,985.29,Dry,Supported envelope,Dry Zone,Carrot,15.344806104968075
Batticaloa,Maha,Carrot,2022,75.85,1184.99,Dry,Supported envelope,Dry Zone,Carrot,15.622808174027687
Batticaloa,Maha,Cassava,2022,117.95,3444.44,Dry,Supported envelope,Dry Zone,Manioc,29.202543450614666
Batticaloa,Maha,Chilli,2022,62.79,452.1,Dry,Supported envelope,Dry Zone,Chillies (Green),7.200191113234592
Batticaloa,Maha,Chilli,2022,62.68,492.61,Dry,Supported envelope,Dry Zone,Chillies (Green),7.859125717932355
Batticaloa,Maha,Chilli,2022,51.7,465.66,Dry,Supported envelope,Dry Zone,Chillies (Green),9.00696324951644
Batticaloa,Maha,Chilli,2022,42.81,396.6,Dry,Supported envelope,Dry Zone,Chillies (Green),9.264190609670639
Batticaloa,Maha,Cowpea,2022,57.6,396.05,Dry,Supported envelope,Dry Zone,Cowpea,6.875868055555555
Batticaloa,Maha,Cowpea,2022,65.01,537.95,Dry,Supported envelope,Dry Zone,Cowpea,8.274880787571142
Batticaloa,Maha,Green Gram,2022,53.77,404.67,Dry,Supported envelope,Dry Zone,Green Gram,7.525943834852148
Batticaloa,Maha,Maize,2022,91.47,1840.56,Dry,Supported envelope,Dry Zone,Maize,20.122007215480487
Batticaloa,Maha,Maize,2022,89.39,1137.49,Dry,Supported envelope,Dry Zone,Maize,12.725025170600738
Batticaloa,Maha,Sweet Potato,2022,127.49,1809.87,Dry,Supported envelope,Dry Zone,Sweet Potatoes,14.196172248803828
Batticaloa,Maha,Turmeric,2022,54.09,541.19,Dry,Supported envelope,Dry Zone,Turmeric,10.00536143464596
Batticaloa,Yala,Carrot,2022,83.97,1136.94,Dry,Supported envelope,Dry Zone,Carrot,13.539835655591283
Batticaloa,Yala,Carrot,2022,73.86,980.58,Dry,Supported envelope,Dry Zone,Carrot,13.276198212835094
Batticaloa,Yala,Carrot,2022,87.34,1673.72,Dry,Supported envelope,Dry Zone,Carrot,19.163269979390886
Batticaloa,Yala,Carrot,2022,74.26,1309.3,Dry,Supported envelope,Dry Zone,Carrot,17.631295448424453
Batticaloa,Yala,Carrot,2022,40.68,556.5,Dry,Supported envelope,Dry Zone,Carrot,13.679941002949853
Batticaloa,Yala,Carrot,2022,43.25,595.81,Dry,Supported envelope,Dry Zone,Carrot,13.775953757225432
Batticaloa,Yala,Carrot,2022,118.11,2298.99,Dry,Supported envelope,Dry Zone,Carrot,19.464820929641856
Batticaloa,Yala,Chilli,2022,37.78,270.06,Dry,Supported envelope,Dry Zone,Chillies (Green),7.148226574907358
Batticaloa,Yala,Chilli,2022,28.31,223.95,Dry,Supported envelope,Dry Zone,Chillies (Green),7.910632285411515
Batticaloa,Yala,Chilli,2022,35.98,251.85,Dry,Supported envelope,Dry Zone,Chillies (Green),6.999722067815454
Batticaloa,Yala,Chilli,2022,32.68,235.88,Dry,Supported envelope,Dry Zone,Chillies (Green),7.217870257037943
Batticaloa,Yala,Green Gram,2022,30.99,228.49,Dry,Supported envelope,Dry Zone,Green Gram,7.373023555985802
Batticaloa,Yala,Maize,2022,70.6,1177.89,Dry,Supported envelope,Dry Zone,Maize,16.683994334277624
Batticaloa,Yala,Red Onion,2022,73.74,744.36,Dry,Supported envelope,Dry Zone,Red Onion,10.09438567941416
Batticaloa,Yala,Red Onion,2022,67.99,681.83,Dry,Supported envelope,Dry Zone,Red Onion,10.028386527430506
Colombo,Maha,Carrot,2022,91.19,1326.63,Wet,Supported envelope,Wet Zone,Carrot,14.547976751836826
Colombo,Maha,Carrot,2022,98.94,1283.07,Wet,Supported envelope,Wet Zone,Carrot,12.968162522741055
Colombo,Maha,Carrot,2022,84.96,1200.16,Wet,Supported envelope,Wet Zone,Carrot,14.12617702448211
Colombo,Maha,Carrot,2022,65.58,902.49,Wet,Supported envelope,Wet Zone,Carrot,13.761665141811529
Colombo,Maha,Chilli,2022,61.1,424.87,Wet,Supported envelope,Wet Zone,Chillies (Green),6.9536824877250405
Colombo,Maha,Red Onion,2022,62.18,631.06,Wet,Supported envelope,Wet Zone,Red Onion,10.148922483113541
Colombo,Yala,Carrot,2022,97.76,1593.84,Wet,Supported envelope,Wet Zone,Carrot,16.303600654664482
Colombo,Yala,Carrot,2022,83.71,1252.4,Wet,Supported envelope,Wet Zone,Carrot,14.961175486799668
Colombo,Yala,Carrot,2022,97.14,1670.21,Wet,Supported envelope,Wet Zone,Carrot,17.193843936586372
Colombo,Yala,Carrot,2022,110.48,1793.48,Wet,Supported envelope,Wet Zone,Carrot,16.2335264301231
Colombo,Yala,Carrot,2022,154.39,2144.25,Wet,Supported envelope,Wet Zone,Carrot,13.888529049808927
Colombo,Yala,Cassava,2022,195.86,4294.31,Wet,Supported envelope,Wet Zone,Manioc,21.925405902175022
Colombo,Yala,Chilli,2022,59.06,469.97,Wet,Supported envelope,Wet Zone,Chillies (Green),7.957500846596681
Colombo,Yala,Chilli,2022,60.82,506.49,Wet,Supported envelope,Wet Zone,Chillies (Green),8.327688260440645
Colombo,Yala,Chilli,2022,52.41,433.2,Wet,Supported envelope,Wet Zone,Chillies (Green),8.265598168288495
Colombo,Yala,Ginger,2022,70.28,594.73,Wet,Supported envelope,Wet Zone,Ginger,8.462293682413204
Colombo,Yala,Sweet Potato,2022,151.56,2154.45,Wet,Supported envelope,Wet Zone,Sweet Potatoes,14.215162311955659
Colombo,Yala,Sweet Potato,2022,94.14,1234.52,Wet,Supported envelope,Wet Zone,Sweet Potatoes,13.113660505629912
Colombo,Yala,Sweet Potato,2022,67.3,711.87,Wet,Supported envelope,Wet Zone,Sweet Potatoes,10.577563150074294
Colombo,Yala,Turmeric,2022,58.29,641.33,Wet,Supported envelope,Wet Zone,Turmeric,11.002401784182537
Galle,Maha,Carrot,2022,51.6,871.12,Wet,Supported envelope,Wet Zone,Carrot,16.88217054263566
Galle,Maha,Carrot,2022,67.2,941.31,Wet,Supported envelope,Wet Zone,Carrot,14.007589285714284
Galle,Maha,Carrot,2022,96.19,1780.56,Wet,Supported envelope,Wet Zone,Carrot,18.510863915167896
Galle,Maha,Cassava,2022,164.86,4193.14,Wet,Supported envelope,Wet Zone,Manioc,25.43455052772049
Galle,Maha,Chilli,2022,49.56,318.64,Wet,Supported envelope,Wet Zone,Chillies (Green),6.4293785310734455
Galle,Maha,Pepper,2022,39.88,184.27,Wet,Supported envelope,Wet Zone,Pepper,4.620611835506519
Galle,Maha,Potato,2022,82.38,1569.35,Wet,Supported envelope,Wet Zone,Potatoes,19.050133527555232
Galle,Maha,Red Onion,2022,53.89,548.18,Wet,Supported envelope,Wet Zone,Red Onion,10.172202634997216
Galle,Maha,Sweet Potato,2022,116.2,1550.49,Wet,Supported envelope,Wet Zone,Sweet Potatoes,13.34328743545611
Galle,Maha,Tea,2022,81.99,2254.6,Wet,Supported envelope,Wet Zone,Tea,27.498475423832176
Galle,Maha,Turmeric,2022,46.54,447.12,Wet,Supported envelope,Wet Zone,Turmeric,9.607219596046413
Galle,Yala,Carrot,2022,46.19,830.28,Wet,Supported envelope,Wet Zone,Carrot,17.975319333189002
Galle,Yala,Red Onion,2022,65.81,524.78,Wet,Supported envelope,Wet Zone,Red Onion,7.9741680595654145
Galle,Yala,Tea,2022,94.93,2895.75,Wet,Supported envelope,Wet Zone,Tea,30.504055619930472
Gampaha,Maha,Carrot,2022,168.71,2477.86,Wet,Supported envelope,Wet Zone,Carrot,14.687096200580879
Gampaha,Maha,Carrot,2022,131.61,2441.72,Wet,Supported envelope,Wet Zone,Carrot,18.55269356431882
Gampaha,Maha,Cassava,2022,342.39,7712.96,Wet,Supported envelope,Wet Zone,Manioc,22.52682613394083
Gampaha,Maha,Cassava,2022,248.66,5845.41,Wet,Supported envelope,Wet Zone,Manioc,23.507640955521595
Gampaha,Maha,Chilli,2022,94.32,597.32,Wet,Supported envelope,Wet Zone,Chillies (Green),6.332909245122987
Gampaha,Maha,Chilli,2022,80.3,601.08,Wet,Supported envelope,Wet Zone,Chillies (Green),7.485429638854297
Gampaha,Maha,Chilli,2022,60.73,486.26,Wet,Supported envelope,Wet Zone,Chillies (Green),8.006915857072288
Gampaha,Maha,Cowpea,2022,96.4,705.41,Wet,Supported envelope,Wet Zone,Cowpea,7.3175311203319495
Gampaha,Maha,Maize,2022,124.8,1723.46,Wet,Supported envelope,Wet Zone,Maize,13.809775641025642
Gampaha,Maha,Red Onion,2022,91.82,943.2,Wet,Supported envelope,Wet Zone,Red Onion,10.272271836201265
Gampaha,Yala,Carrot,2022,100.65,1411.23,Wet,Supported envelope,Wet Zone,Carrot,14.021162444113264
Gampaha,Yala,Carrot,2022,141.17,2107.99,Wet,Supported envelope,Wet Zone,Carrot,14.93228022951052
Gampaha,Yala,Carrot,2022,109.77,1802.97,Wet,Supported envelope,Wet Zone,Carrot,16.42497950259634
Gampaha,Yala,Carrot,2022,99.92,1500.77,Wet,Supported envelope,Wet Zone,Carrot,15.019715772618094
Gampaha,Yala,Chilli,2022,71.44,532.54,Wet,Supported envelope,Wet Zone,Chillies (Green),7.454367301231803
Gampaha,Yala,Chilli,2022,79.46,686.63,Wet,Supported envelope,Wet Zone,Chillies (Green),8.641203121067205
Gampaha,Yala,Ginger,2022,106.45,1462.04,Wet,Supported envelope,Wet Zone,Ginger,13.734523250352277
Gampaha,Yala,Green Gram,2022,74.25,557.5,Wet,Supported envelope,Wet Zone,Green Gram,7.508417508417509
Gampaha,Yala,Pineapple,2022,161.0,3905.75,Wet,Supported envelope,Wet Zone,Pineapple,24.259316770186334
Gampaha,Yala,Potato,2022,122.58,2285.8,Wet,Supported envelope,Wet Zone,Potatoes,18.647413933757548
Gampaha,Yala,Potato,2022,144.28,3421.25,Wet,Supported envelope,Wet Zone,Potatoes,23.712572775159412
Gampaha,Yala,Potato,2022,144.03,2841.01,Wet,Supported envelope,Wet Zone,Potatoes,19.725126709713255
Gampaha,Yala,Sweet Potato,2022,129.73,1711.68,Wet,Supported envelope,Wet Zone,Sweet Potatoes,13.194172512140602
Hambantota,Maha,Carrot,2022,126.83,2323.25,Dry/Intermediate,Supported envelope,Dry Zone,Carrot,18.317827012536466
Hambantota,Maha,Carrot,2022,130.24,1910.18,Dry/Intermediate,Supported envelope,Dry Zone,Carrot,14.666615479115478
Hambantota,Maha,Chilli,2022,100.67,917.61,Dry/Intermediate,Supported envelope,Dry Zone,Chillies (Green),9.115029303665441
Hambantota,Maha,Chilli,2022,118.92,1172.42,Dry/Intermediate,Supported envelope,Dry Zone,Chillies (Green),9.85889673730239
Hambantota,Maha,Cowpea,2022,67.55,479.45,Dry/Intermediate,Supported envelope,Dry Zone,Cowpea,7.097705403404885
Hambantota,Maha,Groundnut,2022,95.75,1006.68,Dry/Intermediate,Supported envelope,Dry Zone,Ground Nuts,10.513629242819842
Hambantota,Maha,Groundnut,2022,106.77,893.48,Dry/Intermediate,Supported envelope,Dry Zone,Ground Nuts,8.368268240142363
Hambantota,Maha,Potato,2022,180.68,3412.25,Dry/Intermediate,Supported envelope,Dry Zone,Potatoes,18.885598848793446
Hambantota,Maha,Turmeric,2022,77.55,1005.42,Dry/Intermediate,Supported envelope,Dry Zone,Turmeric,12.964796905222437
Hambantota,Yala,Carrot,2022,110.33,1893.88,Dry/Intermediate,Supported envelope,Dry Zone,Carrot,17.16559412671078
Hambantota,Yala,Carrot,2022,81.57,1240.92,Dry/Intermediate,Supported envelope,Dry Zone,Carrot,15.212945936005887
Hambantota,Yala,Cassava,2022,150.44,3718.07,Dry/Intermediate,Supported envelope,Dry Zone,Manioc,24.71463706461048
Hambantota,Yala,Green Gram,2022,64.83,436.29,Dry/Intermediate,Supported envelope,Dry Zone,Green Gram,6.729754743174457
Hambantota,Yala,Green Gram,2022,74.17,522.14,Dry/Intermediate,Supported envelope,Dry Zone,Green Gram,7.039773493326142
Hambantota,Yala,Green Gram,2022,81.14,521.6,Dry/Intermediate,Supported envelope,Dry Zone,Green Gram,6.428395366034016
Hambantota,Yala,Red Onion,2022,62.64,577.0,Dry/Intermediate,Supported envelope,Dry Zone,Red Onion,9.211366538952745
Hambantota,Yala,Red Onion,2022,89.17,851.26,Dry/Intermediate,Supported envelope,Dry Zone,Red Onion,9.546484243579679
Hambantota,Yala,Turmeric,2022,91.36,971.56,Dry/Intermediate,Supported envelope,Dry Zone,Turmeric,10.634413309982486
Jaffna,Maha,Big Onion,2022,69.61,815.27,Dry,Supported envelope,Dry Zone,Big Onion,11.71196667145525
Jaffna,Maha,Big Onion,2022,99.16,1003.99,Dry,Supported envelope,Dry Zone,Big Onion,10.124949576442114
Jaffna,Maha,Carrot,2022,176.39,2758.78,Dry,Supported envelope,Dry Zone,Carrot,15.640229037927323
Jaffna,Maha,Chilli,2022,71.0,440.09,Dry,Supported envelope,Dry Zone,Chillies (Green),6.198450704225352
Jaffna,Maha,Groundnut,2022,63.82,548.11,Dry,Supported envelope,Dry Zone,Ground Nuts,8.588373550611093
Jaffna,Maha,Maize,2022,94.12,1409.58,Dry,Supported envelope,Dry Zone,Maize,14.976413089672757
Jaffna,Maha,Potato,2022,105.36,2316.35,Dry,Supported envelope,Dry Zone,Potatoes,21.985098709187547
Jaffna,Maha,Red Onion,2022,182.32,1590.75,Dry,Supported envelope,Dry Zone,Red Onion,8.725043878894253
Jaffna,Maha,Turmeric,2022,94.03,1003.22,Dry,Supported envelope,Dry Zone,Turmeric,10.669148144209295
Jaffna,Maha,Turmeric,2022,105.6,1059.63,Dry,Supported envelope,Dry Zone,Turmeric,10.034375
Jaffna,Yala,Carrot,2022,101.43,1658.91,Dry,Supported envelope,Dry Zone,Carrot,16.35522034900917
Jaffna,Yala,Carrot,2022,102.12,1343.43,Dry,Supported envelope,Dry Zone,Carrot,13.155405405405405
Jaffna,Yala,Chilli,2022,79.37,674.38,Dry,Supported envelope,Dry Zone,Chillies (Green),8.496661207005165
Jaffna,Yala,Chilli,2022,59.37,459.59,Dry,Supported envelope,Dry Zone,Chillies (Green),7.7411150412666325
Jaffna,Yala,Red Onion,2022,174.36,1816.57,Dry,Supported envelope,Dry Zone,Red Onion,10.418501949988528
Jaffna,Yala,Red Onion,2022,241.68,2194.52,Dry,Supported envelope,Dry Zone,Red Onion,9.080271433300231
Jaffna,Yala,Red Onion,2022,132.53,1256.15,Dry,Supported envelope,Dry Zone,Red Onion,9.478231343846677
Kalutara,Maha,Carrot,2022,173.32,2747.83,Wet,Supported envelope,Wet Zone,Carrot,15.85408492960997
Kalutara,Maha,Carrot,2022,126.18,1471.46,Wet,Supported envelope,Wet Zone,Carrot,11.661594547471866
Kalutara,Maha,Carrot,2022,156.18,2376.64,Wet,Supported envelope,Wet Zone,Carrot,15.217313356383658
Kalutara,Maha,Carrot,2022,134.71,1749.33,Wet,Supported envelope,Wet Zone,Carrot,12.985895627644569
Kalutara,Maha,Cassava,2022,200.33,4209.49,Wet,Supported envelope,Wet Zone,Manioc,21.012778914790594
Kalutara,Maha,Chilli,2022,81.57,660.76,Wet,Supported envelope,Wet Zone,Chillies (Green),8.10052715459115
Kalutara,Maha,Pepper,2022,37.23,168.77,Wet,Supported envelope,Wet Zone,Pepper,4.533172172978781
Kalutara,Maha,Potato,2022,134.76,2332.45,Wet,Supported envelope,Wet Zone,Potatoes,17.308177500742058
Kalutara,Maha,Red Onion,2022,62.73,669.18,Wet,Supported envelope,Wet Zone,Red Onion,10.667623146819704
Kalutara,Maha,Turmeric,2022,101.07,1091.91,Wet,Supported envelope,Wet Zone,Turmeric,10.80350252300386
Kalutara,Yala,Carrot,2022,98.56,1777.97,Wet,Supported envelope,Wet Zone,Carrot,18.039468344155843
Kalutara,Yala,Carrot,2022,148.83,2038.5,Wet,Supported envelope,Wet Zone,Carrot,13.696835315460591
Kalutara,Yala,Chilli,2022,43.24,312.51,Wet,Supported envelope,Wet Zone,Chillies (Green),7.227335800185013
Kalutara,Yala,Cinnamon,2022,99.93,497.56,Wet,Supported envelope,Wet Zone,Cinnamon,4.979085359751826
Kalutara,Yala,Ginger,2022,92.41,1019.98,Wet,Supported envelope,Wet Zone,Ginger,11.03755004869603
Kalutara,Yala,Ginger,2022,47.75,505.3,Wet,Supported envelope,Wet Zone,Ginger,10.582198952879581
Kalutara,Yala,Pepper,2022,69.67,333.01,Wet,Supported envelope,Wet Zone,Pepper,4.779819147409214
Kalutara,Yala,Red Onion,2022,66.15,650.69,Wet,Supported envelope,Wet Zone,Red Onion,9.836583522297808
Kandy,Maha,Beans,2022,68.99,587.57,Up-country Wet/Intermediate,Supported envelope,Up Country Wet Zone,Beans,8.516741556747355
Kandy,Maha,Big Onion,2022,81.1,1132.06,Up-country Wet/Intermediate,Supported envelope,Up Country Wet Zone,Big Onion,13.958816276202219
Kandy,Maha,Big Onion,2022,124.12,1134.12,Up-country Wet/Intermediate,Supported envelope,Up Country Wet Zone,Big Onion,9.137286496938446
Kandy,Maha,Cabbage,2022,89.99,1402.42,Up-country Wet/Intermediate,Supported envelope,Up Country Wet Zone,Cabbage,15.58417601955773
Kandy,Maha,Cassava,2022,161.41,3709.91,Up-country Wet/Intermediate,Supported envelope,Up Country Wet Zone,Manioc,22.984387584412367
Kandy,Maha,Chilli,2022,53.02,430.4,Up-country Wet/Intermediate,Supported envelope,Up Country Wet Zone,Chillies (Green),8.11769143719351
Kandy,Maha,Cowpea,2022,59.13,395.07,Up-country Wet/Intermediate,Supported envelope,Up Country Wet Zone,Cowpea,6.681380010147133
Kandy,Maha,Groundnut,2022,139.48,1513.23,Up-country Wet/Intermediate,Supported envelope,Up Country Wet Zone,Ground Nuts,10.849082305706911
Kandy,Maha,Groundnut,2022,82.47,774.17,Up-country Wet/Intermediate,Supported envelope,Up Country Wet Zone,Ground Nuts,9.387292348732872
Kandy,Maha,Leeks,2022,124.03,1241.22,Up-country Wet/Intermediate,Supported envelope,Up Country Wet Zone,Leeks,10.007417560267678
Kandy,Maha,Leeks,2022,100.03,1331.67,Up-country Wet/Intermediate,Supported envelope,Up Country Wet Zone,Leeks,13.312706188143558
Kandy,Maha,Tea,2022,223.18,5115.89,Up-country Wet/Intermediate,Supported envelope,Up Country Wet Zone,Tea,22.922708127968455
Kandy,Maha,Tea,2022,221.5,4346.3,Up-country Wet/Intermediate,Supported envelope,Up Country Wet Zone,Tea,19.62212189616253
Kandy,Maha,Tea,2022,219.34,5058.24,Up-country Wet/Intermediate,Supported envelope,Up Country Wet Zone,Tea,23.061183550651954
Kandy,Yala,Beans,2022,87.1,894.63,Up-country Wet/Intermediate,Supported envelope,Up Country Wet Zone,Beans,10.271297359357062
Kandy,Yala,Carrot,2022,103.68,1686.44,Up-country Wet/Intermediate,Supported envelope,Up Country Wet Zone,Carrot,16.265817901234566
Kandy,Yala,Carrot,2022,157.72,2235.41,Up-country Wet/Intermediate,Supported envelope,Up Country Wet Zone,Carrot,14.173281765153435
Kandy,Yala,Cassava,2022,153.0,2958.75,Up-country Wet/Intermediate,Supported envelope,Up Country Wet Zone,Manioc,19.33823529411765
Kandy,Yala,Chilli,2022,54.26,457.19,Up-country Wet/Intermediate,Supported envelope,Up Country Wet Zone,Chillies (Green),8.425912274235165
Kandy,Yala,Chilli,2022,80.18,667.79,Up-country Wet/Intermediate,Supported envelope,Up Country Wet Zone,Chillies (Green),8.328635569967572
Kandy,Yala,Groundnut,2022,52.19,497.7,Up-country Wet/Intermediate,Supported envelope,Up Country Wet Zone,Ground Nuts,9.53630963786166
Kandy,Yala,Leeks,2022,127.54,1382.45,Up-country Wet/Intermediate,Supported envelope,Up Country Wet Zone,Leeks,10.839344519366474
Kandy,Yala,Pineapple,2022,154.54,3393.08,Up-country Wet/Intermediate,Supported envelope,Up Country Wet Zone,Pineapple,21.955998447004013
Kandy,Yala,Potato,2022,81.21,1746.15,Up-country Wet/Intermediate,Supported envelope,Up Country Wet Zone,Potatoes,21.501662356852606
Kandy,Yala,Sweet Potato,2022,130.22,1590.29,Up-country Wet/Intermediate,Supported envelope,Up Country Wet Zone,Sweet Potatoes,12.212332974965443
Kandy,Yala,Tea,2022,204.39,5511.47,Up-country Wet/Intermediate,Supported envelope,Up Country Wet Zone,Tea,26.965458192670877
Kegalle,Maha,Beans,2022,84.93,717.49,Wet/Intermediate,Supported envelope,Wet Zone,Beans,8.44801601318733
Kegalle,Maha,Cabbage,2022,118.6,1610.12,Wet/Intermediate,Supported envelope,Wet Zone,Cabbage,13.576053962900506
Kegalle,Maha,Cassava,2022,148.72,3108.7,Wet/Intermediate,Supported envelope,Wet Zone,Manioc,20.903039268423882
Kegalle,Maha,Chilli,2022,127.98,882.89,Wet/Intermediate,Supported envelope,Wet Zone,Chillies (Green),6.898656040006251
Kegalle,Maha,Cinnamon,2022,29.54,149.84,Wet/Intermediate,Supported envelope,Wet Zone,Cinnamon,5.072444143534192
Kegalle,Maha,Ginger,2022,71.24,676.76,Wet/Intermediate,Supported envelope,Wet Zone,Ginger,9.499719258843347
Kegalle,Maha,Pepper,2022,47.38,238.45,Wet/Intermediate,Supported envelope,Wet Zone,Pepper,5.032714225411565
Kegalle,Yala,Beans,2022,73.52,704.57,Wet/Intermediate,Supported envelope,Wet Zone,Beans,9.583378672470078
Kegalle,Yala,Beans,2022,95.06,1107.51,Wet/Intermediate,Supported envelope,Wet Zone,Beans,11.65064169997896
Kegalle,Yala,Cabbage,2022,114.85,1699.92,Wet/Intermediate,Supported envelope,Wet Zone,Cabbage,14.801218981279932
Kegalle,Yala,Cabbage,2022,146.55,2126.24,Wet/Intermediate,Supported envelope,Wet Zone,Cabbage,14.508631866257247
Kegalle,Yala,Carrot,2022,98.1,1548.39,Wet/Intermediate,Supported envelope,Wet Zone,Carrot,15.783792048929666
Kegalle,Yala,Carrot,2022,168.11,2337.05,Wet/Intermediate,Supported envelope,Wet Zone,Carrot,13.9019094640414
Kegalle,Yala,Carrot,2022,98.15,1199.01,Wet/Intermediate,Supported envelope,Wet Zone,Carrot,12.216097809475292
Kegalle,Yala,Carrot,2022,61.07,973.89,Wet/Intermediate,Supported envelope,Wet Zone,Carrot,15.94710987391518
Kegalle,Yala,Cassava,2022,119.68,2359.69,Wet/Intermediate,Supported envelope,Wet Zone,Manioc,19.716661096256683
Kegalle,Yala,Chilli,2022,57.81,417.35,Wet/Intermediate,Supported envelope,Wet Zone,Chillies (Green),7.219339214668743
Kegalle,Yala,Chilli,2022,48.21,345.34,Wet/Intermediate,Supported envelope,Wet Zone,Chillies (Green),7.163244140219871
Kegalle,Yala,Maize,2022,92.9,1380.05,Wet/Intermediate,Supported envelope,Wet Zone,Maize,14.855220667384282
Kegalle,Yala,Potato,2022,96.79,2055.13,Wet/Intermediate,Supported envelope,Wet Zone,Potatoes,21.232875297034816
Kegalle,Yala,Potato,2022,79.86,1250.92,Wet/Intermediate,Supported envelope,Wet Zone,Potatoes,15.663911845730029
Kegalle,Yala,Potato,2022,88.27,1541.47,Wet/Intermediate,Supported envelope,Wet Zone,Potatoes,17.46312450436162
Kegalle,Yala,Potato,2022,82.51,1305.77,Wet/Intermediate,Supported envelope,Wet Zone,Potatoes,15.825596897345775
Kegalle,Yala,Potato,2022,140.75,2267.35,Wet/Intermediate,Supported envelope,Wet Zone,Potatoes,16.10905861456483
Kegalle,Yala,Tea,2022,124.14,3902.68,Wet/Intermediate,Supported envelope,Wet Zone,Tea,31.437731593362333
Kilinochchi,Maha,Cassava,2022,159.56,3403.05,Dry,Supported envelope,Dry Zone,Manioc,21.327713712709954
Kilinochchi,Maha,Cassava,2022,117.57,2851.68,Dry,Supported envelope,Dry Zone,Manioc,24.25516713447308
Kilinochchi,Maha,Chilli,2022,49.89,387.09,Dry,Supported envelope,Dry Zone,Chillies (Green),7.758869512928442
Kilinochchi,Maha,Chilli,2022,38.36,274.27,Dry,Supported envelope,Dry Zone,Chillies (Green),7.149895724713242
Kilinochchi,Maha,Chilli,2022,41.27,333.88,Dry,Supported envelope,Dry Zone,Chillies (Green),8.090138114853403
Kilinochchi,Maha,Ginger,2022,72.11,803.39,Dry,Supported envelope,Dry Zone,Ginger,11.1411732075995
Kilinochchi,Maha,Green Gram,2022,59.21,363.22,Dry,Supported envelope,Dry Zone,Green Gram,6.134436750548894
Kilinochchi,Maha,Green Gram,2022,41.49,265.6,Dry,Supported envelope,Dry Zone,Green Gram,6.401542540371174
Kilinochchi,Maha,Maize,2022,142.52,2295.6,Dry,Supported envelope,Dry Zone,Maize,16.10721302273365
Kilinochchi,Maha,Maize,2022,90.75,1410.19,Dry,Supported envelope,Dry Zone,Maize,15.539283746556475
Kilinochchi,Yala,Carrot,2022,69.91,1181.2,Dry,Supported envelope,Dry Zone,Carrot,16.89600915462738
Kilinochchi,Yala,Cassava,2022,135.11,3113.76,Dry,Supported envelope,Dry Zone,Manioc,23.04611057656724
Kilinochchi,Yala,Chilli,2022,27.52,200.07,Dry,Supported envelope,Dry Zone,Chillies (Green),7.269985465116279
Kilinochchi,Yala,Chilli,2022,46.27,328.7,Dry,Supported envelope,Dry Zone,Chillies (Green),7.1039550464663925
Kilinochchi,Yala,Cowpea,2022,54.42,426.85,Dry,Supported envelope,Dry Zone,Cowpea,7.843623667769203
Kilinochchi,Yala,Cowpea,2022,44.92,285.38,Dry,Supported envelope,Dry Zone,Cowpea,6.353072128227961
Kilinochchi,Yala,Ginger,2022,54.48,596.19,Dry,Supported envelope,Dry Zone,Ginger,10.943281938325994
Kilinochchi,Yala,Green Gram,2022,42.97,323.94,Dry,Supported envelope,Dry Zone,Green Gram,7.538747963695601
Kilinochchi,Yala,Maize,2022,77.54,1041.23,Dry,Supported envelope,Dry Zone,Maize,13.428295073510446
Kilinochchi,Yala,Potato,2022,73.83,1427.91,Dry,Supported envelope,Dry Zone,Potatoes,19.340511986997157
Kurunegala,Maha,Big Onion,2022,52.46,550.3,Intermediate/Dry,Supported envelope,Intermediate Zone,Big Onion,10.48989706443004
Kurunegala,Maha,Carrot,2022,118.23,1782.88,Intermediate/Dry,Supported envelope,Intermediate Zone,Carrot,15.079759790239365
Kurunegala,Maha,Carrot,2022,103.27,1568.4,Intermediate/Dry,Supported envelope,Intermediate Zone,Carrot,15.18737290597463
Kurunegala,Maha,Cassava,2022,168.41,3264.44,Intermediate/Dry,Supported envelope,Intermediate Zone,Manioc,19.383884567424737
Kurunegala,Maha,Chilli,2022,60.18,437.99,Intermediate/Dry,Supported envelope,Intermediate Zone,Chillies (Green),7.277999335327351
Kurunegala,Maha,Chilli,2022,45.16,334.49,Intermediate/Dry,Supported envelope,Intermediate Zone,Chillies (Green),7.406775907883083
Kurunegala,Maha,Chilli,2022,69.43,490.09,Intermediate/Dry,Supported envelope,Intermediate Zone,Chillies (Green),7.0587642229583745
Kurunegala,Maha,Chilli,2022,38.8,279.63,Intermediate/Dry,Supported envelope,Intermediate Zone,Chillies (Green),7.2069587628865985
Kurunegala,Maha,Chilli,2022,51.12,355.53,Intermediate/Dry,Supported envelope,Intermediate Zone,Chillies (Green),6.95481220657277
Kurunegala,Maha,Maize,2022,115.43,1740.03,Intermediate/Dry,Supported envelope,Intermediate Zone,Maize,15.074330763233128
Kurunegala,Yala,Big Onion,2022,64.74,611.42,Intermediate/Dry,Supported envelope,Intermediate Zone,Big Onion,9.444238492431264
Kurunegala,Yala,Big Onion,2022,139.79,1599.05,Intermediate/Dry,Supported envelope,Intermediate Zone,Big Onion,11.438944130481437
Kurunegala,Yala,Big Onion,2022,65.26,690.73,Intermediate/Dry,Supported envelope,Intermediate Zone,Big Onion,10.584278271529268
Kurunegala,Yala,Carrot,2022,70.43,891.03,Intermediate/Dry,Supported envelope,Intermediate Zone,Carrot,12.651284963793836
Kurunegala,Yala,Chilli,2022,59.89,504.66,Intermediate/Dry,Supported envelope,Intermediate Zone,Chillies (Green),8.42644848889631
Kurunegala,Yala,Chilli,2022,32.92,238.18,Intermediate/Dry,Supported envelope,Intermediate Zone,Chillies (Green),7.235115431348724
Kurunegala,Yala,Chilli,2022,68.56,565.85,Intermediate/Dry,Supported envelope,Intermediate Zone,Chillies (Green),8.25335472578763
Kurunegala,Yala,Ginger,2022,39.1,382.74,Intermediate/Dry,Supported envelope,Intermediate Zone,Ginger,9.788746803069053
Kurunegala,Yala,Green Gram,2022,68.5,492.72,Intermediate/Dry,Supported envelope,Intermediate Zone,Green Gram,7.192992700729928
Kurunegala,Yala,Groundnut,2022,77.42,705.97,Intermediate/Dry,Supported envelope,Intermediate Zone,Ground Nuts,9.11870317747352
Kurunegala,Yala,Maize,2022,124.34,1868.52,Intermediate/Dry,Supported envelope,Intermediate Zone,Maize,15.027505227601736
Kurunegala,Yala,Pineapple,2022,171.07,3586.85,Intermediate/Dry,Supported envelope,Intermediate Zone,Pineapple,20.967147951131118
Kurunegala,Yala,Sweet Potato,2022,125.64,1922.4,Intermediate/Dry,Supported envelope,Intermediate Zone,Sweet Potatoes,15.300859598853869
Kurunegala,Yala,Sweet Potato,2022,114.92,1666.51,Intermediate/Dry,Supported envelope,Intermediate Zone,Sweet Potatoes,14.501479289940828
Kurunegala,Yala,Turmeric,2022,74.35,680.02,Intermediate/Dry,Supported envelope,Intermediate Zone,Turmeric,9.146200403496975
Kurunegala,Yala,Turmeric,2022,63.94,675.95,Intermediate/Dry,Supported envelope,Intermediate Zone,Turmeric,10.571629652799501
Kurunegala,Yala,Turmeric,2022,119.91,1267.33,Intermediate/Dry,Supported envelope,Intermediate Zone,Turmeric,10.569010090901509
Mannar,Maha,Carrot,2022,146.14,2404.87,Dry,Supported envelope,Dry Zone,Carrot,16.455932667305323
Mannar,Maha,Carrot,2022,133.9,2111.62,Dry,Supported envelope,Dry Zone,Carrot,15.77012696041822
Mannar,Maha,Cassava,2022,231.59,4896.82,Dry,Supported envelope,Dry Zone,Manioc,21.1443499287534
Mannar,Maha,Cassava,2022,131.69,2820.08,Dry,Supported envelope,Dry Zone,Manioc,21.414534133191587
Mannar,Maha,Chilli,2022,101.74,875.33,Dry,Supported envelope,Dry Zone,Chillies (Green),8.603597405150385
Mannar,Maha,Groundnut,2022,126.2,972.45,Dry,Supported envelope,Dry Zone,Ground Nuts,7.705625990491284
Mannar,Maha,Groundnut,2022,74.59,866.7,Dry,Supported envelope,Dry Zone,Ground Nuts,11.619520042901193
Mannar,Maha,Maize,2022,167.08,2500.14,Dry,Supported envelope,Dry Zone,Maize,14.96372994972468
Mannar,Maha,Potato,2022,121.34,2463.52,Dry,Supported envelope,Dry Zone,Potatoes,20.302620735124442
Mannar,Maha,Sweet Potato,2022,155.72,1714.92,Dry,Supported envelope,Dry Zone,Sweet Potatoes,11.012843565373748
Mannar,Maha,Sweet Potato,2022,214.88,3081.23,Dry,Supported envelope,Dry Zone,Sweet Potatoes,14.33930565897245
Mannar,Yala,Carrot,2022,150.48,2410.92,Dry,Supported envelope,Dry Zone,Carrot,16.02153110047847
Mannar,Yala,Carrot,2022,120.39,1833.19,Dry,Supported envelope,Dry Zone,Carrot,15.227095273693829
Mannar,Yala,Carrot,2022,131.67,1869.43,Dry,Supported envelope,Dry Zone,Carrot,14.197843092579937
Mannar,Yala,Carrot,2022,214.04,3708.72,Dry,Supported envelope,Dry Zone,Carrot,17.327228555410205
Mannar,Yala,Carrot,2022,77.31,1170.07,Dry,Supported envelope,Dry Zone,Carrot,15.134782046307075
Mannar,Yala,Cassava,2022,191.69,4441.21,Dry,Supported envelope,Dry Zone,Manioc,23.168709896186552
Mannar,Yala,Cowpea,2022,73.95,613.05,Dry,Supported envelope,Dry Zone,Cowpea,8.290060851926977
Mannar,Yala,Potato,2022,183.44,4068.69,Dry,Supported envelope,Dry Zone,Potatoes,22.179949847361534
Mannar,Yala,Red Onion,2022,109.15,1016.53,Dry,Supported envelope,Dry Zone,Red Onion,9.313147045350435
Matale,Maha,Beans,2022,78.3,866.67,Intermediate/Up-country,Supported envelope,Intermediate Zone,Beans,11.068582375478927
Matale,Maha,Beans,2022,59.24,573.7,Intermediate/Up-country,Supported envelope,Intermediate Zone,Beans,9.684334908845376
Matale,Maha,Beans,2022,64.73,722.9,Intermediate/Up-country,Supported envelope,Intermediate Zone,Beans,11.167928317627066
Matale,Maha,Beans,2022,89.11,735.97,Intermediate/Up-country,Supported envelope,Intermediate Zone,Beans,8.259117944114017
Matale,Maha,Big Onion,2022,56.52,711.78,Intermediate/Up-country,Supported envelope,Intermediate Zone,Big Onion,12.593418259023354
Matale,Maha,Cabbage,2022,97.2,1710.03,Intermediate/Up-country,Supported envelope,Intermediate Zone,Cabbage,17.5929012345679
Matale,Maha,Carrot,2022,119.28,1946.01,Intermediate/Up-country,Supported envelope,Intermediate Zone,Carrot,16.31463782696177
Matale,Maha,Cassava,2022,142.35,3569.43,Intermediate/Up-country,Supported envelope,Intermediate Zone,Manioc,25.075026343519493
Matale,Maha,Cauliflower,2022,101.56,1371.96,Intermediate/Up-country,Supported envelope,Intermediate Zone,Cauliflower,13.508861756597085
Matale,Maha,Chilli,2022,54.79,446.28,Intermediate/Up-country,Supported envelope,Intermediate Zone,Chillies (Green),8.145281985763825
Matale,Maha,Chilli,2022,43.11,330.42,Intermediate/Up-country,Supported envelope,Intermediate Zone,Chillies (Green),7.664578983994433
Matale,Maha,Green Gram,2022,47.9,259.62,Intermediate/Up-country,Supported envelope,Intermediate Zone,Green Gram,5.420041753653445
Matale,Maha,Leeks,2022,73.5,781.31,Intermediate/Up-country,Supported envelope,Intermediate Zone,Leeks,10.630068027210884
Matale,Maha,Leeks,2022,67.7,794.61,Intermediate/Up-country,Supported envelope,Intermediate Zone,Leeks,11.73722304283604
Matale,Maha,Leeks,2022,42.5,561.0,Intermediate/Up-country,Supported envelope,Intermediate Zone,Leeks,13.2
Matale,Maha,Pepper,2022,25.07,120.46,Intermediate/Up-country,Supported envelope,Intermediate Zone,Pepper,4.8049461507778215
Matale,Maha,Pepper,2022,26.82,139.37,Intermediate/Up-country,Supported envelope,Intermediate Zone,Pepper,5.196495152870992
Matale,Maha,Pepper,2022,27.03,154.39,Intermediate/Up-country,Supported envelope,Intermediate Zone,Pepper,5.7118017018128
Matale,Maha,Potato,2022,128.07,2323.79,Intermediate/Up-country,Supported envelope,Intermediate Zone,Potatoes,18.144686499570547
Matale,Maha,Turmeric,2022,55.14,544.05,Intermediate/Up-country,Supported envelope,Intermediate Zone,Turmeric,9.86670293797606
Matale,Maha,Turmeric,2022,54.56,515.83,Intermediate/Up-country,Supported envelope,Intermediate Zone,Turmeric,9.454362170087977
Matale,Yala,Beans,2022,60.68,731.54,Intermediate/Up-country,Supported envelope,Intermediate Zone,Beans,12.05570204350692
Matale,Yala,Big Onion,2022,160.74,1682.18,Intermediate/Up-country,Supported envelope,Intermediate Zone,Big Onion,10.46522334204305
Matale,Yala,Carrot,2022,111.3,1589.78,Intermediate/Up-country,Supported envelope,Intermediate Zone,Carrot,14.283737646001796
Matale,Yala,Carrot,2022,120.67,1627.49,Intermediate/Up-country,Supported envelope,Intermediate Zone,Carrot,13.487113615645976
Matale,Yala,Chilli,2022,35.45,257.52,Intermediate/Up-country,Supported envelope,Intermediate Zone,Chillies (Green),7.2643159379407605
Matale,Yala,Chilli,2022,66.74,405.44,Intermediate/Up-country,Supported envelope,Intermediate Zone,Chillies (Green),6.074917590650285
Matale,Yala,Chilli,2022,74.47,558.52,Intermediate/Up-country,Supported envelope,Intermediate Zone,Chillies (Green),7.499932858869343
Matale,Yala,Chilli,2022,57.74,424.88,Intermediate/Up-country,Supported envelope,Intermediate Zone,Chillies (Green),7.358503636993419
Matale,Yala,Green Gram,2022,62.27,420.11,Intermediate/Up-country,Supported envelope,Intermediate Zone,Green Gram,6.746587441785771
Matale,Yala,Red Onion,2022,50.39,531.83,Intermediate/Up-country,Supported envelope,Intermediate Zone,Red Onion,10.554276642190912
Matale,Yala,Sweet Potato,2022,62.64,742.85,Intermediate/Up-country,Supported envelope,Intermediate Zone,Sweet Potatoes,11.859035759897829
Matale,Yala,Sweet Potato,2022,106.35,1394.95,Intermediate/Up-country,Supported envelope,Intermediate Zone,Sweet Potatoes,13.116596144804891
Matale,Yala,Turmeric,2022,43.87,446.73,Intermediate/Up-country,Supported envelope,Intermediate Zone,Turmeric,10.183040802370641
Matara,Maha,Big Onion,2022,87.89,817.04,Wet,Supported envelope,Wet Zone,Big Onion,9.296165661622481
Matara,Maha,Big Onion,2022,81.43,748.53,Wet,Supported envelope,Wet Zone,Big Onion,9.192312415571655
Matara,Maha,Carrot,2022,132.21,2122.96,Wet,Supported envelope,Wet Zone,Carrot,16.057484305271917
Matara,Maha,Carrot,2022,125.36,1971.01,Wet,Supported envelope,Wet Zone,Carrot,15.722798340778558
Matara,Maha,Chilli,2022,68.61,597.3,Wet,Supported envelope,Wet Zone,Chillies (Green),8.705728027984259
Matara,Maha,Chilli,2022,91.81,844.71,Wet,Supported envelope,Wet Zone,Chillies (Green),9.200631739461933
Matara,Maha,Pepper,2022,39.15,195.25,Wet,Supported envelope,Wet Zone,Pepper,4.987228607918263
Matara,Maha,Potato,2022,168.84,2536.07,Wet,Supported envelope,Wet Zone,Potatoes,15.020552001895286
Matara,Maha,Potato,2022,224.33,4393.57,Wet,Supported envelope,Wet Zone,Potatoes,19.585298444256228
Matara,Maha,Potato,2022,166.31,2918.14,Wet,Supported envelope,Wet Zone,Potatoes,17.546389273044312
Matara,Maha,Red Onion,2022,73.56,684.98,Wet,Supported envelope,Wet Zone,Red Onion,9.311854268624252
Matara,Maha,Turmeric,2022,99.63,1164.38,Wet,Supported envelope,Wet Zone,Turmeric,11.687042055605742
Matara,Maha,Turmeric,2022,118.84,1042.47,Wet,Supported envelope,Wet Zone,Turmeric,8.772046449007068
Matara,Yala,Big Onion,2022,104.7,950.19,Wet,Supported envelope,Wet Zone,Big Onion,9.075358166189112
Matara,Yala,Carrot,2022,142.61,2144.11,Wet,Supported envelope,Wet Zone,Carrot,15.034780169693569
Matara,Yala,Carrot,2022,118.62,2022.82,Wet,Supported envelope,Wet Zone,Carrot,17.05294216826842
Matara,Yala,Carrot,2022,214.96,2936.39,Wet,Supported envelope,Wet Zone,Carrot,13.660169333829549
Matara,Yala,Cassava,2022,166.6,4465.87,Wet,Supported envelope,Wet Zone,Manioc,26.80594237695078
Matara,Yala,Chilli,2022,72.83,564.07,Wet,Supported envelope,Wet Zone,Chillies (Green),7.745022655499108
Matara,Yala,Chilli,2022,57.18,390.15,Wet,Supported envelope,Wet Zone,Chillies (Green),6.823189926547744
Matara,Yala,Chilli,2022,74.66,597.93,Wet,Supported envelope,Wet Zone,Chillies (Green),8.008706134476292
Matara,Yala,Cinnamon,2022,83.36,321.52,Wet,Supported envelope,Wet Zone,Cinnamon,3.8570057581573893
Matara,Yala,Cowpea,2022,73.48,557.9,Wet,Supported envelope,Wet Zone,Cowpea,7.592542188350571
Matara,Yala,Ginger,2022,68.45,1003.05,Wet,Supported envelope,Wet Zone,Ginger,14.653761869978085
Matara,Yala,Maize,2022,111.76,1461.68,Wet,Supported envelope,Wet Zone,Maize,13.078740157480315
Matara,Yala,Maize,2022,133.79,2382.24,Wet,Supported envelope,Wet Zone,Maize,17.80581508333956
Matara,Yala,Potato,2022,84.06,1306.77,Wet,Supported envelope,Wet Zone,Potatoes,15.545681655960028
Matara,Yala,Sweet Potato,2022,104.11,1359.12,Wet,Supported envelope,Wet Zone,Sweet Potatoes,13.054653731630006
Matara,Yala,Tea,2022,126.58,2746.74,Wet,Supported envelope,Wet Zone,Tea,21.69963659345868
Mullaitivu,Maha,Carrot,2022,136.75,1840.99,Dry,Supported envelope,Dry Zone,Carrot,13.462449725776965
Mullaitivu,Maha,Carrot,2022,105.55,1362.54,Dry,Supported envelope,Dry Zone,Carrot,12.908953102794884
Mullaitivu,Maha,Carrot,2022,126.15,1892.9,Dry,Supported envelope,Dry Zone,Carrot,15.005152596115735
Mullaitivu,Maha,Carrot,2022,121.59,1600.65,Dry,Supported envelope,Dry Zone,Carrot,13.164322723908217
Mullaitivu,Maha,Maize,2022,132.95,1930.55,Dry,Supported envelope,Dry Zone,Maize,14.520872508461828
Mullaitivu,Maha,Potato,2022,146.01,3322.85,Dry,Supported envelope,Dry Zone,Potatoes,22.757687829600712
Mullaitivu,Maha,Red Onion,2022,109.42,897.87,Dry,Supported envelope,Dry Zone,Red Onion,8.205721074757815
Mullaitivu,Yala,Carrot,2022,129.36,1752.64,Dry,Supported envelope,Dry Zone,Carrot,13.548546691403834
Mullaitivu,Yala,Carrot,2022,223.02,4049.99,Dry,Supported envelope,Dry Zone,Carrot,18.159761456371623
Mullaitivu,Yala,Chilli,2022,68.46,365.76,Dry,Supported envelope,Dry Zone,Chillies (Green),5.342681858019282
Mullaitivu,Yala,Chilli,2022,69.46,512.9,Dry,Supported envelope,Dry Zone,Chillies (Green),7.384105960264901
Mullaitivu,Yala,Chilli,2022,55.21,487.16,Dry,Supported envelope,Dry Zone,Chillies (Green),8.823763810903822
Mullaitivu,Yala,Chilli,2022,52.46,506.03,Dry,Supported envelope,Dry Zone,Chillies (Green),9.646016012199771
Mullaitivu,Yala,Cowpea,2022,82.69,665.05,Dry,Supported envelope,Dry Zone,Cowpea,8.042689563429677
Mullaitivu,Yala,Turmeric,2022,96.42,1108.71,Dry,Supported envelope,Dry Zone,Turmeric,11.498755444928438
Nuwara Eliya,Maha,Beans,2022,124.89,1112.23,Up-country Wet,Supported envelope,Up Country Wet Zone,Beans,8.905676995756266
Nuwara Eliya,Maha,Beans,2022,74.47,832.02,Up-country Wet,Supported envelope,Up Country Wet Zone,Beans,11.172552705787565
Nuwara Eliya,Maha,Beans,2022,82.88,780.52,Up-country Wet,Supported envelope,Up Country Wet Zone,Beans,9.417471042471043
Nuwara Eliya,Maha,Big Onion,2022,68.12,715.84,Up-country Wet,Supported envelope,Up Country Wet Zone,Big Onion,10.508514386376982
Nuwara Eliya,Maha,Cauliflower,2022,49.51,810.18,Up-country Wet,Supported envelope,Up Country Wet Zone,Cauliflower,16.36396687537871
Nuwara Eliya,Maha,Chilli,2022,44.25,357.08,Up-country Wet,Supported envelope,Up Country Wet Zone,Chillies (Green),8.06960451977401
Nuwara Eliya,Maha,Chilli,2022,58.76,422.62,Up-country Wet,Supported envelope,Up Country Wet Zone,Chillies (Green),7.1923076923076925
Nuwara Eliya,Maha,Chilli,2022,48.12,299.57,Up-country Wet,Supported envelope,Up Country Wet Zone,Chillies (Green),6.225477971737323
Nuwara Eliya,Maha,Cowpea,2022,48.99,340.39,Up-country Wet,Supported envelope,Up Country Wet Zone,Cowpea,6.948152684221269
Nuwara Eliya,Maha,Cowpea,2022,53.32,351.2,Up-country Wet,Supported envelope,Up Country Wet Zone,Cowpea,6.586646661665416
Nuwara Eliya,Maha,Cowpea,2022,59.95,399.02,Up-country Wet,Supported envelope,Up Country Wet Zone,Cowpea,6.655879899916597
Nuwara Eliya,Maha,Groundnut,2022,72.1,702.37,Up-country Wet,Supported envelope,Up Country Wet Zone,Ground Nuts,9.741608876560333
Nuwara Eliya,Maha,Leeks,2022,150.2,1623.99,Up-country Wet,Supported envelope,Up Country Wet Zone,Leeks,10.812183754993343
Nuwara Eliya,Maha,Pepper,2022,42.16,237.6,Up-country Wet,Supported envelope,Up Country Wet Zone,Pepper,5.635673624288425
Nuwara Eliya,Maha,Pepper,2022,42.72,265.21,Up-country Wet,Supported envelope,Up Country Wet Zone,Pepper,6.208099250936329
Nuwara Eliya,Maha,Red Onion,2022,48.01,442.18,Up-country Wet,Supported envelope,Up Country Wet Zone,Red Onion,9.210164549052282
Nuwara Eliya,Maha,Sweet Potato,2022,59.34,951.11,Up-country Wet,Supported envelope,Up Country Wet Zone,Sweet Potatoes,16.02814290529154
Nuwara Eliya,Maha,Tea,2022,231.31,6514.69,Up-country Wet,Supported envelope,Up Country Wet Zone,Tea,28.164324931909558
Nuwara Eliya,Yala,Big Onion,2022,103.47,1102.16,Up-country Wet,Supported envelope,Up Country Wet Zone,Big Onion,10.651976418285495
Nuwara Eliya,Yala,Cabbage,2022,66.33,692.39,Up-country Wet,Supported envelope,Up Country Wet Zone,Cabbage,10.438564751997587
Nuwara Eliya,Yala,Cabbage,2022,77.28,1136.95,Up-country Wet,Supported envelope,Up Country Wet Zone,Cabbage,14.712085921325052
Nuwara Eliya,Yala,Carrot,2022,77.17,1112.59,Up-country Wet,Supported envelope,Up Country Wet Zone,Carrot,14.417390177530127
Nuwara Eliya,Yala,Carrot,2022,120.35,1625.55,Up-country Wet,Supported envelope,Up Country Wet Zone,Carrot,13.506855006231824
Nuwara Eliya,Yala,Carrot,2022,121.75,1771.92,Up-country Wet,Supported envelope,Up Country Wet Zone,Carrot,14.55375770020534
Nuwara Eliya,Yala,Chilli,2022,55.67,390.46,Up-country Wet,Supported envelope,Up Country Wet Zone,Chillies (Green),7.013831507095383
Nuwara Eliya,Yala,Chilli,2022,28.38,190.73,Up-country Wet,Supported envelope,Up Country Wet Zone,Chillies (Green),6.720577871740662
Nuwara Eliya,Yala,Cowpea,2022,61.63,454.5,Up-country Wet,Supported envelope,Up Country Wet Zone,Cowpea,7.37465520038942
Nuwara Eliya,Yala,Ginger,2022,48.75,494.24,Up-country Wet,Supported envelope,Up Country Wet Zone,Ginger,10.13825641025641
Nuwara Eliya,Yala,Groundnut,2022,52.61,552.71,Up-country Wet,Supported envelope,Up Country Wet Zone,Ground Nuts,10.50579737692454
Nuwara Eliya,Yala,Groundnut,2022,93.54,872.86,Up-country Wet,Supported envelope,Up Country Wet Zone,Ground Nuts,9.331409022877912
Nuwara Eliya,Yala,Leeks,2022,104.24,1525.81,Up-country Wet,Supported envelope,Up Country Wet Zone,Leeks,14.637471220260936
Nuwara Eliya,Yala,Leeks,2022,150.04,2019.04,Up-country Wet,Supported envelope,Up Country Wet Zone,Leeks,13.456678219141562
Nuwara Eliya,Yala,Leeks,2022,115.0,1197.62,Up-country Wet,Supported envelope,Up Country Wet Zone,Leeks,10.414086956521738
Polonnaruwa,Maha,Big Onion,2022,134.92,1727.42,Dry,Supported envelope,Dry Zone,Big Onion,12.803290839015714
Polonnaruwa,Maha,Carrot,2022,107.35,1568.11,Dry,Supported envelope,Dry Zone,Carrot,14.607452258966
Polonnaruwa,Maha,Chilli,2022,65.2,448.94,Dry,Supported envelope,Dry Zone,Chillies (Green),6.8855828220858895
Polonnaruwa,Maha,Chilli,2022,55.77,465.79,Dry,Supported envelope,Dry Zone,Chillies (Green),8.351981351981351
Polonnaruwa,Maha,Groundnut,2022,60.87,590.81,Dry,Supported envelope,Dry Zone,Ground Nuts,9.706094956464597
Polonnaruwa,Maha,Groundnut,2022,83.39,826.65,Dry,Supported envelope,Dry Zone,Ground Nuts,9.913059119798536
Polonnaruwa,Maha,Maize,2022,117.88,2108.63,Dry,Supported envelope,Dry Zone,Maize,17.887936884967765
Polonnaruwa,Maha,Maize,2022,117.96,1969.72,Dry,Supported envelope,Dry Zone,Maize,16.698202780603594
Polonnaruwa,Maha,Potato,2022,130.79,2487.25,Dry,Supported envelope,Dry Zone,Potatoes,19.017126691643092
Polonnaruwa,Maha,Turmeric,2022,88.13,799.02,Dry,Supported envelope,Dry Zone,Turmeric,9.066379212526948
Polonnaruwa,Yala,Big Onion,2022,80.11,704.34,Dry,Supported envelope,Dry Zone,Big Onion,8.792160778928974
Polonnaruwa,Yala,Carrot,2022,97.03,1795.7,Dry,Supported envelope,Dry Zone,Carrot,18.50664742863032
Polonnaruwa,Yala,Carrot,2022,85.78,1081.35,Dry,Supported envelope,Dry Zone,Carrot,12.606085334576823
Polonnaruwa,Yala,Carrot,2022,114.26,2611.19,Dry,Supported envelope,Dry Zone,Carrot,22.85305443724838
Polonnaruwa,Yala,Chilli,2022,60.93,531.43,Dry,Supported envelope,Dry Zone,Chillies (Green),8.72197603807648
Polonnaruwa,Yala,Chilli,2022,79.03,684.38,Dry,Supported envelope,Dry Zone,Chillies (Green),8.659749462229533
Polonnaruwa,Yala,Chilli,2022,72.13,683.97,Dry,Supported envelope,Dry Zone,Chillies (Green),9.48246222098988
Polonnaruwa,Yala,Chilli,2022,65.01,517.78,Dry,Supported envelope,Dry Zone,Chillies (Green),7.964620827564989
Polonnaruwa,Yala,Green Gram,2022,49.75,338.97,Dry,Supported envelope,Dry Zone,Green Gram,6.813467336683417
Polonnaruwa,Yala,Groundnut,2022,46.87,423.67,Dry,Supported envelope,Dry Zone,Ground Nuts,9.03925752080222
Polonnaruwa,Yala,Maize,2022,125.53,1867.02,Dry,Supported envelope,Dry Zone,Maize,14.87309806420776
Polonnaruwa,Yala,Potato,2022,145.76,2667.53,Dry,Supported envelope,Dry Zone,Potatoes,18.30083699231614
Polonnaruwa,Yala,Sweet Potato,2022,101.77,1519.35,Dry,Supported envelope,Dry Zone,Sweet Potatoes,14.929252235432838
Puttalam,Maha,Carrot,2022,62.44,845.96,Dry/Intermediate,Supported envelope,Dry Zone,Carrot,13.548366431774504
Puttalam,Maha,Chilli,2022,72.43,657.7,Dry/Intermediate,Supported envelope,Dry Zone,Chillies (Green),9.080491509043213
Puttalam,Maha,Chilli,2022,63.91,482.49,Dry/Intermediate,Supported envelope,Dry Zone,Chillies (Green),7.549522766390237
Puttalam,Maha,Chilli,2022,80.68,621.73,Dry/Intermediate,Supported envelope,Dry Zone,Chillies (Green),7.70612295488349
Puttalam,Maha,Chilli,2022,52.07,354.38,Dry/Intermediate,Supported envelope,Dry Zone,Chillies (Green),6.805838294603419
Puttalam,Maha,Chilli,2022,89.17,559.88,Dry/Intermediate,Supported envelope,Dry Zone,Chillies (Green),6.2787933161377145
Puttalam,Maha,Chilli,2022,51.27,349.6,Dry/Intermediate,Supported envelope,Dry Zone,Chillies (Green),6.818802418568364
Puttalam,Maha,Chilli,2022,105.75,761.03,Dry/Intermediate,Supported envelope,Dry Zone,Chillies (Green),7.196501182033097
Puttalam,Maha,Cowpea,2022,48.9,338.49,Dry/Intermediate,Supported envelope,Dry Zone,Cowpea,6.922085889570552
Puttalam,Maha,Ginger,2022,64.21,777.31,Dry/Intermediate,Supported envelope,Dry Zone,Ginger,12.105746768416134
Puttalam,Maha,Groundnut,2022,58.9,452.33,Dry/Intermediate,Supported envelope,Dry Zone,Ground Nuts,7.67962648556876
Puttalam,Maha,Maize,2022,77.11,1136.36,Dry/Intermediate,Supported envelope,Dry Zone,Maize,14.736869407340162
Puttalam,Yala,Big Onion,2022,52.77,533.04,Dry/Intermediate,Supported envelope,Dry Zone,Big Onion,10.10119386014781
Puttalam,Yala,Carrot,2022,96.96,1480.28,Dry/Intermediate,Supported envelope,Dry Zone,Carrot,15.266914191419142
Puttalam,Yala,Carrot,2022,70.87,918.42,Dry/Intermediate,Supported envelope,Dry Zone,Carrot,12.95922110907295
Puttalam,Yala,Chilli,2022,52.39,397.83,Dry/Intermediate,Supported envelope,Dry Zone,Chillies (Green),7.5936247375453325
Puttalam,Yala,Chilli,2022,32.22,250.5,Dry/Intermediate,Supported envelope,Dry Zone,Chillies (Green),7.774674115456238
Puttalam,Yala,Cowpea,2022,72.01,465.62,Dry/Intermediate,Supported envelope,Dry Zone,Cowpea,6.466046382446882
Puttalam,Yala,Green Gram,2022,53.86,524.39,Dry/Intermediate,Supported envelope,Dry Zone,Green Gram,9.73616784255477
Puttalam,Yala,Green Gram,2022,68.94,535.84,Dry/Intermediate,Supported envelope,Dry Zone,Green Gram,7.772555845662896
Puttalam,Yala,Sweet Potato,2022,83.89,994.08,Dry/Intermediate,Supported envelope,Dry Zone,Sweet Potatoes,11.849803313863394
Puttalam,Yala,Sweet Potato,2022,122.41,1527.06,Dry/Intermediate,Supported envelope,Dry Zone,Sweet Potatoes,12.47496119598072
Ratnapura,Maha,Beans,2022,44.91,452.75,Wet/Intermediate,Supported envelope,Wet Zone,Beans,10.081273658427968
Ratnapura,Maha,Beans,2022,71.9,962.78,Wet/Intermediate,Supported envelope,Wet Zone,Beans,13.390542420027815
Ratnapura,Maha,Carrot,2022,96.74,1613.49,Wet/Intermediate,Supported envelope,Wet Zone,Carrot,16.678623113500105
Ratnapura,Maha,Cassava,2022,141.24,3701.76,Wet/Intermediate,Supported envelope,Wet Zone,Manioc,26.209005947323703
Ratnapura,Maha,Cassava,2022,221.58,4071.35,Wet/Intermediate,Supported envelope,Wet Zone,Manioc,18.374176369708454
Ratnapura,Maha,Cassava,2022,139.87,3002.75,Wet/Intermediate,Supported envelope,Wet Zone,Manioc,21.468148995495817
Ratnapura,Maha,Cassava,2022,135.04,2742.98,Wet/Intermediate,Supported envelope,Wet Zone,Manioc,20.312351895734597
Ratnapura,Maha,Cauliflower,2022,58.3,756.48,Wet/Intermediate,Supported envelope,Wet Zone,Cauliflower,12.97564322469983
Ratnapura,Maha,Chilli,2022,71.13,592.53,Wet/Intermediate,Supported envelope,Wet Zone,Chillies (Green),8.33024040489245
Ratnapura,Maha,Cinnamon,2022,49.01,234.21,Wet/Intermediate,Supported envelope,Wet Zone,Cinnamon,4.778820648847175
Ratnapura,Maha,Green Gram,2022,41.49,308.45,Wet/Intermediate,Supported envelope,Wet Zone,Green Gram,7.434321523258616
Ratnapura,Maha,Green Gram,2022,94.56,699.78,Wet/Intermediate,Supported envelope,Wet Zone,Green Gram,7.400380710659898
Ratnapura,Maha,Pepper,2022,31.64,171.98,Wet/Intermediate,Supported envelope,Wet Zone,Pepper,5.435524652338811
Ratnapura,Maha,Pepper,2022,47.36,251.54,Wet/Intermediate,Supported envelope,Wet Zone,Pepper,5.311233108108108
Ratnapura,Maha,Potato,2022,89.18,1571.58,Wet/Intermediate,Supported envelope,Wet Zone,Potatoes,17.62256111235703
Ratnapura,Yala,Beans,2022,85.4,714.43,Wet/Intermediate,Supported envelope,Wet Zone,Beans,8.365690866510537
Ratnapura,Yala,Beans,2022,73.39,607.12,Wet/Intermediate,Supported envelope,Wet Zone,Beans,8.272516691647363
Ratnapura,Yala,Beans,2022,62.39,587.26,Wet/Intermediate,Supported envelope,Wet Zone,Beans,9.412726398461292
Ratnapura,Yala,Big Onion,2022,66.63,933.95,Wet/Intermediate,Supported envelope,Wet Zone,Big Onion,14.016959327630198
Ratnapura,Yala,Cabbage,2022,70.49,977.03,Wet/Intermediate,Supported envelope,Wet Zone,Cabbage,13.860547595403604
Ratnapura,Yala,Carrot,2022,87.77,1407.92,Wet/Intermediate,Supported envelope,Wet Zone,Carrot,16.04101629258289
Ratnapura,Yala,Carrot,2022,94.18,1496.9,Wet/Intermediate,Supported envelope,Wet Zone,Carrot,15.894032703334041
Ratnapura,Yala,Carrot,2022,69.97,975.34,Wet/Intermediate,Supported envelope,Wet Zone,Carrot,13.939402601114764
Ratnapura,Yala,Carrot,2022,70.75,1151.95,Wet/Intermediate,Supported envelope,Wet Zone,Carrot,16.28197879858657
Ratnapura,Yala,Chilli,2022,57.35,491.48,Wet/Intermediate,Supported envelope,Wet Zone,Chillies (Green),8.569834350479512
Ratnapura,Yala,Cinnamon,2022,40.81,194.67,Wet/Intermediate,Supported envelope,Wet Zone,Cinnamon,4.770154373927959
Ratnapura,Yala,Ginger,2022,61.21,602.26,Wet/Intermediate,Supported envelope,Wet Zone,Ginger,9.839241953929097
Ratnapura,Yala,Ginger,2022,70.21,814.39,Wet/Intermediate,Supported envelope,Wet Zone,Ginger,11.599344822674833
Ratnapura,Yala,Green Gram,2022,51.45,360.54,Wet/Intermediate,Supported envelope,Wet Zone,Green Gram,7.007580174927114
Ratnapura,Yala,Groundnut,2022,99.27,971.8,Wet/Intermediate,Supported envelope,Wet Zone,Ground Nuts,9.78946308048756
Ratnapura,Yala,Maize,2022,94.09,1483.19,Wet/Intermediate,Supported envelope,Wet Zone,Maize,15.763524285258795
Ratnapura,Yala,Maize,2022,110.23,1509.75,Wet/Intermediate,Supported envelope,Wet Zone,Maize,13.696362151864284
Ratnapura,Yala,Pepper,2022,39.08,239.43,Wet/Intermediate,Supported envelope,Wet Zone,Pepper,6.126663254861822
Ratnapura,Yala,Red Onion,2022,55.75,584.62,Wet/Intermediate,Supported envelope,Wet Zone,Red Onion,10.48645739910314
Ratnapura,Yala,Sweet Potato,2022,102.93,1397.28,Wet/Intermediate,Supported envelope,Wet Zone,Sweet Potatoes,13.575051005537743
Trincomalee,Maha,Big Onion,2022,76.37,745.39,Dry,Supported envelope,Dry Zone,Big Onion,9.760246169962027
Trincomalee,Maha,Carrot,2022,88.43,1357.37,Dry,Supported envelope,Dry Zone,Carrot,15.349655094424966
Trincomalee,Maha,Carrot,2022,107.48,1742.44,Dry,Supported envelope,Dry Zone,Carrot,16.21176032750279
Trincomalee,Maha,Carrot,2022,100.08,1554.62,Dry,Supported envelope,Dry Zone,Carrot,15.533772981614707
Trincomalee,Maha,Cassava,2022,213.94,4995.75,Dry,Supported envelope,Dry Zone,Manioc,23.35117322613817
Trincomalee,Maha,Cassava,2022,220.48,4987.58,Dry,Supported envelope,Dry Zone,Manioc,22.621462264150946
Trincomalee,Maha,Chilli,2022,65.01,499.34,Dry,Supported envelope,Dry Zone,Chillies (Green),7.680972158129517
Trincomalee,Maha,Chilli,2022,88.73,624.69,Dry,Supported envelope,Dry Zone,Chillies (Green),7.040347120477854
Trincomalee,Maha,Chilli,2022,59.95,411.4,Dry,Supported envelope,Dry Zone,Chillies (Green),6.862385321100917
Trincomalee,Maha,Ginger,2022,77.1,754.6,Dry,Supported envelope,Dry Zone,Ginger,9.787289234760053
Trincomalee,Maha,Green Gram,2022,49.96,356.82,Dry,Supported envelope,Dry Zone,Green Gram,7.142113690952762
Trincomalee,Maha,Maize,2022,134.79,1932.6,Dry,Supported envelope,Dry Zone,Maize,14.33785889160917
Trincomalee,Maha,Sweet Potato,2022,72.53,1013.29,Dry,Supported envelope,Dry Zone,Sweet Potatoes,13.970632841582793
Trincomalee,Maha,Turmeric,2022,54.44,578.38,Dry,Supported envelope,Dry Zone,Turmeric,10.62417340191036
Trincomalee,Maha,Turmeric,2022,103.8,1345.92,Dry,Supported envelope,Dry Zone,Turmeric,12.966473988439308
Trincomalee,Maha,Turmeric,2022,73.69,716.26,Dry,Supported envelope,Dry Zone,Turmeric,9.719907721536165
Trincomalee,Maha,Turmeric,2022,48.69,498.51,Dry,Supported envelope,Dry Zone,Turmeric,10.238447319778189
Trincomalee,Yala,Carrot,2022,82.29,1238.97,Dry,Supported envelope,Dry Zone,Carrot,15.056142909223476
Trincomalee,Yala,Carrot,2022,88.78,1366.69,Dry,Supported envelope,Dry Zone,Carrot,15.394120297364271
Trincomalee,Yala,Carrot,2022,102.02,1614.59,Dry,Supported envelope,Dry Zone,Carrot,15.826210546951579
Trincomalee,Yala,Chilli,2022,40.81,279.6,Dry,Supported envelope,Dry Zone,Chillies (Green),6.851261945601569
Trincomalee,Yala,Chilli,2022,76.11,508.97,Dry,Supported envelope,Dry Zone,Chillies (Green),6.6872947050321905
Trincomalee,Yala,Chilli,2022,62.03,503.55,Dry,Supported envelope,Dry Zone,Chillies (Green),8.117846203449943
Trincomalee,Yala,Chilli,2022,37.56,336.02,Dry,Supported envelope,Dry Zone,Chillies (Green),8.946219382321617
Trincomalee,Yala,Chilli,2022,35.83,259.18,Dry,Supported envelope,Dry Zone,Chillies (Green),7.2336031258721745
Trincomalee,Yala,Chilli,2022,52.39,396.6,Dry,Supported envelope,Dry Zone,Chillies (Green),7.570146974613476
Trincomalee,Yala,Ginger,2022,71.11,795.06,Dry,Supported envelope,Dry Zone,Ginger,11.180705948530445
Trincomalee,Yala,Green Gram,2022,54.3,399.31,Dry,Supported envelope,Dry Zone,Green Gram,7.35377532228361
Trincomalee,Yala,Potato,2022,119.9,2164.23,Dry,Supported envelope,Dry Zone,Potatoes,18.050291909924937
Trincomalee,Yala,Potato,2022,144.52,2088.5,Dry,Supported envelope,Dry Zone,Potatoes,14.451287019097702
Trincomalee,Yala,Red Onion,2022,68.07,642.68,Dry,Supported envelope,Dry Zone,Red Onion,9.441457323343617
Vavuniya,Maha,Carrot,2022,65.95,1110.54,Dry,Supported envelope,Dry Zone,Carrot,16.83912054586808
Vavuniya,Maha,Carrot,2022,94.99,1928.83,Dry,Supported envelope,Dry Zone,Carrot,20.305611116959682
Vavuniya,Maha,Carrot,2022,84.86,1414.55,Dry,Supported envelope,Dry Zone,Carrot,16.669219891586142
Vavuniya,Maha,Carrot,2022,111.52,2422.97,Dry,Supported envelope,Dry Zone,Carrot,21.726775466284074
Vavuniya,Maha,Carrot,2022,78.99,1220.27,Dry,Supported envelope,Dry Zone,Carrot,15.448411191290038
Vavuniya,Maha,Carrot,2022,97.68,1373.54,Dry,Supported envelope,Dry Zone,Carrot,14.06162981162981
Vavuniya,Maha,Chilli,2022,46.08,307.46,Dry,Supported envelope,Dry Zone,Chillies (Green),6.672309027777778
Vavuniya,Maha,Chilli,2022,54.92,430.9,Dry,Supported envelope,Dry Zone,Chillies (Green),7.8459577567370715
Vavuniya,Maha,Chilli,2022,45.26,350.13,Dry,Supported envelope,Dry Zone,Chillies (Green),7.735969951391958
Vavuniya,Maha,Groundnut,2022,50.91,392.27,Dry,Supported envelope,Dry Zone,Ground Nuts,7.705165979178943
Vavuniya,Maha,Groundnut,2022,46.24,486.14,Dry,Supported envelope,Dry Zone,Ground Nuts,10.513408304498268
Vavuniya,Maha,Maize,2022,136.64,2325.51,Dry,Supported envelope,Dry Zone,Maize,17.019247658079628
Vavuniya,Maha,Potato,2022,137.83,2668.51,Dry,Supported envelope,Dry Zone,Potatoes,19.360879344119567
Vavuniya,Maha,Red Onion,2022,89.97,905.2,Dry,Supported envelope,Dry Zone,Red Onion,10.061131488273869
Vavuniya,Maha,Turmeric,2022,31.03,318.21,Dry,Supported envelope,Dry Zone,Turmeric,10.254914598775377
Vavuniya,Maha,Turmeric,2022,61.2,596.38,Dry,Supported envelope,Dry Zone,Turmeric,9.744771241830065
Vavuniya,Maha,Turmeric,2022,87.99,1057.94,Dry,Supported envelope,Dry Zone,Turmeric,12.02341175133538
Vavuniya,Yala,Big Onion,2022,68.07,551.07,Dry,Supported envelope,Dry Zone,Big Onion,8.095636844424858
Vavuniya,Yala,Carrot,2022,89.1,1530.28,Dry,Supported envelope,Dry Zone,Carrot,17.174859708193043
Vavuniya,Yala,Green Gram,2022,50.37,342.11,Dry,Supported envelope,Dry Zone,Green Gram,6.79193964661505
Vavuniya,Yala,Green Gram,2022,40.18,245.49,Dry,Supported envelope,Dry Zone,Green Gram,6.109756097560976
Vavuniya,Yala,Groundnut,2022,65.92,640.87,Dry,Supported envelope,Dry Zone,Ground Nuts,9.72193567961165
Ampara,Maha,Carrot,2023,110.18,1796.73,Dry,Supported envelope,Dry Zone,Carrot,16.307224541659103
Ampara,Maha,Carrot,2023,124.96,2189.48,Dry,Supported envelope,Dry Zone,Carrot,17.52144686299616
Ampara,Maha,Chilli,2023,98.69,844.49,Dry,Supported envelope,Dry Zone,Chillies (Green),8.55699665619617
Ampara,Maha,Chilli,2023,43.37,445.82,Dry,Supported envelope,Dry Zone,Chillies (Green),10.279455845054185
Ampara,Maha,Cowpea,2023,47.3,383.22,Dry,Supported envelope,Dry Zone,Cowpea,8.101902748414377
Ampara,Maha,Green Gram,2023,49.07,303.93,Dry,Supported envelope,Dry Zone,Green Gram,6.193804768697778
Ampara,Maha,Maize,2023,87.4,1414.99,Dry,Supported envelope,Dry Zone,Maize,16.189816933638443
Ampara,Maha,Red Onion,2023,83.35,804.41,Dry,Supported envelope,Dry Zone,Red Onion,9.650989802039593
Ampara,Maha,Sweet Potato,2023,130.04,1686.18,Dry,Supported envelope,Dry Zone,Sweet Potatoes,12.966625653645034
Ampara,Yala,Carrot,2023,101.38,1357.56,Dry,Supported envelope,Dry Zone,Carrot,13.39080686525942
Ampara,Yala,Chilli,2023,55.61,511.92,Dry,Supported envelope,Dry Zone,Chillies (Green),9.205538572199245
Ampara,Yala,Chilli,2023,44.67,345.11,Dry,Supported envelope,Dry Zone,Chillies (Green),7.725766733825834
Ampara,Yala,Chilli,2023,55.04,558.25,Dry,Supported envelope,Dry Zone,Chillies (Green),10.142623546511627
Ampara,Yala,Chilli,2023,63.71,477.07,Dry,Supported envelope,Dry Zone,Chillies (Green),7.488149427091508
Ampara,Yala,Chilli,2023,44.41,352.07,Dry,Supported envelope,Dry Zone,Chillies (Green),7.927718982211214
Ampara,Yala,Chilli,2023,48.81,414.08,Dry,Supported envelope,Dry Zone,Chillies (Green),8.483507477975824
Ampara,Yala,Maize,2023,74.77,1298.5,Dry,Supported envelope,Dry Zone,Maize,17.366590878694666
Ampara,Yala,Red Onion,2023,43.71,390.79,Dry,Supported envelope,Dry Zone,Red Onion,8.940517044154657
Ampara,Yala,Red Onion,2023,46.37,392.18,Dry,Supported envelope,Dry Zone,Red Onion,8.457623463446195
Anuradhapura,Maha,Cassava,2023,148.39,3566.76,Dry,Supported envelope,Dry Zone,Manioc,24.03639059235798
Anuradhapura,Maha,Chilli,2023,96.29,746.97,Dry,Supported envelope,Dry Zone,Chillies (Green),7.757503375220687
Anuradhapura,Maha,Chilli,2023,73.71,675.31,Dry,Supported envelope,Dry Zone,Chillies (Green),9.161714828381495
Anuradhapura,Maha,Chilli,2023,76.32,698.15,Dry,Supported envelope,Dry Zone,Chillies (Green),9.147667714884696
Anuradhapura,Maha,Chilli,2023,78.21,631.54,Dry,Supported envelope,Dry Zone,Chillies (Green),8.074926479989772
Anuradhapura,Maha,Chilli,2023,114.33,900.4,Dry,Supported envelope,Dry Zone,Chillies (Green),7.875448263797778
Anuradhapura,Maha,Chilli,2023,52.74,422.15,Dry,Supported envelope,Dry Zone,Chillies (Green),8.004361016306408
Anuradhapura,Maha,Ginger,2023,72.82,826.37,Dry,Supported envelope,Dry Zone,Ginger,11.34811864872288
Anuradhapura,Maha,Green Gram,2023,50.95,374.98,Dry,Supported envelope,Dry Zone,Green Gram,7.359764474975466
Anuradhapura,Maha,Maize,2023,113.09,1634.69,Dry,Supported envelope,Dry Zone,Maize,14.454770536740648
Anuradhapura,Maha,Sweet Potato,2023,86.59,1426.49,Dry,Supported envelope,Dry Zone,Sweet Potatoes,16.474073218616468
Anuradhapura,Maha,Turmeric,2023,75.24,826.66,Dry,Supported envelope,Dry Zone,Turmeric,10.986975013290802
Anuradhapura,Yala,Big Onion,2023,85.98,914.55,Dry,Supported envelope,Dry Zone,Big Onion,10.636775994417306
Anuradhapura,Yala,Big Onion,2023,75.24,875.49,Dry,Supported envelope,Dry Zone,Big Onion,11.635964912280702
Anuradhapura,Yala,Cassava,2023,123.28,3011.02,Dry,Supported envelope,Dry Zone,Manioc,24.424237508111617
Anuradhapura,Yala,Chilli,2023,81.11,607.54,Dry,Supported envelope,Dry Zone,Chillies (Green),7.490321785229934
Anuradhapura,Yala,Chilli,2023,77.42,519.63,Dry,Supported envelope,Dry Zone,Chillies (Green),6.711831568070266
Anuradhapura,Yala,Cowpea,2023,49.79,358.9,Dry,Supported envelope,Dry Zone,Cowpea,7.20827475396666
Anuradhapura,Yala,Ginger,2023,69.42,759.82,Dry,Supported envelope,Dry Zone,Ginger,10.945260731777585
Anuradhapura,Yala,Green Gram,2023,37.87,287.49,Dry,Supported envelope,Dry Zone,Green Gram,7.591497227356747
Anuradhapura,Yala,Groundnut,2023,69.69,617.25,Dry,Supported envelope,Dry Zone,Ground Nuts,8.857081360309945
Anuradhapura,Yala,Groundnut,2023,60.43,558.69,Dry,Supported envelope,Dry Zone,Ground Nuts,9.245242429256992
Anuradhapura,Yala,Potato,2023,137.04,2076.99,Dry,Supported envelope,Dry Zone,Potatoes,15.15608581436077
Anuradhapura,Yala,Sweet Potato,2023,104.12,997.41,Dry,Supported envelope,Dry Zone,Sweet Potatoes,9.579427583557433
Badulla,Maha,Beans,2023,88.86,720.32,Up-country Intermediate,Supported envelope,Up Country Intermediate Zone,Beans,8.106234526221023
Badulla,Maha,Beans,2023,83.07,742.14,Up-country Intermediate,Supported envelope,Up Country Intermediate Zone,Beans,8.933911159263273
Badulla,Maha,Big Onion,2023,67.05,676.27,Up-country Intermediate,Supported envelope,Up Country Intermediate Zone,Big Onion,10.086055182699479
Badulla,Maha,Cabbage,2023,74.31,1461.87,Up-country Intermediate,Supported envelope,Up Country Intermediate Zone,Cabbage,19.672587807832052
Badulla,Maha,Carrot,2023,159.63,2406.56,Up-country Intermediate,Supported envelope,Up Country Intermediate Zone,Carrot,15.075862933032639
Badulla,Maha,Carrot,2023,126.33,1871.81,Up-country Intermediate,Supported envelope,Up Country Intermediate Zone,Carrot,14.816828940077574
Badulla,Maha,Carrot,2023,86.27,1197.45,Up-country Intermediate,Supported envelope,Up Country Intermediate Zone,Carrot,13.880259649936248
Badulla,Maha,Carrot,2023,135.72,2199.12,Up-country Intermediate,Supported envelope,Up Country Intermediate Zone,Carrot,16.20335985853227
Badulla,Maha,Cassava,2023,116.35,2477.92,Up-country Intermediate,Supported envelope,Up Country Intermediate Zone,Manioc,21.297120756338636
Badulla,Maha,Cowpea,2023,46.03,388.83,Up-country Intermediate,Supported envelope,Up Country Intermediate Zone,Cowpea,8.447316967195308
Badulla,Maha,Cowpea,2023,43.91,343.06,Up-country Intermediate,Supported envelope,Up Country Intermediate Zone,Cowpea,7.8127989068549315
Badulla,Maha,Ginger,2023,76.44,784.47,Up-country Intermediate,Supported envelope,Up Country Intermediate Zone,Ginger,10.262558869701728
Badulla,Maha,Green Gram,2023,48.36,350.7,Up-country Intermediate,Supported envelope,Up Country Intermediate Zone,Green Gram,7.251861042183623
Badulla,Maha,Leeks,2023,121.48,1716.94,Up-country Intermediate,Supported envelope,Up Country Intermediate Zone,Leeks,14.133519920974646
Badulla,Maha,Leeks,2023,71.62,790.36,Up-country Intermediate,Supported envelope,Up Country Intermediate Zone,Leeks,11.035464953923485
Badulla,Maha,Leeks,2023,94.11,1107.47,Up-country Intermediate,Supported envelope,Up Country Intermediate Zone,Leeks,11.767824885771969
Badulla,Maha,Maize,2023,84.4,1346.11,Up-country Intermediate,Supported envelope,Up Country Intermediate Zone,Maize,15.949170616113742
Badulla,Maha,Pepper,2023,48.2,244.08,Up-country Intermediate,Supported envelope,Up Country Intermediate Zone,Pepper,5.063900414937759
Badulla,Maha,Red Onion,2023,137.27,1955.1,Up-country Intermediate,Supported envelope,Up Country Intermediate Zone,Red Onion,14.242733299337072
Badulla,Maha,Tea,2023,207.22,5199.91,Up-country Intermediate,Supported envelope,Up Country Intermediate Zone,Tea,25.093668564810347
Badulla,Maha,Turmeric,2023,122.09,1457.58,Up-country Intermediate,Supported envelope,Up Country Intermediate Zone,Turmeric,11.938569907445327
Badulla,Maha,Turmeric,2023,28.29,301.14,Up-country Intermediate,Supported envelope,Up Country Intermediate Zone,Turmeric,10.64475079533404
Badulla,Maha,Turmeric,2023,67.91,815.63,Up-country Intermediate,Supported envelope,Up Country Intermediate Zone,Turmeric,12.010455013989104
Badulla,Yala,Cabbage,2023,95.93,1511.41,Up-country Intermediate,Supported envelope,Up Country Intermediate Zone,Cabbage,15.755342437193788
Badulla,Yala,Carrot,2023,62.42,969.9,Up-country Intermediate,Supported envelope,Up Country Intermediate Zone,Carrot,15.538289009932713
Badulla,Yala,Chilli,2023,40.23,318.42,Up-country Intermediate,Supported envelope,Up Country Intermediate Zone,Chillies (Green),7.914988814317675
Badulla,Yala,Cowpea,2023,45.99,362.91,Up-country Intermediate,Supported envelope,Up Country Intermediate Zone,Cowpea,7.891063274624918
Badulla,Yala,Leeks,2023,96.28,1093.38,Up-country Intermediate,Supported envelope,Up Country Intermediate Zone,Leeks,11.35625259659327
Badulla,Yala,Leeks,2023,100.57,1039.39,Up-country Intermediate,Supported envelope,Up Country Intermediate Zone,Leeks,10.334990553843095
Badulla,Yala,Leeks,2023,110.31,1463.37,Up-country Intermediate,Supported envelope,Up Country Intermediate Zone,Leeks,13.265977699211312
Badulla,Yala,Maize,2023,97.98,1280.61,Up-country Intermediate,Supported envelope,Up Country Intermediate Zone,Maize,13.070116350275566
Badulla,Yala,Red Onion,2023,62.72,720.96,Up-country Intermediate,Supported envelope,Up Country Intermediate Zone,Red Onion,11.494897959183675
Badulla,Yala,Tea,2023,155.25,3728.22,Up-country Intermediate,Supported envelope,Up Country Intermediate Zone,Tea,24.01429951690821
Batticaloa,Maha,Big Onion,2023,69.84,672.72,Dry,Supported envelope,Dry Zone,Big Onion,9.632302405498281
Batticaloa,Maha,Chilli,2023,62.82,555.76,Dry,Supported envelope,Dry Zone,Chillies (Green),8.84686405603311
Batticaloa,Maha,Chilli,2023,78.53,603.7,Dry,Supported envelope,Dry Zone,Chillies (Green),7.687507958741882
Batticaloa,Maha,Chilli,2023,64.19,549.12,Dry,Supported envelope,Dry Zone,Chillies (Green),8.554603520797633
Batticaloa,Maha,Chilli,2023,51.39,395.93,Dry,Supported envelope,Dry Zone,Chillies (Green),7.704417201790232
Batticaloa,Maha,Cowpea,2023,46.59,377.91,Dry,Supported envelope,Dry Zone,Cowpea,8.111397295556987
Batticaloa,Maha,Groundnut,2023,68.55,635.18,Dry,Supported envelope,Dry Zone,Ground Nuts,9.265937272064185
Batticaloa,Maha,Maize,2023,90.2,1164.78,Dry,Supported envelope,Dry Zone,Maize,12.91330376940133
Batticaloa,Maha,Sweet Potato,2023,69.66,750.07,Dry,Supported envelope,Dry Zone,Sweet Potatoes,10.767585414872238
Batticaloa,Maha,Sweet Potato,2023,76.92,1096.37,Dry,Supported envelope,Dry Zone,Sweet Potatoes,14.253380135205406
Batticaloa,Yala,Carrot,2023,113.5,2269.72,Dry,Supported envelope,Dry Zone,Carrot,19.997533039647575
Batticaloa,Yala,Chilli,2023,67.92,477.73,Dry,Supported envelope,Dry Zone,Chillies (Green),7.033716136631331
Batticaloa,Yala,Chilli,2023,51.44,453.7,Dry,Supported envelope,Dry Zone,Chillies (Green),8.819984447900467
Batticaloa,Yala,Cowpea,2023,67.27,610.59,Dry,Supported envelope,Dry Zone,Cowpea,9.076705812397801
Batticaloa,Yala,Cowpea,2023,70.58,505.32,Dry,Supported envelope,Dry Zone,Cowpea,7.159535279115897
Batticaloa,Yala,Cowpea,2023,65.94,541.47,Dry,Supported envelope,Dry Zone,Cowpea,8.211555959963604
Batticaloa,Yala,Potato,2023,116.22,2034.41,Dry,Supported envelope,Dry Zone,Potatoes,17.50481844777147
Batticaloa,Yala,Red Onion,2023,75.39,770.73,Dry,Supported envelope,Dry Zone,Red Onion,10.22323915638679
Batticaloa,Yala,Sweet Potato,2023,142.85,1776.45,Dry,Supported envelope,Dry Zone,Sweet Potatoes,12.435771788589431
Batticaloa,Yala,Turmeric,2023,67.73,686.62,Dry,Supported envelope,Dry Zone,Turmeric,10.137605197106156
Colombo,Maha,Carrot,2023,78.71,1344.28,Wet,Supported envelope,Wet Zone,Carrot,17.078897217634356
Colombo,Maha,Carrot,2023,89.73,1352.17,Wet,Supported envelope,Wet Zone,Carrot,15.069319068316059
Colombo,Maha,Carrot,2023,101.09,1638.4,Wet,Supported envelope,Wet Zone,Carrot,16.207339994064696
Colombo,Maha,Cassava,2023,145.31,2844.44,Wet,Supported envelope,Wet Zone,Manioc,19.57497763402381
Colombo,Maha,Cassava,2023,169.57,4077.23,Wet,Supported envelope,Wet Zone,Manioc,24.044524385209648
Colombo,Maha,Chilli,2023,56.81,499.09,Wet,Supported envelope,Wet Zone,Chillies (Green),8.785249075866924
Colombo,Maha,Pineapple,2023,158.53,3741.63,Wet,Supported envelope,Wet Zone,Pineapple,23.60203116129439
Colombo,Maha,Sweet Potato,2023,144.86,1963.98,Wet,Supported envelope,Wet Zone,Sweet Potatoes,13.557779925445256
Colombo,Maha,Turmeric,2023,65.13,510.0,Wet,Supported envelope,Wet Zone,Turmeric,7.83049286043298
Colombo,Maha,Turmeric,2023,118.5,1186.06,Wet,Supported envelope,Wet Zone,Turmeric,10.008945147679324
Colombo,Yala,Carrot,2023,80.06,1443.14,Wet,Supported envelope,Wet Zone,Carrot,18.025730701973522
Colombo,Yala,Carrot,2023,84.81,1193.99,Wet,Supported envelope,Wet Zone,Carrot,14.078410564791888
Colombo,Yala,Cassava,2023,188.26,3734.5,Wet,Supported envelope,Wet Zone,Manioc,19.836927653245514
Colombo,Yala,Chilli,2023,64.54,605.9,Wet,Supported envelope,Wet Zone,Chillies (Green),9.387976448713975
Colombo,Yala,Chilli,2023,50.96,377.69,Wet,Supported envelope,Wet Zone,Chillies (Green),7.411499215070643
Colombo,Yala,Chilli,2023,24.49,187.75,Wet,Supported envelope,Wet Zone,Chillies (Green),7.666394446712944
Colombo,Yala,Pineapple,2023,198.39,3690.93,Wet,Supported envelope,Wet Zone,Pineapple,18.604415545138366
Colombo,Yala,Pineapple,2023,128.43,3305.25,Wet,Supported envelope,Wet Zone,Pineapple,25.73580939032936
Colombo,Yala,Red Onion,2023,75.96,734.26,Wet,Supported envelope,Wet Zone,Red Onion,9.66640337019484
Galle,Maha,Carrot,2023,72.18,926.11,Wet,Supported envelope,Wet Zone,Carrot,12.830562482682183
Galle,Maha,Carrot,2023,81.51,1279.88,Wet,Supported envelope,Wet Zone,Carrot,15.702122438964544
Galle,Maha,Cassava,2023,137.38,4103.26,Wet,Supported envelope,Wet Zone,Manioc,29.867957490173243
Galle,Maha,Cassava,2023,134.8,3095.11,Wet,Supported envelope,Wet Zone,Manioc,22.960756676557864
Galle,Maha,Chilli,2023,32.14,247.79,Wet,Supported envelope,Wet Zone,Chillies (Green),7.709707529558183
Galle,Maha,Ginger,2023,46.27,487.05,Wet,Supported envelope,Wet Zone,Ginger,10.526258915063755
Galle,Maha,Ginger,2023,64.0,820.78,Wet,Supported envelope,Wet Zone,Ginger,12.8246875
Galle,Maha,Pepper,2023,23.45,111.29,Wet,Supported envelope,Wet Zone,Pepper,4.745842217484009
Galle,Maha,Red Onion,2023,48.87,492.05,Wet,Supported envelope,Wet Zone,Red Onion,10.068549212195622
Galle,Maha,Red Onion,2023,83.44,957.07,Wet,Supported envelope,Wet Zone,Red Onion,11.470158197507192
Galle,Yala,Carrot,2023,66.71,1111.79,Wet,Supported envelope,Wet Zone,Carrot,16.66601708889222
Galle,Yala,Carrot,2023,67.89,855.16,Wet,Supported envelope,Wet Zone,Carrot,12.596258653704522
Galle,Yala,Chilli,2023,49.13,417.79,Wet,Supported envelope,Wet Zone,Chillies (Green),8.50376552004885
Galle,Yala,Chilli,2023,59.63,382.09,Wet,Supported envelope,Wet Zone,Chillies (Green),6.407680697635418
Galle,Yala,Chilli,2023,55.54,344.23,Wet,Supported envelope,Wet Zone,Chillies (Green),6.197875405113432
Galle,Yala,Chilli,2023,86.7,807.64,Wet,Supported envelope,Wet Zone,Chillies (Green),9.315340253748557
Galle,Yala,Potato,2023,50.61,819.29,Wet,Supported envelope,Wet Zone,Potatoes,16.188302706974905
Galle,Yala,Tea,2023,79.18,1787.88,Wet,Supported envelope,Wet Zone,Tea,22.579944430411718
Gampaha,Maha,Cassava,2023,282.65,6578.34,Wet,Supported envelope,Wet Zone,Manioc,23.273801521316116
Gampaha,Maha,Chilli,2023,69.98,498.09,Wet,Supported envelope,Wet Zone,Chillies (Green),7.117605030008573
Gampaha,Maha,Cowpea,2023,87.25,780.93,Wet,Supported envelope,Wet Zone,Cowpea,8.950487106017192
Gampaha,Maha,Green Gram,2023,84.61,686.44,Wet,Supported envelope,Wet Zone,Green Gram,8.112989008391445
Gampaha,Maha,Green Gram,2023,48.75,317.79,Wet,Supported envelope,Wet Zone,Green Gram,6.518769230769231
Gampaha,Maha,Potato,2023,120.01,1998.37,Wet,Supported envelope,Wet Zone,Potatoes,16.651695692025662
Gampaha,Yala,Carrot,2023,145.0,2662.82,Wet,Supported envelope,Wet Zone,Carrot,18.36427586206897
Gampaha,Yala,Carrot,2023,92.74,1208.94,Wet,Supported envelope,Wet Zone,Carrot,13.035799007979298
Gampaha,Yala,Carrot,2023,167.93,2407.24,Wet,Supported envelope,Wet Zone,Carrot,14.3347823497886
Gampaha,Yala,Cassava,2023,176.71,3768.91,Wet,Supported envelope,Wet Zone,Manioc,21.328221379661592
Gampaha,Yala,Cassava,2023,229.59,5415.87,Wet,Supported envelope,Wet Zone,Manioc,23.589311381157714
Gampaha,Yala,Chilli,2023,93.72,720.42,Wet,Supported envelope,Wet Zone,Chillies (Green),7.686939820742637
Gampaha,Yala,Cowpea,2023,83.97,614.86,Wet,Supported envelope,Wet Zone,Cowpea,7.32237703941884
Gampaha,Yala,Ginger,2023,113.08,1315.42,Wet,Supported envelope,Wet Zone,Ginger,11.6326494517156
Gampaha,Yala,Ginger,2023,121.02,1433.44,Wet,Supported envelope,Wet Zone,Ginger,11.844653776235333
Gampaha,Yala,Maize,2023,123.35,2144.57,Wet,Supported envelope,Wet Zone,Maize,17.386055938386708
Gampaha,Yala,Maize,2023,126.76,2089.55,Wet,Supported envelope,Wet Zone,Maize,16.48430104133796
Gampaha,Yala,Potato,2023,108.55,1624.81,Wet,Supported envelope,Wet Zone,Potatoes,14.968309534776601
Gampaha,Yala,Red Onion,2023,118.23,1149.01,Wet,Supported envelope,Wet Zone,Red Onion,9.718430178465702
Gampaha,Yala,Red Onion,2023,65.92,795.61,Wet,Supported envelope,Wet Zone,Red Onion,12.06932645631068
Hambantota,Maha,Carrot,2023,98.38,1502.59,Dry/Intermediate,Supported envelope,Dry Zone,Carrot,15.273327912177272
Hambantota,Maha,Carrot,2023,112.37,1520.07,Dry/Intermediate,Supported envelope,Dry Zone,Carrot,13.527364955059179
Hambantota,Maha,Carrot,2023,84.9,1191.65,Dry/Intermediate,Supported envelope,Dry Zone,Carrot,14.035924617196702
Hambantota,Maha,Carrot,2023,185.19,2748.55,Dry/Intermediate,Supported envelope,Dry Zone,Carrot,14.841784113613047
Hambantota,Maha,Carrot,2023,169.05,2580.37,Dry/Intermediate,Supported envelope,Dry Zone,Carrot,15.26394557823129
Hambantota,Maha,Chilli,2023,79.19,694.83,Dry/Intermediate,Supported envelope,Dry Zone,Chillies (Green),8.774213915898473
Hambantota,Maha,Chilli,2023,89.89,699.38,Dry/Intermediate,Supported envelope,Dry Zone,Chillies (Green),7.780398264545555
Hambantota,Maha,Groundnut,2023,64.41,728.34,Dry/Intermediate,Supported envelope,Dry Zone,Ground Nuts,11.307871448532838
Hambantota,Maha,Red Onion,2023,75.49,775.19,Dry/Intermediate,Supported envelope,Dry Zone,Red Onion,10.268777321499538
Hambantota,Maha,Turmeric,2023,97.89,934.49,Dry/Intermediate,Supported envelope,Dry Zone,Turmeric,9.546327510470936
Hambantota,Yala,Big Onion,2023,39.27,424.72,Dry/Intermediate,Supported envelope,Dry Zone,Big Onion,10.815380697733639
Hambantota,Yala,Carrot,2023,106.15,1743.18,Dry/Intermediate,Supported envelope,Dry Zone,Carrot,16.42185586434291
Hambantota,Yala,Chilli,2023,77.16,702.59,Dry/Intermediate,Supported envelope,Dry Zone,Chillies (Green),9.105624675997927
Hambantota,Yala,Chilli,2023,88.64,729.58,Dry/Intermediate,Supported envelope,Dry Zone,Chillies (Green),8.23082129963899
Hambantota,Yala,Chilli,2023,60.45,499.74,Dry/Intermediate,Supported envelope,Dry Zone,Chillies (Green),8.266997518610422
Hambantota,Yala,Chilli,2023,81.94,696.2,Dry/Intermediate,Supported envelope,Dry Zone,Chillies (Green),8.496460824993898
Hambantota,Yala,Chilli,2023,160.64,1223.22,Dry/Intermediate,Supported envelope,Dry Zone,Chillies (Green),7.614666334661355
Hambantota,Yala,Cowpea,2023,33.37,308.02,Dry/Intermediate,Supported envelope,Dry Zone,Cowpea,9.230446508840275
Hambantota,Yala,Green Gram,2023,71.42,457.67,Dry/Intermediate,Supported envelope,Dry Zone,Green Gram,6.408148977877345
Hambantota,Yala,Maize,2023,125.15,1857.84,Dry/Intermediate,Supported envelope,Dry Zone,Maize,14.8449061126648
Hambantota,Yala,Potato,2023,108.19,2474.84,Dry/Intermediate,Supported envelope,Dry Zone,Potatoes,22.874942231259823
Hambantota,Yala,Red Onion,2023,73.07,653.31,Dry/Intermediate,Supported envelope,Dry Zone,Red Onion,8.940878609552485
Hambantota,Yala,Sweet Potato,2023,92.23,1333.23,Dry/Intermediate,Supported envelope,Dry Zone,Sweet Potatoes,14.455491705518812
Jaffna,Maha,Carrot,2023,103.24,1469.34,Dry,Supported envelope,Dry Zone,Carrot,14.232274312282062
Jaffna,Maha,Carrot,2023,104.81,1463.84,Dry,Supported envelope,Dry Zone,Carrot,13.966606239862607
Jaffna,Maha,Chilli,2023,60.95,448.95,Dry,Supported envelope,Dry Zone,Chillies (Green),7.365873666940114
Jaffna,Maha,Chilli,2023,53.4,445.82,Dry,Supported envelope,Dry Zone,Chillies (Green),8.348689138576779
Jaffna,Maha,Chilli,2023,97.06,859.16,Dry,Supported envelope,Dry Zone,Chillies (Green),8.85184422007006
Jaffna,Maha,Chilli,2023,75.53,549.99,Dry,Supported envelope,Dry Zone,Chillies (Green),7.28174235403151
Jaffna,Maha,Chilli,2023,39.88,334.19,Dry,Supported envelope,Dry Zone,Chillies (Green),8.37988966900702
Jaffna,Maha,Cowpea,2023,68.76,524.12,Dry,Supported envelope,Dry Zone,Cowpea,7.622454915648633
Jaffna,Maha,Green Gram,2023,110.91,690.2,Dry,Supported envelope,Dry Zone,Green Gram,6.223063745379137
Jaffna,Maha,Maize,2023,110.41,1515.53,Dry,Supported envelope,Dry Zone,Maize,13.726383479757269
Jaffna,Maha,Red Onion,2023,140.13,1397.93,Dry,Supported envelope,Dry Zone,Red Onion,9.975950902733176
Jaffna,Maha,Red Onion,2023,167.66,1773.85,Dry,Supported envelope,Dry Zone,Red Onion,10.58004294405344
Jaffna,Maha,Sweet Potato,2023,136.38,1829.03,Dry,Supported envelope,Dry Zone,Sweet Potatoes,13.41127731338906
Jaffna,Maha,Sweet Potato,2023,113.66,1584.32,Dry,Supported envelope,Dry Zone,Sweet Potatoes,13.939116663733943
Jaffna,Yala,Carrot,2023,68.89,1259.0,Dry,Supported envelope,Dry Zone,Carrot,18.2755116852954
Jaffna,Yala,Cassava,2023,119.89,3355.77,Dry,Supported envelope,Dry Zone,Manioc,27.990407873884394
Jaffna,Yala,Chilli,2023,61.72,470.19,Dry,Supported envelope,Dry Zone,Chillies (Green),7.618114063512638
Jaffna,Yala,Ginger,2023,79.88,846.63,Dry,Supported envelope,Dry Zone,Ginger,10.59877315973961
Jaffna,Yala,Green Gram,2023,103.8,785.13,Dry,Supported envelope,Dry Zone,Green Gram,7.563872832369943
Jaffna,Yala,Maize,2023,103.98,1606.59,Dry,Supported envelope,Dry Zone,Maize,15.450952106174263
Kalutara,Maha,Carrot,2023,114.58,2121.87,Wet,Supported envelope,Wet Zone,Carrot,18.518676906964565
Kalutara,Maha,Carrot,2023,192.9,2916.67,Wet,Supported envelope,Wet Zone,Carrot,15.120114048729912
Kalutara,Maha,Cassava,2023,259.26,5042.18,Wet,Supported envelope,Wet Zone,Manioc,19.4483530047057
Kalutara,Maha,Chilli,2023,91.69,728.36,Wet,Supported envelope,Wet Zone,Chillies (Green),7.943723415857782
Kalutara,Maha,Chilli,2023,71.59,510.06,Wet,Supported envelope,Wet Zone,Chillies (Green),7.124738091912278
Kalutara,Maha,Cinnamon,2023,53.88,235.64,Wet,Supported envelope,Wet Zone,Cinnamon,4.373422420193021
Kalutara,Maha,Cinnamon,2023,61.1,282.36,Wet,Supported envelope,Wet Zone,Cinnamon,4.621276595744681
Kalutara,Maha,Ginger,2023,86.6,947.54,Wet,Supported envelope,Wet Zone,Ginger,10.941570438799076
Kalutara,Maha,Ginger,2023,131.32,1452.08,Wet,Supported envelope,Wet Zone,Ginger,11.057569296375267
Kalutara,Maha,Ginger,2023,69.02,680.84,Wet,Supported envelope,Wet Zone,Ginger,9.864387134164012
Kalutara,Maha,Potato,2023,98.85,1998.62,Wet,Supported envelope,Wet Zone,Potatoes,20.218715225088516
Kalutara,Maha,Potato,2023,108.38,2755.51,Wet,Supported envelope,Wet Zone,Potatoes,25.424524820077508
Kalutara,Maha,Red Onion,2023,65.76,556.46,Wet,Supported envelope,Wet Zone,Red Onion,8.46198296836983
Kalutara,Maha,Sweet Potato,2023,74.84,775.21,Wet,Supported envelope,Wet Zone,Sweet Potatoes,10.358230892570818
Kalutara,Maha,Tea,2023,219.01,5256.96,Wet,Supported envelope,Wet Zone,Tea,24.00328752111776
Kalutara,Yala,Carrot,2023,86.5,1775.69,Wet,Supported envelope,Wet Zone,Carrot,20.52820809248555
Kalutara,Yala,Carrot,2023,76.4,1180.85,Wet,Supported envelope,Wet Zone,Carrot,15.45615183246073
Kalutara,Yala,Potato,2023,84.38,1515.46,Wet,Supported envelope,Wet Zone,Potatoes,17.959943114482105
Kalutara,Yala,Potato,2023,124.75,2233.16,Wet,Supported envelope,Wet Zone,Potatoes,17.901082164328656
Kalutara,Yala,Red Onion,2023,67.89,798.87,Wet,Supported envelope,Wet Zone,Red Onion,11.767123287671232
Kalutara,Yala,Red Onion,2023,84.22,929.64,Wet,Supported envelope,Wet Zone,Red Onion,11.03823319876514
Kalutara,Yala,Sweet Potato,2023,167.79,2204.52,Wet,Supported envelope,Wet Zone,Sweet Potatoes,13.138566064723763
Kandy,Maha,Beans,2023,104.41,1005.99,Up-country Wet/Intermediate,Supported envelope,Up Country Wet Zone,Beans,9.634996647830668
Kandy,Maha,Beans,2023,82.21,830.41,Up-country Wet/Intermediate,Supported envelope,Up Country Wet Zone,Beans,10.101082593358473
Kandy,Maha,Beans,2023,94.57,1051.89,Up-country Wet/Intermediate,Supported envelope,Up Country Wet Zone,Beans,11.122871946706146
Kandy,Maha,Beans,2023,88.17,1098.21,Up-country Wet/Intermediate,Supported envelope,Up Country Wet Zone,Beans,12.455597141884995
Kandy,Maha,Carrot,2023,171.35,2745.04,Up-country Wet/Intermediate,Supported envelope,Up Country Wet Zone,Carrot,16.020075868106215
Kandy,Maha,Carrot,2023,128.3,2041.74,Up-country Wet/Intermediate,Supported envelope,Up Country Wet Zone,Carrot,15.913795791114573
Kandy,Maha,Carrot,2023,126.17,1968.6,Up-country Wet/Intermediate,Supported envelope,Up Country Wet Zone,Carrot,15.602758183403344
Kandy,Maha,Carrot,2023,111.95,1821.17,Up-country Wet/Intermediate,Supported envelope,Up Country Wet Zone,Carrot,16.26770879857079
Kandy,Maha,Cassava,2023,123.35,2579.01,Up-country Wet/Intermediate,Supported envelope,Up Country Wet Zone,Manioc,20.90806647750304
Kandy,Maha,Cassava,2023,199.02,3986.63,Up-country Wet/Intermediate,Supported envelope,Up Country Wet Zone,Manioc,20.031303386594313
Kandy,Maha,Chilli,2023,99.43,700.04,Up-country Wet/Intermediate,Supported envelope,Up Country Wet Zone,Chillies (Green),7.040531026853062
Kandy,Maha,Cowpea,2023,54.65,405.85,Up-country Wet/Intermediate,Supported envelope,Up Country Wet Zone,Cowpea,7.426349496797805
Kandy,Maha,Green Gram,2023,47.88,404.15,Up-country Wet/Intermediate,Supported envelope,Up Country Wet Zone,Green Gram,8.440893901420216
Kandy,Maha,Leeks,2023,119.97,1430.88,Up-country Wet/Intermediate,Supported envelope,Up Country Wet Zone,Leeks,11.92698174543636
Kandy,Maha,Leeks,2023,79.53,837.83,Up-country Wet/Intermediate,Supported envelope,Up Country Wet Zone,Leeks,10.534766754683767
Kandy,Maha,Turmeric,2023,97.59,1059.87,Up-country Wet/Intermediate,Supported envelope,Up Country Wet Zone,Turmeric,10.860436520135258
Kandy,Yala,Beans,2023,98.02,883.2,Up-country Wet/Intermediate,Supported envelope,Up Country Wet Zone,Beans,9.01040603958376
Kandy,Yala,Beans,2023,113.13,1064.74,Up-country Wet/Intermediate,Supported envelope,Up Country Wet Zone,Beans,9.411650313798285
Kandy,Yala,Big Onion,2023,102.02,1069.84,Up-country Wet/Intermediate,Supported envelope,Up Country Wet Zone,Big Onion,10.486571260537149
Kandy,Yala,Big Onion,2023,76.02,769.14,Up-country Wet/Intermediate,Supported envelope,Up Country Wet Zone,Big Onion,10.117600631412786
Kandy,Yala,Big Onion,2023,94.68,815.56,Up-country Wet/Intermediate,Supported envelope,Up Country Wet Zone,Big Onion,8.613857203210815
Kandy,Yala,Carrot,2023,130.82,1778.96,Up-country Wet/Intermediate,Supported envelope,Up Country Wet Zone,Carrot,13.598532334505428
Kandy,Yala,Chilli,2023,61.79,497.41,Up-country Wet/Intermediate,Supported envelope,Up Country Wet Zone,Chillies (Green),8.05000809192426
Kandy,Yala,Chilli,2023,68.41,523.41,Up-country Wet/Intermediate,Supported envelope,Up Country Wet Zone,Chillies (Green),7.651074404326852
Kandy,Yala,Chilli,2023,62.66,552.59,Up-country Wet/Intermediate,Supported envelope,Up Country Wet Zone,Chillies (Green),8.818863708905203
Kandy,Yala,Ginger,2023,129.82,1339.55,Up-country Wet/Intermediate,Supported envelope,Up Country Wet Zone,Ginger,10.3185179479279
Kandy,Yala,Green Gram,2023,73.78,591.32,Up-country Wet/Intermediate,Supported envelope,Up Country Wet Zone,Green Gram,8.014638113309841
Kandy,Yala,Leeks,2023,110.1,1343.41,Up-country Wet/Intermediate,Supported envelope,Up Country Wet Zone,Leeks,12.201725703905542
Kandy,Yala,Leeks,2023,125.07,1357.64,Up-country Wet/Intermediate,Supported envelope,Up Country Wet Zone,Leeks,10.855041176940915
Kandy,Yala,Leeks,2023,144.63,1986.38,Up-country Wet/Intermediate,Supported envelope,Up Country Wet Zone,Leeks,13.734218350273112
Kandy,Yala,Tea,2023,298.6,7799.22,Up-country Wet/Intermediate,Supported envelope,Up Country Wet Zone,Tea,26.11929002009377
Kandy,Yala,Tea,2023,318.68,8156.41,Up-country Wet/Intermediate,Supported envelope,Up Country Wet Zone,Tea,25.594357976653697
Kandy,Yala,Tea,2023,203.08,6477.14,Up-country Wet/Intermediate,Supported envelope,Up Country Wet Zone,Tea,31.89452432538901
Kandy,Yala,Turmeric,2023,93.53,1331.98,Up-country Wet/Intermediate,Supported envelope,Up Country Wet Zone,Turmeric,14.241206030150753
Kegalle,Maha,Beans,2023,84.17,822.51,Wet/Intermediate,Supported envelope,Wet Zone,Beans,9.772009029345373
Kegalle,Maha,Beans,2023,72.99,754.12,Wet/Intermediate,Supported envelope,Wet Zone,Beans,10.33182627757227
Kegalle,Maha,Beans,2023,87.95,967.7,Wet/Intermediate,Supported envelope,Wet Zone,Beans,11.002842524161455
Kegalle,Maha,Beans,2023,58.6,709.55,Wet/Intermediate,Supported envelope,Wet Zone,Beans,12.108361774744026
Kegalle,Maha,Carrot,2023,68.36,1001.39,Wet/Intermediate,Supported envelope,Wet Zone,Carrot,14.64877121123464
Kegalle,Maha,Carrot,2023,93.99,1447.08,Wet/Intermediate,Supported envelope,Wet Zone,Carrot,15.396105968720077
Kegalle,Maha,Carrot,2023,112.82,2031.49,Wet/Intermediate,Supported envelope,Wet Zone,Carrot,18.006470483956747
Kegalle,Maha,Cassava,2023,98.05,2612.57,Wet/Intermediate,Supported envelope,Wet Zone,Manioc,26.64528301886793
Kegalle,Maha,Chilli,2023,56.7,447.05,Wet/Intermediate,Supported envelope,Wet Zone,Chillies (Green),7.884479717813051
Kegalle,Maha,Chilli,2023,49.01,388.69,Wet/Intermediate,Supported envelope,Wet Zone,Chillies (Green),7.930830442766783
Kegalle,Maha,Chilli,2023,49.49,315.0,Wet/Intermediate,Supported envelope,Wet Zone,Chillies (Green),6.364922206506365
Kegalle,Maha,Chilli,2023,61.43,487.24,Wet/Intermediate,Supported envelope,Wet Zone,Chillies (Green),7.931629496988442
Kegalle,Maha,Ginger,2023,93.33,1095.85,Wet/Intermediate,Supported envelope,Wet Zone,Ginger,11.741669345333761
Kegalle,Maha,Green Gram,2023,64.92,453.03,Wet/Intermediate,Supported envelope,Wet Zone,Green Gram,6.9782809611829935
Kegalle,Maha,Pepper,2023,33.37,182.12,Wet/Intermediate,Supported envelope,Wet Zone,Pepper,5.457596643691939
Kegalle,Maha,Pepper,2023,62.44,241.91,Wet/Intermediate,Supported envelope,Wet Zone,Pepper,3.8742793081358107
Kegalle,Maha,Pineapple,2023,143.51,2709.8,Wet/Intermediate,Supported envelope,Wet Zone,Pineapple,18.882307853111286
Kegalle,Maha,Pineapple,2023,189.59,4614.3,Wet/Intermediate,Supported envelope,Wet Zone,Pineapple,24.338308982541275
Kegalle,Maha,Potato,2023,160.43,3170.7,Wet/Intermediate,Supported envelope,Wet Zone,Potatoes,19.763759895281428
Kegalle,Maha,Potato,2023,134.59,2712.32,Wet/Intermediate,Supported envelope,Wet Zone,Potatoes,20.15246303588677
Kegalle,Maha,Red Onion,2023,72.55,713.92,Wet/Intermediate,Supported envelope,Wet Zone,Red Onion,9.840385940730531
Kegalle,Maha,Red Onion,2023,62.93,569.18,Wet/Intermediate,Supported envelope,Wet Zone,Red Onion,9.044652788812966
Kegalle,Maha,Turmeric,2023,104.17,1116.4,Wet/Intermediate,Supported envelope,Wet Zone,Turmeric,10.717097052894308
Kegalle,Maha,Turmeric,2023,90.67,826.53,Wet/Intermediate,Supported envelope,Wet Zone,Turmeric,9.115804566008602
Kegalle,Yala,Beans,2023,97.34,811.63,Wet/Intermediate,Supported envelope,Wet Zone,Beans,8.338093281282104
Kegalle,Yala,Carrot,2023,112.24,1705.18,Wet/Intermediate,Supported envelope,Wet Zone,Carrot,15.192266571632217
Kegalle,Yala,Cassava,2023,127.5,2666.05,Wet/Intermediate,Supported envelope,Wet Zone,Manioc,20.910196078431373
Kegalle,Yala,Cassava,2023,142.69,3844.65,Wet/Intermediate,Supported envelope,Wet Zone,Manioc,26.944074567243675
Kegalle,Yala,Cauliflower,2023,86.76,1090.71,Wet/Intermediate,Supported envelope,Wet Zone,Cauliflower,12.571576763485476
Kegalle,Yala,Chilli,2023,71.71,558.32,Wet/Intermediate,Supported envelope,Wet Zone,Chillies (Green),7.785803932505928
Kegalle,Yala,Chilli,2023,89.16,705.35,Wet/Intermediate,Supported envelope,Wet Zone,Chillies (Green),7.911058770749215
Kegalle,Yala,Chilli,2023,37.07,324.62,Wet/Intermediate,Supported envelope,Wet Zone,Chillies (Green),8.756946317777178
Kegalle,Yala,Chilli,2023,53.82,445.72,Wet/Intermediate,Supported envelope,Wet Zone,Chillies (Green),8.281679672984021
Kegalle,Yala,Chilli,2023,61.97,479.77,Wet/Intermediate,Supported envelope,Wet Zone,Chillies (Green),7.741971921897692
Kegalle,Yala,Chilli,2023,44.6,358.16,Wet/Intermediate,Supported envelope,Wet Zone,Chillies (Green),8.030493273542602
Kegalle,Yala,Cinnamon,2023,33.61,147.78,Wet/Intermediate,Supported envelope,Wet Zone,Cinnamon,4.39690568283249
Kegalle,Yala,Green Gram,2023,40.1,274.8,Wet/Intermediate,Supported envelope,Wet Zone,Green Gram,6.85286783042394
Kegalle,Yala,Maize,2023,78.6,1158.51,Wet/Intermediate,Supported envelope,Wet Zone,Maize,14.739312977099237
Kegalle,Yala,Pepper,2023,69.49,417.09,Wet/Intermediate,Supported envelope,Wet Zone,Pepper,6.002158583968916
Kilinochchi,Maha,Big Onion,2023,80.97,800.43,Dry,Supported envelope,Dry Zone,Big Onion,9.885513153019636
Kilinochchi,Maha,Big Onion,2023,44.8,457.59,Dry,Supported envelope,Dry Zone,Big Onion,10.2140625
Kilinochchi,Maha,Carrot,2023,73.25,1249.9,Dry,Supported envelope,Dry Zone,Carrot,17.063481228668945
Kilinochchi,Maha,Carrot,2023,72.99,1003.83,Dry,Supported envelope,Dry Zone,Carrot,13.75297986025483
Kilinochchi,Maha,Carrot,2023,102.81,1567.52,Dry,Supported envelope,Dry Zone,Carrot,15.246765878805563
Kilinochchi,Maha,Carrot,2023,104.31,1731.39,Dry,Supported envelope,Dry Zone,Carrot,16.598504457865978
Kilinochchi,Maha,Carrot,2023,57.6,759.94,Dry,Supported envelope,Dry Zone,Carrot,13.193402777777779
Kilinochchi,Maha,Chilli,2023,38.82,355.41,Dry,Supported envelope,Dry Zone,Chillies (Green),9.155332302936632
Kilinochchi,Maha,Chilli,2023,45.51,379.0,Dry,Supported envelope,Dry Zone,Chillies (Green),8.32784003515711
Kilinochchi,Maha,Chilli,2023,34.39,260.57,Dry,Supported envelope,Dry Zone,Chillies (Green),7.576911892992149
Kilinochchi,Maha,Cowpea,2023,67.8,491.06,Dry,Supported envelope,Dry Zone,Cowpea,7.242772861356933
Kilinochchi,Maha,Cowpea,2023,48.05,354.62,Dry,Supported envelope,Dry Zone,Cowpea,7.380228928199792
Kilinochchi,Maha,Green Gram,2023,35.32,289.9,Dry,Supported envelope,Dry Zone,Green Gram,8.207814269535673
Kilinochchi,Maha,Maize,2023,87.62,1694.31,Dry,Supported envelope,Dry Zone,Maize,19.337023510614014
Kilinochchi,Maha,Potato,2023,74.86,1309.3,Dry,Supported envelope,Dry Zone,Potatoes,17.489981298423725
Kilinochchi,Maha,Sweet Potato,2023,79.58,776.19,Dry,Supported envelope,Dry Zone,Sweet Potatoes,9.753581301834632
Kilinochchi,Yala,Big Onion,2023,36.74,363.58,Dry,Supported envelope,Dry Zone,Big Onion,9.896026129559063
Kilinochchi,Yala,Carrot,2023,71.05,1310.3,Dry,Supported envelope,Dry Zone,Carrot,18.441942294159045
Kilinochchi,Yala,Carrot,2023,64.14,937.18,Dry,Supported envelope,Dry Zone,Carrot,14.611474898659182
Kilinochchi,Yala,Carrot,2023,76.88,884.89,Dry,Supported envelope,Dry Zone,Carrot,11.510015608740895
Kilinochchi,Yala,Carrot,2023,48.76,807.95,Dry,Supported envelope,Dry Zone,Carrot,16.569934372436425
Kilinochchi,Yala,Cassava,2023,164.75,3811.77,Dry,Supported envelope,Dry Zone,Manioc,23.13669195751138
Kilinochchi,Yala,Chilli,2023,35.56,279.26,Dry,Supported envelope,Dry Zone,Chillies (Green),7.853205849268841
Kilinochchi,Yala,Cowpea,2023,55.78,376.04,Dry,Supported envelope,Dry Zone,Cowpea,6.741484403011833
Kilinochchi,Yala,Green Gram,2023,59.69,413.51,Dry,Supported envelope,Dry Zone,Green Gram,6.927626068018093
Kilinochchi,Yala,Turmeric,2023,63.72,587.71,Dry,Supported envelope,Dry Zone,Turmeric,9.223320778405524
Kilinochchi,Yala,Turmeric,2023,40.25,355.68,Dry,Supported envelope,Dry Zone,Turmeric,8.836770186335404
Kurunegala,Maha,Big Onion,2023,69.4,678.7,Intermediate/Dry,Supported envelope,Intermediate Zone,Big Onion,9.779538904899136
Kurunegala,Maha,Carrot,2023,99.28,1500.72,Intermediate/Dry,Supported envelope,Intermediate Zone,Carrot,15.116035455278002
Kurunegala,Maha,Carrot,2023,99.23,1525.9,Intermediate/Dry,Supported envelope,Intermediate Zone,Carrot,15.377406026403305
Kurunegala,Maha,Carrot,2023,78.97,1406.78,Intermediate/Dry,Supported envelope,Intermediate Zone,Carrot,17.81410662276814
Kurunegala,Maha,Chilli,2023,55.2,410.23,Intermediate/Dry,Supported envelope,Intermediate Zone,Chillies (Green),7.431702898550725
Kurunegala,Maha,Chilli,2023,94.03,639.88,Intermediate/Dry,Supported envelope,Intermediate Zone,Chillies (Green),6.805062214186962
Kurunegala,Maha,Chilli,2023,53.71,393.72,Intermediate/Dry,Supported envelope,Intermediate Zone,Chillies (Green),7.330478495624651
Kurunegala,Maha,Chilli,2023,44.05,484.11,Intermediate/Dry,Supported envelope,Intermediate Zone,Chillies (Green),10.990011350737799
Kurunegala,Maha,Cowpea,2023,38.55,252.91,Intermediate/Dry,Supported envelope,Intermediate Zone,Cowpea,6.560570687418937
Kurunegala,Maha,Groundnut,2023,67.88,771.79,Intermediate/Dry,Supported envelope,Intermediate Zone,Ground Nuts,11.369917501473187
Kurunegala,Maha,Maize,2023,89.25,1278.06,Intermediate/Dry,Supported envelope,Intermediate Zone,Maize,14.319999999999999
Kurunegala,Maha,Maize,2023,149.17,2639.33,Intermediate/Dry,Supported envelope,Intermediate Zone,Maize,17.69343701816719
Kurunegala,Maha,Pineapple,2023,217.83,4876.91,Intermediate/Dry,Supported envelope,Intermediate Zone,Pineapple,22.3886057935087
Kurunegala,Maha,Turmeric,2023,52.05,517.54,Intermediate/Dry,Supported envelope,Intermediate Zone,Turmeric,9.943131604226705
Kurunegala,Yala,Carrot,2023,119.59,1880.53,Intermediate/Dry,Supported envelope,Intermediate Zone,Carrot,15.7248097667029
Kurunegala,Yala,Chilli,2023,127.26,1082.69,Intermediate/Dry,Supported envelope,Intermediate Zone,Chillies (Green),8.507700770077008
Kurunegala,Yala,Maize,2023,107.04,1227.68,Intermediate/Dry,Supported envelope,Intermediate Zone,Maize,11.469357249626308
Kurunegala,Yala,Pineapple,2023,86.14,2337.81,Intermediate/Dry,Supported envelope,Intermediate Zone,Pineapple,27.139656373345716
Mannar,Maha,Carrot,2023,192.76,3016.75,Dry,Supported envelope,Dry Zone,Carrot,15.650290516704711
Mannar,Maha,Carrot,2023,124.33,1989.1,Dry,Supported envelope,Dry Zone,Carrot,15.998552240006434
Mannar,Maha,Carrot,2023,103.1,1405.11,Dry,Supported envelope,Dry Zone,Carrot,13.628612997090203
Mannar,Maha,Chilli,2023,54.59,473.67,Dry,Supported envelope,Dry Zone,Chillies (Green),8.67686389448617
Mannar,Maha,Turmeric,2023,132.31,1354.13,Dry,Supported envelope,Dry Zone,Turmeric,10.234524979215479
Mannar,Yala,Big Onion,2023,109.35,1203.27,Dry,Supported envelope,Dry Zone,Big Onion,11.003840877914952
Mannar,Yala,Carrot,2023,122.13,1849.74,Dry,Supported envelope,Dry Zone,Carrot,15.14566445590764
Mannar,Yala,Cassava,2023,222.92,4478.02,Dry,Supported envelope,Dry Zone,Manioc,20.08801363717926
Mannar,Yala,Chilli,2023,74.55,558.62,Dry,Supported envelope,Dry Zone,Chillies (Green),7.493226022803488
Mannar,Yala,Ginger,2023,89.17,1177.03,Dry,Supported envelope,Dry Zone,Ginger,13.199842996523493
Mannar,Yala,Groundnut,2023,104.48,1151.22,Dry,Supported envelope,Dry Zone,Ground Nuts,11.018568147013783
Mannar,Yala,Potato,2023,274.24,4226.9,Dry,Supported envelope,Dry Zone,Potatoes,15.413141773628936
Mannar,Yala,Red Onion,2023,79.03,766.74,Dry,Supported envelope,Dry Zone,Red Onion,9.701885359989877
Matale,Maha,Beans,2023,58.55,538.14,Intermediate/Up-country,Supported envelope,Intermediate Zone,Beans,9.191118701964134
Matale,Maha,Beans,2023,53.84,696.08,Intermediate/Up-country,Supported envelope,Intermediate Zone,Beans,12.928677563150075
Matale,Maha,Beans,2023,47.44,461.28,Intermediate/Up-country,Supported envelope,Intermediate Zone,Beans,9.723440134907252
Matale,Maha,Beans,2023,58.7,617.55,Intermediate/Up-country,Supported envelope,Intermediate Zone,Beans,10.52044293015332
Matale,Maha,Cabbage,2023,74.9,1251.24,Intermediate/Up-country,Supported envelope,Intermediate Zone,Cabbage,16.705473965287048
Matale,Maha,Cabbage,2023,132.9,2406.74,Intermediate/Up-country,Supported envelope,Intermediate Zone,Cabbage,18.10940556809631
Matale,Maha,Cassava,2023,150.7,4113.91,Intermediate/Up-country,Supported envelope,Intermediate Zone,Manioc,27.29867285998673
Matale,Maha,Chilli,2023,60.09,509.56,Intermediate/Up-country,Supported envelope,Intermediate Zone,Chillies (Green),8.479946746546846
Matale,Maha,Chilli,2023,38.62,305.38,Intermediate/Up-country,Supported envelope,Intermediate Zone,Chillies (Green),7.907301916105645
Matale,Maha,Green Gram,2023,38.49,290.74,Intermediate/Up-country,Supported envelope,Intermediate Zone,Green Gram,7.553650298778903
Matale,Maha,Leeks,2023,85.03,993.69,Intermediate/Up-country,Supported envelope,Intermediate Zone,Leeks,11.68634599553099
Matale,Maha,Maize,2023,69.79,1622.34,Intermediate/Up-country,Supported envelope,Intermediate Zone,Maize,23.246023785642638
Matale,Maha,Sweet Potato,2023,66.52,751.22,Intermediate/Up-country,Supported envelope,Intermediate Zone,Sweet Potatoes,11.293144918821408
Matale,Maha,Tea,2023,146.12,3099.02,Intermediate/Up-country,Supported envelope,Intermediate Zone,Tea,21.2087325485902
Matale,Maha,Tea,2023,91.36,2340.47,Intermediate/Up-country,Supported envelope,Intermediate Zone,Tea,25.618104203152363
Matale,Maha,Turmeric,2023,95.83,899.94,Intermediate/Up-country,Supported envelope,Intermediate Zone,Turmeric,9.391004904518418
Matale,Yala,Beans,2023,37.73,301.44,Intermediate/Up-country,Supported envelope,Intermediate Zone,Beans,7.989398356745296
Matale,Yala,Beans,2023,95.16,1045.89,Intermediate/Up-country,Supported envelope,Intermediate Zone,Beans,10.990857503152586
Matale,Yala,Beans,2023,59.56,600.88,Intermediate/Up-country,Supported envelope,Intermediate Zone,Beans,10.08865010073875
Matale,Yala,Carrot,2023,49.96,688.78,Intermediate/Up-country,Supported envelope,Intermediate Zone,Carrot,13.786629303442753
Matale,Yala,Carrot,2023,100.77,1811.66,Intermediate/Up-country,Supported envelope,Intermediate Zone,Carrot,17.97816810558698
Matale,Yala,Chilli,2023,45.25,309.81,Intermediate/Up-country,Supported envelope,Intermediate Zone,Chillies (Green),6.846629834254144
Matale,Yala,Chilli,2023,58.4,496.6,Intermediate/Up-country,Supported envelope,Intermediate Zone,Chillies (Green),8.503424657534246
Matale,Yala,Chilli,2023,43.34,324.67,Intermediate/Up-country,Supported envelope,Intermediate Zone,Chillies (Green),7.491232118135671
Matale,Yala,Chilli,2023,52.04,319.53,Intermediate/Up-country,Supported envelope,Intermediate Zone,Chillies (Green),6.140084550345887
Matale,Yala,Green Gram,2023,64.36,518.81,Intermediate/Up-country,Supported envelope,Intermediate Zone,Green Gram,8.061062771908016
Matale,Yala,Leeks,2023,51.06,587.7,Intermediate/Up-country,Supported envelope,Intermediate Zone,Leeks,11.509988249118685
Matale,Yala,Leeks,2023,36.64,497.4,Intermediate/Up-country,Supported envelope,Intermediate Zone,Leeks,13.57532751091703
Matale,Yala,Red Onion,2023,76.6,909.41,Intermediate/Up-country,Supported envelope,Intermediate Zone,Red Onion,11.87219321148825
Matale,Yala,Red Onion,2023,66.8,580.65,Intermediate/Up-country,Supported envelope,Intermediate Zone,Red Onion,8.692365269461078
Matale,Yala,Sweet Potato,2023,84.38,853.61,Intermediate/Up-country,Supported envelope,Intermediate Zone,Sweet Potatoes,10.116259777198389
Matale,Yala,Tea,2023,144.67,3099.22,Intermediate/Up-country,Supported envelope,Intermediate Zone,Tea,21.422686113223197
Matara,Maha,Big Onion,2023,82.28,914.3,Wet,Supported envelope,Wet Zone,Big Onion,11.112056392805055
Matara,Maha,Carrot,2023,221.6,3238.69,Wet,Supported envelope,Wet Zone,Carrot,14.615027075812275
Matara,Maha,Cassava,2023,149.28,3489.91,Wet,Supported envelope,Wet Zone,Manioc,23.378282422293676
Matara,Maha,Chilli,2023,76.31,556.61,Wet,Supported envelope,Wet Zone,Chillies (Green),7.294063687590093
Matara,Maha,Cowpea,2023,79.35,636.61,Wet,Supported envelope,Wet Zone,Cowpea,8.022810333963454
Matara,Maha,Green Gram,2023,73.65,528.0,Wet,Supported envelope,Wet Zone,Green Gram,7.169042769857433
Matara,Maha,Groundnut,2023,92.27,930.28,Wet,Supported envelope,Wet Zone,Ground Nuts,10.082150211336296
Matara,Maha,Groundnut,2023,109.16,1286.46,Wet,Supported envelope,Wet Zone,Ground Nuts,11.785086112128985
Matara,Maha,Pepper,2023,60.4,367.33,Wet,Supported envelope,Wet Zone,Pepper,6.081622516556291
Matara,Maha,Pepper,2023,49.54,256.27,Wet,Supported envelope,Wet Zone,Pepper,5.172991522002422
Matara,Maha,Potato,2023,152.46,2806.83,Wet,Supported envelope,Wet Zone,Potatoes,18.410271546635183
Matara,Maha,Potato,2023,128.65,2181.25,Wet,Supported envelope,Wet Zone,Potatoes,16.95491643995336
Matara,Maha,Sweet Potato,2023,135.04,1700.37,Wet,Supported envelope,Wet Zone,Sweet Potatoes,12.59160248815166
Matara,Maha,Tea,2023,187.02,5034.91,Wet,Supported envelope,Wet Zone,Tea,26.921773072398672
Matara,Yala,Big Onion,2023,87.88,1000.24,Wet,Supported envelope,Wet Zone,Big Onion,11.381884387801549
Matara,Yala,Carrot,2023,115.03,1886.02,Wet,Supported envelope,Wet Zone,Carrot,16.395896722594106
Matara,Yala,Carrot,2023,110.6,1358.78,Wet,Supported envelope,Wet Zone,Carrot,12.285533453887885
Matara,Yala,Cassava,2023,157.12,3271.59,Wet,Supported envelope,Wet Zone,Manioc,20.822237780040734
Matara,Yala,Cassava,2023,189.16,3978.31,Wet,Supported envelope,Wet Zone,Manioc,21.031454853034468
Matara,Yala,Chilli,2023,79.43,481.62,Wet,Supported envelope,Wet Zone,Chillies (Green),6.06345209618532
Matara,Yala,Chilli,2023,67.02,497.53,Wet,Supported envelope,Wet Zone,Chillies (Green),7.423604894061474
Matara,Yala,Chilli,2023,45.78,334.68,Wet,Supported envelope,Wet Zone,Chillies (Green),7.310615989515072
Matara,Yala,Chilli,2023,76.3,649.51,Wet,Supported envelope,Wet Zone,Chillies (Green),8.512581913499345
Matara,Yala,Cinnamon,2023,99.41,468.17,Wet,Supported envelope,Wet Zone,Cinnamon,4.709485967206518
Matara,Yala,Cinnamon,2023,83.68,349.71,Wet,Supported envelope,Wet Zone,Cinnamon,4.1791347992351815
Matara,Yala,Cowpea,2023,62.55,420.33,Wet,Supported envelope,Wet Zone,Cowpea,6.719904076738609
Matara,Yala,Cowpea,2023,57.39,384.8,Wet,Supported envelope,Wet Zone,Cowpea,6.705000871231922
Matara,Yala,Groundnut,2023,93.53,992.87,Wet,Supported envelope,Wet Zone,Ground Nuts,10.615524430663958
Matara,Yala,Pepper,2023,42.93,221.53,Wet,Supported envelope,Wet Zone,Pepper,5.160260889820639
Matara,Yala,Pepper,2023,40.76,167.69,Wet,Supported envelope,Wet Zone,Pepper,4.114082433758587
Matara,Yala,Pepper,2023,49.36,263.32,Wet,Supported envelope,Wet Zone,Pepper,5.334683954619125
Matara,Yala,Potato,2023,187.62,3275.51,Wet,Supported envelope,Wet Zone,Potatoes,17.458213410084213
Matara,Yala,Potato,2023,175.83,3870.5,Wet,Supported envelope,Wet Zone,Potatoes,22.012739578001476
Matara,Yala,Red Onion,2023,69.23,631.7,Wet,Supported envelope,Wet Zone,Red Onion,9.124656940632674
Mullaitivu,Maha,Big Onion,2023,92.58,1109.6,Dry,Supported envelope,Dry Zone,Big Onion,11.985310002160293
Mullaitivu,Maha,Big Onion,2023,115.39,1093.82,Dry,Supported envelope,Dry Zone,Big Onion,9.479330964554986
Mullaitivu,Maha,Carrot,2023,103.23,1414.61,Dry,Supported envelope,Dry Zone,Carrot,13.703477671219606
Mullaitivu,Maha,Carrot,2023,99.3,1880.89,Dry,Supported envelope,Dry Zone,Carrot,18.94149043303122
Mullaitivu,Maha,Carrot,2023,113.83,1942.61,Dry,Supported envelope,Dry Zone,Carrot,17.06588772731266
Mullaitivu,Maha,Green Gram,2023,44.57,369.13,Dry,Supported envelope,Dry Zone,Green Gram,8.282028270136863
Mullaitivu,Maha,Green Gram,2023,71.44,609.45,Dry,Supported envelope,Dry Zone,Green Gram,8.530935050391939
Mullaitivu,Maha,Potato,2023,170.5,3230.8,Dry,Supported envelope,Dry Zone,Potatoes,18.948973607038123
Mullaitivu,Yala,Carrot,2023,103.26,1841.68,Dry,Supported envelope,Dry Zone,Carrot,17.835367034669765
Mullaitivu,Yala,Chilli,2023,77.3,473.26,Dry,Supported envelope,Dry Zone,Chillies (Green),6.122380336351876
Mullaitivu,Yala,Chilli,2023,57.7,386.67,Dry,Supported envelope,Dry Zone,Chillies (Green),6.701386481802427
Mullaitivu,Yala,Green Gram,2023,49.46,413.12,Dry,Supported envelope,Dry Zone,Green Gram,8.35260816821674
Mullaitivu,Yala,Maize,2023,93.96,1180.55,Dry,Supported envelope,Dry Zone,Maize,12.564389101745425
Mullaitivu,Yala,Red Onion,2023,78.71,693.68,Dry,Supported envelope,Dry Zone,Red Onion,8.8131114216745
Mullaitivu,Yala,Sweet Potato,2023,109.66,1521.85,Dry,Supported envelope,Dry Zone,Sweet Potatoes,13.877895312784972
Nuwara Eliya,Maha,Beans,2023,103.26,1178.66,Up-country Wet,Supported envelope,Up Country Wet Zone,Beans,11.414487700949062
Nuwara Eliya,Maha,Beans,2023,114.18,1064.56,Up-country Wet,Supported envelope,Up Country Wet Zone,Beans,9.323524259940443
Nuwara Eliya,Maha,Beans,2023,93.9,745.73,Up-country Wet,Supported envelope,Up Country Wet Zone,Beans,7.941746538871139
Nuwara Eliya,Maha,Beans,2023,171.19,1534.94,Up-country Wet,Supported envelope,Up Country Wet Zone,Beans,8.966294760207957
Nuwara Eliya,Maha,Big Onion,2023,69.81,846.01,Up-country Wet,Supported envelope,Up Country Wet Zone,Big Onion,12.118750895287208
Nuwara Eliya,Maha,Cabbage,2023,56.07,1240.82,Up-country Wet,Supported envelope,Up Country Wet Zone,Cabbage,22.12983770287141
Nuwara Eliya,Maha,Carrot,2023,104.72,1485.96,Up-country Wet,Supported envelope,Up Country Wet Zone,Carrot,14.189839572192513
Nuwara Eliya,Maha,Carrot,2023,139.04,2264.06,Up-country Wet,Supported envelope,Up Country Wet Zone,Carrot,16.283515535097813
Nuwara Eliya,Maha,Chilli,2023,52.86,413.43,Up-country Wet,Supported envelope,Up Country Wet Zone,Chillies (Green),7.82122587968218
Nuwara Eliya,Maha,Chilli,2023,58.98,508.38,Up-country Wet,Supported envelope,Up Country Wet Zone,Chillies (Green),8.619532044760936
Nuwara Eliya,Maha,Chilli,2023,38.17,353.55,Up-country Wet,Supported envelope,Up Country Wet Zone,Chillies (Green),9.262509824469479
Nuwara Eliya,Maha,Chilli,2023,31.34,249.53,Up-country Wet,Supported envelope,Up Country Wet Zone,Chillies (Green),7.962029355456286
Nuwara Eliya,Maha,Chilli,2023,42.23,293.16,Up-country Wet,Supported envelope,Up Country Wet Zone,Chillies (Green),6.941984371300025
Nuwara Eliya,Maha,Cowpea,2023,65.28,502.6,Up-country Wet,Supported envelope,Up Country Wet Zone,Cowpea,7.699142156862745
Nuwara Eliya,Maha,Cowpea,2023,43.53,399.84,Up-country Wet,Supported envelope,Up Country Wet Zone,Cowpea,9.18538938662991
Nuwara Eliya,Maha,Ginger,2023,58.99,776.61,Up-country Wet,Supported envelope,Up Country Wet Zone,Ginger,13.165112730971352
Nuwara Eliya,Maha,Leeks,2023,165.76,1764.1,Up-country Wet,Supported envelope,Up Country Wet Zone,Leeks,10.642495173745173
Nuwara Eliya,Maha,Leeks,2023,68.07,716.7,Up-country Wet,Supported envelope,Up Country Wet Zone,Leeks,10.528867342441606
Nuwara Eliya,Maha,Leeks,2023,133.48,1797.16,Up-country Wet,Supported envelope,Up Country Wet Zone,Leeks,13.463889721306565
Nuwara Eliya,Maha,Leeks,2023,105.57,1348.62,Up-country Wet,Supported envelope,Up Country Wet Zone,Leeks,12.774651889741403
Nuwara Eliya,Maha,Leeks,2023,170.7,2047.75,Up-country Wet,Supported envelope,Up Country Wet Zone,Leeks,11.99619214997071
Nuwara Eliya,Maha,Pepper,2023,42.77,236.22,Up-country Wet,Supported envelope,Up Country Wet Zone,Pepper,5.523030161328033
Nuwara Eliya,Maha,Red Onion,2023,59.0,566.24,Up-country Wet,Supported envelope,Up Country Wet Zone,Red Onion,9.597288135593221
Nuwara Eliya,Maha,Red Onion,2023,57.67,493.39,Up-country Wet,Supported envelope,Up Country Wet Zone,Red Onion,8.555401421883127
Nuwara Eliya,Maha,Turmeric,2023,62.31,586.7,Up-country Wet,Supported envelope,Up Country Wet Zone,Turmeric,9.415824105280052
Nuwara Eliya,Yala,Beans,2023,84.07,854.71,Up-country Wet,Supported envelope,Up Country Wet Zone,Beans,10.166646841917451
Nuwara Eliya,Yala,Cassava,2023,110.4,2602.2,Up-country Wet,Supported envelope,Up Country Wet Zone,Manioc,23.57065217391304
Nuwara Eliya,Yala,Cassava,2023,103.42,2318.75,Up-country Wet,Supported envelope,Up Country Wet Zone,Manioc,22.42071166118739
Nuwara Eliya,Yala,Cassava,2023,109.55,2695.16,Up-country Wet,Supported envelope,Up Country Wet Zone,Manioc,24.602099497946142
Nuwara Eliya,Yala,Cauliflower,2023,80.67,1031.73,Up-country Wet,Supported envelope,Up Country Wet Zone,Cauliflower,12.789512830048345
Nuwara Eliya,Yala,Chilli,2023,58.91,425.84,Up-country Wet,Supported envelope,Up Country Wet Zone,Chillies (Green),7.228653878798167
Nuwara Eliya,Yala,Chilli,2023,49.26,431.15,Up-country Wet,Supported envelope,Up Country Wet Zone,Chillies (Green),8.752537555826228
Nuwara Eliya,Yala,Chilli,2023,53.75,500.57,Up-country Wet,Supported envelope,Up Country Wet Zone,Chillies (Green),9.31293023255814
Nuwara Eliya,Yala,Chilli,2023,74.67,514.82,Up-country Wet,Supported envelope,Up Country Wet Zone,Chillies (Green),6.894602919512522
Nuwara Eliya,Yala,Groundnut,2023,65.6,659.01,Up-country Wet,Supported envelope,Up Country Wet Zone,Ground Nuts,10.045884146341464
Nuwara Eliya,Yala,Leeks,2023,115.44,1239.19,Up-country Wet,Supported envelope,Up Country Wet Zone,Leeks,10.73449410949411
Nuwara Eliya,Yala,Leeks,2023,104.99,1334.08,Up-country Wet,Supported envelope,Up Country Wet Zone,Leeks,12.706733974664253
Nuwara Eliya,Yala,Leeks,2023,95.15,1183.87,Up-country Wet,Supported envelope,Up Country Wet Zone,Leeks,12.442143983184444
Nuwara Eliya,Yala,Pepper,2023,28.36,143.54,Up-country Wet,Supported envelope,Up Country Wet Zone,Pepper,5.061354019746121
Nuwara Eliya,Yala,Red Onion,2023,69.64,740.08,Up-country Wet,Supported envelope,Up Country Wet Zone,Red Onion,10.627225732337738
Nuwara Eliya,Yala,Tea,2023,285.91,8060.61,Up-country Wet,Supported envelope,Up Country Wet Zone,Tea,28.19282291630233
Nuwara Eliya,Yala,Turmeric,2023,37.4,298.47,Up-country Wet,Supported envelope,Up Country Wet Zone,Turmeric,7.980481283422461
Nuwara Eliya,Yala,Turmeric,2023,52.13,556.51,Up-country Wet,Supported envelope,Up Country Wet Zone,Turmeric,10.675426817571456
Polonnaruwa,Maha,Big Onion,2023,97.74,949.83,Dry,Supported envelope,Dry Zone,Big Onion,9.71792510742787
Polonnaruwa,Maha,Carrot,2023,105.64,1442.53,Dry,Supported envelope,Dry Zone,Carrot,13.65514956455888
Polonnaruwa,Maha,Carrot,2023,124.72,1311.99,Dry,Supported envelope,Dry Zone,Carrot,10.519483643361129
Polonnaruwa,Maha,Cassava,2023,133.55,3607.54,Dry,Supported envelope,Dry Zone,Manioc,27.01265443654062
Polonnaruwa,Maha,Chilli,2023,55.13,309.3,Dry,Supported envelope,Dry Zone,Chillies (Green),5.610375476147288
Polonnaruwa,Maha,Chilli,2023,55.38,380.94,Dry,Supported envelope,Dry Zone,Chillies (Green),6.878656554712892
Polonnaruwa,Maha,Chilli,2023,64.23,554.93,Dry,Supported envelope,Dry Zone,Chillies (Green),8.639732212361823
Polonnaruwa,Maha,Chilli,2023,46.55,270.09,Dry,Supported envelope,Dry Zone,Chillies (Green),5.802148227712137
Polonnaruwa,Maha,Chilli,2023,90.13,599.95,Dry,Supported envelope,Dry Zone,Chillies (Green),6.656496172195718
Polonnaruwa,Maha,Cowpea,2023,51.53,429.24,Dry,Supported envelope,Dry Zone,Cowpea,8.329904909761304
Polonnaruwa,Maha,Ginger,2023,79.48,752.1,Dry,Supported envelope,Dry Zone,Ginger,9.462757926522395
Polonnaruwa,Maha,Green Gram,2023,62.53,516.26,Dry,Supported envelope,Dry Zone,Green Gram,8.256197025427795
Polonnaruwa,Maha,Maize,2023,116.28,1751.23,Dry,Supported envelope,Dry Zone,Maize,15.06045751633987
Polonnaruwa,Maha,Potato,2023,161.54,3088.73,Dry,Supported envelope,Dry Zone,Potatoes,19.12052742354835
Polonnaruwa,Maha,Red Onion,2023,73.53,737.15,Dry,Supported envelope,Dry Zone,Red Onion,10.02515979872161
Polonnaruwa,Maha,Sweet Potato,2023,154.62,2408.71,Dry,Supported envelope,Dry Zone,Sweet Potatoes,15.578256370456604
Polonnaruwa,Maha,Sweet Potato,2023,75.93,839.66,Dry,Supported envelope,Dry Zone,Sweet Potatoes,11.0583432108521
Polonnaruwa,Maha,Turmeric,2023,64.73,707.78,Dry,Supported envelope,Dry Zone,Turmeric,10.934342654101652
Polonnaruwa,Maha,Turmeric,2023,82.25,915.65,Dry,Supported envelope,Dry Zone,Turmeric,11.132522796352584
Polonnaruwa,Yala,Carrot,2023,72.23,981.89,Dry,Supported envelope,Dry Zone,Carrot,13.593936037657482
Polonnaruwa,Yala,Cassava,2023,131.5,2918.66,Dry,Supported envelope,Dry Zone,Manioc,22.195133079847906
Polonnaruwa,Yala,Chilli,2023,65.72,411.56,Dry,Supported envelope,Dry Zone,Chillies (Green),6.262325015216068
Polonnaruwa,Yala,Chilli,2023,79.95,532.31,Dry,Supported envelope,Dry Zone,Chillies (Green),6.658036272670418
Polonnaruwa,Yala,Chilli,2023,61.07,374.53,Dry,Supported envelope,Dry Zone,Chillies (Green),6.132798428033404
Polonnaruwa,Yala,Potato,2023,130.94,2698.81,Dry,Supported envelope,Dry Zone,Potatoes,20.611043225904993
Polonnaruwa,Yala,Sweet Potato,2023,106.09,1451.26,Dry,Supported envelope,Dry Zone,Sweet Potatoes,13.679517390894523
Polonnaruwa,Yala,Turmeric,2023,74.18,829.36,Dry,Supported envelope,Dry Zone,Turmeric,11.18037206794284
Puttalam,Maha,Carrot,2023,57.32,992.99,Dry/Intermediate,Supported envelope,Dry Zone,Carrot,17.323621772505234
Puttalam,Maha,Carrot,2023,74.22,994.5,Dry/Intermediate,Supported envelope,Dry Zone,Carrot,13.39935327405012
Puttalam,Maha,Chilli,2023,68.8,522.29,Dry/Intermediate,Supported envelope,Dry Zone,Chillies (Green),7.591424418604651
Puttalam,Maha,Chilli,2023,60.76,478.7,Dry/Intermediate,Supported envelope,Dry Zone,Chillies (Green),7.878538512179065
Puttalam,Maha,Chilli,2023,49.78,357.12,Dry/Intermediate,Supported envelope,Dry Zone,Chillies (Green),7.173965447971073
Puttalam,Maha,Cowpea,2023,59.52,397.09,Dry/Intermediate,Supported envelope,Dry Zone,Cowpea,6.671538978494623
Puttalam,Maha,Cowpea,2023,49.0,398.51,Dry/Intermediate,Supported envelope,Dry Zone,Cowpea,8.132857142857143
Puttalam,Maha,Potato,2023,142.17,2726.03,Dry/Intermediate,Supported envelope,Dry Zone,Potatoes,19.17443905183935
Puttalam,Maha,Turmeric,2023,80.68,767.66,Dry/Intermediate,Supported envelope,Dry Zone,Turmeric,9.514873574615764
Puttalam,Yala,Big Onion,2023,65.94,697.75,Dry/Intermediate,Supported envelope,Dry Zone,Big Onion,10.58158932362754
Puttalam,Yala,Big Onion,2023,72.33,838.91,Dry/Intermediate,Supported envelope,Dry Zone,Big Onion,11.598368588414212
Puttalam,Yala,Carrot,2023,126.01,2193.58,Dry/Intermediate,Supported envelope,Dry Zone,Carrot,17.40798349337354
Puttalam,Yala,Cassava,2023,215.59,4940.79,Dry/Intermediate,Supported envelope,Dry Zone,Manioc,22.91752864233035
Puttalam,Yala,Chilli,2023,64.78,423.94,Dry/Intermediate,Supported envelope,Dry Zone,Chillies (Green),6.544303797468355
Puttalam,Yala,Chilli,2023,53.64,446.53,Dry/Intermediate,Supported envelope,Dry Zone,Chillies (Green),8.324571215510812
Puttalam,Yala,Cowpea,2023,52.45,422.6,Dry/Intermediate,Supported envelope,Dry Zone,Cowpea,8.05719733079123
Puttalam,Yala,Green Gram,2023,45.81,327.48,Dry/Intermediate,Supported envelope,Dry Zone,Green Gram,7.148657498362803
Puttalam,Yala,Red Onion,2023,80.33,794.25,Dry/Intermediate,Supported envelope,Dry Zone,Red Onion,9.887339723639986
Ratnapura,Maha,Beans,2023,104.46,1182.2,Wet/Intermediate,Supported envelope,Wet Zone,Beans,11.317250622247752
Ratnapura,Maha,Beans,2023,67.67,620.95,Wet/Intermediate,Supported envelope,Wet Zone,Beans,9.1761489581794
Ratnapura,Maha,Beans,2023,101.26,1125.32,Wet/Intermediate,Supported envelope,Wet Zone,Beans,11.11317400750543
Ratnapura,Maha,Big Onion,2023,77.77,817.68,Wet/Intermediate,Supported envelope,Wet Zone,Big Onion,10.514079979426514
Ratnapura,Maha,Carrot,2023,80.55,1271.17,Wet/Intermediate,Supported envelope,Wet Zone,Carrot,15.781129733085042
Ratnapura,Maha,Carrot,2023,85.55,1029.01,Wet/Intermediate,Supported envelope,Wet Zone,Carrot,12.028170660432496
Ratnapura,Maha,Carrot,2023,73.69,1145.57,Wet/Intermediate,Supported envelope,Wet Zone,Carrot,15.545799972859275
Ratnapura,Maha,Cauliflower,2023,146.22,2746.48,Wet/Intermediate,Supported envelope,Wet Zone,Cauliflower,18.783203392148817
Ratnapura,Maha,Chilli,2023,47.51,346.98,Wet/Intermediate,Supported envelope,Wet Zone,Chillies (Green),7.303304567459483
Ratnapura,Maha,Chilli,2023,80.34,544.91,Wet/Intermediate,Supported envelope,Wet Zone,Chillies (Green),6.782549166044311
Ratnapura,Maha,Cowpea,2023,47.92,459.9,Wet/Intermediate,Supported envelope,Wet Zone,Cowpea,9.597245409015024
Ratnapura,Maha,Green Gram,2023,74.42,529.12,Wet/Intermediate,Supported envelope,Wet Zone,Green Gram,7.10991668906208
Ratnapura,Maha,Groundnut,2023,86.34,798.02,Wet/Intermediate,Supported envelope,Wet Zone,Ground Nuts,9.242761176743109
Ratnapura,Maha,Groundnut,2023,48.04,489.7,Wet/Intermediate,Supported envelope,Wet Zone,Ground Nuts,10.193588676103246
Ratnapura,Maha,Groundnut,2023,60.77,601.09,Wet/Intermediate,Supported envelope,Wet Zone,Ground Nuts,9.89122922494652
Ratnapura,Maha,Pepper,2023,58.74,366.77,Wet/Intermediate,Supported envelope,Wet Zone,Pepper,6.243956418113721
Ratnapura,Maha,Turmeric,2023,56.21,555.37,Wet/Intermediate,Supported envelope,Wet Zone,Turmeric,9.880270414516989
Ratnapura,Yala,Big Onion,2023,64.27,663.96,Wet/Intermediate,Supported envelope,Wet Zone,Big Onion,10.33079197137078
Ratnapura,Yala,Carrot,2023,80.22,1360.59,Wet/Intermediate,Supported envelope,Wet Zone,Carrot,16.960732984293195
Ratnapura,Yala,Cassava,2023,124.63,2637.79,Wet/Intermediate,Supported envelope,Wet Zone,Manioc,21.164968306186314
Ratnapura,Yala,Cassava,2023,109.27,2407.35,Wet/Intermediate,Supported envelope,Wet Zone,Manioc,22.03120710167475
Ratnapura,Yala,Chilli,2023,45.43,334.83,Wet/Intermediate,Supported envelope,Wet Zone,Chillies (Green),7.370239929561963
Ratnapura,Yala,Chilli,2023,53.76,483.03,Wet/Intermediate,Supported envelope,Wet Zone,Chillies (Green),8.984933035714285
Ratnapura,Yala,Cowpea,2023,77.63,555.49,Wet/Intermediate,Supported envelope,Wet Zone,Cowpea,7.1556099446090435
Ratnapura,Yala,Cowpea,2023,40.54,378.9,Wet/Intermediate,Supported envelope,Wet Zone,Cowpea,9.346324617661569
Ratnapura,Yala,Green Gram,2023,43.69,349.39,Wet/Intermediate,Supported envelope,Wet Zone,Green Gram,7.997024490730144
Ratnapura,Yala,Groundnut,2023,70.13,581.93,Wet/Intermediate,Supported envelope,Wet Zone,Ground Nuts,8.297875374304862
Ratnapura,Yala,Red Onion,2023,67.2,657.38,Wet/Intermediate,Supported envelope,Wet Zone,Red Onion,9.782440476190475
Ratnapura,Yala,Tea,2023,167.41,4360.45,Wet/Intermediate,Supported envelope,Wet Zone,Tea,26.046532465205186
Trincomalee,Maha,Carrot,2023,125.33,1962.88,Dry,Supported envelope,Dry Zone,Carrot,15.661693130136442
Trincomalee,Maha,Carrot,2023,57.96,802.35,Dry,Supported envelope,Dry Zone,Carrot,13.843167701863354
Trincomalee,Maha,Carrot,2023,95.78,1569.48,Dry,Supported envelope,Dry Zone,Carrot,16.386301941950304
Trincomalee,Maha,Chilli,2023,46.79,385.96,Dry,Supported envelope,Dry Zone,Chillies (Green),8.248771104936951
Trincomalee,Maha,Chilli,2023,56.76,489.24,Dry,Supported envelope,Dry Zone,Chillies (Green),8.619450317124736
Trincomalee,Maha,Chilli,2023,62.1,497.95,Dry,Supported envelope,Dry Zone,Chillies (Green),8.018518518518517
Trincomalee,Maha,Potato,2023,157.18,3852.94,Dry,Supported envelope,Dry Zone,Potatoes,24.512915129151292
Trincomalee,Maha,Potato,2023,189.15,4141.84,Dry,Supported envelope,Dry Zone,Potatoes,21.897118688871267
Trincomalee,Maha,Sweet Potato,2023,86.1,1168.19,Dry,Supported envelope,Dry Zone,Sweet Potatoes,13.567828106852499
Trincomalee,Maha,Turmeric,2023,74.21,1065.32,Dry,Supported envelope,Dry Zone,Turmeric,14.355477698423394
Trincomalee,Yala,Carrot,2023,85.24,1250.74,Dry,Supported envelope,Dry Zone,Carrot,14.673158141717504
Trincomalee,Yala,Carrot,2023,78.34,1232.12,Dry,Supported envelope,Dry Zone,Carrot,15.727852948685216
Trincomalee,Yala,Carrot,2023,77.03,1185.44,Dry,Supported envelope,Dry Zone,Carrot,15.389328832922239
Trincomalee,Yala,Carrot,2023,110.57,1609.51,Dry,Supported envelope,Dry Zone,Carrot,14.556480057881886
Trincomalee,Yala,Chilli,2023,56.49,478.21,Dry,Supported envelope,Dry Zone,Chillies (Green),8.465392104797308
Trincomalee,Yala,Chilli,2023,61.42,533.08,Dry,Supported envelope,Dry Zone,Chillies (Green),8.679257570823836
Trincomalee,Yala,Chilli,2023,42.53,273.68,Dry,Supported envelope,Dry Zone,Chillies (Green),6.434987067952034
Trincomalee,Yala,Chilli,2023,49.5,506.3,Dry,Supported envelope,Dry Zone,Chillies (Green),10.228282828282829
Trincomalee,Yala,Chilli,2023,37.92,252.63,Dry,Supported envelope,Dry Zone,Chillies (Green),6.662183544303797
Trincomalee,Yala,Potato,2023,174.68,3433.41,Dry,Supported envelope,Dry Zone,Potatoes,19.655427066636133
Trincomalee,Yala,Red Onion,2023,62.49,611.26,Dry,Supported envelope,Dry Zone,Red Onion,9.781725076012162
Trincomalee,Yala,Sweet Potato,2023,74.42,935.07,Dry,Supported envelope,Dry Zone,Sweet Potatoes,12.564767535608707
Trincomalee,Yala,Turmeric,2023,78.82,857.28,Dry,Supported envelope,Dry Zone,Turmeric,10.876427302715047
Vavuniya,Maha,Carrot,2023,58.57,888.42,Dry,Supported envelope,Dry Zone,Carrot,15.168516305275737
Vavuniya,Maha,Carrot,2023,97.65,1388.29,Dry,Supported envelope,Dry Zone,Carrot,14.216999487967229
Vavuniya,Maha,Carrot,2023,99.53,1437.99,Dry,Supported envelope,Dry Zone,Carrot,14.447804682005426
Vavuniya,Maha,Cassava,2023,134.39,3671.48,Dry,Supported envelope,Dry Zone,Manioc,27.31959223156485
Vavuniya,Maha,Chilli,2023,64.82,515.35,Dry,Supported envelope,Dry Zone,Chillies (Green),7.95047824745449
Vavuniya,Maha,Chilli,2023,59.39,547.45,Dry,Supported envelope,Dry Zone,Chillies (Green),9.217881798282539
Vavuniya,Maha,Chilli,2023,54.32,441.12,Dry,Supported envelope,Dry Zone,Chillies (Green),8.120765832106038
Vavuniya,Maha,Ginger,2023,88.49,1051.02,Dry,Supported envelope,Dry Zone,Ginger,11.877274268278901
Vavuniya,Maha,Ginger,2023,76.99,883.0,Dry,Supported envelope,Dry Zone,Ginger,11.469021950902716
Vavuniya,Maha,Sweet Potato,2023,74.18,914.01,Dry,Supported envelope,Dry Zone,Sweet Potatoes,12.321515233216498
Vavuniya,Maha,Sweet Potato,2023,85.14,942.42,Dry,Supported envelope,Dry Zone,Sweet Potatoes,11.06906272022551
Vavuniya,Maha,Turmeric,2023,67.41,769.83,Dry,Supported envelope,Dry Zone,Turmeric,11.420115709835336
Vavuniya,Maha,Turmeric,2023,61.42,666.92,Dry,Supported envelope,Dry Zone,Turmeric,10.858352328231845
Vavuniya,Yala,Big Onion,2023,73.8,687.85,Dry,Supported envelope,Dry Zone,Big Onion,9.320460704607047
Vavuniya,Yala,Carrot,2023,85.56,1586.76,Dry,Supported envelope,Dry Zone,Carrot,18.545582047685834
Vavuniya,Yala,Carrot,2023,72.96,1050.24,Dry,Supported envelope,Dry Zone,Carrot,14.394736842105264
Vavuniya,Yala,Carrot,2023,79.64,1298.92,Dry,Supported envelope,Dry Zone,Carrot,16.30989452536414
Vavuniya,Yala,Cassava,2023,97.49,2047.88,Dry,Supported envelope,Dry Zone,Manioc,21.00605190275926
Vavuniya,Yala,Chilli,2023,59.27,423.86,Dry,Supported envelope,Dry Zone,Chillies (Green),7.151341319385861
Vavuniya,Yala,Chilli,2023,65.95,496.15,Dry,Supported envelope,Dry Zone,Chillies (Green),7.523123578468536
Vavuniya,Yala,Green Gram,2023,60.38,499.35,Dry,Supported envelope,Dry Zone,Green Gram,8.270122557138125
Vavuniya,Yala,Green Gram,2023,31.41,296.8,Dry,Supported envelope,Dry Zone,Green Gram,9.449219993632601
Vavuniya,Yala,Groundnut,2023,35.72,365.91,Dry,Supported envelope,Dry Zone,Ground Nuts,10.243840985442331
Vavuniya,Yala,Turmeric,2023,70.78,681.35,Dry,Supported envelope,Dry Zone,Turmeric,9.626306866346425
Ampara,Maha,Carrot,2024,88.52,1206.88,Dry,Supported envelope,Dry Zone,Carrot,13.63398102123814
Ampara,Maha,Carrot,2024,83.6,1196.8,Dry,Supported envelope,Dry Zone,Carrot,14.31578947368421
Ampara,Maha,Carrot,2024,84.69,1209.42,Dry,Supported envelope,Dry Zone,Carrot,14.28055260361318
Ampara,Maha,Chilli,2024,34.94,237.25,Dry,Supported envelope,Dry Zone,Chillies (Green),6.790211791642816
Ampara,Maha,Chilli,2024,48.07,403.99,Dry,Supported envelope,Dry Zone,Chillies (Green),8.404202205117537
Ampara,Maha,Chilli,2024,44.73,355.1,Dry,Supported envelope,Dry Zone,Chillies (Green),7.93874357254639
Ampara,Maha,Chilli,2024,62.99,481.08,Dry,Supported envelope,Dry Zone,Chillies (Green),7.637402762343228
Ampara,Maha,Maize,2024,116.37,2138.29,Dry,Supported envelope,Dry Zone,Maize,18.374924808799516
Ampara,Maha,Potato,2024,95.88,1861.66,Dry,Supported envelope,Dry Zone,Potatoes,19.416562369628704
Ampara,Maha,Sweet Potato,2024,74.72,1164.88,Dry,Supported envelope,Dry Zone,Sweet Potatoes,15.589935760171308
Ampara,Maha,Sweet Potato,2024,98.3,1617.17,Dry,Supported envelope,Dry Zone,Sweet Potatoes,16.451373346897256
Ampara,Yala,Big Onion,2024,45.58,394.65,Dry,Supported envelope,Dry Zone,Big Onion,8.658402808249232
Ampara,Yala,Carrot,2024,83.96,1432.46,Dry,Supported envelope,Dry Zone,Carrot,17.061219628394475
Ampara,Yala,Carrot,2024,71.02,1046.31,Dry,Supported envelope,Dry Zone,Carrot,14.732610532244438
Ampara,Yala,Carrot,2024,56.24,865.66,Dry,Supported envelope,Dry Zone,Carrot,15.392247510668563
Ampara,Yala,Chilli,2024,33.83,264.06,Dry,Supported envelope,Dry Zone,Chillies (Green),7.805498078628437
Ampara,Yala,Chilli,2024,52.69,427.01,Dry,Supported envelope,Dry Zone,Chillies (Green),8.104194344277852
Ampara,Yala,Chilli,2024,54.94,447.98,Dry,Supported envelope,Dry Zone,Chillies (Green),8.15398616672734
Ampara,Yala,Cowpea,2024,52.19,448.83,Dry,Supported envelope,Dry Zone,Cowpea,8.599923356964936
Ampara,Yala,Cowpea,2024,46.85,443.35,Dry,Supported envelope,Dry Zone,Cowpea,9.463180362860193
Ampara,Yala,Ginger,2024,111.35,1121.13,Dry,Supported envelope,Dry Zone,Ginger,10.068522676246072
Ampara,Yala,Groundnut,2024,40.32,389.1,Dry,Supported envelope,Dry Zone,Ground Nuts,9.65029761904762
Ampara,Yala,Groundnut,2024,82.48,815.26,Dry,Supported envelope,Dry Zone,Ground Nuts,9.884335596508244
Ampara,Yala,Groundnut,2024,73.46,792.2,Dry,Supported envelope,Dry Zone,Ground Nuts,10.78410019057991
Ampara,Yala,Sweet Potato,2024,79.48,1040.78,Dry,Supported envelope,Dry Zone,Sweet Potatoes,13.094866633115249
Anuradhapura,Maha,Big Onion,2024,145.1,1409.28,Dry,Supported envelope,Dry Zone,Big Onion,9.712474155754652
Anuradhapura,Maha,Cassava,2024,159.03,3647.11,Dry,Supported envelope,Dry Zone,Manioc,22.93347167201157
Anuradhapura,Maha,Cassava,2024,92.01,1996.05,Dry,Supported envelope,Dry Zone,Manioc,21.693837626344962
Anuradhapura,Maha,Chilli,2024,63.97,504.79,Dry,Supported envelope,Dry Zone,Chillies (Green),7.891042676254495
Anuradhapura,Maha,Chilli,2024,95.84,897.37,Dry,Supported envelope,Dry Zone,Chillies (Green),9.363209515859767
Anuradhapura,Maha,Cowpea,2024,73.28,544.84,Dry,Supported envelope,Dry Zone,Cowpea,7.435043668122271
Anuradhapura,Maha,Ginger,2024,71.27,826.71,Dry,Supported envelope,Dry Zone,Ginger,11.599691314718676
Anuradhapura,Maha,Maize,2024,81.26,1314.0,Dry,Supported envelope,Dry Zone,Maize,16.17031749938469
Anuradhapura,Maha,Potato,2024,98.59,1935.57,Dry,Supported envelope,Dry Zone,Potatoes,19.63251851100517
Anuradhapura,Maha,Red Onion,2024,57.11,520.36,Dry,Supported envelope,Dry Zone,Red Onion,9.111539135002626
Anuradhapura,Maha,Turmeric,2024,68.12,848.12,Dry,Supported envelope,Dry Zone,Turmeric,12.450381679389313
Anuradhapura,Maha,Turmeric,2024,81.23,639.75,Dry,Supported envelope,Dry Zone,Turmeric,7.8757848085682625
Anuradhapura,Yala,Big Onion,2024,56.96,699.44,Dry,Supported envelope,Dry Zone,Big Onion,12.279494382022472
Anuradhapura,Yala,Chilli,2024,63.47,452.64,Dry,Supported envelope,Dry Zone,Chillies (Green),7.131558216480227
Anuradhapura,Yala,Chilli,2024,85.94,685.03,Dry,Supported envelope,Dry Zone,Chillies (Green),7.9710262974168025
Anuradhapura,Yala,Cowpea,2024,59.77,366.01,Dry,Supported envelope,Dry Zone,Cowpea,6.123640622385812
Anuradhapura,Yala,Green Gram,2024,73.73,455.04,Dry,Supported envelope,Dry Zone,Green Gram,6.171707581717076
Anuradhapura,Yala,Potato,2024,82.29,1444.91,Dry,Supported envelope,Dry Zone,Potatoes,17.558755620366995
Anuradhapura,Yala,Red Onion,2024,79.64,782.54,Dry,Supported envelope,Dry Zone,Red Onion,9.82596685082873
Anuradhapura,Yala,Red Onion,2024,53.33,541.08,Dry,Supported envelope,Dry Zone,Red Onion,10.145884117757362
Anuradhapura,Yala,Turmeric,2024,80.44,831.11,Dry,Supported envelope,Dry Zone,Turmeric,10.332048731974142
Anuradhapura,Yala,Turmeric,2024,64.92,720.08,Dry,Supported envelope,Dry Zone,Turmeric,11.091805298829328
Anuradhapura,Yala,Turmeric,2024,59.08,622.59,Dry,Supported envelope,Dry Zone,Turmeric,10.538083953960733
Badulla,Maha,Beans,2024,70.83,777.08,Up-country Intermediate,Supported envelope,Up Country Intermediate Zone,Beans,10.971057461527602
Badulla,Maha,Beans,2024,57.7,487.25,Up-country Intermediate,Supported envelope,Up Country Intermediate Zone,Beans,8.444540727902947
Badulla,Maha,Beans,2024,71.62,703.34,Up-country Intermediate,Supported envelope,Up Country Intermediate Zone,Beans,9.820441217537
Badulla,Maha,Beans,2024,61.03,580.15,Up-country Intermediate,Supported envelope,Up Country Intermediate Zone,Beans,9.5059806652466
Badulla,Maha,Big Onion,2024,66.02,806.25,Up-country Intermediate,Supported envelope,Up Country Intermediate Zone,Big Onion,12.212208421690397
Badulla,Maha,Big Onion,2024,98.31,1099.56,Up-country Intermediate,Supported envelope,Up Country Intermediate Zone,Big Onion,11.18462007934086
Badulla,Maha,Carrot,2024,97.94,1412.54,Up-country Intermediate,Supported envelope,Up Country Intermediate Zone,Carrot,14.422503573616499
Badulla,Maha,Carrot,2024,140.17,1706.22,Up-country Intermediate,Supported envelope,Up Country Intermediate Zone,Carrot,12.172504815581082
Badulla,Maha,Carrot,2024,146.42,2300.18,Up-country Intermediate,Supported envelope,Up Country Intermediate Zone,Carrot,15.70946591995629
Badulla,Maha,Carrot,2024,105.91,1705.58,Up-country Intermediate,Supported envelope,Up Country Intermediate Zone,Carrot,16.104050609007647
Badulla,Maha,Carrot,2024,80.99,1296.6,Up-country Intermediate,Supported envelope,Up Country Intermediate Zone,Carrot,16.009383874552412
Badulla,Maha,Carrot,2024,79.7,1320.94,Up-country Intermediate,Supported envelope,Up Country Intermediate Zone,Carrot,16.573902132998747
Badulla,Maha,Chilli,2024,47.49,447.0,Up-country Intermediate,Supported envelope,Up Country Intermediate Zone,Chillies (Green),9.41250789639924
Badulla,Maha,Chilli,2024,43.49,383.85,Up-country Intermediate,Supported envelope,Up Country Intermediate Zone,Chillies (Green),8.826166934927569
Badulla,Maha,Chilli,2024,69.13,522.17,Up-country Intermediate,Supported envelope,Up Country Intermediate Zone,Chillies (Green),7.553450021698249
Badulla,Maha,Chilli,2024,59.41,421.66,Up-country Intermediate,Supported envelope,Up Country Intermediate Zone,Chillies (Green),7.097458340346744
Badulla,Maha,Cowpea,2024,55.61,413.41,Up-country Intermediate,Supported envelope,Up Country Intermediate Zone,Cowpea,7.434094587304442
Badulla,Maha,Cowpea,2024,61.21,455.36,Up-country Intermediate,Supported envelope,Up Country Intermediate Zone,Cowpea,7.439307302728312
Badulla,Maha,Ginger,2024,65.89,761.11,Up-country Intermediate,Supported envelope,Up Country Intermediate Zone,Ginger,11.551221733191683
Badulla,Maha,Ginger,2024,58.7,701.37,Up-country Intermediate,Supported envelope,Up Country Intermediate Zone,Ginger,11.948381601362861
Badulla,Maha,Green Gram,2024,34.05,263.81,Up-country Intermediate,Supported envelope,Up Country Intermediate Zone,Green Gram,7.747723935389135
Badulla,Maha,Groundnut,2024,57.97,578.84,Up-country Intermediate,Supported envelope,Up Country Intermediate Zone,Ground Nuts,9.985164740382958
Badulla,Maha,Groundnut,2024,58.1,605.65,Up-country Intermediate,Supported envelope,Up Country Intermediate Zone,Ground Nuts,10.424268502581755
Badulla,Maha,Groundnut,2024,39.67,394.03,Up-country Intermediate,Supported envelope,Up Country Intermediate Zone,Ground Nuts,9.932694731535165
Badulla,Maha,Maize,2024,83.7,1246.94,Up-country Intermediate,Supported envelope,Up Country Intermediate Zone,Maize,14.89772998805257
Badulla,Maha,Pepper,2024,46.69,204.41,Up-country Intermediate,Supported envelope,Up Country Intermediate Zone,Pepper,4.378025273077747
Badulla,Maha,Potato,2024,122.71,2604.79,Up-country Intermediate,Supported envelope,Up Country Intermediate Zone,Potatoes,21.227202346996986
Badulla,Maha,Red Onion,2024,67.69,645.21,Up-country Intermediate,Supported envelope,Up Country Intermediate Zone,Red Onion,9.531836312601566
Badulla,Maha,Turmeric,2024,48.75,556.71,Up-country Intermediate,Supported envelope,Up Country Intermediate Zone,Turmeric,11.419692307692308
Badulla,Yala,Beans,2024,99.83,1031.28,Up-country Intermediate,Supported envelope,Up Country Intermediate Zone,Beans,10.330361614745067
Badulla,Yala,Beans,2024,71.33,687.92,Up-country Intermediate,Supported envelope,Up Country Intermediate Zone,Beans,9.644188980793494
Badulla,Yala,Big Onion,2024,73.61,759.47,Up-country Intermediate,Supported envelope,Up Country Intermediate Zone,Big Onion,10.317484037494905
Badulla,Yala,Carrot,2024,97.58,1582.26,Up-country Intermediate,Supported envelope,Up Country Intermediate Zone,Carrot,16.215003074400492
Badulla,Yala,Chilli,2024,46.6,425.15,Up-country Intermediate,Supported envelope,Up Country Intermediate Zone,Chillies (Green),9.123390557939913
Badulla,Yala,Chilli,2024,40.64,292.25,Up-country Intermediate,Supported envelope,Up Country Intermediate Zone,Chillies (Green),7.19119094488189
Badulla,Yala,Chilli,2024,38.72,308.59,Up-country Intermediate,Supported envelope,Up Country Intermediate Zone,Chillies (Green),7.969783057851239
Badulla,Yala,Groundnut,2024,68.0,676.79,Up-country Intermediate,Supported envelope,Up Country Intermediate Zone,Ground Nuts,9.95279411764706
Badulla,Yala,Leeks,2024,84.13,981.4,Up-country Intermediate,Supported envelope,Up Country Intermediate Zone,Leeks,11.665279923927256
Badulla,Yala,Potato,2024,124.3,1829.95,Up-country Intermediate,Supported envelope,Up Country Intermediate Zone,Potatoes,14.722043443282383
Badulla,Yala,Red Onion,2024,65.62,744.05,Up-country Intermediate,Supported envelope,Up Country Intermediate Zone,Red Onion,11.338768668088996
Badulla,Yala,Sweet Potato,2024,83.3,1137.55,Up-country Intermediate,Supported envelope,Up Country Intermediate Zone,Sweet Potatoes,13.656062424969988
Batticaloa,Maha,Carrot,2024,57.17,943.74,Dry,Supported envelope,Dry Zone,Carrot,16.507608885779256
Batticaloa,Maha,Chilli,2024,47.38,369.98,Dry,Supported envelope,Dry Zone,Chillies (Green),7.808780075981427
Batticaloa,Maha,Chilli,2024,45.43,350.75,Dry,Supported envelope,Dry Zone,Chillies (Green),7.720669161347128
Batticaloa,Maha,Chilli,2024,42.03,374.37,Dry,Supported envelope,Dry Zone,Chillies (Green),8.907209136331192
Batticaloa,Maha,Ginger,2024,79.02,827.42,Dry,Supported envelope,Dry Zone,Ginger,10.47101999493799
Batticaloa,Maha,Green Gram,2024,37.9,278.9,Dry,Supported envelope,Dry Zone,Green Gram,7.358839050131926
Batticaloa,Maha,Groundnut,2024,88.34,997.77,Dry,Supported envelope,Dry Zone,Ground Nuts,11.294657007018337
Batticaloa,Maha,Red Onion,2024,73.33,753.43,Dry,Supported envelope,Dry Zone,Red Onion,10.2745124778399
Batticaloa,Yala,Big Onion,2024,93.95,1176.25,Dry,Supported envelope,Dry Zone,Big Onion,12.519957424161788
Batticaloa,Yala,Carrot,2024,109.63,1749.88,Dry,Supported envelope,Dry Zone,Carrot,15.961689318617168
Batticaloa,Yala,Green Gram,2024,92.53,674.36,Dry,Supported envelope,Dry Zone,Green Gram,7.288014697935805
Batticaloa,Yala,Red Onion,2024,69.46,850.42,Dry,Supported envelope,Dry Zone,Red Onion,12.243305499568097
Batticaloa,Yala,Sweet Potato,2024,102.02,1268.11,Dry,Supported envelope,Dry Zone,Sweet Potatoes,12.430013722799451
Batticaloa,Yala,Sweet Potato,2024,67.95,881.53,Dry,Supported envelope,Dry Zone,Sweet Potatoes,12.973215599705664
Colombo,Maha,Carrot,2024,76.3,1278.73,Wet,Supported envelope,Wet Zone,Carrot,16.759239842726082
Colombo,Maha,Carrot,2024,99.42,1496.9,Wet,Supported envelope,Wet Zone,Carrot,15.056326694830014
Colombo,Maha,Carrot,2024,109.0,1491.06,Wet,Supported envelope,Wet Zone,Carrot,13.679449541284404
Colombo,Maha,Carrot,2024,81.87,1113.9,Wet,Supported envelope,Wet Zone,Carrot,13.605716379626237
Colombo,Maha,Chilli,2024,46.32,425.51,Wet,Supported envelope,Wet Zone,Chillies (Green),9.186312607944732
Colombo,Maha,Chilli,2024,74.97,519.46,Wet,Supported envelope,Wet Zone,Chillies (Green),6.928904895291451
Colombo,Maha,Chilli,2024,46.61,342.23,Wet,Supported envelope,Wet Zone,Chillies (Green),7.3424157906028755
Colombo,Maha,Ginger,2024,64.6,739.41,Wet,Supported envelope,Wet Zone,Ginger,11.445975232198142
Colombo,Maha,Ginger,2024,80.04,767.44,Wet,Supported envelope,Wet Zone,Ginger,9.588205897051473
Colombo,Maha,Sweet Potato,2024,150.33,2031.46,Wet,Supported envelope,Wet Zone,Sweet Potatoes,13.51333732455265
Colombo,Maha,Sweet Potato,2024,99.35,1159.4,Wet,Supported envelope,Wet Zone,Sweet Potatoes,11.66985405133367
Colombo,Yala,Carrot,2024,116.44,1758.0,Wet,Supported envelope,Wet Zone,Carrot,15.097904500171763
Colombo,Yala,Cassava,2024,243.5,4508.54,Wet,Supported envelope,Wet Zone,Manioc,18.515564681724847
Colombo,Yala,Chilli,2024,69.56,623.91,Wet,Supported envelope,Wet Zone,Chillies (Green),8.969378953421506
Colombo,Yala,Chilli,2024,45.26,346.92,Wet,Supported envelope,Wet Zone,Chillies (Green),7.6650463985859485
Galle,Maha,Carrot,2024,103.78,1497.36,Wet,Supported envelope,Wet Zone,Carrot,14.42821352861823
Galle,Maha,Carrot,2024,72.04,1179.74,Wet,Supported envelope,Wet Zone,Carrot,16.376179900055522
Galle,Maha,Carrot,2024,71.23,1080.97,Wet,Supported envelope,Wet Zone,Carrot,15.175768636810332
Galle,Maha,Carrot,2024,65.29,761.62,Wet,Supported envelope,Wet Zone,Carrot,11.665186092816663
Galle,Maha,Chilli,2024,42.43,350.86,Wet,Supported envelope,Wet Zone,Chillies (Green),8.269149186896064
Galle,Maha,Chilli,2024,44.64,303.11,Wet,Supported envelope,Wet Zone,Chillies (Green),6.790098566308244
Galle,Maha,Chilli,2024,49.58,314.3,Wet,Supported envelope,Wet Zone,Chillies (Green),6.339249697458653
Galle,Maha,Potato,2024,80.55,1480.86,Wet,Supported envelope,Wet Zone,Potatoes,18.38435754189944
Galle,Maha,Red Onion,2024,50.12,448.96,Wet,Supported envelope,Wet Zone,Red Onion,8.957701516360734
Galle,Maha,Tea,2024,96.79,2200.38,Wet,Supported envelope,Wet Zone,Tea,22.733546854013845
Galle,Maha,Turmeric,2024,48.37,642.68,Wet,Supported envelope,Wet Zone,Turmeric,13.286747984287782
Galle,Maha,Turmeric,2024,86.79,1048.09,Wet,Supported envelope,Wet Zone,Turmeric,12.076160848023964
Galle,Yala,Carrot,2024,59.3,1086.14,Wet,Supported envelope,Wet Zone,Carrot,18.31602023608769
Galle,Yala,Carrot,2024,118.6,1626.11,Wet,Supported envelope,Wet Zone,Carrot,13.71087689713322
Galle,Yala,Cassava,2024,106.39,2391.44,Wet,Supported envelope,Wet Zone,Manioc,22.478052448538396
Galle,Yala,Chilli,2024,53.53,440.93,Wet,Supported envelope,Wet Zone,Chillies (Green),8.237063328974406
Galle,Yala,Chilli,2024,40.68,292.86,Wet,Supported envelope,Wet Zone,Chillies (Green),7.199115044247788
Galle,Yala,Cinnamon,2024,70.01,267.01,Wet,Supported envelope,Wet Zone,Cinnamon,3.813883730895586
Galle,Yala,Potato,2024,68.13,1395.68,Wet,Supported envelope,Wet Zone,Potatoes,20.485542345515928
Galle,Yala,Red Onion,2024,51.17,518.96,Wet,Supported envelope,Wet Zone,Red Onion,10.14188000781708
Galle,Yala,Red Onion,2024,48.21,525.93,Wet,Supported envelope,Wet Zone,Red Onion,10.909147479775978
Galle,Yala,Sweet Potato,2024,96.9,910.98,Wet,Supported envelope,Wet Zone,Sweet Potatoes,9.401238390092878
Galle,Yala,Sweet Potato,2024,73.93,927.65,Wet,Supported envelope,Wet Zone,Sweet Potatoes,12.54768023806303
Galle,Yala,Tea,2024,110.47,2784.82,Wet,Supported envelope,Wet Zone,Tea,25.208834977822036
Galle,Yala,Tea,2024,155.84,4476.33,Wet,Supported envelope,Wet Zone,Tea,28.72388347022587
Gampaha,Maha,Carrot,2024,172.54,2456.44,Wet,Supported envelope,Wet Zone,Carrot,14.236930566825086
Gampaha,Maha,Carrot,2024,172.37,2916.16,Wet,Supported envelope,Wet Zone,Carrot,16.91802517839531
Gampaha,Maha,Chilli,2024,59.58,511.65,Wet,Supported envelope,Wet Zone,Chillies (Green),8.58761329305136
Gampaha,Maha,Chilli,2024,68.72,655.81,Wet,Supported envelope,Wet Zone,Chillies (Green),9.543218859138532
Gampaha,Maha,Chilli,2024,93.43,792.52,Wet,Supported envelope,Wet Zone,Chillies (Green),8.482500267580006
Gampaha,Maha,Cowpea,2024,62.73,383.55,Wet,Supported envelope,Wet Zone,Cowpea,6.114299378287901
Gampaha,Maha,Cowpea,2024,106.29,841.05,Wet,Supported envelope,Wet Zone,Cowpea,7.912785774767146
Gampaha,Maha,Pineapple,2024,245.11,5396.68,Wet,Supported envelope,Wet Zone,Pineapple,22.01737995185835
Gampaha,Maha,Pineapple,2024,271.47,6075.26,Wet,Supported envelope,Wet Zone,Pineapple,22.379121081519134
Gampaha,Maha,Turmeric,2024,115.16,1095.27,Wet,Supported envelope,Wet Zone,Turmeric,9.510854463355331
Gampaha,Yala,Carrot,2024,123.96,2172.13,Wet,Supported envelope,Wet Zone,Carrot,17.522829945143595
Hambantota,Maha,Big Onion,2024,59.97,887.67,Dry/Intermediate,Supported envelope,Dry Zone,Big Onion,14.801900950475238
Hambantota,Maha,Carrot,2024,107.14,1569.63,Dry/Intermediate,Supported envelope,Dry Zone,Carrot,14.650270673884638
Hambantota,Maha,Carrot,2024,94.6,1191.1,Dry/Intermediate,Supported envelope,Dry Zone,Carrot,12.59090909090909
Hambantota,Maha,Carrot,2024,51.36,779.76,Dry/Intermediate,Supported envelope,Dry Zone,Carrot,15.182242990654206
Hambantota,Maha,Cassava,2024,183.26,4254.91,Dry/Intermediate,Supported envelope,Dry Zone,Manioc,23.217887154861945
Hambantota,Maha,Cassava,2024,154.72,3385.21,Dry/Intermediate,Supported envelope,Dry Zone,Manioc,21.87958893485005
Hambantota,Maha,Chilli,2024,51.99,405.04,Dry/Intermediate,Supported envelope,Dry Zone,Chillies (Green),7.790728986343527
Hambantota,Maha,Chilli,2024,96.37,629.14,Dry/Intermediate,Supported envelope,Dry Zone,Chillies (Green),6.528380201307461
Hambantota,Maha,Ginger,2024,109.22,1270.71,Dry/Intermediate,Supported envelope,Dry Zone,Ginger,11.634407617652444
Hambantota,Maha,Green Gram,2024,71.19,623.72,Dry/Intermediate,Supported envelope,Dry Zone,Green Gram,8.761342885236692
Hambantota,Maha,Potato,2024,139.37,3055.04,Dry/Intermediate,Supported envelope,Dry Zone,Potatoes,21.920355887206714
Hambantota,Maha,Potato,2024,153.95,2514.56,Dry/Intermediate,Supported envelope,Dry Zone,Potatoes,16.333614810003247
Hambantota,Maha,Red Onion,2024,72.39,591.39,Dry/Intermediate,Supported envelope,Dry Zone,Red Onion,8.169498549523414
Hambantota,Maha,Red Onion,2024,70.12,709.57,Dry/Intermediate,Supported envelope,Dry Zone,Red Onion,10.11936679977182
Hambantota,Yala,Carrot,2024,102.48,1400.69,Dry/Intermediate,Supported envelope,Dry Zone,Carrot,13.667935206869632
Hambantota,Yala,Carrot,2024,72.16,1012.74,Dry/Intermediate,Supported envelope,Dry Zone,Carrot,14.034645232815965
Hambantota,Yala,Chilli,2024,91.74,681.62,Dry/Intermediate,Supported envelope,Dry Zone,Chillies (Green),7.429910616960977
Hambantota,Yala,Chilli,2024,55.71,426.09,Dry/Intermediate,Supported envelope,Dry Zone,Chillies (Green),7.648357565966612
Hambantota,Yala,Chilli,2024,54.79,445.73,Dry/Intermediate,Supported envelope,Dry Zone,Chillies (Green),8.135243657601752
Hambantota,Yala,Ginger,2024,87.8,968.42,Dry/Intermediate,Supported envelope,Dry Zone,Ginger,11.029840546697038
Hambantota,Yala,Potato,2024,112.27,1774.08,Dry/Intermediate,Supported envelope,Dry Zone,Potatoes,15.801906119176984
Hambantota,Yala,Potato,2024,190.22,4482.92,Dry/Intermediate,Supported envelope,Dry Zone,Potatoes,23.5670276521922
Jaffna,Maha,Carrot,2024,124.14,2295.77,Dry,Supported envelope,Dry Zone,Carrot,18.4933945545352
Jaffna,Maha,Carrot,2024,65.53,1035.16,Dry,Supported envelope,Dry Zone,Carrot,15.796734320158707
Jaffna,Maha,Carrot,2024,99.58,1593.7,Dry,Supported envelope,Dry Zone,Carrot,16.004217714400482
Jaffna,Maha,Cassava,2024,157.14,3834.87,Dry,Supported envelope,Dry Zone,Manioc,24.404161893852617
Jaffna,Maha,Cassava,2024,189.15,5044.28,Dry,Supported envelope,Dry Zone,Manioc,26.66814697330161
Jaffna,Maha,Chilli,2024,81.75,639.47,Dry,Supported envelope,Dry Zone,Chillies (Green),7.822262996941896
Jaffna,Maha,Chilli,2024,123.29,966.24,Dry,Supported envelope,Dry Zone,Chillies (Green),7.8371319652851
Jaffna,Maha,Chilli,2024,80.65,669.22,Dry,Supported envelope,Dry Zone,Chillies (Green),8.297830130192189
Jaffna,Maha,Cowpea,2024,53.61,317.02,Dry,Supported envelope,Dry Zone,Cowpea,5.913448983398619
Jaffna,Maha,Green Gram,2024,50.16,371.49,Dry,Supported envelope,Dry Zone,Green Gram,7.4061004784689
Jaffna,Maha,Maize,2024,142.85,2540.69,Dry,Supported envelope,Dry Zone,Maize,17.785719285964298
Jaffna,Maha,Red Onion,2024,157.04,1763.23,Dry,Supported envelope,Dry Zone,Red Onion,11.227903718797759
Jaffna,Maha,Red Onion,2024,151.72,1414.0,Dry,Supported envelope,Dry Zone,Red Onion,9.319799630899025
Jaffna,Yala,Big Onion,2024,88.42,957.6,Dry,Supported envelope,Dry Zone,Big Onion,10.83012893010631
Jaffna,Yala,Carrot,2024,89.64,1330.17,Dry,Supported envelope,Dry Zone,Carrot,14.839022757697457
Jaffna,Yala,Carrot,2024,121.02,1876.33,Dry,Supported envelope,Dry Zone,Carrot,15.504296810444554
Jaffna,Yala,Chilli,2024,73.62,495.28,Dry,Supported envelope,Dry Zone,Chillies (Green),6.727519695734854
Jaffna,Yala,Chilli,2024,64.13,573.85,Dry,Supported envelope,Dry Zone,Chillies (Green),8.948230157492594
Jaffna,Yala,Ginger,2024,87.75,1069.07,Dry,Supported envelope,Dry Zone,Ginger,12.183133903133902
Jaffna,Yala,Potato,2024,153.48,2793.08,Dry,Supported envelope,Dry Zone,Potatoes,18.198332030231953
Kalutara,Maha,Carrot,2024,92.76,1579.39,Wet,Supported envelope,Wet Zone,Carrot,17.026627856834843
Kalutara,Maha,Cassava,2024,151.63,3066.17,Wet,Supported envelope,Wet Zone,Manioc,20.221394183209128
Kalutara,Maha,Chilli,2024,58.92,486.84,Wet,Supported envelope,Wet Zone,Chillies (Green),8.262729124236252
Kalutara,Maha,Chilli,2024,70.74,538.81,Wet,Supported envelope,Wet Zone,Chillies (Green),7.616765620582414
Kalutara,Maha,Chilli,2024,85.78,653.05,Wet,Supported envelope,Wet Zone,Chillies (Green),7.61307997202145
Kalutara,Maha,Cinnamon,2024,57.4,293.8,Wet,Supported envelope,Wet Zone,Cinnamon,5.118466898954704
Kalutara,Maha,Pepper,2024,42.58,235.33,Wet,Supported envelope,Wet Zone,Pepper,5.526773132926257
Kalutara,Maha,Potato,2024,190.12,3261.53,Wet,Supported envelope,Wet Zone,Potatoes,17.155112560488114
Kalutara,Maha,Red Onion,2024,73.13,817.3,Wet,Supported envelope,Wet Zone,Red Onion,11.17598796663476
Kalutara,Maha,Turmeric,2024,65.86,677.22,Wet,Supported envelope,Wet Zone,Turmeric,10.282720923170363
Kalutara,Maha,Turmeric,2024,113.0,1675.15,Wet,Supported envelope,Wet Zone,Turmeric,14.824336283185842
Kalutara,Yala,Carrot,2024,105.55,1959.82,Wet,Supported envelope,Wet Zone,Carrot,18.567693036475603
Kalutara,Yala,Chilli,2024,46.23,358.74,Wet,Supported envelope,Wet Zone,Chillies (Green),7.759896171317327
Kalutara,Yala,Chilli,2024,58.49,508.39,Wet,Supported envelope,Wet Zone,Chillies (Green),8.691913147546588
Kalutara,Yala,Chilli,2024,94.66,718.87,Wet,Supported envelope,Wet Zone,Chillies (Green),7.594231988168181
Kalutara,Yala,Cinnamon,2024,60.05,268.64,Wet,Supported envelope,Wet Zone,Cinnamon,4.47360532889259
Kalutara,Yala,Pepper,2024,52.24,312.44,Wet,Supported envelope,Wet Zone,Pepper,5.980857580398162
Kalutara,Yala,Pepper,2024,44.02,199.17,Wet,Supported envelope,Wet Zone,Pepper,4.524534302589731
Kalutara,Yala,Red Onion,2024,68.83,793.84,Wet,Supported envelope,Wet Zone,Red Onion,11.5333430190324
Kalutara,Yala,Sweet Potato,2024,119.99,1649.08,Wet,Supported envelope,Wet Zone,Sweet Potatoes,13.743478623218602
Kalutara,Yala,Sweet Potato,2024,115.79,1583.31,Wet,Supported envelope,Wet Zone,Sweet Potatoes,13.673978754642024
Kalutara,Yala,Tea,2024,190.66,4044.06,Wet,Supported envelope,Wet Zone,Tea,21.210846533095562
Kalutara,Yala,Tea,2024,118.71,2716.69,Wet,Supported envelope,Wet Zone,Tea,22.885098138320277
Kandy,Maha,Beans,2024,121.04,1338.63,Up-country Wet/Intermediate,Supported envelope,Up Country Wet Zone,Beans,11.059401850627891
Kandy,Maha,Beans,2024,96.55,862.87,Up-country Wet/Intermediate,Supported envelope,Up Country Wet Zone,Beans,8.937027446918695
Kandy,Maha,Beans,2024,67.89,672.03,Up-country Wet/Intermediate,Supported envelope,Up Country Wet Zone,Beans,9.898806893504197
Kandy,Maha,Beans,2024,98.1,903.37,Up-country Wet/Intermediate,Supported envelope,Up Country Wet Zone,Beans,9.208664627930684
Kandy,Maha,Beans,2024,98.0,963.1,Up-country Wet/Intermediate,Supported envelope,Up Country Wet Zone,Beans,9.827551020408164
Kandy,Maha,Beans,2024,113.96,1280.5,Up-country Wet/Intermediate,Supported envelope,Up Country Wet Zone,Beans,11.236398736398737
Kandy,Maha,Beans,2024,77.01,765.43,Up-country Wet/Intermediate,Supported envelope,Up Country Wet Zone,Beans,9.939358524866899
Kandy,Maha,Big Onion,2024,66.71,720.89,Up-country Wet/Intermediate,Supported envelope,Up Country Wet Zone,Big Onion,10.806325888172688
Kandy,Maha,Big Onion,2024,125.63,1415.8,Up-country Wet/Intermediate,Supported envelope,Up Country Wet Zone,Big Onion,11.269601209902094
Kandy,Maha,Carrot,2024,143.15,1717.12,Up-country Wet/Intermediate,Supported envelope,Up Country Wet Zone,Carrot,11.995249738037023
Kandy,Maha,Cassava,2024,144.72,4630.35,Up-country Wet/Intermediate,Supported envelope,Up Country Wet Zone,Manioc,31.99523217247098
Kandy,Maha,Chilli,2024,62.85,468.43,Up-country Wet/Intermediate,Supported envelope,Up Country Wet Zone,Chillies (Green),7.453142402545744
Kandy,Maha,Chilli,2024,71.9,508.42,Up-country Wet/Intermediate,Supported envelope,Up Country Wet Zone,Chillies (Green),7.071210013908206
Kandy,Maha,Chilli,2024,51.98,405.16,Up-country Wet/Intermediate,Supported envelope,Up Country Wet Zone,Chillies (Green),7.794536360138515
Kandy,Maha,Green Gram,2024,42.0,291.94,Up-country Wet/Intermediate,Supported envelope,Up Country Wet Zone,Green Gram,6.950952380952381
Kandy,Maha,Leeks,2024,125.35,1694.08,Up-country Wet/Intermediate,Supported envelope,Up Country Wet Zone,Leeks,13.514798564020742
Kandy,Maha,Leeks,2024,142.3,1771.44,Up-country Wet/Intermediate,Supported envelope,Up Country Wet Zone,Leeks,12.448629655657061
Kandy,Maha,Maize,2024,100.23,2016.24,Up-country Wet/Intermediate,Supported envelope,Up Country Wet Zone,Maize,20.11613289434301
Kandy,Maha,Potato,2024,86.03,1733.95,Up-country Wet/Intermediate,Supported envelope,Up Country Wet Zone,Potatoes,20.15517842613042
Kandy,Maha,Red Onion,2024,81.88,948.48,Up-country Wet/Intermediate,Supported envelope,Up Country Wet Zone,Red Onion,11.583781143136298
Kandy,Yala,Beans,2024,111.28,1173.83,Up-country Wet/Intermediate,Supported envelope,Up Country Wet Zone,Beans,10.548436376707404
Kandy,Yala,Beans,2024,86.27,785.86,Up-country Wet/Intermediate,Supported envelope,Up Country Wet Zone,Beans,9.109307986553842
Kandy,Yala,Beans,2024,98.45,887.93,Up-country Wet/Intermediate,Supported envelope,Up Country Wet Zone,Beans,9.01909598781107
Kandy,Yala,Cauliflower,2024,114.9,1351.3,Up-country Wet/Intermediate,Supported envelope,Up Country Wet Zone,Cauliflower,11.76066144473455
Kandy,Yala,Chilli,2024,94.63,789.5,Up-country Wet/Intermediate,Supported envelope,Up Country Wet Zone,Chillies (Green),8.343020183874037
Kandy,Yala,Chilli,2024,56.07,450.95,Up-country Wet/Intermediate,Supported envelope,Up Country Wet Zone,Chillies (Green),8.0426252898163
Kandy,Yala,Green Gram,2024,53.02,436.89,Up-country Wet/Intermediate,Supported envelope,Up Country Wet Zone,Green Gram,8.240098076197661
Kandy,Yala,Green Gram,2024,45.26,326.74,Up-country Wet/Intermediate,Supported envelope,Up Country Wet Zone,Green Gram,7.219178082191782
Kandy,Yala,Groundnut,2024,73.94,736.23,Up-country Wet/Intermediate,Supported envelope,Up Country Wet Zone,Ground Nuts,9.957127400595077
Kandy,Yala,Leeks,2024,113.71,1210.31,Up-country Wet/Intermediate,Supported envelope,Up Country Wet Zone,Leeks,10.643830797643128
Kandy,Yala,Leeks,2024,94.46,1140.86,Up-country Wet/Intermediate,Supported envelope,Up Country Wet Zone,Leeks,12.07770484861317
Kandy,Yala,Pepper,2024,45.63,294.38,Up-country Wet/Intermediate,Supported envelope,Up Country Wet Zone,Pepper,6.451457374534297
Kandy,Yala,Tea,2024,254.84,7038.8,Up-country Wet/Intermediate,Supported envelope,Up Country Wet Zone,Tea,27.620467744467117
Kandy,Yala,Turmeric,2024,109.97,1031.9,Up-country Wet/Intermediate,Supported envelope,Up Country Wet Zone,Turmeric,9.383468218605074
Kegalle,Maha,Carrot,2024,80.93,1181.07,Wet/Intermediate,Supported envelope,Wet Zone,Carrot,14.593722970468304
Kegalle,Maha,Carrot,2024,119.33,2206.84,Wet/Intermediate,Supported envelope,Wet Zone,Carrot,18.493589206402415
Kegalle,Maha,Cassava,2024,182.63,5059.56,Wet/Intermediate,Supported envelope,Wet Zone,Manioc,27.703882166128242
Kegalle,Maha,Cassava,2024,230.15,6327.99,Wet/Intermediate,Supported envelope,Wet Zone,Manioc,27.49506843363024
Kegalle,Maha,Cassava,2024,147.12,3263.51,Wet/Intermediate,Supported envelope,Wet Zone,Manioc,22.182640021750952
Kegalle,Maha,Chilli,2024,74.15,644.54,Wet/Intermediate,Supported envelope,Wet Zone,Chillies (Green),8.692380310182061
Kegalle,Maha,Chilli,2024,67.21,613.87,Wet/Intermediate,Supported envelope,Wet Zone,Chillies (Green),9.133611069781283
Kegalle,Maha,Chilli,2024,57.31,356.33,Wet/Intermediate,Supported envelope,Wet Zone,Chillies (Green),6.217588553481067
Kegalle,Maha,Cinnamon,2024,46.92,166.22,Wet/Intermediate,Supported envelope,Wet Zone,Cinnamon,3.542625745950554
Kegalle,Maha,Pineapple,2024,232.04,4423.7,Wet/Intermediate,Supported envelope,Wet Zone,Pineapple,19.064385450784346
Kegalle,Maha,Tea,2024,116.7,3030.96,Wet/Intermediate,Supported envelope,Wet Zone,Tea,25.972236503856042
Kegalle,Maha,Tea,2024,198.16,5068.64,Wet/Intermediate,Supported envelope,Wet Zone,Tea,25.578522406136457
Kegalle,Maha,Tea,2024,163.36,3804.48,Wet/Intermediate,Supported envelope,Wet Zone,Tea,23.288932419196865
Kegalle,Yala,Beans,2024,71.4,665.05,Wet/Intermediate,Supported envelope,Wet Zone,Beans,9.314425770308121
Kegalle,Yala,Beans,2024,62.04,546.51,Wet/Intermediate,Supported envelope,Wet Zone,Beans,8.80899419729207
Kegalle,Yala,Beans,2024,92.35,904.07,Wet/Intermediate,Supported envelope,Wet Zone,Beans,9.789604764482947
Kegalle,Yala,Beans,2024,77.36,757.17,Wet/Intermediate,Supported envelope,Wet Zone,Beans,9.78761633919338
Kegalle,Yala,Carrot,2024,63.99,1056.01,Wet/Intermediate,Supported envelope,Wet Zone,Carrot,16.50273480231286
Kegalle,Yala,Carrot,2024,105.72,1679.66,Wet/Intermediate,Supported envelope,Wet Zone,Carrot,15.887816874763526
Kegalle,Yala,Cassava,2024,118.93,3028.4,Wet/Intermediate,Supported envelope,Wet Zone,Manioc,25.46371815353569
Kegalle,Yala,Chilli,2024,40.45,400.7,Wet/Intermediate,Supported envelope,Wet Zone,Chillies (Green),9.906056860321383
Kegalle,Yala,Chilli,2024,68.61,495.4,Wet/Intermediate,Supported envelope,Wet Zone,Chillies (Green),7.220521789826556
Kegalle,Yala,Chilli,2024,54.98,416.96,Wet/Intermediate,Supported envelope,Wet Zone,Chillies (Green),7.583848672244453
Kegalle,Yala,Chilli,2024,44.11,307.67,Wet/Intermediate,Supported envelope,Wet Zone,Chillies (Green),6.975062344139651
Kegalle,Yala,Ginger,2024,78.35,892.6,Wet/Intermediate,Supported envelope,Wet Zone,Ginger,11.392469687300576
Kegalle,Yala,Ginger,2024,68.85,924.16,Wet/Intermediate,Supported envelope,Wet Zone,Ginger,13.422803195352216
Kegalle,Yala,Green Gram,2024,91.69,617.25,Wet/Intermediate,Supported envelope,Wet Zone,Green Gram,6.731922783291526
Kegalle,Yala,Pineapple,2024,127.84,2528.22,Wet/Intermediate,Supported envelope,Wet Zone,Pineapple,19.776439299123904
Kegalle,Yala,Tea,2024,114.74,2863.99,Wet/Intermediate,Supported envelope,Wet Zone,Tea,24.960693742374062
Kilinochchi,Maha,Carrot,2024,91.16,1234.2,Dry,Supported envelope,Dry Zone,Carrot,13.538832821412901
Kilinochchi,Maha,Carrot,2024,91.77,1193.8,Dry,Supported envelope,Dry Zone,Carrot,13.00860847771603
Kilinochchi,Maha,Carrot,2024,77.26,1212.05,Dry,Supported envelope,Dry Zone,Carrot,15.687936836655448
Kilinochchi,Maha,Carrot,2024,62.69,1219.37,Dry,Supported envelope,Dry Zone,Carrot,19.450789599617163
Kilinochchi,Maha,Carrot,2024,41.27,664.83,Dry,Supported envelope,Dry Zone,Carrot,16.109280348921736
Kilinochchi,Maha,Cassava,2024,133.8,2850.09,Dry,Supported envelope,Dry Zone,Manioc,21.301121076233184
Kilinochchi,Maha,Cassava,2024,152.81,3213.87,Dry,Supported envelope,Dry Zone,Manioc,21.031804201295724
Kilinochchi,Maha,Cassava,2024,173.09,3935.57,Dry,Supported envelope,Dry Zone,Manioc,22.737130972326536
Kilinochchi,Maha,Chilli,2024,47.73,336.02,Dry,Supported envelope,Dry Zone,Chillies (Green),7.040016760946994
Kilinochchi,Maha,Chilli,2024,27.92,185.69,Dry,Supported envelope,Dry Zone,Chillies (Green),6.650787965616045
Kilinochchi,Maha,Cowpea,2024,60.1,482.5,Dry,Supported envelope,Dry Zone,Cowpea,8.02828618968386
Kilinochchi,Maha,Cowpea,2024,71.78,436.96,Dry,Supported envelope,Dry Zone,Cowpea,6.087489551407077
Kilinochchi,Maha,Green Gram,2024,68.55,637.91,Dry,Supported envelope,Dry Zone,Green Gram,9.305762217359591
Kilinochchi,Yala,Carrot,2024,42.05,767.11,Dry,Supported envelope,Dry Zone,Carrot,18.24280618311534
Kilinochchi,Yala,Cassava,2024,161.6,3354.29,Dry,Supported envelope,Dry Zone,Manioc,20.75674504950495
Kilinochchi,Yala,Cassava,2024,112.86,2593.76,Dry,Supported envelope,Dry Zone,Manioc,22.982101718943827
Kilinochchi,Yala,Chilli,2024,26.74,205.2,Dry,Supported envelope,Dry Zone,Chillies (Green),7.673896783844428
Kilinochchi,Yala,Chilli,2024,35.59,268.91,Dry,Supported envelope,Dry Zone,Chillies (Green),7.555774093846586
Kilinochchi,Yala,Ginger,2024,61.96,731.01,Dry,Supported envelope,Dry Zone,Ginger,11.798095545513235
Kilinochchi,Yala,Ginger,2024,33.43,358.45,Dry,Supported envelope,Dry Zone,Ginger,10.722405025426264
Kilinochchi,Yala,Green Gram,2024,41.05,265.43,Dry,Supported envelope,Dry Zone,Green Gram,6.466017052375153
Kilinochchi,Yala,Green Gram,2024,40.28,370.88,Dry,Supported envelope,Dry Zone,Green Gram,9.20754716981132
Kurunegala,Maha,Big Onion,2024,187.98,1836.67,Intermediate/Dry,Supported envelope,Intermediate Zone,Big Onion,9.77056069794659
Kurunegala,Maha,Cassava,2024,146.21,3182.99,Intermediate/Dry,Supported envelope,Intermediate Zone,Manioc,21.76998837288831
Kurunegala,Maha,Chilli,2024,55.14,386.19,Intermediate/Dry,Supported envelope,Intermediate Zone,Chillies (Green),7.003808487486398
Kurunegala,Maha,Chilli,2024,89.09,591.04,Intermediate/Dry,Supported envelope,Intermediate Zone,Chillies (Green),6.634190144797396
Kurunegala,Maha,Chilli,2024,65.74,516.87,Intermediate/Dry,Supported envelope,Intermediate Zone,Chillies (Green),7.862336477030728
Kurunegala,Maha,Chilli,2024,95.04,741.05,Intermediate/Dry,Supported envelope,Intermediate Zone,Chillies (Green),7.797243265993265
Kurunegala,Maha,Chilli,2024,56.81,523.34,Intermediate/Dry,Supported envelope,Intermediate Zone,Chillies (Green),9.212110543918325
Kurunegala,Maha,Green Gram,2024,70.03,571.81,Intermediate/Dry,Supported envelope,Intermediate Zone,Green Gram,8.165214907896615
Kurunegala,Maha,Groundnut,2024,83.22,705.67,Intermediate/Dry,Supported envelope,Intermediate Zone,Ground Nuts,8.479572218216774
Kurunegala,Maha,Pineapple,2024,170.74,4075.25,Intermediate/Dry,Supported envelope,Intermediate Zone,Pineapple,23.86816211783999
Kurunegala,Maha,Potato,2024,120.52,2409.64,Intermediate/Dry,Supported envelope,Intermediate Zone,Potatoes,19.993693992698308
Kurunegala,Maha,Sweet Potato,2024,86.63,1194.44,Intermediate/Dry,Supported envelope,Intermediate Zone,Sweet Potatoes,13.787833314094426
Kurunegala,Maha,Sweet Potato,2024,74.28,914.88,Intermediate/Dry,Supported envelope,Intermediate Zone,Sweet Potatoes,12.316639741518578
Kurunegala,Maha,Sweet Potato,2024,97.62,1297.17,Intermediate/Dry,Supported envelope,Intermediate Zone,Sweet Potatoes,13.287953288260603
Kurunegala,Maha,Turmeric,2024,57.96,610.66,Intermediate/Dry,Supported envelope,Intermediate Zone,Turmeric,10.535886818495513
Kurunegala,Yala,Carrot,2024,100.35,1513.5,Intermediate/Dry,Supported envelope,Intermediate Zone,Carrot,15.082212257100151
Kurunegala,Yala,Carrot,2024,80.49,1052.96,Intermediate/Dry,Supported envelope,Intermediate Zone,Carrot,13.08187352466145
Kurunegala,Yala,Chilli,2024,34.26,270.66,Intermediate/Dry,Supported envelope,Intermediate Zone,Chillies (Green),7.9001751313485125
Kurunegala,Yala,Chilli,2024,81.28,648.05,Intermediate/Dry,Supported envelope,Intermediate Zone,Chillies (Green),7.973056102362204
Kurunegala,Yala,Cowpea,2024,56.35,378.61,Intermediate/Dry,Supported envelope,Intermediate Zone,Cowpea,6.718899733806566
Kurunegala,Yala,Green Gram,2024,40.62,298.48,Intermediate/Dry,Supported envelope,Intermediate Zone,Green Gram,7.348104382077795
Kurunegala,Yala,Maize,2024,87.95,1185.41,Intermediate/Dry,Supported envelope,Intermediate Zone,Maize,13.478226264923252
Kurunegala,Yala,Potato,2024,109.38,2098.81,Intermediate/Dry,Supported envelope,Intermediate Zone,Potatoes,19.188242823185227
Kurunegala,Yala,Red Onion,2024,66.66,611.2,Intermediate/Dry,Supported envelope,Intermediate Zone,Red Onion,9.16891689168917
Kurunegala,Yala,Sweet Potato,2024,90.0,1071.8,Intermediate/Dry,Supported envelope,Intermediate Zone,Sweet Potatoes,11.908888888888889
Mannar,Maha,Carrot,2024,86.46,1356.77,Dry,Supported envelope,Dry Zone,Carrot,15.692458940550544
Mannar,Maha,Chilli,2024,60.02,423.91,Dry,Supported envelope,Dry Zone,Chillies (Green),7.062812395868044
Mannar,Maha,Chilli,2024,61.83,363.31,Dry,Supported envelope,Dry Zone,Chillies (Green),5.8759501859938545
Mannar,Maha,Chilli,2024,79.71,631.46,Dry,Supported envelope,Dry Zone,Chillies (Green),7.92196713084933
Mannar,Maha,Chilli,2024,84.25,742.59,Dry,Supported envelope,Dry Zone,Chillies (Green),8.81412462908012
Mannar,Maha,Cowpea,2024,62.79,399.82,Dry,Supported envelope,Dry Zone,Cowpea,6.367574454530976
Mannar,Maha,Cowpea,2024,74.95,736.04,Dry,Supported envelope,Dry Zone,Cowpea,9.820413609072714
Mannar,Maha,Groundnut,2024,111.09,884.52,Dry,Supported envelope,Dry Zone,Ground Nuts,7.96219281663516
Mannar,Maha,Potato,2024,159.83,3502.21,Dry,Supported envelope,Dry Zone,Potatoes,21.91209409998123
Mannar,Maha,Sweet Potato,2024,132.69,1530.4,Dry,Supported envelope,Dry Zone,Sweet Potatoes,11.533649860577286
Mannar,Yala,Carrot,2024,104.51,1684.41,Dry,Supported envelope,Dry Zone,Carrot,16.117213663764232
Mannar,Yala,Cassava,2024,235.07,6266.53,Dry,Supported envelope,Dry Zone,Manioc,26.658144382524355
Mannar,Yala,Chilli,2024,58.99,436.49,Dry,Supported envelope,Dry Zone,Chillies (Green),7.399389727072385
Mannar,Yala,Chilli,2024,88.43,695.54,Dry,Supported envelope,Dry Zone,Chillies (Green),7.8654302838403245
Matale,Maha,Beans,2024,97.3,788.42,Intermediate/Up-country,Supported envelope,Intermediate Zone,Beans,8.102980472764646
Matale,Maha,Carrot,2024,78.75,1160.02,Intermediate/Up-country,Supported envelope,Intermediate Zone,Carrot,14.730412698412698
Matale,Maha,Cassava,2024,184.68,4128.18,Intermediate/Up-country,Supported envelope,Intermediate Zone,Manioc,22.353151397011047
Matale,Maha,Cassava,2024,142.73,3645.59,Intermediate/Up-country,Supported envelope,Intermediate Zone,Manioc,25.541862257409097
Matale,Maha,Cauliflower,2024,76.14,1225.75,Intermediate/Up-country,Supported envelope,Intermediate Zone,Cauliflower,16.098634095087995
Matale,Maha,Chilli,2024,51.76,406.81,Intermediate/Up-country,Supported envelope,Intermediate Zone,Chillies (Green),7.859544049459042
Matale,Maha,Chilli,2024,53.26,408.8,Intermediate/Up-country,Supported envelope,Intermediate Zone,Chillies (Green),7.675553886594067
Matale,Maha,Cowpea,2024,69.64,627.5,Intermediate/Up-country,Supported envelope,Intermediate Zone,Cowpea,9.01062607696726
Matale,Maha,Groundnut,2024,54.47,590.11,Intermediate/Up-country,Supported envelope,Intermediate Zone,Ground Nuts,10.833669910042225
Matale,Maha,Leeks,2024,64.6,1016.29,Intermediate/Up-country,Supported envelope,Intermediate Zone,Leeks,15.73204334365325
Matale,Maha,Leeks,2024,59.41,674.58,Intermediate/Up-country,Supported envelope,Intermediate Zone,Leeks,11.354654098636594
Matale,Maha,Potato,2024,146.02,3000.81,Intermediate/Up-country,Supported envelope,Intermediate Zone,Potatoes,20.55067798931653
Matale,Maha,Red Onion,2024,63.84,655.68,Intermediate/Up-country,Supported envelope,Intermediate Zone,Red Onion,10.270676691729323
Matale,Maha,Turmeric,2024,100.88,847.71,Intermediate/Up-country,Supported envelope,Intermediate Zone,Turmeric,8.403152260111023
Matale,Yala,Big Onion,2024,109.93,1219.12,Intermediate/Up-country,Supported envelope,Intermediate Zone,Big Onion,11.089966342217773
Matale,Yala,Cabbage,2024,97.28,1522.8,Intermediate/Up-country,Supported envelope,Intermediate Zone,Cabbage,15.65378289473684
Matale,Yala,Carrot,2024,113.1,1547.0,Intermediate/Up-country,Supported envelope,Intermediate Zone,Carrot,13.67816091954023
Matale,Yala,Carrot,2024,98.66,1373.12,Intermediate/Up-country,Supported envelope,Intermediate Zone,Carrot,13.917697141698763
Matale,Yala,Chilli,2024,27.01,191.8,Intermediate/Up-country,Supported envelope,Intermediate Zone,Chillies (Green),7.101073676416142
Matale,Yala,Chilli,2024,48.08,431.83,Intermediate/Up-country,Supported envelope,Intermediate Zone,Chillies (Green),8.98148918469218
Matale,Yala,Chilli,2024,60.65,396.07,Intermediate/Up-country,Supported envelope,Intermediate Zone,Chillies (Green),6.5304204451772465
Matale,Yala,Cowpea,2024,56.22,376.53,Intermediate/Up-country,Supported envelope,Intermediate Zone,Cowpea,6.6974386339381
Matale,Yala,Ginger,2024,50.17,537.47,Intermediate/Up-country,Supported envelope,Intermediate Zone,Ginger,10.712975882001196
Matale,Yala,Ginger,2024,66.75,913.01,Intermediate/Up-country,Supported envelope,Intermediate Zone,Ginger,13.678052434456928
Matale,Yala,Ginger,2024,84.45,997.48,Intermediate/Up-country,Supported envelope,Intermediate Zone,Ginger,11.81148608644168
Matale,Yala,Green Gram,2024,49.09,495.52,Intermediate/Up-country,Supported envelope,Intermediate Zone,Green Gram,10.094112853941738
Matale,Yala,Leeks,2024,44.88,526.56,Intermediate/Up-country,Supported envelope,Intermediate Zone,Leeks,11.732620320855613
Matale,Yala,Leeks,2024,69.57,749.13,Intermediate/Up-country,Supported envelope,Intermediate Zone,Leeks,10.76800344976283
Matale,Yala,Leeks,2024,64.72,753.9,Intermediate/Up-country,Supported envelope,Intermediate Zone,Leeks,11.648640296662546
Matale,Yala,Pepper,2024,47.76,219.74,Intermediate/Up-country,Supported envelope,Intermediate Zone,Pepper,4.600921273031826
Matale,Yala,Pepper,2024,31.5,184.91,Intermediate/Up-country,Supported envelope,Intermediate Zone,Pepper,5.87015873015873
Matale,Yala,Sweet Potato,2024,61.92,724.15,Intermediate/Up-country,Supported envelope,Intermediate Zone,Sweet Potatoes,11.694928940568476
Matale,Yala,Tea,2024,111.68,2947.28,Intermediate/Up-country,Supported envelope,Intermediate Zone,Tea,26.390401146131804
Matale,Yala,Turmeric,2024,45.71,513.23,Intermediate/Up-country,Supported envelope,Intermediate Zone,Turmeric,11.22795887114417
Matara,Maha,Big Onion,2024,66.97,709.61,Wet,Supported envelope,Wet Zone,Big Onion,10.59593847991638
Matara,Maha,Big Onion,2024,75.88,826.01,Wet,Supported envelope,Wet Zone,Big Onion,10.885740643120718
Matara,Maha,Carrot,2024,127.41,2100.91,Wet,Supported envelope,Wet Zone,Carrot,16.489365041990425
Matara,Maha,Carrot,2024,137.65,2215.13,Wet,Supported envelope,Wet Zone,Carrot,16.09248092989466
Matara,Maha,Carrot,2024,106.91,1385.46,Wet,Supported envelope,Wet Zone,Carrot,12.959124497240671
Matara,Maha,Cassava,2024,154.33,4562.93,Wet,Supported envelope,Wet Zone,Manioc,29.56605974211106
Matara,Maha,Cassava,2024,219.43,5369.55,Wet,Supported envelope,Wet Zone,Manioc,24.470446155949507
Matara,Maha,Chilli,2024,79.98,629.06,Wet,Supported envelope,Wet Zone,Chillies (Green),7.865216304076018
Matara,Maha,Chilli,2024,51.27,368.76,Wet,Supported envelope,Wet Zone,Chillies (Green),7.192510239906377
Matara,Maha,Chilli,2024,44.44,367.92,Wet,Supported envelope,Wet Zone,Chillies (Green),8.27902790279028
Matara,Maha,Maize,2024,187.45,3079.81,Wet,Supported envelope,Wet Zone,Maize,16.43003467591358
Matara,Maha,Maize,2024,140.26,1781.59,Wet,Supported envelope,Wet Zone,Maize,12.702053329530871
Matara,Maha,Pepper,2024,38.23,146.8,Wet,Supported envelope,Wet Zone,Pepper,3.8399162961025377
Matara,Maha,Potato,2024,117.79,2405.64,Wet,Supported envelope,Wet Zone,Potatoes,20.42312590202903
Matara,Maha,Potato,2024,114.17,1735.11,Wet,Supported envelope,Wet Zone,Potatoes,15.197600070070946
Matara,Maha,Sweet Potato,2024,160.35,2770.29,Wet,Supported envelope,Wet Zone,Sweet Potatoes,17.276520112254445
Matara,Maha,Sweet Potato,2024,173.42,3024.55,Wet,Supported envelope,Wet Zone,Sweet Potatoes,17.440606619767042
Matara,Maha,Turmeric,2024,115.45,1818.46,Wet,Supported envelope,Wet Zone,Turmeric,15.751061065396275
Matara,Yala,Carrot,2024,135.42,1603.15,Wet,Supported envelope,Wet Zone,Carrot,11.838354748190815
Matara,Yala,Carrot,2024,111.17,1758.32,Wet,Supported envelope,Wet Zone,Carrot,15.81649725645408
Matara,Yala,Cassava,2024,259.82,5275.93,Wet,Supported envelope,Wet Zone,Manioc,20.306096528365792
Matara,Yala,Chilli,2024,82.61,663.93,Wet,Supported envelope,Wet Zone,Chillies (Green),8.036920469676794
Matara,Yala,Chilli,2024,76.45,557.03,Wet,Supported envelope,Wet Zone,Chillies (Green),7.286200130804446
Matara,Yala,Chilli,2024,78.5,569.14,Wet,Supported envelope,Wet Zone,Chillies (Green),7.250191082802548
Matara,Yala,Chilli,2024,80.59,559.15,Wet,Supported envelope,Wet Zone,Chillies (Green),6.938205732721181
Matara,Yala,Cowpea,2024,86.45,570.03,Wet,Supported envelope,Wet Zone,Cowpea,6.5937536148062454
Matara,Yala,Ginger,2024,92.45,1170.02,Wet,Supported envelope,Wet Zone,Ginger,12.655705786911843
Matara,Yala,Maize,2024,132.32,2168.0,Wet,Supported envelope,Wet Zone,Maize,16.384522370012093
Matara,Yala,Potato,2024,205.19,3370.62,Wet,Supported envelope,Wet Zone,Potatoes,16.42682391929431
Matara,Yala,Sweet Potato,2024,189.92,2804.49,Wet,Supported envelope,Wet Zone,Sweet Potatoes,14.766691238416175
Mullaitivu,Maha,Big Onion,2024,75.27,912.91,Dry,Supported envelope,Dry Zone,Big Onion,12.128470838315398
Mullaitivu,Maha,Carrot,2024,106.04,1368.81,Dry,Supported envelope,Dry Zone,Carrot,12.908430780837419
Mullaitivu,Maha,Carrot,2024,159.47,2704.59,Dry,Supported envelope,Dry Zone,Carrot,16.95986705963504
Mullaitivu,Maha,Carrot,2024,121.77,1829.76,Dry,Supported envelope,Dry Zone,Carrot,15.026361172702636
Mullaitivu,Maha,Carrot,2024,119.34,1816.25,Dry,Supported envelope,Dry Zone,Carrot,15.219121836768895
Mullaitivu,Maha,Carrot,2024,126.67,1868.05,Dry,Supported envelope,Dry Zone,Carrot,14.74737506907713
Mullaitivu,Maha,Cassava,2024,169.06,5064.85,Dry,Supported envelope,Dry Zone,Manioc,29.958890334792383
Mullaitivu,Maha,Chilli,2024,80.01,561.08,Dry,Supported envelope,Dry Zone,Chillies (Green),7.012623422072241
Mullaitivu,Maha,Ginger,2024,79.49,867.12,Dry,Supported envelope,Dry Zone,Ginger,10.908541954962889
Mullaitivu,Maha,Red Onion,2024,72.0,781.05,Dry,Supported envelope,Dry Zone,Red Onion,10.847916666666666
Mullaitivu,Yala,Big Onion,2024,154.13,2013.17,Dry,Supported envelope,Dry Zone,Big Onion,13.061506520469734
Mullaitivu,Yala,Carrot,2024,116.45,1830.94,Dry,Supported envelope,Dry Zone,Carrot,15.722971232288536
Mullaitivu,Yala,Carrot,2024,156.84,2766.77,Dry,Supported envelope,Dry Zone,Carrot,17.64071665391482
Mullaitivu,Yala,Carrot,2024,177.8,2752.17,Dry,Supported envelope,Dry Zone,Carrot,15.479021372328459
Mullaitivu,Yala,Carrot,2024,78.58,1266.37,Dry,Supported envelope,Dry Zone,Carrot,16.115678289641128
Mullaitivu,Yala,Chilli,2024,54.93,424.35,Dry,Supported envelope,Dry Zone,Chillies (Green),7.725286728563627
Mullaitivu,Yala,Green Gram,2024,54.93,432.53,Dry,Supported envelope,Dry Zone,Green Gram,7.874203531767704
Mullaitivu,Yala,Potato,2024,109.32,2252.52,Dry,Supported envelope,Dry Zone,Potatoes,20.604829857299674
Mullaitivu,Yala,Red Onion,2024,54.26,460.68,Dry,Supported envelope,Dry Zone,Red Onion,8.49023221525986
Mullaitivu,Yala,Red Onion,2024,49.74,540.07,Dry,Supported envelope,Dry Zone,Red Onion,10.857860876558103
Mullaitivu,Yala,Turmeric,2024,119.0,1324.32,Dry,Supported envelope,Dry Zone,Turmeric,11.12873949579832
Mullaitivu,Yala,Turmeric,2024,61.93,654.05,Dry,Supported envelope,Dry Zone,Turmeric,10.561117390602293
Mullaitivu,Yala,Turmeric,2024,91.07,1016.38,Dry,Supported envelope,Dry Zone,Turmeric,11.16042604589876
Mullaitivu,Yala,Turmeric,2024,85.35,851.24,Dry,Supported envelope,Dry Zone,Turmeric,9.973520796719392
Nuwara Eliya,Maha,Beans,2024,66.32,675.49,Up-country Wet,Supported envelope,Up Country Wet Zone,Beans,10.18531363088058
Nuwara Eliya,Maha,Beans,2024,77.77,805.54,Up-country Wet,Supported envelope,Up Country Wet Zone,Beans,10.357978655008358
Nuwara Eliya,Maha,Carrot,2024,202.32,3536.55,Up-country Wet,Supported envelope,Up Country Wet Zone,Carrot,17.479982206405694
Nuwara Eliya,Maha,Carrot,2024,128.59,2031.3,Up-country Wet,Supported envelope,Up Country Wet Zone,Carrot,15.796718251808072
Nuwara Eliya,Maha,Chilli,2024,34.81,259.55,Up-country Wet,Supported envelope,Up Country Wet Zone,Chillies (Green),7.456190749784544
Nuwara Eliya,Maha,Chilli,2024,42.23,312.56,Up-country Wet,Supported envelope,Up Country Wet Zone,Chillies (Green),7.4013734312100405
Nuwara Eliya,Maha,Leeks,2024,97.21,1123.63,Up-country Wet,Supported envelope,Up Country Wet Zone,Leeks,11.558790247916884
Nuwara Eliya,Maha,Leeks,2024,84.71,1153.21,Up-country Wet,Supported envelope,Up Country Wet Zone,Leeks,13.61362294888443
Nuwara Eliya,Maha,Leeks,2024,168.31,1673.2,Up-country Wet,Supported envelope,Up Country Wet Zone,Leeks,9.941179965539778
Nuwara Eliya,Maha,Leeks,2024,130.89,1440.75,Up-country Wet,Supported envelope,Up Country Wet Zone,Leeks,11.007334402933763
Nuwara Eliya,Maha,Leeks,2024,124.64,1942.33,Up-country Wet,Supported envelope,Up Country Wet Zone,Leeks,15.58352053915276
Nuwara Eliya,Maha,Maize,2024,82.81,1295.48,Up-country Wet,Supported envelope,Up Country Wet Zone,Maize,15.64400434730105
Nuwara Eliya,Maha,Pepper,2024,57.15,251.88,Up-country Wet,Supported envelope,Up Country Wet Zone,Pepper,4.4073490813648295
Nuwara Eliya,Yala,Beans,2024,66.56,585.83,Up-country Wet,Supported envelope,Up Country Wet Zone,Beans,8.801532451923077
Nuwara Eliya,Yala,Beans,2024,61.58,704.86,Up-country Wet,Supported envelope,Up Country Wet Zone,Beans,11.446248782072102
Nuwara Eliya,Yala,Carrot,2024,83.08,1153.94,Up-country Wet,Supported envelope,Up Country Wet Zone,Carrot,13.889504092441022
Nuwara Eliya,Yala,Carrot,2024,162.86,2643.1,Up-country Wet,Supported envelope,Up Country Wet Zone,Carrot,16.229276679356502
Nuwara Eliya,Yala,Chilli,2024,52.25,370.19,Up-country Wet,Supported envelope,Up Country Wet Zone,Chillies (Green),7.084976076555024
Nuwara Eliya,Yala,Ginger,2024,61.02,942.59,Up-country Wet,Supported envelope,Up Country Wet Zone,Ginger,15.447230416256964
Nuwara Eliya,Yala,Leeks,2024,141.63,1644.15,Up-country Wet,Supported envelope,Up Country Wet Zone,Leeks,11.608769328532091
Nuwara Eliya,Yala,Leeks,2024,107.75,1436.46,Up-country Wet,Supported envelope,Up Country Wet Zone,Leeks,13.331415313225058
Nuwara Eliya,Yala,Leeks,2024,169.11,2490.31,Up-country Wet,Supported envelope,Up Country Wet Zone,Leeks,14.725977174620068
Nuwara Eliya,Yala,Maize,2024,70.08,1234.61,Up-country Wet,Supported envelope,Up Country Wet Zone,Maize,17.61715182648402
Nuwara Eliya,Yala,Maize,2024,93.0,1669.01,Up-country Wet,Supported envelope,Up Country Wet Zone,Maize,17.946344086021504
Nuwara Eliya,Yala,Tea,2024,327.51,7167.56,Up-country Wet,Supported envelope,Up Country Wet Zone,Tea,21.885011144697874
Nuwara Eliya,Yala,Tea,2024,299.98,7889.22,Up-country Wet,Supported envelope,Up Country Wet Zone,Tea,26.299153276885125
Nuwara Eliya,Yala,Tea,2024,274.64,6272.9,Up-country Wet,Supported envelope,Up Country Wet Zone,Tea,22.840445674337314
Polonnaruwa,Maha,Carrot,2024,115.01,2039.12,Dry,Supported envelope,Dry Zone,Carrot,17.7299365272585
Polonnaruwa,Maha,Carrot,2024,143.54,2667.82,Dry,Supported envelope,Dry Zone,Carrot,18.585899400863873
Polonnaruwa,Maha,Carrot,2024,70.31,1105.37,Dry,Supported envelope,Dry Zone,Carrot,15.721376760062578
Polonnaruwa,Maha,Carrot,2024,102.42,1298.44,Dry,Supported envelope,Dry Zone,Carrot,12.677602030853349
Polonnaruwa,Maha,Carrot,2024,88.24,1395.42,Dry,Supported envelope,Dry Zone,Carrot,15.813916591115142
Polonnaruwa,Maha,Cassava,2024,198.78,4552.46,Dry,Supported envelope,Dry Zone,Manioc,22.902002213502364
Polonnaruwa,Maha,Cassava,2024,137.7,2843.83,Dry,Supported envelope,Dry Zone,Manioc,20.652360203340596
Polonnaruwa,Maha,Chilli,2024,76.5,598.5,Dry,Supported envelope,Dry Zone,Chillies (Green),7.823529411764706
Polonnaruwa,Maha,Chilli,2024,54.14,358.14,Dry,Supported envelope,Dry Zone,Chillies (Green),6.615072035463612
Polonnaruwa,Maha,Cowpea,2024,61.45,533.24,Dry,Supported envelope,Dry Zone,Cowpea,8.677624084621643
Polonnaruwa,Maha,Maize,2024,137.57,2097.32,Dry,Supported envelope,Dry Zone,Maize,15.245475030893365
Polonnaruwa,Maha,Red Onion,2024,82.55,720.9,Dry,Supported envelope,Dry Zone,Red Onion,8.732889158086008
Polonnaruwa,Maha,Turmeric,2024,72.48,865.03,Dry,Supported envelope,Dry Zone,Turmeric,11.934740618101545
Polonnaruwa,Yala,Big Onion,2024,80.23,1115.43,Dry,Supported envelope,Dry Zone,Big Onion,13.90290415056712
Polonnaruwa,Yala,Carrot,2024,81.85,1268.31,Dry,Supported envelope,Dry Zone,Carrot,15.49554062309102
Polonnaruwa,Yala,Carrot,2024,106.89,1317.97,Dry,Supported envelope,Dry Zone,Carrot,12.330152493217327
Polonnaruwa,Yala,Carrot,2024,123.75,2234.24,Dry,Supported envelope,Dry Zone,Carrot,18.054464646464645
Polonnaruwa,Yala,Chilli,2024,62.38,417.94,Dry,Supported envelope,Dry Zone,Chillies (Green),6.699903815325425
Polonnaruwa,Yala,Chilli,2024,55.78,339.31,Dry,Supported envelope,Dry Zone,Chillies (Green),6.083004661168878
Polonnaruwa,Yala,Chilli,2024,68.46,493.28,Dry,Supported envelope,Dry Zone,Chillies (Green),7.20537540169442
Polonnaruwa,Yala,Chilli,2024,70.47,548.29,Dry,Supported envelope,Dry Zone,Chillies (Green),7.780473960550588
Polonnaruwa,Yala,Groundnut,2024,73.99,814.71,Dry,Supported envelope,Dry Zone,Ground Nuts,11.011082578726857
Polonnaruwa,Yala,Red Onion,2024,96.62,1208.78,Dry,Supported envelope,Dry Zone,Red Onion,12.51066031877458
Puttalam,Maha,Big Onion,2024,77.46,969.09,Dry/Intermediate,Supported envelope,Dry Zone,Big Onion,12.510844306738964
Puttalam,Maha,Big Onion,2024,86.86,721.03,Dry/Intermediate,Supported envelope,Dry Zone,Big Onion,8.30105917568501
Puttalam,Maha,Carrot,2024,82.77,1204.19,Dry/Intermediate,Supported envelope,Dry Zone,Carrot,14.548628730216263
Puttalam,Maha,Carrot,2024,64.17,1064.48,Dry/Intermediate,Supported envelope,Dry Zone,Carrot,16.58843696431354
Puttalam,Maha,Chilli,2024,90.55,630.55,Dry/Intermediate,Supported envelope,Dry Zone,Chillies (Green),6.963556046383213
Puttalam,Maha,Chilli,2024,108.73,803.19,Dry/Intermediate,Supported envelope,Dry Zone,Chillies (Green),7.38701370366964
Puttalam,Maha,Chilli,2024,93.0,888.33,Dry/Intermediate,Supported envelope,Dry Zone,Chillies (Green),9.551935483870968
Puttalam,Maha,Chilli,2024,109.21,883.55,Dry/Intermediate,Supported envelope,Dry Zone,Chillies (Green),8.09037633916308
Puttalam,Maha,Chilli,2024,110.53,877.59,Dry/Intermediate,Supported envelope,Dry Zone,Chillies (Green),7.939835338822039
Puttalam,Maha,Chilli,2024,54.6,463.03,Dry/Intermediate,Supported envelope,Dry Zone,Chillies (Green),8.48040293040293
Puttalam,Maha,Ginger,2024,83.75,1017.68,Dry/Intermediate,Supported envelope,Dry Zone,Ginger,12.151402985074625
Puttalam,Maha,Green Gram,2024,61.67,442.54,Dry/Intermediate,Supported envelope,Dry Zone,Green Gram,7.175936435868332
Puttalam,Maha,Green Gram,2024,45.72,364.86,Dry/Intermediate,Supported envelope,Dry Zone,Green Gram,7.980314960629922
Puttalam,Maha,Groundnut,2024,69.91,879.73,Dry/Intermediate,Supported envelope,Dry Zone,Ground Nuts,12.583750536403949
Puttalam,Maha,Groundnut,2024,69.67,552.81,Dry/Intermediate,Supported envelope,Dry Zone,Ground Nuts,7.934692119994257
Puttalam,Maha,Maize,2024,130.6,2562.15,Dry/Intermediate,Supported envelope,Dry Zone,Maize,19.61830015313936
Puttalam,Maha,Red Onion,2024,70.81,638.41,Dry/Intermediate,Supported envelope,Dry Zone,Red Onion,9.01581697500353
Puttalam,Maha,Red Onion,2024,139.22,1576.76,Dry/Intermediate,Supported envelope,Dry Zone,Red Onion,11.325671598908203
Puttalam,Yala,Cassava,2024,264.71,6820.22,Dry/Intermediate,Supported envelope,Dry Zone,Manioc,25.764874768614714
Puttalam,Yala,Cowpea,2024,59.05,475.71,Dry/Intermediate,Supported envelope,Dry Zone,Cowpea,8.056054191363252
Puttalam,Yala,Green Gram,2024,39.1,273.08,Dry/Intermediate,Supported envelope,Dry Zone,Green Gram,6.984143222506393
Puttalam,Yala,Maize,2024,94.38,1419.83,Dry/Intermediate,Supported envelope,Dry Zone,Maize,15.043759271031998
Puttalam,Yala,Sweet Potato,2024,96.11,1434.08,Dry/Intermediate,Supported envelope,Dry Zone,Sweet Potatoes,14.921236083654145
Puttalam,Yala,Sweet Potato,2024,84.2,1148.88,Dry/Intermediate,Supported envelope,Dry Zone,Sweet Potatoes,13.644655581947744
Ratnapura,Maha,Beans,2024,69.59,637.28,Wet/Intermediate,Supported envelope,Wet Zone,Beans,9.157637591607989
Ratnapura,Maha,Beans,2024,65.92,647.41,Wet/Intermediate,Supported envelope,Wet Zone,Beans,9.821146844660193
Ratnapura,Maha,Beans,2024,65.13,522.32,Wet/Intermediate,Supported envelope,Wet Zone,Beans,8.019653001688932
Ratnapura,Maha,Carrot,2024,106.75,1423.54,Wet/Intermediate,Supported envelope,Wet Zone,Carrot,13.335269320843091
Ratnapura,Maha,Carrot,2024,104.87,1701.71,Wet/Intermediate,Supported envelope,Wet Zone,Carrot,16.226852293315535
Ratnapura,Maha,Carrot,2024,93.18,1882.72,Wet/Intermediate,Supported envelope,Wet Zone,Carrot,20.205194247692635
Ratnapura,Maha,Carrot,2024,104.13,1543.16,Wet/Intermediate,Supported envelope,Wet Zone,Carrot,14.819552482473831
Ratnapura,Maha,Carrot,2024,106.38,1673.17,Wet/Intermediate,Supported envelope,Wet Zone,Carrot,15.72823839067494
Ratnapura,Maha,Chilli,2024,61.47,514.39,Wet/Intermediate,Supported envelope,Wet Zone,Chillies (Green),8.368147063608264
Ratnapura,Maha,Chilli,2024,43.52,300.04,Wet/Intermediate,Supported envelope,Wet Zone,Chillies (Green),6.8943014705882355
Ratnapura,Maha,Pepper,2024,31.06,132.68,Wet/Intermediate,Supported envelope,Wet Zone,Pepper,4.271732131358661
Ratnapura,Maha,Red Onion,2024,92.27,754.15,Wet/Intermediate,Supported envelope,Wet Zone,Red Onion,8.173295762436329
Ratnapura,Maha,Turmeric,2024,74.8,843.46,Wet/Intermediate,Supported envelope,Wet Zone,Turmeric,11.27620320855615
Ratnapura,Yala,Beans,2024,68.09,770.64,Wet/Intermediate,Supported envelope,Wet Zone,Beans,11.31796152151564
Ratnapura,Yala,Beans,2024,94.55,960.7,Wet/Intermediate,Supported envelope,Wet Zone,Beans,10.160761501850873
Ratnapura,Yala,Big Onion,2024,115.23,1270.28,Wet/Intermediate,Supported envelope,Wet Zone,Big Onion,11.023865312852555
Ratnapura,Yala,Big Onion,2024,73.03,810.35,Wet/Intermediate,Supported envelope,Wet Zone,Big Onion,11.096124880186226
Ratnapura,Yala,Carrot,2024,113.03,1379.61,Wet/Intermediate,Supported envelope,Wet Zone,Carrot,12.20569760240644
Ratnapura,Yala,Carrot,2024,68.48,1026.72,Wet/Intermediate,Supported envelope,Wet Zone,Carrot,14.992990654205608
Ratnapura,Yala,Carrot,2024,102.76,1555.34,Wet/Intermediate,Supported envelope,Wet Zone,Carrot,15.135655897236278
Ratnapura,Yala,Chilli,2024,67.22,485.72,Wet/Intermediate,Supported envelope,Wet Zone,Chillies (Green),7.225825647128831
Ratnapura,Yala,Chilli,2024,45.43,455.21,Wet/Intermediate,Supported envelope,Wet Zone,Chillies (Green),10.020030816640986
Ratnapura,Yala,Chilli,2024,52.81,321.65,Wet/Intermediate,Supported envelope,Wet Zone,Chillies (Green),6.090702518462412
Ratnapura,Yala,Cinnamon,2024,32.19,123.95,Wet/Intermediate,Supported envelope,Wet Zone,Cinnamon,3.8505747126436787
Ratnapura,Yala,Cinnamon,2024,29.26,120.34,Wet/Intermediate,Supported envelope,Wet Zone,Cinnamon,4.112781954887218
Ratnapura,Yala,Pepper,2024,40.47,228.26,Wet/Intermediate,Supported envelope,Wet Zone,Pepper,5.640227328885595
Ratnapura,Yala,Pepper,2024,45.22,237.48,Wet/Intermediate,Supported envelope,Wet Zone,Pepper,5.251658558160106
Ratnapura,Yala,Red Onion,2024,62.19,708.17,Wet/Intermediate,Supported envelope,Wet Zone,Red Onion,11.387200514552179
Ratnapura,Yala,Red Onion,2024,56.06,540.44,Wet/Intermediate,Supported envelope,Wet Zone,Red Onion,9.64038530146272
Ratnapura,Yala,Sweet Potato,2024,93.59,1159.11,Wet/Intermediate,Supported envelope,Wet Zone,Sweet Potatoes,12.384977027460197
Trincomalee,Maha,Big Onion,2024,48.52,573.58,Dry,Supported envelope,Dry Zone,Big Onion,11.821516900247321
Trincomalee,Maha,Carrot,2024,61.08,725.61,Dry,Supported envelope,Dry Zone,Carrot,11.879666011787819
Trincomalee,Maha,Carrot,2024,101.67,1749.38,Dry,Supported envelope,Dry Zone,Carrot,17.206452247467297
Trincomalee,Maha,Chilli,2024,66.14,442.11,Dry,Supported envelope,Dry Zone,Chillies (Green),6.6844572119746
Trincomalee,Maha,Chilli,2024,36.05,291.06,Dry,Supported envelope,Dry Zone,Chillies (Green),8.073786407766992
Trincomalee,Maha,Ginger,2024,70.61,873.81,Dry,Supported envelope,Dry Zone,Ginger,12.375159325874522
Trincomalee,Maha,Green Gram,2024,44.57,303.99,Dry,Supported envelope,Dry Zone,Green Gram,6.820507067534216
Trincomalee,Maha,Groundnut,2024,81.83,769.92,Dry,Supported envelope,Dry Zone,Ground Nuts,9.408774288158376
Trincomalee,Maha,Potato,2024,168.37,3185.2,Dry,Supported envelope,Dry Zone,Potatoes,18.91785947615371
Trincomalee,Yala,Big Onion,2024,113.32,1272.76,Dry,Supported envelope,Dry Zone,Big Onion,11.231556653723969
Trincomalee,Yala,Cassava,2024,162.39,3391.91,Dry,Supported envelope,Dry Zone,Manioc,20.887431492086954
Trincomalee,Yala,Cowpea,2024,34.16,256.7,Dry,Supported envelope,Dry Zone,Cowpea,7.514637002341921
Trincomalee,Yala,Turmeric,2024,74.5,605.25,Dry,Supported envelope,Dry Zone,Turmeric,8.124161073825503
Vavuniya,Maha,Carrot,2024,76.81,989.82,Dry,Supported envelope,Dry Zone,Carrot,12.886603306861087
Vavuniya,Maha,Carrot,2024,51.14,823.92,Dry,Supported envelope,Dry Zone,Carrot,16.111067657411027
Vavuniya,Maha,Carrot,2024,83.17,1192.13,Dry,Supported envelope,Dry Zone,Carrot,14.33365396176506
Vavuniya,Maha,Carrot,2024,79.25,1226.44,Dry,Supported envelope,Dry Zone,Carrot,15.475583596214511
Vavuniya,Maha,Carrot,2024,101.63,1500.98,Dry,Supported envelope,Dry Zone,Carrot,14.769064252681297
Vavuniya,Maha,Carrot,2024,100.4,1472.04,Dry,Supported envelope,Dry Zone,Carrot,14.661752988047807
Vavuniya,Maha,Carrot,2024,86.96,1410.88,Dry,Supported envelope,Dry Zone,Carrot,16.224471021159157
Vavuniya,Maha,Cassava,2024,139.72,2976.43,Dry,Supported envelope,Dry Zone,Manioc,21.302819925565416
Vavuniya,Maha,Chilli,2024,57.36,491.73,Dry,Supported envelope,Dry Zone,Chillies (Green),8.572698744769875
Vavuniya,Maha,Cowpea,2024,51.84,366.57,Dry,Supported envelope,Dry Zone,Cowpea,7.071180555555555
Vavuniya,Maha,Groundnut,2024,65.79,635.55,Dry,Supported envelope,Dry Zone,Ground Nuts,9.660282717738257
Vavuniya,Maha,Maize,2024,101.79,1703.38,Dry,Supported envelope,Dry Zone,Maize,16.73425680322232
Vavuniya,Maha,Red Onion,2024,68.37,617.38,Dry,Supported envelope,Dry Zone,Red Onion,9.029983911072106
Vavuniya,Maha,Sweet Potato,2024,70.46,633.05,Dry,Supported envelope,Dry Zone,Sweet Potatoes,8.984530229917684
Vavuniya,Maha,Turmeric,2024,61.8,727.48,Dry,Supported envelope,Dry Zone,Turmeric,11.771521035598706
Vavuniya,Yala,Big Onion,2024,81.53,829.28,Dry,Supported envelope,Dry Zone,Big Onion,10.17147062431007
Vavuniya,Yala,Big Onion,2024,102.53,1227.59,Dry,Supported envelope,Dry Zone,Big Onion,11.972983517019408
Vavuniya,Yala,Carrot,2024,84.71,1417.82,Dry,Supported envelope,Dry Zone,Carrot,16.737339157124307
Vavuniya,Yala,Chilli,2024,65.27,464.35,Dry,Supported envelope,Dry Zone,Chillies (Green),7.114294469128238
Vavuniya,Yala,Chilli,2024,38.29,259.74,Dry,Supported envelope,Dry Zone,Chillies (Green),6.783494384956908
Vavuniya,Yala,Chilli,2024,70.51,547.31,Dry,Supported envelope,Dry Zone,Chillies (Green),7.7621613955467295
Vavuniya,Yala,Ginger,2024,74.0,822.27,Dry,Supported envelope,Dry Zone,Ginger,11.111756756756757
Vavuniya,Yala,Potato,2024,91.78,1647.3,Dry,Supported envelope,Dry Zone,Potatoes,17.94835476138592
Vavuniya,Yala,Sweet Potato,2024,57.79,1074.41,Dry,Supported envelope,Dry Zone,Sweet Potatoes,18.591624848589724
Vavuniya,Yala,Sweet Potato,2024,139.59,1764.32,Dry,Supported envelope,Dry Zone,Sweet Potatoes,12.639300809513575
Vavuniya,Yala,Turmeric,2024,99.63,1128.88,Dry,Supported envelope,Dry Zone,Turmeric,11.330723677607148
Vavuniya,Yala,Turmeric,2024,67.45,644.94,Dry,Supported envelope,Dry Zone,Turmeric,9.561749444032618
Ampara,Maha,Big Onion,2025,50.0,566.34,Dry,Supported envelope,Dry Zone,Big Onion,11.3268
Ampara,Maha,Carrot,2025,103.08,1581.31,Dry,Supported envelope,Dry Zone,Carrot,15.340609235545207
Ampara,Maha,Carrot,2025,96.02,1446.84,Dry,Supported envelope,Dry Zone,Carrot,15.068110810247864
Ampara,Maha,Carrot,2025,71.26,1273.8,Dry,Supported envelope,Dry Zone,Carrot,17.875385910749365
Ampara,Maha,Cassava,2025,127.3,3123.12,Dry,Supported envelope,Dry Zone,Manioc,24.533542812254517
Ampara,Maha,Cassava,2025,100.1,2178.32,Dry,Supported envelope,Dry Zone,Manioc,21.761438561438563
Ampara,Maha,Chilli,2025,46.68,326.73,Dry,Supported envelope,Dry Zone,Chillies (Green),6.999357326478149
Ampara,Maha,Chilli,2025,28.23,283.71,Dry,Supported envelope,Dry Zone,Chillies (Green),10.049946865037194
Ampara,Maha,Maize,2025,80.01,1413.97,Dry,Supported envelope,Dry Zone,Maize,17.6724159480065
Ampara,Maha,Sweet Potato,2025,105.82,1373.12,Dry,Supported envelope,Dry Zone,Sweet Potatoes,12.975996975996976
Ampara,Maha,Sweet Potato,2025,76.81,1279.95,Dry,Supported envelope,Dry Zone,Sweet Potatoes,16.663845853404506
Ampara,Maha,Turmeric,2025,70.67,526.61,Dry,Supported envelope,Dry Zone,Turmeric,7.45167680769775
Ampara,Maha,Turmeric,2025,78.71,829.85,Dry,Supported envelope,Dry Zone,Turmeric,10.54313301994664
Ampara,Yala,Carrot,2025,108.9,2123.29,Dry,Supported envelope,Dry Zone,Carrot,19.49761248852158
Ampara,Yala,Carrot,2025,78.51,1219.88,Dry,Supported envelope,Dry Zone,Carrot,15.537893262004841
Ampara,Yala,Carrot,2025,69.48,1070.8,Dry,Supported envelope,Dry Zone,Carrot,15.411629245826136
Ampara,Yala,Chilli,2025,49.48,355.4,Dry,Supported envelope,Dry Zone,Chillies (Green),7.1827000808407435
Ampara,Yala,Chilli,2025,38.64,316.01,Dry,Supported envelope,Dry Zone,Chillies (Green),8.178312629399585
Ampara,Yala,Cowpea,2025,47.67,413.86,Dry,Supported envelope,Dry Zone,Cowpea,8.681770505559053
Ampara,Yala,Ginger,2025,52.54,596.77,Dry,Supported envelope,Dry Zone,Ginger,11.358393604872479
Ampara,Yala,Groundnut,2025,70.24,633.88,Dry,Supported envelope,Dry Zone,Ground Nuts,9.024487471526196
Ampara,Yala,Groundnut,2025,96.32,1198.41,Dry,Supported envelope,Dry Zone,Ground Nuts,12.441964285714288
Ampara,Yala,Maize,2025,110.43,1896.38,Dry,Supported envelope,Dry Zone,Maize,17.17268858100154
Anuradhapura,Maha,Big Onion,2025,119.25,1266.5,Dry,Supported envelope,Dry Zone,Big Onion,10.620545073375261
Anuradhapura,Maha,Big Onion,2025,74.28,769.46,Dry,Supported envelope,Dry Zone,Big Onion,10.358912224017232
Anuradhapura,Maha,Big Onion,2025,130.58,1211.37,Dry,Supported envelope,Dry Zone,Big Onion,9.276841782815131
Anuradhapura,Maha,Chilli,2025,103.04,673.18,Dry,Supported envelope,Dry Zone,Chillies (Green),6.533190993788819
Anuradhapura,Maha,Chilli,2025,116.99,954.5,Dry,Supported envelope,Dry Zone,Chillies (Green),8.158816992905377
Anuradhapura,Maha,Chilli,2025,84.51,567.98,Dry,Supported envelope,Dry Zone,Chillies (Green),6.720861436516389
Anuradhapura,Maha,Ginger,2025,67.08,664.29,Dry,Supported envelope,Dry Zone,Ginger,9.902951699463326
Anuradhapura,Maha,Maize,2025,105.53,1663.8,Dry,Supported envelope,Dry Zone,Maize,15.766132853217094
Anuradhapura,Maha,Sweet Potato,2025,95.7,1161.35,Dry,Supported envelope,Dry Zone,Sweet Potatoes,12.13531870428422
Anuradhapura,Yala,Cowpea,2025,56.28,361.96,Dry,Supported envelope,Dry Zone,Cowpea,6.43141435678749
Anuradhapura,Yala,Green Gram,2025,79.55,501.17,Dry,Supported envelope,Dry Zone,Green Gram,6.300062853551226
Anuradhapura,Yala,Green Gram,2025,35.47,258.05,Dry,Supported envelope,Dry Zone,Green Gram,7.275162108824359
Anuradhapura,Yala,Groundnut,2025,70.9,645.96,Dry,Supported envelope,Dry Zone,Ground Nuts,9.11086036671368
Anuradhapura,Yala,Maize,2025,68.59,769.39,Dry,Supported envelope,Dry Zone,Maize,11.217232832774457
Anuradhapura,Yala,Sweet Potato,2025,90.62,1000.04,Dry,Supported envelope,Dry Zone,Sweet Potatoes,11.035532994923857
Badulla,Maha,Big Onion,2025,96.76,1280.39,Up-country Intermediate,Supported envelope,Up Country Intermediate Zone,Big Onion,13.23263745349318
Badulla,Maha,Carrot,2025,90.08,1251.42,Up-country Intermediate,Supported envelope,Up Country Intermediate Zone,Carrot,13.892317939609237
Badulla,Maha,Carrot,2025,131.0,2519.82,Up-country Intermediate,Supported envelope,Up Country Intermediate Zone,Carrot,19.23526717557252
Badulla,Maha,Carrot,2025,104.95,1290.55,Up-country Intermediate,Supported envelope,Up Country Intermediate Zone,Carrot,12.296808003811337
Badulla,Maha,Carrot,2025,96.92,1544.72,Up-country Intermediate,Supported envelope,Up Country Intermediate Zone,Carrot,15.93809327280231
Badulla,Maha,Carrot,2025,173.67,2626.33,Up-country Intermediate,Supported envelope,Up Country Intermediate Zone,Carrot,15.122531237404273
Badulla,Maha,Cassava,2025,161.91,3576.92,Up-country Intermediate,Supported envelope,Up Country Intermediate Zone,Manioc,22.092026434438885
Badulla,Maha,Chilli,2025,43.13,325.18,Up-country Intermediate,Supported envelope,Up Country Intermediate Zone,Chillies (Green),7.5395316485045205
Badulla,Maha,Chilli,2025,41.31,349.31,Up-country Intermediate,Supported envelope,Up Country Intermediate Zone,Chillies (Green),8.455821834906802
Badulla,Maha,Groundnut,2025,50.99,519.18,Up-country Intermediate,Supported envelope,Up Country Intermediate Zone,Ground Nuts,10.181996469896056
Badulla,Maha,Leeks,2025,70.36,1125.86,Up-country Intermediate,Supported envelope,Up Country Intermediate Zone,Leeks,16.001421262080726
Badulla,Maha,Red Onion,2025,44.95,387.43,Up-country Intermediate,Supported envelope,Up Country Intermediate Zone,Red Onion,8.619132369299221
Badulla,Maha,Red Onion,2025,57.33,593.12,Up-country Intermediate,Supported envelope,Up Country Intermediate Zone,Red Onion,10.345717774289204
Badulla,Maha,Tea,2025,125.21,3083.64,Up-country Intermediate,Supported envelope,Up Country Intermediate Zone,Tea,24.627745387748583
Badulla,Yala,Big Onion,2025,60.09,659.42,Up-country Intermediate,Supported envelope,Up Country Intermediate Zone,Big Onion,10.973872524546513
Badulla,Yala,Carrot,2025,88.6,1207.07,Up-country Intermediate,Supported envelope,Up Country Intermediate Zone,Carrot,13.623814898419864
Badulla,Yala,Carrot,2025,110.37,1537.05,Up-country Intermediate,Supported envelope,Up Country Intermediate Zone,Carrot,13.926338678988854
Badulla,Yala,Carrot,2025,105.59,1512.66,Up-country Intermediate,Supported envelope,Up Country Intermediate Zone,Carrot,14.32578842693437
Badulla,Yala,Cassava,2025,107.6,2603.61,Up-country Intermediate,Supported envelope,Up Country Intermediate Zone,Manioc,24.197118959107808
Badulla,Yala,Chilli,2025,51.7,352.66,Up-country Intermediate,Supported envelope,Up Country Intermediate Zone,Chillies (Green),6.821276595744681
Badulla,Yala,Maize,2025,79.05,1230.15,Up-country Intermediate,Supported envelope,Up Country Intermediate Zone,Maize,15.561669829222014
Badulla,Yala,Pepper,2025,41.8,178.8,Up-country Intermediate,Supported envelope,Up Country Intermediate Zone,Pepper,4.277511961722489
Badulla,Yala,Red Onion,2025,50.1,555.91,Up-country Intermediate,Supported envelope,Up Country Intermediate Zone,Red Onion,11.096007984031935
Badulla,Yala,Red Onion,2025,55.39,490.96,Up-country Intermediate,Supported envelope,Up Country Intermediate Zone,Red Onion,8.863693807546488
Badulla,Yala,Sweet Potato,2025,58.92,849.66,Up-country Intermediate,Supported envelope,Up Country Intermediate Zone,Sweet Potatoes,14.420570264765782
Badulla,Yala,Sweet Potato,2025,50.14,677.92,Up-country Intermediate,Supported envelope,Up Country Intermediate Zone,Sweet Potatoes,13.52054248105305
Batticaloa,Maha,Big Onion,2025,60.57,711.82,Dry,Supported envelope,Dry Zone,Big Onion,11.75202245335975
Batticaloa,Maha,Carrot,2025,86.9,1393.82,Dry,Supported envelope,Dry Zone,Carrot,16.03935558112773
Batticaloa,Maha,Chilli,2025,55.38,459.79,Dry,Supported envelope,Dry Zone,Chillies (Green),8.302455760202239
Batticaloa,Maha,Groundnut,2025,53.48,503.36,Dry,Supported envelope,Dry Zone,Ground Nuts,9.412116679132387
Batticaloa,Maha,Maize,2025,65.27,1342.54,Dry,Supported envelope,Dry Zone,Maize,20.56902098973495
Batticaloa,Maha,Potato,2025,81.28,2137.57,Dry,Supported envelope,Dry Zone,Potatoes,26.29884350393701
Batticaloa,Maha,Red Onion,2025,37.59,349.99,Dry,Supported envelope,Dry Zone,Red Onion,9.31072093641926
Batticaloa,Maha,Sweet Potato,2025,101.37,1278.59,Dry,Supported envelope,Dry Zone,Sweet Potatoes,12.61310052283713
Batticaloa,Maha,Sweet Potato,2025,118.39,1345.62,Dry,Supported envelope,Dry Zone,Sweet Potatoes,11.365993749472082
Batticaloa,Yala,Big Onion,2025,52.57,579.01,Dry,Supported envelope,Dry Zone,Big Onion,11.014076469469279
Batticaloa,Yala,Carrot,2025,89.7,1401.81,Dry,Supported envelope,Dry Zone,Carrot,15.627759197324414
Batticaloa,Yala,Carrot,2025,81.61,1091.48,Dry,Supported envelope,Dry Zone,Carrot,13.374341379732876
Batticaloa,Yala,Carrot,2025,62.12,1231.57,Dry,Supported envelope,Dry Zone,Carrot,19.8256600128783
Batticaloa,Yala,Carrot,2025,101.8,1649.62,Dry,Supported envelope,Dry Zone,Carrot,16.20451866404715
Batticaloa,Yala,Chilli,2025,47.4,421.41,Dry,Supported envelope,Dry Zone,Chillies (Green),8.890506329113926
Batticaloa,Yala,Chilli,2025,34.25,252.44,Dry,Supported envelope,Dry Zone,Chillies (Green),7.3705109489051095
Batticaloa,Yala,Chilli,2025,63.89,532.48,Dry,Supported envelope,Dry Zone,Chillies (Green),8.334324620441384
Batticaloa,Yala,Chilli,2025,46.06,345.27,Dry,Supported envelope,Dry Zone,Chillies (Green),7.496092053842813
Batticaloa,Yala,Cowpea,2025,29.62,228.28,Dry,Supported envelope,Dry Zone,Cowpea,7.706954760297096
Batticaloa,Yala,Groundnut,2025,50.65,387.51,Dry,Supported envelope,Dry Zone,Ground Nuts,7.650740375123396
Batticaloa,Yala,Red Onion,2025,46.29,390.5,Dry,Supported envelope,Dry Zone,Red Onion,8.435947288831281
Batticaloa,Yala,Red Onion,2025,42.96,354.98,Dry,Supported envelope,Dry Zone,Red Onion,8.263035381750466
Colombo,Maha,Carrot,2025,82.12,1119.46,Wet,Supported envelope,Wet Zone,Carrot,13.632001948368242
Colombo,Maha,Cassava,2025,124.66,2792.98,Wet,Supported envelope,Wet Zone,Manioc,22.404781004331785
Colombo,Maha,Chilli,2025,77.09,624.46,Wet,Supported envelope,Wet Zone,Chillies (Green),8.100402127383578
Colombo,Maha,Ginger,2025,91.56,1047.77,Wet,Supported envelope,Wet Zone,Ginger,11.443534294451725
Colombo,Maha,Sweet Potato,2025,73.32,1057.64,Wet,Supported envelope,Wet Zone,Sweet Potatoes,14.424986361156577
Colombo,Yala,Carrot,2025,67.64,1006.85,Wet,Supported envelope,Wet Zone,Carrot,14.885422826729746
Colombo,Yala,Turmeric,2025,81.34,751.24,Wet,Supported envelope,Wet Zone,Turmeric,9.235800344234079
Galle,Maha,Carrot,2025,47.42,776.23,Wet,Supported envelope,Wet Zone,Carrot,16.369253479544497
Galle,Maha,Carrot,2025,77.31,1142.14,Wet,Supported envelope,Wet Zone,Carrot,14.773509248480146
Galle,Maha,Carrot,2025,80.14,1090.16,Wet,Supported envelope,Wet Zone,Carrot,13.603194409782882
Galle,Maha,Chilli,2025,43.74,281.99,Wet,Supported envelope,Wet Zone,Chillies (Green),6.446959304983996
Galle,Maha,Chilli,2025,44.02,322.35,Wet,Supported envelope,Wet Zone,Chillies (Green),7.322807814629714
Galle,Maha,Ginger,2025,31.62,353.12,Wet,Supported envelope,Wet Zone,Ginger,11.167615433270083
Galle,Maha,Pepper,2025,22.46,113.11,Wet,Supported envelope,Wet Zone,Pepper,5.03606411398041
Galle,Maha,Pepper,2025,39.63,176.59,Wet,Supported envelope,Wet Zone,Pepper,4.455967701236437
Galle,Yala,Carrot,2025,67.81,932.07,Wet,Supported envelope,Wet Zone,Carrot,13.745317799734552
Galle,Yala,Carrot,2025,61.95,983.03,Wet,Supported envelope,Wet Zone,Carrot,15.868119451170298
Galle,Yala,Carrot,2025,72.99,1045.4,Wet,Supported envelope,Wet Zone,Carrot,14.322509932867519
Galle,Yala,Chilli,2025,40.67,349.96,Wet,Supported envelope,Wet Zone,Chillies (Green),8.604868453405457
Galle,Yala,Chilli,2025,37.05,218.14,Wet,Supported envelope,Wet Zone,Chillies (Green),5.887719298245614
Galle,Yala,Chilli,2025,36.63,326.8,Wet,Supported envelope,Wet Zone,Chillies (Green),8.921648921648922
Galle,Yala,Red Onion,2025,33.59,364.95,Wet,Supported envelope,Wet Zone,Red Onion,10.864840726406667
Galle,Yala,Sweet Potato,2025,60.92,739.99,Wet,Supported envelope,Wet Zone,Sweet Potatoes,12.146913985554825
Galle,Yala,Turmeric,2025,42.49,366.74,Wet,Supported envelope,Wet Zone,Turmeric,8.631207342904213
Gampaha,Maha,Carrot,2025,113.25,1687.65,Wet,Supported envelope,Wet Zone,Carrot,14.901986754966888
Gampaha,Maha,Carrot,2025,78.3,1233.92,Wet,Supported envelope,Wet Zone,Carrot,15.75887611749681
Gampaha,Maha,Carrot,2025,144.68,2157.1,Wet,Supported envelope,Wet Zone,Carrot,14.90945534973735
Gampaha,Maha,Chilli,2025,81.51,594.37,Wet,Supported envelope,Wet Zone,Chillies (Green),7.291988713041344
Gampaha,Maha,Chilli,2025,135.13,774.58,Wet,Supported envelope,Wet Zone,Chillies (Green),5.732109820173167
Gampaha,Maha,Chilli,2025,72.77,559.32,Wet,Supported envelope,Wet Zone,Chillies (Green),7.686134396042326
Gampaha,Maha,Chilli,2025,105.04,811.82,Wet,Supported envelope,Wet Zone,Chillies (Green),7.728674790555979
Gampaha,Maha,Pineapple,2025,225.71,4249.24,Wet,Supported envelope,Wet Zone,Pineapple,18.82610429311949
Gampaha,Maha,Turmeric,2025,108.95,1286.7,Wet,Supported envelope,Wet Zone,Turmeric,11.81000458926113
Gampaha,Yala,Cassava,2025,255.72,5163.66,Wet,Supported envelope,Wet Zone,Manioc,20.192632566870014
Gampaha,Yala,Chilli,2025,104.39,784.14,Wet,Supported envelope,Wet Zone,Chillies (Green),7.511639045885621
Gampaha,Yala,Cowpea,2025,57.31,434.39,Wet,Supported envelope,Wet Zone,Cowpea,7.5796545105566215
Gampaha,Yala,Cowpea,2025,76.78,550.83,Wet,Supported envelope,Wet Zone,Cowpea,7.174133889033603
Gampaha,Yala,Maize,2025,81.1,1579.61,Wet,Supported envelope,Wet Zone,Maize,19.47731196054254
Hambantota,Maha,Big Onion,2025,81.96,1115.15,Dry/Intermediate,Supported envelope,Dry Zone,Big Onion,13.606027330405079
Hambantota,Maha,Carrot,2025,76.37,1272.49,Dry/Intermediate,Supported envelope,Dry Zone,Carrot,16.662171009558726
Hambantota,Maha,Carrot,2025,92.5,1707.02,Dry/Intermediate,Supported envelope,Dry Zone,Carrot,18.45427027027027
Hambantota,Maha,Carrot,2025,139.09,2245.91,Dry/Intermediate,Supported envelope,Dry Zone,Carrot,16.147170896541805
Hambantota,Maha,Chilli,2025,67.58,462.18,Dry/Intermediate,Supported envelope,Dry Zone,Chillies (Green),6.839005622965375
Hambantota,Maha,Chilli,2025,64.98,459.61,Dry/Intermediate,Supported envelope,Dry Zone,Chillies (Green),7.073099415204678
Hambantota,Maha,Cowpea,2025,71.43,526.28,Dry/Intermediate,Supported envelope,Dry Zone,Cowpea,7.367772644547108
Hambantota,Maha,Cowpea,2025,69.24,491.74,Dry/Intermediate,Supported envelope,Dry Zone,Cowpea,7.101964182553438
Hambantota,Maha,Ginger,2025,75.24,899.98,Dry/Intermediate,Supported envelope,Dry Zone,Ginger,11.961456671982988
Hambantota,Maha,Groundnut,2025,55.81,604.9,Dry/Intermediate,Supported envelope,Dry Zone,Ground Nuts,10.838559397957354
Hambantota,Maha,Groundnut,2025,66.68,609.51,Dry/Intermediate,Supported envelope,Dry Zone,Ground Nuts,9.140821835632872
Hambantota,Maha,Red Onion,2025,77.14,802.51,Dry/Intermediate,Supported envelope,Dry Zone,Red Onion,10.403292714544984
Hambantota,Maha,Sweet Potato,2025,61.83,762.25,Dry/Intermediate,Supported envelope,Dry Zone,Sweet Potatoes,12.32815785217532
Hambantota,Yala,Carrot,2025,137.47,2401.05,Dry/Intermediate,Supported envelope,Dry Zone,Carrot,17.465992580199316
Hambantota,Yala,Chilli,2025,94.74,642.46,Dry/Intermediate,Supported envelope,Dry Zone,Chillies (Green),6.781296179016255
Hambantota,Yala,Chilli,2025,128.06,861.13,Dry/Intermediate,Supported envelope,Dry Zone,Chillies (Green),6.724426050288927
Hambantota,Yala,Ginger,2025,63.86,628.52,Dry/Intermediate,Supported envelope,Dry Zone,Ginger,9.84215471343564
Hambantota,Yala,Green Gram,2025,67.88,493.19,Dry/Intermediate,Supported envelope,Dry Zone,Green Gram,7.265615792575133
Hambantota,Yala,Potato,2025,123.59,3184.47,Dry/Intermediate,Supported envelope,Dry Zone,Potatoes,25.76640504895218
Jaffna,Maha,Big Onion,2025,108.87,1286.76,Dry,Supported envelope,Dry Zone,Big Onion,11.819233948746211
Jaffna,Maha,Big Onion,2025,139.82,1439.21,Dry,Supported envelope,Dry Zone,Big Onion,10.293305678729796
Jaffna,Maha,Big Onion,2025,164.13,1625.53,Dry,Supported envelope,Dry Zone,Big Onion,9.903917626271857
Jaffna,Maha,Carrot,2025,110.31,1692.05,Dry,Supported envelope,Dry Zone,Carrot,15.33904451092376
Jaffna,Maha,Carrot,2025,117.21,1892.0,Dry,Supported envelope,Dry Zone,Carrot,16.141967408924152
Jaffna,Maha,Carrot,2025,110.94,1463.65,Dry,Supported envelope,Dry Zone,Carrot,13.193167477915992
Jaffna,Maha,Chilli,2025,77.25,654.75,Dry,Supported envelope,Dry Zone,Chillies (Green),8.475728155339805
Jaffna,Maha,Chilli,2025,88.69,618.04,Dry,Supported envelope,Dry Zone,Chillies (Green),6.968542112977787
Jaffna,Maha,Chilli,2025,52.34,418.61,Dry,Supported envelope,Dry Zone,Chillies (Green),7.997898356897211
Jaffna,Maha,Chilli,2025,54.06,456.36,Dry,Supported envelope,Dry Zone,Chillies (Green),8.44173140954495
Jaffna,Maha,Chilli,2025,68.17,582.25,Dry,Supported envelope,Dry Zone,Chillies (Green),8.541147132169575
Jaffna,Maha,Maize,2025,115.05,1555.48,Dry,Supported envelope,Dry Zone,Maize,13.520034767492396
Jaffna,Maha,Red Onion,2025,147.85,1432.9,Dry,Supported envelope,Dry Zone,Red Onion,9.69157930334799
Jaffna,Maha,Turmeric,2025,68.47,639.97,Dry,Supported envelope,Dry Zone,Turmeric,9.346721191762816
Jaffna,Yala,Carrot,2025,119.53,1502.68,Dry,Supported envelope,Dry Zone,Carrot,12.571571990295324
Jaffna,Yala,Carrot,2025,108.35,1115.79,Dry,Supported envelope,Dry Zone,Carrot,10.298015689893862
Jaffna,Yala,Carrot,2025,87.48,1456.4,Dry,Supported envelope,Dry Zone,Carrot,16.64837677183356
Jaffna,Yala,Carrot,2025,74.44,1155.33,Dry,Supported envelope,Dry Zone,Carrot,15.520284793121977
Jaffna,Yala,Carrot,2025,105.93,1609.95,Dry,Supported envelope,Dry Zone,Carrot,15.198244123477767
Jaffna,Yala,Ginger,2025,69.53,798.25,Dry,Supported envelope,Dry Zone,Ginger,11.480655832014957
Jaffna,Yala,Groundnut,2025,54.37,520.67,Dry,Supported envelope,Dry Zone,Ground Nuts,9.576420820305316
Jaffna,Yala,Groundnut,2025,81.02,813.64,Dry,Supported envelope,Dry Zone,Ground Nuts,10.042458652184646
Jaffna,Yala,Maize,2025,223.14,3336.05,Dry,Supported envelope,Dry Zone,Maize,14.95047951958412
Jaffna,Yala,Red Onion,2025,140.86,1218.5,Dry,Supported envelope,Dry Zone,Red Onion,8.650433054096265
Jaffna,Yala,Turmeric,2025,56.57,599.79,Dry,Supported envelope,Dry Zone,Turmeric,10.602616227682516
Jaffna,Yala,Turmeric,2025,80.71,862.43,Dry,Supported envelope,Dry Zone,Turmeric,10.685540825176558
Kalutara,Maha,Carrot,2025,152.03,2079.95,Wet,Supported envelope,Wet Zone,Carrot,13.681181345787014
Kalutara,Maha,Carrot,2025,112.14,2055.09,Wet,Supported envelope,Wet Zone,Carrot,18.326110219368648
Kalutara,Maha,Carrot,2025,122.49,1959.47,Wet,Supported envelope,Wet Zone,Carrot,15.996979345252674
Kalutara,Maha,Cassava,2025,231.17,5236.23,Wet,Supported envelope,Wet Zone,Manioc,22.65099277587922
Kalutara,Maha,Chilli,2025,61.71,449.53,Wet,Supported envelope,Wet Zone,Chillies (Green),7.284556797925782
Kalutara,Maha,Chilli,2025,108.85,810.8,Wet,Supported envelope,Wet Zone,Chillies (Green),7.448782728525494
Kalutara,Maha,Chilli,2025,96.53,987.48,Wet,Supported envelope,Wet Zone,Chillies (Green),10.229773127525121
Kalutara,Maha,Chilli,2025,91.58,861.01,Wet,Supported envelope,Wet Zone,Chillies (Green),9.401725267525661
Kalutara,Maha,Turmeric,2025,66.71,786.48,Wet,Supported envelope,Wet Zone,Turmeric,11.7895368010793
Kalutara,Maha,Turmeric,2025,75.89,690.15,Wet,Supported envelope,Wet Zone,Turmeric,9.094083541968638
Kalutara,Yala,Carrot,2025,152.06,2307.27,Wet,Supported envelope,Wet Zone,Carrot,15.173418387478627
Kalutara,Yala,Carrot,2025,70.35,1025.34,Wet,Supported envelope,Wet Zone,Carrot,14.574840085287846
Kalutara,Yala,Carrot,2025,72.82,1285.92,Wet,Supported envelope,Wet Zone,Carrot,17.658884921724802
Kalutara,Yala,Chilli,2025,61.18,480.31,Wet,Supported envelope,Wet Zone,Chillies (Green),7.850768224910102
Kalutara,Yala,Chilli,2025,46.44,385.86,Wet,Supported envelope,Wet Zone,Chillies (Green),8.308785529715763
Kalutara,Yala,Chilli,2025,51.57,387.96,Wet,Supported envelope,Wet Zone,Chillies (Green),7.522978475858056
Kalutara,Yala,Cinnamon,2025,59.98,250.46,Wet,Supported envelope,Wet Zone,Cinnamon,4.17572524174725
Kalutara,Yala,Cinnamon,2025,61.13,280.33,Wet,Supported envelope,Wet Zone,Cinnamon,4.585800752494683
Kalutara,Yala,Cinnamon,2025,60.93,237.29,Wet,Supported envelope,Wet Zone,Cinnamon,3.8944690628590184
Kalutara,Yala,Potato,2025,113.75,1928.29,Wet,Supported envelope,Wet Zone,Potatoes,16.951999999999998
Kalutara,Yala,Tea,2025,225.82,6233.2,Wet,Supported envelope,Wet Zone,Tea,27.60251527765477
Kalutara,Yala,Tea,2025,194.77,3993.49,Wet,Supported envelope,Wet Zone,Tea,20.50361965395081
Kalutara,Yala,Tea,2025,122.76,3199.12,Wet,Supported envelope,Wet Zone,Tea,26.059954382535025
Kandy,Maha,Beans,2025,121.01,1207.87,Up-country Wet/Intermediate,Supported envelope,Up Country Wet Zone,Beans,9.98157177092802
Kandy,Maha,Big Onion,2025,105.93,1109.98,Up-country Wet/Intermediate,Supported envelope,Up Country Wet Zone,Big Onion,10.478429151326347
Kandy,Maha,Big Onion,2025,105.84,1150.13,Up-country Wet/Intermediate,Supported envelope,Up Country Wet Zone,Big Onion,10.866685563114135
Kandy,Maha,Cabbage,2025,186.02,2621.39,Up-country Wet/Intermediate,Supported envelope,Up Country Wet Zone,Cabbage,14.09197935705838
Kandy,Maha,Carrot,2025,125.66,2095.37,Up-country Wet/Intermediate,Supported envelope,Up Country Wet Zone,Carrot,16.674916441190515
Kandy,Maha,Carrot,2025,117.33,1691.56,Up-country Wet/Intermediate,Supported envelope,Up Country Wet Zone,Carrot,14.4171141225603
Kandy,Maha,Carrot,2025,134.62,2267.89,Up-country Wet/Intermediate,Supported envelope,Up Country Wet Zone,Carrot,16.846605259248253
Kandy,Maha,Carrot,2025,101.51,1664.48,Up-country Wet/Intermediate,Supported envelope,Up Country Wet Zone,Carrot,16.397202246084127
Kandy,Maha,Cassava,2025,256.59,4739.71,Up-country Wet/Intermediate,Supported envelope,Up Country Wet Zone,Manioc,18.471920183951053
Kandy,Maha,Cassava,2025,159.08,3566.55,Up-country Wet/Intermediate,Supported envelope,Up Country Wet Zone,Manioc,22.419851646970077
Kandy,Maha,Chilli,2025,65.37,542.87,Up-country Wet/Intermediate,Supported envelope,Up Country Wet Zone,Chillies (Green),8.304573963591862
Kandy,Maha,Chilli,2025,68.21,523.78,Up-country Wet/Intermediate,Supported envelope,Up Country Wet Zone,Chillies (Green),7.678932707814104
Kandy,Maha,Groundnut,2025,94.69,915.94,Up-country Wet/Intermediate,Supported envelope,Up Country Wet Zone,Ground Nuts,9.673038335621502
Kandy,Maha,Leeks,2025,130.53,1591.55,Up-country Wet/Intermediate,Supported envelope,Up Country Wet Zone,Leeks,12.192982456140351
Kandy,Maha,Leeks,2025,130.41,1626.03,Up-country Wet/Intermediate,Supported envelope,Up Country Wet Zone,Leeks,12.468599033816425
Kandy,Maha,Pepper,2025,44.63,256.26,Up-country Wet/Intermediate,Supported envelope,Up Country Wet Zone,Pepper,5.7418776607663
Kandy,Maha,Potato,2025,106.46,2046.7,Up-country Wet/Intermediate,Supported envelope,Up Country Wet Zone,Potatoes,19.225061055795607
Kandy,Maha,Red Onion,2025,60.81,711.0,Up-country Wet/Intermediate,Supported envelope,Up Country Wet Zone,Red Onion,11.692155895411938
Kandy,Maha,Red Onion,2025,71.92,874.79,Up-country Wet/Intermediate,Supported envelope,Up Country Wet Zone,Red Onion,12.16337597330367
Kandy,Maha,Sweet Potato,2025,126.68,1533.03,Up-country Wet/Intermediate,Supported envelope,Up Country Wet Zone,Sweet Potatoes,12.101594568992736
Kandy,Yala,Beans,2025,83.42,649.97,Up-country Wet/Intermediate,Supported envelope,Up Country Wet Zone,Beans,7.791536801726205
Kandy,Yala,Cabbage,2025,109.66,1895.68,Up-country Wet/Intermediate,Supported envelope,Up Country Wet Zone,Cabbage,17.28688674083531
Kandy,Yala,Carrot,2025,132.35,2289.58,Up-country Wet/Intermediate,Supported envelope,Up Country Wet Zone,Carrot,17.299433320740462
Kandy,Yala,Chilli,2025,48.41,358.25,Up-country Wet/Intermediate,Supported envelope,Up Country Wet Zone,Chillies (Green),7.40033051022516
Kandy,Yala,Chilli,2025,91.16,688.05,Up-country Wet/Intermediate,Supported envelope,Up Country Wet Zone,Chillies (Green),7.5477182974989026
Kandy,Yala,Chilli,2025,60.02,385.82,Up-country Wet/Intermediate,Supported envelope,Up Country Wet Zone,Chillies (Green),6.428190603132289
Kandy,Yala,Ginger,2025,48.61,472.73,Up-country Wet/Intermediate,Supported envelope,Up Country Wet Zone,Ginger,9.724953713227732
Kandy,Yala,Leeks,2025,115.19,1331.47,Up-country Wet/Intermediate,Supported envelope,Up Country Wet Zone,Leeks,11.558902682524526
Kandy,Yala,Leeks,2025,111.67,1314.37,Up-country Wet/Intermediate,Supported envelope,Up Country Wet Zone,Leeks,11.770126264887613
Kandy,Yala,Leeks,2025,103.12,1142.49,Up-country Wet/Intermediate,Supported envelope,Up Country Wet Zone,Leeks,11.07922808378588
Kandy,Yala,Sweet Potato,2025,145.41,2277.64,Up-country Wet/Intermediate,Supported envelope,Up Country Wet Zone,Sweet Potatoes,15.66357196891548
Kandy,Yala,Tea,2025,166.25,4118.38,Up-country Wet/Intermediate,Supported envelope,Up Country Wet Zone,Tea,24.77221052631579
Kandy,Yala,Turmeric,2025,60.05,695.48,Up-country Wet/Intermediate,Supported envelope,Up Country Wet Zone,Turmeric,11.581681931723564
Kegalle,Maha,Beans,2025,56.85,648.29,Wet/Intermediate,Supported envelope,Wet Zone,Beans,11.403518029903253
Kegalle,Maha,Beans,2025,88.99,975.29,Wet/Intermediate,Supported envelope,Wet Zone,Beans,10.959546016406337
Kegalle,Maha,Beans,2025,70.88,718.73,Wet/Intermediate,Supported envelope,Wet Zone,Beans,10.140095936794584
Kegalle,Maha,Beans,2025,51.97,464.04,Wet/Intermediate,Supported envelope,Wet Zone,Beans,8.92899749855686
Kegalle,Maha,Beans,2025,71.35,657.52,Wet/Intermediate,Supported envelope,Wet Zone,Beans,9.21541695865452
Kegalle,Maha,Carrot,2025,81.61,1233.24,Wet/Intermediate,Supported envelope,Wet Zone,Carrot,15.11138340889597
Kegalle,Maha,Carrot,2025,85.71,1118.73,Wet/Intermediate,Supported envelope,Wet Zone,Carrot,13.052502625131257
Kegalle,Maha,Cassava,2025,123.68,3004.38,Wet/Intermediate,Supported envelope,Wet Zone,Manioc,24.291558861578267
Kegalle,Maha,Cassava,2025,126.53,3202.94,Wet/Intermediate,Supported envelope,Wet Zone,Manioc,25.31368055006718
Kegalle,Maha,Cassava,2025,249.89,5435.28,Wet/Intermediate,Supported envelope,Wet Zone,Manioc,21.75069030373364
Kegalle,Maha,Chilli,2025,74.68,659.25,Wet/Intermediate,Supported envelope,Wet Zone,Chillies (Green),8.827664702731655
Kegalle,Maha,Chilli,2025,73.95,661.07,Wet/Intermediate,Supported envelope,Wet Zone,Chillies (Green),8.939418526031103
Kegalle,Maha,Cinnamon,2025,44.99,186.49,Wet/Intermediate,Supported envelope,Wet Zone,Cinnamon,4.145143365192265
Kegalle,Maha,Cinnamon,2025,38.05,180.59,Wet/Intermediate,Supported envelope,Wet Zone,Cinnamon,4.746123521681998
Kegalle,Maha,Ginger,2025,96.47,1002.81,Wet/Intermediate,Supported envelope,Wet Zone,Ginger,10.395045091738364
Kegalle,Maha,Turmeric,2025,80.23,997.67,Wet/Intermediate,Supported envelope,Wet Zone,Turmeric,12.435124018446963
Kegalle,Maha,Turmeric,2025,46.2,497.72,Wet/Intermediate,Supported envelope,Wet Zone,Turmeric,10.773160173160173
Kegalle,Yala,Beans,2025,75.19,681.89,Wet/Intermediate,Supported envelope,Wet Zone,Beans,9.068892139912222
Kegalle,Yala,Beans,2025,92.5,1117.86,Wet/Intermediate,Supported envelope,Wet Zone,Beans,12.084972972972972
Kegalle,Yala,Beans,2025,93.07,864.94,Wet/Intermediate,Supported envelope,Wet Zone,Beans,9.293435048887934
Kegalle,Yala,Carrot,2025,107.05,1563.83,Wet/Intermediate,Supported envelope,Wet Zone,Carrot,14.608407286314806
Kegalle,Yala,Chilli,2025,59.04,445.77,Wet/Intermediate,Supported envelope,Wet Zone,Chillies (Green),7.55030487804878
Kegalle,Yala,Chilli,2025,51.15,432.53,Wet/Intermediate,Supported envelope,Wet Zone,Chillies (Green),8.456109481915933
Kegalle,Yala,Cinnamon,2025,26.65,123.35,Wet/Intermediate,Supported envelope,Wet Zone,Cinnamon,4.628517823639775
Kegalle,Yala,Pepper,2025,43.05,214.65,Wet/Intermediate,Supported envelope,Wet Zone,Pepper,4.986062717770035
Kegalle,Yala,Pineapple,2025,125.99,2575.51,Wet/Intermediate,Supported envelope,Wet Zone,Pineapple,20.442177950631006
Kegalle,Yala,Potato,2025,118.06,2287.6,Wet/Intermediate,Supported envelope,Wet Zone,Potatoes,19.37658817550398
Kegalle,Yala,Tea,2025,155.69,3569.53,Wet/Intermediate,Supported envelope,Wet Zone,Tea,22.92716295202004
Kilinochchi,Maha,Big Onion,2025,61.66,640.49,Dry,Supported envelope,Dry Zone,Big Onion,10.387447291599093
Kilinochchi,Maha,Carrot,2025,47.4,777.61,Dry,Supported envelope,Dry Zone,Carrot,16.405274261603378
Kilinochchi,Maha,Carrot,2025,94.51,1306.26,Dry,Supported envelope,Dry Zone,Carrot,13.821394561422071
Kilinochchi,Maha,Carrot,2025,95.83,1717.99,Dry,Supported envelope,Dry Zone,Carrot,17.92747573828655
Kilinochchi,Maha,Cowpea,2025,63.76,469.52,Dry,Supported envelope,Dry Zone,Cowpea,7.363864491844416
Kilinochchi,Maha,Ginger,2025,55.65,613.63,Dry,Supported envelope,Dry Zone,Ginger,11.02659478885894
Kilinochchi,Maha,Ginger,2025,59.19,739.78,Dry,Supported envelope,Dry Zone,Ginger,12.498394999155263
Kilinochchi,Maha,Potato,2025,105.47,2323.05,Dry,Supported envelope,Dry Zone,Potatoes,22.025694510287288
Kilinochchi,Maha,Potato,2025,76.17,1531.04,Dry,Supported envelope,Dry Zone,Potatoes,20.100301956150716
Kilinochchi,Maha,Red Onion,2025,56.05,470.26,Dry,Supported envelope,Dry Zone,Red Onion,8.3900089206066
Kilinochchi,Maha,Red Onion,2025,100.5,1034.93,Dry,Supported envelope,Dry Zone,Red Onion,10.297810945273632
Kilinochchi,Maha,Red Onion,2025,94.84,992.02,Dry,Supported envelope,Dry Zone,Red Onion,10.459932517924926
Kilinochchi,Maha,Sweet Potato,2025,66.98,882.23,Dry,Supported envelope,Dry Zone,Sweet Potatoes,13.171543744401314
Kilinochchi,Yala,Cassava,2025,129.11,3045.38,Dry,Supported envelope,Dry Zone,Manioc,23.587483541166446
Kilinochchi,Yala,Chilli,2025,71.31,582.04,Dry,Supported envelope,Dry Zone,Chillies (Green),8.162109101107838
Kilinochchi,Yala,Chilli,2025,45.63,443.39,Dry,Supported envelope,Dry Zone,Chillies (Green),9.717072101687485
Kilinochchi,Yala,Chilli,2025,33.89,270.89,Dry,Supported envelope,Dry Zone,Chillies (Green),7.99321333726763
Kilinochchi,Yala,Chilli,2025,41.7,308.85,Dry,Supported envelope,Dry Zone,Chillies (Green),7.406474820143885
Kilinochchi,Yala,Green Gram,2025,43.27,365.53,Dry,Supported envelope,Dry Zone,Green Gram,8.447654263924196
Kilinochchi,Yala,Maize,2025,87.35,1210.59,Dry,Supported envelope,Dry Zone,Maize,13.859072696050372
Kilinochchi,Yala,Turmeric,2025,61.48,661.68,Dry,Supported envelope,Dry Zone,Turmeric,10.76252439817827
Kurunegala,Maha,Big Onion,2025,57.37,659.78,Intermediate/Dry,Supported envelope,Intermediate Zone,Big Onion,11.500435767822903
Kurunegala,Maha,Carrot,2025,141.59,2012.47,Intermediate/Dry,Supported envelope,Intermediate Zone,Carrot,14.21336252560209
Kurunegala,Maha,Chilli,2025,63.44,476.64,Intermediate/Dry,Supported envelope,Intermediate Zone,Chillies (Green),7.513240857503153
Kurunegala,Maha,Chilli,2025,84.92,688.31,Intermediate/Dry,Supported envelope,Intermediate Zone,Chillies (Green),8.10539331135186
Kurunegala,Maha,Chilli,2025,76.42,493.24,Intermediate/Dry,Supported envelope,Intermediate Zone,Chillies (Green),6.454331326877781
Kurunegala,Maha,Chilli,2025,53.73,308.95,Intermediate/Dry,Supported envelope,Intermediate Zone,Chillies (Green),5.750046528941001
Kurunegala,Maha,Chilli,2025,76.53,587.78,Intermediate/Dry,Supported envelope,Intermediate Zone,Chillies (Green),7.680386776427544
Kurunegala,Maha,Chilli,2025,55.53,424.75,Intermediate/Dry,Supported envelope,Intermediate Zone,Chillies (Green),7.649018548532324
Kurunegala,Maha,Chilli,2025,60.94,520.6,Intermediate/Dry,Supported envelope,Intermediate Zone,Chillies (Green),8.542829012143093
Kurunegala,Maha,Cowpea,2025,58.03,465.05,Intermediate/Dry,Supported envelope,Intermediate Zone,Cowpea,8.013958297432362
Kurunegala,Maha,Ginger,2025,101.98,1080.09,Intermediate/Dry,Supported envelope,Intermediate Zone,Ginger,10.59119435183369
Kurunegala,Maha,Groundnut,2025,64.51,703.99,Intermediate/Dry,Supported envelope,Intermediate Zone,Ground Nuts,10.912881723763757
Kurunegala,Maha,Groundnut,2025,87.81,762.58,Intermediate/Dry,Supported envelope,Intermediate Zone,Ground Nuts,8.684432297004896
Kurunegala,Maha,Pineapple,2025,130.03,3542.73,Intermediate/Dry,Supported envelope,Intermediate Zone,Pineapple,27.245481811889565
Kurunegala,Maha,Potato,2025,110.56,2192.95,Intermediate/Dry,Supported envelope,Intermediate Zone,Potatoes,19.83493125904486
Kurunegala,Maha,Sweet Potato,2025,129.45,1626.45,Intermediate/Dry,Supported envelope,Intermediate Zone,Sweet Potatoes,12.564310544611821
Kurunegala,Maha,Turmeric,2025,61.37,723.8,Intermediate/Dry,Supported envelope,Intermediate Zone,Turmeric,11.794036174026397
Kurunegala,Yala,Big Onion,2025,82.57,903.14,Intermediate/Dry,Supported envelope,Intermediate Zone,Big Onion,10.937870897420371
Kurunegala,Yala,Carrot,2025,101.2,1900.39,Intermediate/Dry,Supported envelope,Intermediate Zone,Carrot,18.778557312252964
Kurunegala,Yala,Cassava,2025,144.95,3595.62,Intermediate/Dry,Supported envelope,Intermediate Zone,Manioc,24.805933080372544
Kurunegala,Yala,Chilli,2025,88.6,723.56,Intermediate/Dry,Supported envelope,Intermediate Zone,Chillies (Green),8.166591422121897
Kurunegala,Yala,Chilli,2025,51.75,377.63,Intermediate/Dry,Supported envelope,Intermediate Zone,Chillies (Green),7.29719806763285
Kurunegala,Yala,Ginger,2025,101.28,972.11,Intermediate/Dry,Supported envelope,Intermediate Zone,Ginger,9.598242496050553
Kurunegala,Yala,Ginger,2025,99.15,903.08,Intermediate/Dry,Supported envelope,Intermediate Zone,Ginger,9.108219868885527
Kurunegala,Yala,Pineapple,2025,108.08,2528.77,Intermediate/Dry,Supported envelope,Intermediate Zone,Pineapple,23.39720577350111
Kurunegala,Yala,Potato,2025,114.94,2086.61,Intermediate/Dry,Supported envelope,Intermediate Zone,Potatoes,18.15390638594049
Kurunegala,Yala,Potato,2025,147.83,2756.37,Intermediate/Dry,Supported envelope,Intermediate Zone,Potatoes,18.64553879456132
Kurunegala,Yala,Sweet Potato,2025,70.23,1168.83,Intermediate/Dry,Supported envelope,Intermediate Zone,Sweet Potatoes,16.642887654848355
Mannar,Maha,Big Onion,2025,90.23,897.03,Dry,Supported envelope,Dry Zone,Big Onion,9.941593704976171
Mannar,Maha,Big Onion,2025,101.19,1216.8,Dry,Supported envelope,Dry Zone,Big Onion,12.024903646605395
Mannar,Maha,Big Onion,2025,120.0,1038.74,Dry,Supported envelope,Dry Zone,Big Onion,8.656166666666667
Mannar,Maha,Big Onion,2025,85.81,866.05,Dry,Supported envelope,Dry Zone,Big Onion,10.09264654469176
Mannar,Maha,Carrot,2025,119.69,1872.32,Dry,Supported envelope,Dry Zone,Carrot,15.643077951374384
Mannar,Maha,Carrot,2025,170.52,2748.37,Dry,Supported envelope,Dry Zone,Carrot,16.117581515364765
Mannar,Maha,Carrot,2025,173.06,2997.6,Dry,Supported envelope,Dry Zone,Carrot,17.321160291228473
Mannar,Maha,Cassava,2025,227.45,4461.86,Dry,Supported envelope,Dry Zone,Manioc,19.616882831391514
Mannar,Maha,Chilli,2025,70.3,582.61,Dry,Supported envelope,Dry Zone,Chillies (Green),8.287482219061166
Mannar,Maha,Cowpea,2025,71.33,575.65,Dry,Supported envelope,Dry Zone,Cowpea,8.070236926959204
Mannar,Maha,Potato,2025,136.58,2327.72,Dry,Supported envelope,Dry Zone,Potatoes,17.042905256992235
Mannar,Maha,Sweet Potato,2025,126.38,1817.02,Dry,Supported envelope,Dry Zone,Sweet Potatoes,14.377433138154771
Mannar,Yala,Carrot,2025,95.89,1643.09,Dry,Supported envelope,Dry Zone,Carrot,17.13515486494942
Mannar,Yala,Carrot,2025,115.47,1983.4,Dry,Supported envelope,Dry Zone,Carrot,17.176755867324847
Mannar,Yala,Carrot,2025,210.69,3143.41,Dry,Supported envelope,Dry Zone,Carrot,14.919597512933693
Mannar,Yala,Carrot,2025,82.91,1124.45,Dry,Supported envelope,Dry Zone,Carrot,13.562296466047522
Mannar,Yala,Carrot,2025,113.48,1676.9,Dry,Supported envelope,Dry Zone,Carrot,14.777053225237928
Mannar,Yala,Cassava,2025,197.66,5303.05,Dry,Supported envelope,Dry Zone,Manioc,26.82915106748963
Mannar,Yala,Chilli,2025,73.4,599.06,Dry,Supported envelope,Dry Zone,Chillies (Green),8.161580381471389
Mannar,Yala,Chilli,2025,55.41,490.88,Dry,Supported envelope,Dry Zone,Chillies (Green),8.859050712867713
Mannar,Yala,Chilli,2025,73.1,673.82,Dry,Supported envelope,Dry Zone,Chillies (Green),9.21778385772914
Mannar,Yala,Chilli,2025,55.77,342.67,Dry,Supported envelope,Dry Zone,Chillies (Green),6.144342836650529
Mannar,Yala,Chilli,2025,104.45,844.27,Dry,Supported envelope,Dry Zone,Chillies (Green),8.083006223073241
Mannar,Yala,Ginger,2025,142.62,1351.73,Dry,Supported envelope,Dry Zone,Ginger,9.477843219744775
Mannar,Yala,Groundnut,2025,118.13,1338.99,Dry,Supported envelope,Dry Zone,Ground Nuts,11.334885295860493
Mannar,Yala,Turmeric,2025,98.25,885.58,Dry,Supported envelope,Dry Zone,Turmeric,9.013536895674301
Matale,Maha,Beans,2025,48.97,555.52,Intermediate/Up-country,Supported envelope,Intermediate Zone,Beans,11.344088217275884
Matale,Maha,Beans,2025,65.38,555.78,Intermediate/Up-country,Supported envelope,Intermediate Zone,Beans,8.500764759865403
Matale,Maha,Big Onion,2025,91.28,812.28,Intermediate/Up-country,Supported envelope,Intermediate Zone,Big Onion,8.898773006134968
Matale,Maha,Cabbage,2025,64.89,992.64,Intermediate/Up-country,Supported envelope,Intermediate Zone,Cabbage,15.297272306981045
Matale,Maha,Carrot,2025,103.56,1628.54,Intermediate/Up-country,Supported envelope,Intermediate Zone,Carrot,15.725569718037852
Matale,Maha,Chilli,2025,64.61,530.61,Intermediate/Up-country,Supported envelope,Intermediate Zone,Chillies (Green),8.2125058040551
Matale,Maha,Chilli,2025,62.57,536.38,Intermediate/Up-country,Supported envelope,Intermediate Zone,Chillies (Green),8.572478823717436
Matale,Maha,Chilli,2025,51.36,447.28,Intermediate/Up-country,Supported envelope,Intermediate Zone,Chillies (Green),8.708722741433021
Matale,Maha,Chilli,2025,46.19,350.02,Intermediate/Up-country,Supported envelope,Intermediate Zone,Chillies (Green),7.57783069928556
Matale,Maha,Ginger,2025,66.49,846.22,Intermediate/Up-country,Supported envelope,Intermediate Zone,Ginger,12.727026620544445
Matale,Maha,Ginger,2025,60.84,611.77,Intermediate/Up-country,Supported envelope,Intermediate Zone,Ginger,10.055391190006574
Matale,Maha,Ginger,2025,81.24,1120.67,Intermediate/Up-country,Supported envelope,Intermediate Zone,Ginger,13.794559330379125
Matale,Maha,Leeks,2025,82.8,908.78,Intermediate/Up-country,Supported envelope,Intermediate Zone,Leeks,10.9756038647343
Matale,Maha,Potato,2025,98.98,1456.99,Intermediate/Up-country,Supported envelope,Intermediate Zone,Potatoes,14.720044453424935
Matale,Maha,Sweet Potato,2025,79.91,918.71,Intermediate/Up-country,Supported envelope,Intermediate Zone,Sweet Potatoes,11.496808910023777
Matale,Maha,Turmeric,2025,91.11,855.39,Intermediate/Up-country,Supported envelope,Intermediate Zone,Turmeric,9.388541323674678
Matale,Maha,Turmeric,2025,83.21,718.7,Intermediate/Up-country,Supported envelope,Intermediate Zone,Turmeric,8.637183030885712
Matale,Yala,Beans,2025,32.07,319.79,Intermediate/Up-country,Supported envelope,Intermediate Zone,Beans,9.97162457125039
Matale,Yala,Beans,2025,73.33,770.48,Intermediate/Up-country,Supported envelope,Intermediate Zone,Beans,10.507023046502114
Matale,Yala,Beans,2025,52.01,536.75,Intermediate/Up-country,Supported envelope,Intermediate Zone,Beans,10.320130744087676
Matale,Yala,Cabbage,2025,47.47,717.42,Intermediate/Up-country,Supported envelope,Intermediate Zone,Cabbage,15.113124078365283
Matale,Yala,Cabbage,2025,89.65,1285.54,Intermediate/Up-country,Supported envelope,Intermediate Zone,Cabbage,14.339542665923032
Matale,Yala,Carrot,2025,140.65,2206.13,Intermediate/Up-country,Supported envelope,Intermediate Zone,Carrot,15.685247067188056
Matale,Yala,Carrot,2025,72.93,1132.95,Intermediate/Up-country,Supported envelope,Intermediate Zone,Carrot,15.534759358288769
Matale,Yala,Chilli,2025,50.32,402.19,Intermediate/Up-country,Supported envelope,Intermediate Zone,Chillies (Green),7.992647058823529
Matale,Yala,Chilli,2025,41.1,296.95,Intermediate/Up-country,Supported envelope,Intermediate Zone,Chillies (Green),7.225060827250608
Matale,Yala,Chilli,2025,59.51,433.85,Intermediate/Up-country,Supported envelope,Intermediate Zone,Chillies (Green),7.290371366156949
Matale,Yala,Chilli,2025,57.41,397.93,Intermediate/Up-country,Supported envelope,Intermediate Zone,Chillies (Green),6.931370841316844
Matale,Yala,Chilli,2025,77.44,611.54,Intermediate/Up-country,Supported envelope,Intermediate Zone,Chillies (Green),7.896952479338843
Matale,Yala,Cowpea,2025,38.79,225.32,Intermediate/Up-country,Supported envelope,Intermediate Zone,Cowpea,5.808713585975767
Matale,Yala,Green Gram,2025,45.72,337.94,Intermediate/Up-country,Supported envelope,Intermediate Zone,Green Gram,7.391513560804899
Matale,Yala,Leeks,2025,63.81,700.67,Intermediate/Up-country,Supported envelope,Intermediate Zone,Leeks,10.980567309199184
Matale,Yala,Leeks,2025,46.13,606.89,Intermediate/Up-country,Supported envelope,Intermediate Zone,Leeks,13.15608064166486
Matale,Yala,Turmeric,2025,93.41,902.91,Intermediate/Up-country,Supported envelope,Intermediate Zone,Turmeric,9.66609570709774
Matara,Maha,Chilli,2025,83.46,671.73,Wet,Supported envelope,Wet Zone,Chillies (Green),8.048526240115025
Matara,Maha,Chilli,2025,69.17,569.3,Wet,Supported envelope,Wet Zone,Chillies (Green),8.230446725459013
Matara,Maha,Chilli,2025,56.82,430.81,Wet,Supported envelope,Wet Zone,Chillies (Green),7.582013375571981
Matara,Maha,Chilli,2025,51.12,378.35,Wet,Supported envelope,Wet Zone,Chillies (Green),7.401212832550861
Matara,Maha,Chilli,2025,114.09,834.58,Wet,Supported envelope,Wet Zone,Chillies (Green),7.31510211236743
Matara,Maha,Cowpea,2025,71.18,601.39,Wet,Supported envelope,Wet Zone,Cowpea,8.448862039898847
Matara,Maha,Ginger,2025,114.25,1267.09,Wet,Supported envelope,Wet Zone,Ginger,11.09050328227571
Matara,Maha,Ginger,2025,121.63,1452.93,Wet,Supported envelope,Wet Zone,Ginger,11.945490421770945
Matara,Maha,Green Gram,2025,89.51,588.32,Wet,Supported envelope,Wet Zone,Green Gram,6.572673444307899
Matara,Maha,Green Gram,2025,71.41,652.6,Wet,Supported envelope,Wet Zone,Green Gram,9.138776081781264
Matara,Maha,Sweet Potato,2025,115.48,1440.29,Wet,Supported envelope,Wet Zone,Sweet Potatoes,12.472202978870799
Matara,Maha,Tea,2025,142.08,2712.3,Wet,Supported envelope,Wet Zone,Tea,19.089949324324323
Matara,Yala,Cassava,2025,125.12,3058.01,Wet,Supported envelope,Wet Zone,Manioc,24.440617007672635
Matara,Yala,Cassava,2025,253.65,5340.6,Wet,Supported envelope,Wet Zone,Manioc,21.054997043169724
Matara,Yala,Chilli,2025,50.93,415.61,Wet,Supported envelope,Wet Zone,Chillies (Green),8.160416257608482
Matara,Yala,Chilli,2025,64.88,391.42,Wet,Supported envelope,Wet Zone,Chillies (Green),6.032983970406906
Matara,Yala,Cinnamon,2025,73.75,332.16,Wet,Supported envelope,Wet Zone,Cinnamon,4.503864406779662
Matara,Yala,Cowpea,2025,67.57,430.29,Wet,Supported envelope,Wet Zone,Cowpea,6.36806274974101
Matara,Yala,Turmeric,2025,94.74,1005.09,Wet,Supported envelope,Wet Zone,Turmeric,10.608929702343255
Mullaitivu,Maha,Carrot,2025,98.14,1165.01,Dry,Supported envelope,Dry Zone,Carrot,11.870898716119829
Mullaitivu,Maha,Cassava,2025,225.29,4446.52,Dry,Supported envelope,Dry Zone,Manioc,19.736872475476055
Mullaitivu,Maha,Cassava,2025,174.37,4359.84,Dry,Supported envelope,Dry Zone,Manioc,25.003383609565866
Mullaitivu,Maha,Chilli,2025,65.6,502.08,Dry,Supported envelope,Dry Zone,Chillies (Green),7.653658536585366
Mullaitivu,Maha,Cowpea,2025,68.74,434.31,Dry,Supported envelope,Dry Zone,Cowpea,6.318155368053535
Mullaitivu,Maha,Green Gram,2025,79.8,650.5,Dry,Supported envelope,Dry Zone,Green Gram,8.151629072681704
Mullaitivu,Maha,Potato,2025,123.68,2274.67,Dry,Supported envelope,Dry Zone,Potatoes,18.391575032341525
Mullaitivu,Maha,Potato,2025,169.14,3874.91,Dry,Supported envelope,Dry Zone,Potatoes,22.90948326829845
Mullaitivu,Maha,Potato,2025,202.9,3338.18,Dry,Supported envelope,Dry Zone,Potatoes,16.45234105470675
Mullaitivu,Maha,Red Onion,2025,129.18,1061.44,Dry,Supported envelope,Dry Zone,Red Onion,8.216751819167055
Mullaitivu,Maha,Turmeric,2025,103.52,999.01,Dry,Supported envelope,Dry Zone,Turmeric,9.6504057187017
Mullaitivu,Yala,Carrot,2025,97.16,1484.26,Dry,Supported envelope,Dry Zone,Carrot,15.27645121449156
Mullaitivu,Yala,Carrot,2025,119.61,2011.3,Dry,Supported envelope,Dry Zone,Carrot,16.815483655212773
Mullaitivu,Yala,Chilli,2025,63.85,478.96,Dry,Supported envelope,Dry Zone,Chillies (Green),7.501331245105716
Mullaitivu,Yala,Chilli,2025,54.56,451.28,Dry,Supported envelope,Dry Zone,Chillies (Green),8.271260997067447
Mullaitivu,Yala,Green Gram,2025,79.36,556.95,Dry,Supported envelope,Dry Zone,Green Gram,7.018019153225807
Mullaitivu,Yala,Red Onion,2025,84.27,830.31,Dry,Supported envelope,Dry Zone,Red Onion,9.852972588109647
Nuwara Eliya,Maha,Beans,2025,81.74,1001.97,Up-country Wet,Supported envelope,Up Country Wet Zone,Beans,12.258013212625398
Nuwara Eliya,Maha,Beans,2025,89.73,918.85,Up-country Wet,Supported envelope,Up Country Wet Zone,Beans,10.24016493926223
Nuwara Eliya,Maha,Beans,2025,87.59,646.5,Up-country Wet,Supported envelope,Up Country Wet Zone,Beans,7.380979563877155
Nuwara Eliya,Maha,Beans,2025,88.18,921.36,Up-country Wet,Supported envelope,Up Country Wet Zone,Beans,10.448627806758902
Nuwara Eliya,Maha,Cabbage,2025,85.27,1457.65,Up-country Wet,Supported envelope,Up Country Wet Zone,Cabbage,17.09452327899613
Nuwara Eliya,Maha,Carrot,2025,179.74,2594.93,Up-country Wet,Supported envelope,Up Country Wet Zone,Carrot,14.43713141203961
Nuwara Eliya,Maha,Carrot,2025,104.43,1468.41,Up-country Wet,Supported envelope,Up Country Wet Zone,Carrot,14.061189313415685
Nuwara Eliya,Maha,Carrot,2025,182.22,2808.84,Up-country Wet,Supported envelope,Up Country Wet Zone,Carrot,15.41455383602239
Nuwara Eliya,Maha,Carrot,2025,189.64,3394.48,Up-country Wet,Supported envelope,Up Country Wet Zone,Carrot,17.89959924066653
Nuwara Eliya,Maha,Carrot,2025,107.96,2073.5,Up-country Wet,Supported envelope,Up Country Wet Zone,Carrot,19.206187476843276
Nuwara Eliya,Maha,Cauliflower,2025,92.25,1081.83,Up-country Wet,Supported envelope,Up Country Wet Zone,Cauliflower,11.727154471544715
Nuwara Eliya,Maha,Cauliflower,2025,72.15,891.44,Up-country Wet,Supported envelope,Up Country Wet Zone,Cauliflower,12.355370755370755
Nuwara Eliya,Maha,Chilli,2025,77.77,571.7,Up-country Wet,Supported envelope,Up Country Wet Zone,Chillies (Green),7.351163687797352
Nuwara Eliya,Maha,Chilli,2025,45.57,342.7,Up-country Wet,Supported envelope,Up Country Wet Zone,Chillies (Green),7.5202984419574275
Nuwara Eliya,Maha,Maize,2025,92.35,1363.59,Up-country Wet,Supported envelope,Up Country Wet Zone,Maize,14.765457498646454
Nuwara Eliya,Maha,Pepper,2025,34.25,140.84,Up-country Wet,Supported envelope,Up Country Wet Zone,Pepper,4.112116788321168
Nuwara Eliya,Maha,Tea,2025,205.98,5150.53,Up-country Wet,Supported envelope,Up Country Wet Zone,Tea,25.00500048548403
Nuwara Eliya,Yala,Beans,2025,62.3,547.51,Up-country Wet,Supported envelope,Up Country Wet Zone,Beans,8.788282504012841
Nuwara Eliya,Yala,Beans,2025,97.44,782.2,Up-country Wet,Supported envelope,Up Country Wet Zone,Beans,8.027504105090312
Nuwara Eliya,Yala,Big Onion,2025,41.85,402.96,Up-country Wet,Supported envelope,Up Country Wet Zone,Big Onion,9.628673835125447
Nuwara Eliya,Yala,Carrot,2025,103.93,1743.15,Up-country Wet,Supported envelope,Up Country Wet Zone,Carrot,16.772346771865678
Nuwara Eliya,Yala,Carrot,2025,125.5,1548.42,Up-country Wet,Supported envelope,Up Country Wet Zone,Carrot,12.33800796812749
Nuwara Eliya,Yala,Carrot,2025,133.95,1734.99,Up-country Wet,Supported envelope,Up Country Wet Zone,Carrot,12.952519596864503
Nuwara Eliya,Yala,Carrot,2025,194.23,3379.28,Up-country Wet,Supported envelope,Up Country Wet Zone,Carrot,17.398342171652168
Nuwara Eliya,Yala,Cassava,2025,104.38,2581.69,Up-country Wet,Supported envelope,Up Country Wet Zone,Manioc,24.733569649358117
Nuwara Eliya,Yala,Cauliflower,2025,108.15,1242.8,Up-country Wet,Supported envelope,Up Country Wet Zone,Cauliflower,11.491447064262598
Nuwara Eliya,Yala,Chilli,2025,52.52,429.6,Up-country Wet,Supported envelope,Up Country Wet Zone,Chillies (Green),8.179741051028179
Nuwara Eliya,Yala,Leeks,2025,103.57,1332.75,Up-country Wet,Supported envelope,Up Country Wet Zone,Leeks,12.868108525634836
Nuwara Eliya,Yala,Leeks,2025,101.56,1065.85,Up-country Wet,Supported envelope,Up Country Wet Zone,Leeks,10.494781410003938
Polonnaruwa,Maha,Cassava,2025,230.79,3572.54,Dry,Supported envelope,Dry Zone,Manioc,15.479613501451537
Polonnaruwa,Maha,Chilli,2025,46.7,408.53,Dry,Supported envelope,Dry Zone,Chillies (Green),8.74796573875803
Polonnaruwa,Maha,Chilli,2025,79.13,601.75,Dry,Supported envelope,Dry Zone,Chillies (Green),7.604574750410717
Polonnaruwa,Maha,Ginger,2025,88.29,1008.76,Dry,Supported envelope,Dry Zone,Ginger,11.425529505040208
Polonnaruwa,Maha,Groundnut,2025,117.73,1341.32,Dry,Supported envelope,Dry Zone,Ground Nuts,11.393187802599167
Polonnaruwa,Maha,Maize,2025,118.23,2184.77,Dry,Supported envelope,Dry Zone,Maize,18.478981645944344
Polonnaruwa,Maha,Red Onion,2025,53.05,532.72,Dry,Supported envelope,Dry Zone,Red Onion,10.041847313854856
Polonnaruwa,Maha,Red Onion,2025,81.64,669.35,Dry,Supported envelope,Dry Zone,Red Onion,8.198799608035277
Polonnaruwa,Maha,Turmeric,2025,86.24,1040.43,Dry,Supported envelope,Dry Zone,Turmeric,12.064355287569574
Polonnaruwa,Yala,Carrot,2025,69.98,1174.46,Dry,Supported envelope,Dry Zone,Carrot,16.782795084309804
Polonnaruwa,Yala,Carrot,2025,142.5,2031.85,Dry,Supported envelope,Dry Zone,Carrot,14.258596491228069
Polonnaruwa,Yala,Cassava,2025,232.1,5147.97,Dry,Supported envelope,Dry Zone,Manioc,22.179965532098237
Polonnaruwa,Yala,Cassava,2025,172.38,3643.77,Dry,Supported envelope,Dry Zone,Manioc,21.138009049773757
Polonnaruwa,Yala,Chilli,2025,44.02,313.46,Dry,Supported envelope,Dry Zone,Chillies (Green),7.120854157201271
Polonnaruwa,Yala,Chilli,2025,74.05,568.94,Dry,Supported envelope,Dry Zone,Chillies (Green),7.683187035786632
Polonnaruwa,Yala,Chilli,2025,92.73,852.52,Dry,Supported envelope,Dry Zone,Chillies (Green),9.193572738056723
Polonnaruwa,Yala,Chilli,2025,75.11,551.0,Dry,Supported envelope,Dry Zone,Chillies (Green),7.335907335907336
Polonnaruwa,Yala,Chilli,2025,97.96,701.59,Dry,Supported envelope,Dry Zone,Chillies (Green),7.162004899959168
Polonnaruwa,Yala,Cowpea,2025,37.46,303.0,Dry,Supported envelope,Dry Zone,Cowpea,8.08862786972771
Polonnaruwa,Yala,Ginger,2025,50.95,697.59,Dry,Supported envelope,Dry Zone,Ginger,13.691658488714426
Polonnaruwa,Yala,Groundnut,2025,91.88,699.38,Dry,Supported envelope,Dry Zone,Ground Nuts,7.611885067479321
Puttalam,Maha,Big Onion,2025,66.21,891.55,Dry/Intermediate,Supported envelope,Dry Zone,Big Onion,13.465488596888688
Puttalam,Maha,Carrot,2025,141.99,2221.61,Dry/Intermediate,Supported envelope,Dry Zone,Carrot,15.646242693147405
Puttalam,Maha,Carrot,2025,142.88,2068.72,Dry/Intermediate,Supported envelope,Dry Zone,Carrot,14.478723404255318
Puttalam,Maha,Carrot,2025,144.72,2235.6,Dry/Intermediate,Supported envelope,Dry Zone,Carrot,15.44776119402985
Puttalam,Maha,Carrot,2025,159.2,2343.66,Dry/Intermediate,Supported envelope,Dry Zone,Carrot,14.721482412060302
Puttalam,Maha,Chilli,2025,68.81,463.66,Dry/Intermediate,Supported envelope,Dry Zone,Chillies (Green),6.7382647870948995
Puttalam,Maha,Chilli,2025,64.27,466.9,Dry/Intermediate,Supported envelope,Dry Zone,Chillies (Green),7.264664695814533
Puttalam,Maha,Chilli,2025,84.62,781.7,Dry/Intermediate,Supported envelope,Dry Zone,Chillies (Green),9.237768848971875
Puttalam,Maha,Cowpea,2025,69.4,470.77,Dry/Intermediate,Supported envelope,Dry Zone,Cowpea,6.783429394812679
Puttalam,Maha,Cowpea,2025,61.21,344.05,Dry/Intermediate,Supported envelope,Dry Zone,Cowpea,5.620813592550237
Puttalam,Maha,Cowpea,2025,93.67,844.05,Dry/Intermediate,Supported envelope,Dry Zone,Cowpea,9.010889292196007
Puttalam,Maha,Maize,2025,143.64,1898.07,Dry/Intermediate,Supported envelope,Dry Zone,Maize,13.214076858813701
Puttalam,Maha,Maize,2025,106.94,1717.05,Dry/Intermediate,Supported envelope,Dry Zone,Maize,16.056199738170935
Puttalam,Maha,Sweet Potato,2025,116.83,1504.79,Dry/Intermediate,Supported envelope,Dry Zone,Sweet Potatoes,12.88016776512882
Puttalam,Maha,Sweet Potato,2025,89.8,1039.0,Dry/Intermediate,Supported envelope,Dry Zone,Sweet Potatoes,11.570155902004455
Puttalam,Maha,Turmeric,2025,76.03,827.24,Dry/Intermediate,Supported envelope,Dry Zone,Turmeric,10.880441930816783
Puttalam,Maha,Turmeric,2025,64.63,531.6,Dry/Intermediate,Supported envelope,Dry Zone,Turmeric,8.225282376605293
Puttalam,Yala,Carrot,2025,100.73,1313.51,Dry/Intermediate,Supported envelope,Dry Zone,Carrot,13.039908666732849
Puttalam,Yala,Carrot,2025,94.19,1507.02,Dry/Intermediate,Supported envelope,Dry Zone,Carrot,15.999787663233889
Puttalam,Yala,Carrot,2025,105.18,1542.68,Dry/Intermediate,Supported envelope,Dry Zone,Carrot,14.667046967104012
Puttalam,Yala,Carrot,2025,80.93,1343.94,Dry/Intermediate,Supported envelope,Dry Zone,Carrot,16.606202891387618
Puttalam,Yala,Cassava,2025,175.72,4221.58,Dry/Intermediate,Supported envelope,Dry Zone,Manioc,24.024470748918734
Puttalam,Yala,Chilli,2025,79.55,504.22,Dry/Intermediate,Supported envelope,Dry Zone,Chillies (Green),6.338403519798869
Puttalam,Yala,Groundnut,2025,66.41,767.95,Dry/Intermediate,Supported envelope,Dry Zone,Ground Nuts,11.563770516488482
Puttalam,Yala,Groundnut,2025,77.68,881.47,Dry/Intermediate,Supported envelope,Dry Zone,Ground Nuts,11.347451081359422
Puttalam,Yala,Red Onion,2025,76.0,733.68,Dry/Intermediate,Supported envelope,Dry Zone,Red Onion,9.653684210526315
Puttalam,Yala,Turmeric,2025,70.15,665.95,Dry/Intermediate,Supported envelope,Dry Zone,Turmeric,9.493228795438347
Ratnapura,Maha,Beans,2025,77.0,753.99,Wet/Intermediate,Supported envelope,Wet Zone,Beans,9.792077922077922
Ratnapura,Maha,Big Onion,2025,72.92,786.15,Wet/Intermediate,Supported envelope,Wet Zone,Big Onion,10.780992868897421
Ratnapura,Maha,Big Onion,2025,61.31,658.64,Wet/Intermediate,Supported envelope,Wet Zone,Big Onion,10.742782580329473
Ratnapura,Maha,Carrot,2025,98.47,1637.59,Wet/Intermediate,Supported envelope,Wet Zone,Carrot,16.63034426728953
Ratnapura,Maha,Carrot,2025,99.26,1582.67,Wet/Intermediate,Supported envelope,Wet Zone,Carrot,15.944690711263348
Ratnapura,Maha,Carrot,2025,150.01,2563.79,Wet/Intermediate,Supported envelope,Wet Zone,Carrot,17.090793947070196
Ratnapura,Maha,Cauliflower,2025,105.92,1342.47,Wet/Intermediate,Supported envelope,Wet Zone,Cauliflower,12.674376888217523
Ratnapura,Maha,Cauliflower,2025,69.1,1013.76,Wet/Intermediate,Supported envelope,Wet Zone,Cauliflower,14.670911722141824
Ratnapura,Maha,Cauliflower,2025,87.09,1175.01,Wet/Intermediate,Supported envelope,Wet Zone,Cauliflower,13.491904925938684
Ratnapura,Maha,Chilli,2025,67.92,422.6,Wet/Intermediate,Supported envelope,Wet Zone,Chillies (Green),6.2220259128386335
Ratnapura,Maha,Chilli,2025,47.45,402.05,Wet/Intermediate,Supported envelope,Wet Zone,Chillies (Green),8.473129610115912
Ratnapura,Maha,Cinnamon,2025,35.32,153.74,Wet/Intermediate,Supported envelope,Wet Zone,Cinnamon,4.35277463193658
Ratnapura,Maha,Ginger,2025,51.36,580.02,Wet/Intermediate,Supported envelope,Wet Zone,Ginger,11.29322429906542
Ratnapura,Maha,Ginger,2025,105.84,1216.41,Wet/Intermediate,Supported envelope,Wet Zone,Ginger,11.492913832199546
Ratnapura,Maha,Green Gram,2025,63.68,469.52,Wet/Intermediate,Supported envelope,Wet Zone,Green Gram,7.373115577889447
Ratnapura,Maha,Maize,2025,59.37,1081.21,Wet/Intermediate,Supported envelope,Wet Zone,Maize,18.211386221997643
Ratnapura,Maha,Pepper,2025,27.26,162.26,Wet/Intermediate,Supported envelope,Wet Zone,Pepper,5.952311078503301
Ratnapura,Maha,Potato,2025,136.37,2363.06,Wet/Intermediate,Supported envelope,Wet Zone,Potatoes,17.328298012759404
Ratnapura,Maha,Sweet Potato,2025,89.28,1170.6,Wet/Intermediate,Supported envelope,Wet Zone,Sweet Potatoes,13.111559139784944
Ratnapura,Maha,Tea,2025,253.33,6140.0,Wet/Intermediate,Supported envelope,Wet Zone,Tea,24.237161015276516
Ratnapura,Maha,Turmeric,2025,71.71,895.88,Wet/Intermediate,Supported envelope,Wet Zone,Turmeric,12.49309719704365
Ratnapura,Yala,Beans,2025,74.21,685.38,Wet/Intermediate,Supported envelope,Wet Zone,Beans,9.235682522571082
Ratnapura,Yala,Beans,2025,93.76,964.73,Wet/Intermediate,Supported envelope,Wet Zone,Beans,10.289355802047782
Ratnapura,Yala,Beans,2025,78.47,677.91,Wet/Intermediate,Supported envelope,Wet Zone,Beans,8.639097744360901
Ratnapura,Yala,Beans,2025,69.97,696.03,Wet/Intermediate,Supported envelope,Wet Zone,Beans,9.947548949549807
Ratnapura,Yala,Beans,2025,60.32,588.06,Wet/Intermediate,Supported envelope,Wet Zone,Beans,9.749005305039788
Ratnapura,Yala,Cabbage,2025,103.33,1623.68,Wet/Intermediate,Supported envelope,Wet Zone,Cabbage,15.713539146424079
Ratnapura,Yala,Carrot,2025,120.36,2028.75,Wet/Intermediate,Supported envelope,Wet Zone,Carrot,16.85568295114656
Ratnapura,Yala,Carrot,2025,87.31,1399.17,Wet/Intermediate,Supported envelope,Wet Zone,Carrot,16.02531210628794
Ratnapura,Yala,Carrot,2025,71.37,1131.27,Wet/Intermediate,Supported envelope,Wet Zone,Carrot,15.850777637662882
Ratnapura,Yala,Cauliflower,2025,103.83,1380.46,Wet/Intermediate,Supported envelope,Wet Zone,Cauliflower,13.295386689781374
Ratnapura,Yala,Chilli,2025,74.35,462.26,Wet/Intermediate,Supported envelope,Wet Zone,Chillies (Green),6.217350369872226
Ratnapura,Yala,Chilli,2025,38.19,345.49,Wet/Intermediate,Supported envelope,Wet Zone,Chillies (Green),9.046609059963341
Ratnapura,Yala,Green Gram,2025,41.84,286.73,Wet/Intermediate,Supported envelope,Wet Zone,Green Gram,6.853011472275335
Ratnapura,Yala,Maize,2025,102.0,1853.9,Wet/Intermediate,Supported envelope,Wet Zone,Maize,18.17549019607843
Ratnapura,Yala,Potato,2025,66.23,1419.62,Wet/Intermediate,Supported envelope,Wet Zone,Potatoes,21.434697267099498
Ratnapura,Yala,Potato,2025,171.88,3090.0,Wet/Intermediate,Supported envelope,Wet Zone,Potatoes,17.977658831743078
Ratnapura,Yala,Tea,2025,155.21,4832.57,Wet/Intermediate,Supported envelope,Wet Zone,Tea,31.135687133560978
Ratnapura,Yala,Tea,2025,201.14,4119.36,Wet/Intermediate,Supported envelope,Wet Zone,Tea,20.480063637267573
Trincomalee,Maha,Carrot,2025,139.79,2052.35,Dry,Supported envelope,Dry Zone,Carrot,14.681665355175621
Trincomalee,Maha,Carrot,2025,73.68,1110.17,Dry,Supported envelope,Dry Zone,Carrot,15.067453854505972
Trincomalee,Maha,Chilli,2025,67.32,570.42,Dry,Supported envelope,Dry Zone,Chillies (Green),8.473262032085561
Trincomalee,Maha,Cowpea,2025,81.65,674.3,Dry,Supported envelope,Dry Zone,Cowpea,8.25842008573178
Trincomalee,Maha,Cowpea,2025,55.76,413.48,Dry,Supported envelope,Dry Zone,Cowpea,7.415351506456242
Trincomalee,Maha,Cowpea,2025,49.78,415.65,Dry,Supported envelope,Dry Zone,Cowpea,8.349738850944153
Trincomalee,Maha,Groundnut,2025,99.25,1054.5,Dry,Supported envelope,Dry Zone,Ground Nuts,10.624685138539043
Trincomalee,Maha,Potato,2025,163.51,3035.41,Dry,Supported envelope,Dry Zone,Potatoes,18.564063360039142
Trincomalee,Maha,Turmeric,2025,72.57,661.57,Dry,Supported envelope,Dry Zone,Turmeric,9.116301501998072
Trincomalee,Yala,Big Onion,2025,65.69,653.0,Dry,Supported envelope,Dry Zone,Big Onion,9.940630232912163
Trincomalee,Yala,Carrot,2025,74.63,1172.61,Dry,Supported envelope,Dry Zone,Carrot,15.712314082808522
Trincomalee,Yala,Carrot,2025,121.91,1828.55,Dry,Supported envelope,Dry Zone,Carrot,14.999179722746288
Trincomalee,Yala,Carrot,2025,62.39,950.31,Dry,Supported envelope,Dry Zone,Carrot,15.231767911524281
Trincomalee,Yala,Cassava,2025,157.77,3762.93,Dry,Supported envelope,Dry Zone,Manioc,23.85073207834189
Trincomalee,Yala,Chilli,2025,43.8,290.24,Dry,Supported envelope,Dry Zone,Chillies (Green),6.626484018264841
Trincomalee,Yala,Green Gram,2025,40.61,319.12,Dry,Supported envelope,Dry Zone,Green Gram,7.858163014035952
Trincomalee,Yala,Green Gram,2025,53.49,443.24,Dry,Supported envelope,Dry Zone,Green Gram,8.2864086745186
Trincomalee,Yala,Maize,2025,52.62,786.73,Dry,Supported envelope,Dry Zone,Maize,14.951159255036108
Trincomalee,Yala,Potato,2025,65.42,1075.92,Dry,Supported envelope,Dry Zone,Potatoes,16.44634668297157
Trincomalee,Yala,Red Onion,2025,92.14,842.78,Dry,Supported envelope,Dry Zone,Red Onion,9.146733232038203
Trincomalee,Yala,Red Onion,2025,77.08,996.93,Dry,Supported envelope,Dry Zone,Red Onion,12.933705241307733
Trincomalee,Yala,Sweet Potato,2025,79.69,1113.61,Dry,Supported envelope,Dry Zone,Sweet Potatoes,13.974275316852804
Trincomalee,Yala,Turmeric,2025,67.8,637.96,Dry,Supported envelope,Dry Zone,Turmeric,9.409439528023599
Vavuniya,Maha,Big Onion,2025,57.77,563.8,Dry,Supported envelope,Dry Zone,Big Onion,9.759390687207892
Vavuniya,Maha,Carrot,2025,64.38,940.57,Dry,Supported envelope,Dry Zone,Carrot,14.609661385523456
Vavuniya,Maha,Carrot,2025,95.4,1668.85,Dry,Supported envelope,Dry Zone,Carrot,17.493186582809223
Vavuniya,Maha,Carrot,2025,71.24,1245.58,Dry,Supported envelope,Dry Zone,Carrot,17.4842784952274
Vavuniya,Maha,Cassava,2025,148.92,3883.53,Dry,Supported envelope,Dry Zone,Manioc,26.077961321514913
Vavuniya,Maha,Cassava,2025,128.35,3611.26,Dry,Supported envelope,Dry Zone,Manioc,28.136034281262177
Vavuniya,Maha,Maize,2025,120.72,1619.67,Dry,Supported envelope,Dry Zone,Maize,13.416749502982109
Vavuniya,Yala,Carrot,2025,58.35,1111.97,Dry,Supported envelope,Dry Zone,Carrot,19.056898029134533
Vavuniya,Yala,Carrot,2025,86.95,1368.94,Dry,Supported envelope,Dry Zone,Carrot,15.743990799309948
Vavuniya,Yala,Chilli,2025,52.32,342.66,Dry,Supported envelope,Dry Zone,Chillies (Green),6.549311926605505
Vavuniya,Yala,Cowpea,2025,63.91,518.28,Dry,Supported envelope,Dry Zone,Cowpea,8.109529025191677
Vavuniya,Yala,Groundnut,2025,56.73,652.04,Dry,Supported envelope,Dry Zone,Ground Nuts,11.493742288031024
Vavuniya,Yala,Maize,2025,91.32,1180.38,Dry,Supported envelope,Dry Zone,Maize,12.925755584756901
Vavuniya,Yala,Potato,2025,141.25,2802.2,Dry,Supported envelope,Dry Zone,Potatoes,19.838584070796458
Vavuniya,Yala,Red Onion,2025,55.71,502.32,Dry,Supported envelope,Dry Zone,Red Onion,9.016693591814755
Ampara,Maha,Big Onion,2026,59.67,551.79,Dry,Supported envelope,Dry Zone,Big Onion,9.2473604826546
Ampara,Maha,Carrot,2026,60.3,980.79,Dry,Supported envelope,Dry Zone,Carrot,16.265174129353234
Ampara,Maha,Cassava,2026,135.51,3791.21,Dry,Supported envelope,Dry Zone,Manioc,27.977344845398864
Ampara,Maha,Chilli,2026,41.49,320.97,Dry,Supported envelope,Dry Zone,Chillies (Green),7.736080983369487
Ampara,Maha,Chilli,2026,38.92,253.19,Dry,Supported envelope,Dry Zone,Chillies (Green),6.505395683453237
Ampara,Maha,Cowpea,2026,37.6,279.75,Dry,Supported envelope,Dry Zone,Cowpea,7.440159574468085
Ampara,Maha,Ginger,2026,57.86,575.63,Dry,Supported envelope,Dry Zone,Ginger,9.948669201520913
Ampara,Maha,Maize,2026,131.95,1878.66,Dry,Supported envelope,Dry Zone,Maize,14.237665782493371
Ampara,Maha,Potato,2026,102.6,1807.43,Dry,Supported envelope,Dry Zone,Potatoes,17.61627680311891
Ampara,Maha,Sweet Potato,2026,64.64,878.76,Dry,Supported envelope,Dry Zone,Sweet Potatoes,13.594678217821782
Ampara,Maha,Turmeric,2026,56.04,570.79,Dry,Supported envelope,Dry Zone,Turmeric,10.185403283369022
Ampara,Yala,Carrot,2026,59.38,923.62,Dry,Supported envelope,Dry Zone,Carrot,15.554395419333108
Ampara,Yala,Cassava,2026,135.9,2747.44,Dry,Supported envelope,Dry Zone,Manioc,20.21662987490802
Ampara,Yala,Cassava,2026,147.26,3619.65,Dry,Supported envelope,Dry Zone,Manioc,24.579994567431754
Ampara,Yala,Chilli,2026,49.39,403.09,Dry,Supported envelope,Dry Zone,Chillies (Green),8.161368698117027
Ampara,Yala,Chilli,2026,56.37,465.08,Dry,Supported envelope,Dry Zone,Chillies (Green),8.250487848146177
Ampara,Yala,Green Gram,2026,43.67,353.85,Dry,Supported envelope,Dry Zone,Green Gram,8.102816578887108
Ampara,Yala,Sweet Potato,2026,68.45,1058.17,Dry,Supported envelope,Dry Zone,Sweet Potatoes,15.459021183345508
Ampara,Yala,Turmeric,2026,76.18,898.44,Dry,Supported envelope,Dry Zone,Turmeric,11.793646626411132
Anuradhapura,Maha,Chilli,2026,73.08,570.49,Dry,Supported envelope,Dry Zone,Chillies (Green),7.806376573617953
Anuradhapura,Maha,Chilli,2026,62.67,488.98,Dry,Supported envelope,Dry Zone,Chillies (Green),7.802457316100208
Anuradhapura,Maha,Chilli,2026,81.25,504.95,Dry,Supported envelope,Dry Zone,Chillies (Green),6.214769230769231
Anuradhapura,Maha,Potato,2026,118.72,2473.7,Dry,Supported envelope,Dry Zone,Potatoes,20.836421832884096
Anuradhapura,Maha,Red Onion,2026,56.28,535.03,Dry,Supported envelope,Dry Zone,Red Onion,9.506574271499645
Anuradhapura,Maha,Sweet Potato,2026,59.01,659.28,Dry,Supported envelope,Dry Zone,Sweet Potatoes,11.172343670564311
Anuradhapura,Yala,Big Onion,2026,128.73,1252.1,Dry,Supported envelope,Dry Zone,Big Onion,9.726559465548046
Anuradhapura,Yala,Chilli,2026,59.55,449.57,Dry,Supported envelope,Dry Zone,Chillies (Green),7.549454240134341
Anuradhapura,Yala,Ginger,2026,92.15,1045.81,Dry,Supported envelope,Dry Zone,Ginger,11.348996201844816
Anuradhapura,Yala,Green Gram,2026,56.43,403.11,Dry,Supported envelope,Dry Zone,Green Gram,7.14354066985646
Anuradhapura,Yala,Groundnut,2026,103.6,1012.83,Dry,Supported envelope,Dry Zone,Ground Nuts,9.776351351351352
Anuradhapura,Yala,Turmeric,2026,64.63,748.54,Dry,Supported envelope,Dry Zone,Turmeric,11.581927897261334
Badulla,Maha,Carrot,2026,96.84,1343.08,Up-country Intermediate,Supported envelope,Up Country Intermediate Zone,Carrot,13.869062370921105
Badulla,Maha,Carrot,2026,118.0,2063.85,Up-country Intermediate,Supported envelope,Up Country Intermediate Zone,Carrot,17.490254237288134
Badulla,Maha,Carrot,2026,138.58,2061.2,Up-country Intermediate,Supported envelope,Up Country Intermediate Zone,Carrot,14.873719151392695
Badulla,Maha,Cauliflower,2026,64.54,863.81,Up-country Intermediate,Supported envelope,Up Country Intermediate Zone,Cauliflower,13.384102881933682
Badulla,Maha,Cauliflower,2026,78.06,1038.82,Up-country Intermediate,Supported envelope,Up Country Intermediate Zone,Cauliflower,13.307968229566999
Badulla,Maha,Leeks,2026,86.41,1161.3,Up-country Intermediate,Supported envelope,Up Country Intermediate Zone,Leeks,13.439416734174285
Badulla,Maha,Leeks,2026,97.26,1195.5,Up-country Intermediate,Supported envelope,Up Country Intermediate Zone,Leeks,12.29179518815546
Badulla,Maha,Leeks,2026,99.58,1431.02,Up-country Intermediate,Supported envelope,Up Country Intermediate Zone,Leeks,14.370556336613777
Badulla,Maha,Maize,2026,75.52,1353.21,Up-country Intermediate,Supported envelope,Up Country Intermediate Zone,Maize,17.91856461864407
Badulla,Maha,Pepper,2026,49.99,238.4,Up-country Intermediate,Supported envelope,Up Country Intermediate Zone,Pepper,4.768953790758151
Badulla,Maha,Potato,2026,87.86,2142.49,Up-country Intermediate,Supported envelope,Up Country Intermediate Zone,Potatoes,24.385272023674023
Badulla,Maha,Potato,2026,78.42,1367.83,Up-country Intermediate,Supported envelope,Up Country Intermediate Zone,Potatoes,17.44236164243815
Badulla,Maha,Turmeric,2026,72.13,898.85,Up-country Intermediate,Supported envelope,Up Country Intermediate Zone,Turmeric,12.461527797033135
Badulla,Yala,Beans,2026,70.88,785.53,Up-country Intermediate,Supported envelope,Up Country Intermediate Zone,Beans,11.082533860045148
Badulla,Yala,Beans,2026,67.87,759.99,Up-country Intermediate,Supported envelope,Up Country Intermediate Zone,Beans,11.19773095623987
Badulla,Yala,Carrot,2026,88.63,1197.67,Up-country Intermediate,Supported envelope,Up Country Intermediate Zone,Carrot,13.513144533453685
Badulla,Yala,Chilli,2026,50.91,396.11,Up-country Intermediate,Supported envelope,Up Country Intermediate Zone,Chillies (Green),7.780593203692792
Badulla,Yala,Chilli,2026,45.44,346.32,Up-country Intermediate,Supported envelope,Up Country Intermediate Zone,Chillies (Green),7.621478873239437
Badulla,Yala,Ginger,2026,67.73,871.0,Up-country Intermediate,Supported envelope,Up Country Intermediate Zone,Ginger,12.859884836852206
Badulla,Yala,Groundnut,2026,71.42,625.9,Up-country Intermediate,Supported envelope,Up Country Intermediate Zone,Ground Nuts,8.763651638196583
Badulla,Yala,Maize,2026,61.65,924.59,Up-country Intermediate,Supported envelope,Up Country Intermediate Zone,Maize,14.997404703974048
Badulla,Yala,Red Onion,2026,47.66,453.95,Up-country Intermediate,Supported envelope,Up Country Intermediate Zone,Red Onion,9.524758707511541
Badulla,Yala,Sweet Potato,2026,63.0,780.18,Up-country Intermediate,Supported envelope,Up Country Intermediate Zone,Sweet Potatoes,12.383809523809523
Batticaloa,Maha,Carrot,2026,96.99,1881.68,Dry,Supported envelope,Dry Zone,Carrot,19.400762965254152
Batticaloa,Maha,Carrot,2026,101.79,1525.78,Dry,Supported envelope,Dry Zone,Carrot,14.989488161901955
Batticaloa,Maha,Chilli,2026,41.39,340.8,Dry,Supported envelope,Dry Zone,Chillies (Green),8.233872916163325
Batticaloa,Maha,Chilli,2026,47.26,343.41,Dry,Supported envelope,Dry Zone,Chillies (Green),7.266398645789252
Batticaloa,Maha,Chilli,2026,45.55,354.83,Dry,Supported envelope,Dry Zone,Chillies (Green),7.789901207464325
Batticaloa,Maha,Chilli,2026,42.02,312.42,Dry,Supported envelope,Dry Zone,Chillies (Green),7.4350309376487385
Batticaloa,Maha,Ginger,2026,80.5,830.71,Dry,Supported envelope,Dry Zone,Ginger,10.319378881987578
Batticaloa,Maha,Ginger,2026,83.38,778.35,Dry,Supported envelope,Dry Zone,Ginger,9.33497241544735
Batticaloa,Maha,Turmeric,2026,61.52,587.59,Dry,Supported envelope,Dry Zone,Turmeric,9.551202860858258
Batticaloa,Yala,Big Onion,2026,73.05,849.8,Dry,Supported envelope,Dry Zone,Big Onion,11.633127994524298
Batticaloa,Yala,Carrot,2026,64.8,1037.25,Dry,Supported envelope,Dry Zone,Carrot,16.006944444444446
Batticaloa,Yala,Carrot,2026,94.88,1447.65,Dry,Supported envelope,Dry Zone,Carrot,15.257693929173694
Batticaloa,Yala,Carrot,2026,60.86,982.18,Dry,Supported envelope,Dry Zone,Carrot,16.138350312191914
Batticaloa,Yala,Chilli,2026,40.53,326.21,Dry,Supported envelope,Dry Zone,Chillies (Green),8.048605970885763
Batticaloa,Yala,Chilli,2026,68.41,663.62,Dry,Supported envelope,Dry Zone,Chillies (Green),9.700628563075574
Batticaloa,Yala,Maize,2026,103.6,1381.33,Dry,Supported envelope,Dry Zone,Maize,13.333301158301158
Batticaloa,Yala,Maize,2026,73.08,1255.24,Dry,Supported envelope,Dry Zone,Maize,17.17624521072797
Batticaloa,Yala,Potato,2026,109.28,1967.84,Dry,Supported envelope,Dry Zone,Potatoes,18.00732064421669
Batticaloa,Yala,Red Onion,2026,53.69,429.86,Dry,Supported envelope,Dry Zone,Red Onion,8.006332650400447
Batticaloa,Yala,Turmeric,2026,74.09,828.01,Dry,Supported envelope,Dry Zone,Turmeric,11.175732217573222
Batticaloa,Yala,Turmeric,2026,56.67,679.51,Dry,Supported envelope,Dry Zone,Turmeric,11.990647608964178
Colombo,Maha,Cassava,2026,202.79,4251.21,Wet,Supported envelope,Wet Zone,Manioc,20.96360767296218
Colombo,Maha,Cassava,2026,163.69,4160.62,Wet,Supported envelope,Wet Zone,Manioc,25.41767976052294
Colombo,Maha,Cassava,2026,106.15,2299.76,Wet,Supported envelope,Wet Zone,Manioc,21.665190767781443
Colombo,Maha,Chilli,2026,58.48,495.18,Wet,Supported envelope,Wet Zone,Chillies (Green),8.46751025991792
Colombo,Maha,Chilli,2026,65.34,492.85,Wet,Supported envelope,Wet Zone,Chillies (Green),7.5428527701254975
Colombo,Maha,Chilli,2026,65.2,513.43,Wet,Supported envelope,Wet Zone,Chillies (Green),7.874693251533741
Colombo,Maha,Chilli,2026,54.46,405.8,Wet,Supported envelope,Wet Zone,Chillies (Green),7.451340433345575
Colombo,Maha,Pineapple,2026,146.92,3226.67,Wet,Supported envelope,Wet Zone,Pineapple,21.962088211271443
Colombo,Maha,Sweet Potato,2026,97.88,1192.22,Wet,Supported envelope,Wet Zone,Sweet Potatoes,12.180425010216593
Colombo,Maha,Turmeric,2026,116.94,898.14,Wet,Supported envelope,Wet Zone,Turmeric,7.68034889687019
Colombo,Maha,Turmeric,2026,84.9,876.24,Wet,Supported envelope,Wet Zone,Turmeric,10.320848056537102
Colombo,Maha,Turmeric,2026,63.89,763.75,Wet,Supported envelope,Wet Zone,Turmeric,11.954139928001252
Colombo,Maha,Turmeric,2026,85.63,744.88,Wet,Supported envelope,Wet Zone,Turmeric,8.698820506831717
Colombo,Yala,Carrot,2026,63.3,855.61,Wet,Supported envelope,Wet Zone,Carrot,13.516745655608215
Colombo,Yala,Carrot,2026,121.53,1899.87,Wet,Supported envelope,Wet Zone,Carrot,15.632930140705998
Colombo,Yala,Carrot,2026,104.27,1569.88,Wet,Supported envelope,Wet Zone,Carrot,15.055912534765515
Colombo,Yala,Chilli,2026,54.67,443.1,Wet,Supported envelope,Wet Zone,Chillies (Green),8.104993597951344
Colombo,Yala,Ginger,2026,96.86,1000.41,Wet,Supported envelope,Wet Zone,Ginger,10.328412141234772
Galle,Maha,Carrot,2026,76.67,1016.5,Wet,Supported envelope,Wet Zone,Carrot,13.258119212208165
Galle,Maha,Cassava,2026,135.65,2827.72,Wet,Supported envelope,Wet Zone,Manioc,20.84570586067084
Galle,Maha,Chilli,2026,40.06,301.93,Wet,Supported envelope,Wet Zone,Chillies (Green),7.536944583125312
Galle,Maha,Chilli,2026,55.91,432.74,Wet,Supported envelope,Wet Zone,Chillies (Green),7.739939187980684
Galle,Maha,Cinnamon,2026,36.51,131.07,Wet,Supported envelope,Wet Zone,Cinnamon,3.589975349219392
Galle,Maha,Cinnamon,2026,66.11,376.92,Wet,Supported envelope,Wet Zone,Cinnamon,5.701406746331871
Galle,Maha,Ginger,2026,49.31,545.52,Wet,Supported envelope,Wet Zone,Ginger,11.063070371121475
Galle,Maha,Pepper,2026,29.98,136.57,Wet,Supported envelope,Wet Zone,Pepper,4.55537024683122
Galle,Maha,Pepper,2026,39.24,214.9,Wet,Supported envelope,Wet Zone,Pepper,5.476554536187564
Galle,Maha,Potato,2026,99.02,2336.33,Wet,Supported envelope,Wet Zone,Potatoes,23.59452635831145
Galle,Maha,Potato,2026,120.27,2140.25,Wet,Supported envelope,Wet Zone,Potatoes,17.795377068263075
Galle,Maha,Red Onion,2026,39.34,347.08,Wet,Supported envelope,Wet Zone,Red Onion,8.822572445348245
Galle,Maha,Tea,2026,122.99,3044.38,Wet,Supported envelope,Wet Zone,Tea,24.753069355232135
Galle,Maha,Tea,2026,144.24,3990.11,Wet,Supported envelope,Wet Zone,Tea,27.662992235163614
Galle,Yala,Carrot,2026,81.19,1139.25,Wet,Supported envelope,Wet Zone,Carrot,14.031900480354723
Galle,Yala,Carrot,2026,78.52,1106.55,Wet,Supported envelope,Wet Zone,Carrot,14.092587875700458
Galle,Yala,Carrot,2026,79.11,1255.5,Wet,Supported envelope,Wet Zone,Carrot,15.870307167235495
Galle,Yala,Cassava,2026,262.55,6464.52,Wet,Supported envelope,Wet Zone,Manioc,24.622052942296705
Galle,Yala,Cassava,2026,147.31,3291.1,Wet,Supported envelope,Wet Zone,Manioc,22.341321023691535
Galle,Yala,Chilli,2026,51.09,391.69,Wet,Supported envelope,Wet Zone,Chillies (Green),7.666666666666666
Galle,Yala,Ginger,2026,53.55,521.7,Wet,Supported envelope,Wet Zone,Ginger,9.742296918767508
Galle,Yala,Potato,2026,70.59,1315.95,Wet,Supported envelope,Wet Zone,Potatoes,18.64215894602635
Galle,Yala,Potato,2026,129.91,2528.6,Wet,Supported envelope,Wet Zone,Potatoes,19.464244476945577
Galle,Yala,Potato,2026,90.53,1646.8,Wet,Supported envelope,Wet Zone,Potatoes,18.190655031481278
Galle,Yala,Turmeric,2026,57.75,556.72,Wet,Supported envelope,Wet Zone,Turmeric,9.64017316017316
Galle,Yala,Turmeric,2026,67.92,764.16,Wet,Supported envelope,Wet Zone,Turmeric,11.250883392226148
Gampaha,Maha,Carrot,2026,150.56,2167.43,Wet,Supported envelope,Wet Zone,Carrot,14.39578905419766
Gampaha,Maha,Carrot,2026,106.97,1733.71,Wet,Supported envelope,Wet Zone,Carrot,16.20744133869309
Gampaha,Maha,Cassava,2026,253.6,5145.9,Wet,Supported envelope,Wet Zone,Manioc,20.291403785488956
Gampaha,Maha,Ginger,2026,99.61,1294.88,Wet,Supported envelope,Wet Zone,Ginger,12.999498042365225
Gampaha,Maha,Green Gram,2026,83.73,562.86,Wet,Supported envelope,Wet Zone,Green Gram,6.722321748477248
Gampaha,Maha,Maize,2026,198.89,2942.52,Wet,Supported envelope,Wet Zone,Maize,14.794710644074614
Gampaha,Maha,Pineapple,2026,100.52,2162.1,Wet,Supported envelope,Wet Zone,Pineapple,21.5091524074811
Gampaha,Maha,Potato,2026,122.09,2175.23,Wet,Supported envelope,Wet Zone,Potatoes,17.816610697026782
Gampaha,Maha,Sweet Potato,2026,106.42,1131.9,Wet,Supported envelope,Wet Zone,Sweet Potatoes,10.636158616801353
Gampaha,Yala,Carrot,2026,125.29,1700.99,Wet,Supported envelope,Wet Zone,Carrot,13.576422699337536
Gampaha,Yala,Carrot,2026,109.18,1495.82,Wet,Supported envelope,Wet Zone,Carrot,13.700494596079867
Gampaha,Yala,Cassava,2026,202.46,4889.48,Wet,Supported envelope,Wet Zone,Manioc,24.150350686555367
Gampaha,Yala,Cassava,2026,174.23,4372.85,Wet,Supported envelope,Wet Zone,Manioc,25.098146128680483
Gampaha,Yala,Chilli,2026,78.69,531.53,Wet,Supported envelope,Wet Zone,Chillies (Green),6.754733765408565
Gampaha,Yala,Chilli,2026,77.78,543.7,Wet,Supported envelope,Wet Zone,Chillies (Green),6.990228850604269
Gampaha,Yala,Green Gram,2026,120.18,823.29,Wet,Supported envelope,Wet Zone,Green Gram,6.850474288567149
Gampaha,Yala,Pineapple,2026,149.99,3794.86,Wet,Supported envelope,Wet Zone,Pineapple,25.300753383558902
Gampaha,Yala,Red Onion,2026,73.7,717.61,Wet,Supported envelope,Wet Zone,Red Onion,9.736906377204884
Hambantota,Maha,Big Onion,2026,73.31,993.4,Dry/Intermediate,Supported envelope,Dry Zone,Big Onion,13.550675214841085
Hambantota,Maha,Carrot,2026,135.6,1592.03,Dry/Intermediate,Supported envelope,Dry Zone,Carrot,11.740634218289086
Hambantota,Maha,Carrot,2026,155.53,2576.59,Dry/Intermediate,Supported envelope,Dry Zone,Carrot,16.56651449881052
Hambantota,Maha,Carrot,2026,102.51,1639.96,Dry/Intermediate,Supported envelope,Dry Zone,Carrot,15.998048970832114
Hambantota,Maha,Carrot,2026,125.81,1765.1,Dry/Intermediate,Supported envelope,Dry Zone,Carrot,14.029886336539224
Hambantota,Maha,Carrot,2026,72.89,956.37,Dry/Intermediate,Supported envelope,Dry Zone,Carrot,13.12072986692276
Hambantota,Maha,Carrot,2026,99.47,1568.1,Dry/Intermediate,Supported envelope,Dry Zone,Carrot,15.764552126269226
Hambantota,Maha,Chilli,2026,86.28,670.19,Dry/Intermediate,Supported envelope,Dry Zone,Chillies (Green),7.7676170607324995
Hambantota,Maha,Chilli,2026,96.65,778.98,Dry/Intermediate,Supported envelope,Dry Zone,Chillies (Green),8.05980341438179
Hambantota,Maha,Cowpea,2026,75.27,545.69,Dry/Intermediate,Supported envelope,Dry Zone,Cowpea,7.249767503653515
Hambantota,Maha,Groundnut,2026,82.85,809.25,Dry/Intermediate,Supported envelope,Dry Zone,Ground Nuts,9.767652383826192
Hambantota,Maha,Groundnut,2026,72.67,803.0,Dry/Intermediate,Supported envelope,Dry Zone,Ground Nuts,11.049951837071694
Hambantota,Maha,Groundnut,2026,105.01,813.74,Dry/Intermediate,Supported envelope,Dry Zone,Ground Nuts,7.749166746024188
Hambantota,Maha,Maize,2026,158.67,2812.74,Dry/Intermediate,Supported envelope,Dry Zone,Maize,17.72698052561921
Hambantota,Maha,Maize,2026,118.33,1945.78,Dry/Intermediate,Supported envelope,Dry Zone,Maize,16.44367446970337
Hambantota,Maha,Red Onion,2026,86.56,1086.79,Dry/Intermediate,Supported envelope,Dry Zone,Red Onion,12.555337338262476
Hambantota,Maha,Sweet Potato,2026,139.83,1843.62,Dry/Intermediate,Supported envelope,Dry Zone,Sweet Potatoes,13.184724308088391
Hambantota,Maha,Turmeric,2026,114.49,1248.24,Dry/Intermediate,Supported envelope,Dry Zone,Turmeric,10.902611581797537
Hambantota,Yala,Carrot,2026,77.87,1135.73,Dry/Intermediate,Supported envelope,Dry Zone,Carrot,14.584949274431745
Hambantota,Yala,Chilli,2026,77.93,557.02,Dry/Intermediate,Supported envelope,Dry Zone,Chillies (Green),7.147696650840497
Hambantota,Yala,Chilli,2026,79.09,513.22,Dry/Intermediate,Supported envelope,Dry Zone,Chillies (Green),6.489063092679226
Hambantota,Yala,Cowpea,2026,77.52,551.24,Dry/Intermediate,Supported envelope,Dry Zone,Cowpea,7.110939112487101
Hambantota,Yala,Cowpea,2026,81.15,618.83,Dry/Intermediate,Supported envelope,Dry Zone,Cowpea,7.625754775107825
Hambantota,Yala,Ginger,2026,109.82,1144.09,Dry/Intermediate,Supported envelope,Dry Zone,Ginger,10.417865598251684
Hambantota,Yala,Groundnut,2026,70.57,894.59,Dry/Intermediate,Supported envelope,Dry Zone,Ground Nuts,12.67663313022531
Hambantota,Yala,Potato,2026,129.35,2132.26,Dry/Intermediate,Supported envelope,Dry Zone,Potatoes,16.484422110552767
Hambantota,Yala,Potato,2026,120.57,2725.08,Dry/Intermediate,Supported envelope,Dry Zone,Potatoes,22.601642199552128
Hambantota,Yala,Turmeric,2026,103.26,969.1,Dry/Intermediate,Supported envelope,Dry Zone,Turmeric,9.385047453031182
Jaffna,Maha,Carrot,2026,108.03,1868.82,Dry,Supported envelope,Dry Zone,Carrot,17.29908358789225
Jaffna,Maha,Chilli,2026,73.41,593.5,Dry,Supported envelope,Dry Zone,Chillies (Green),8.084729600871816
Jaffna,Maha,Chilli,2026,70.63,647.79,Dry,Supported envelope,Dry Zone,Chillies (Green),9.171598470904716
Jaffna,Maha,Chilli,2026,59.91,464.56,Dry,Supported envelope,Dry Zone,Chillies (Green),7.754298113837423
Jaffna,Maha,Cowpea,2026,73.92,628.16,Dry,Supported envelope,Dry Zone,Cowpea,8.497835497835498
Jaffna,Maha,Ginger,2026,110.94,1170.98,Dry,Supported envelope,Dry Zone,Ginger,10.555074815215432
Jaffna,Maha,Ginger,2026,110.95,1153.01,Dry,Supported envelope,Dry Zone,Ginger,10.392158630013519
Jaffna,Maha,Green Gram,2026,86.6,826.61,Dry,Supported envelope,Dry Zone,Green Gram,9.545150115473442
Jaffna,Maha,Green Gram,2026,80.85,510.37,Dry,Supported envelope,Dry Zone,Green Gram,6.312554112554113
Jaffna,Maha,Maize,2026,130.67,2502.43,Dry,Supported envelope,Dry Zone,Maize,19.150761460166834
Jaffna,Maha,Red Onion,2026,119.68,1197.56,Dry,Supported envelope,Dry Zone,Red Onion,10.006350267379679
Jaffna,Maha,Red Onion,2026,187.81,1979.07,Dry,Supported envelope,Dry Zone,Red Onion,10.537617805228688
Jaffna,Maha,Turmeric,2026,83.77,776.28,Dry,Supported envelope,Dry Zone,Turmeric,9.266801957741436
Jaffna,Yala,Big Onion,2026,116.12,1194.31,Dry,Supported envelope,Dry Zone,Big Onion,10.285136066138477
Jaffna,Yala,Carrot,2026,146.82,2138.62,Dry,Supported envelope,Dry Zone,Carrot,14.566271625119194
Jaffna,Yala,Carrot,2026,210.16,2934.87,Dry,Supported envelope,Dry Zone,Carrot,13.964931480776551
Jaffna,Yala,Carrot,2026,80.04,980.99,Dry,Supported envelope,Dry Zone,Carrot,12.256246876561718
Jaffna,Yala,Chilli,2026,63.58,504.29,Dry,Supported envelope,Dry Zone,Chillies (Green),7.931582258571878
Jaffna,Yala,Chilli,2026,93.85,721.65,Dry,Supported envelope,Dry Zone,Chillies (Green),7.689397975492808
Jaffna,Yala,Chilli,2026,111.46,837.87,Dry,Supported envelope,Dry Zone,Chillies (Green),7.517225910640589
Jaffna,Yala,Cowpea,2026,63.18,426.77,Dry,Supported envelope,Dry Zone,Cowpea,6.754827477049699
Jaffna,Yala,Cowpea,2026,93.82,793.94,Dry,Supported envelope,Dry Zone,Cowpea,8.462374760179067
Jaffna,Yala,Ginger,2026,87.15,880.8,Dry,Supported envelope,Dry Zone,Ginger,10.106712564543889
Jaffna,Yala,Groundnut,2026,97.47,923.08,Dry,Supported envelope,Dry Zone,Ground Nuts,9.47040114907151
Jaffna,Yala,Red Onion,2026,120.4,1021.99,Dry,Supported envelope,Dry Zone,Red Onion,8.48828903654485
Jaffna,Yala,Red Onion,2026,173.69,1580.53,Dry,Supported envelope,Dry Zone,Red Onion,9.099717888191606
Jaffna,Yala,Red Onion,2026,123.83,1142.17,Dry,Supported envelope,Dry Zone,Red Onion,9.223693773722038
Kalutara,Maha,Carrot,2026,146.63,2272.5,Wet,Supported envelope,Wet Zone,Carrot,15.498192730000682
Kalutara,Maha,Carrot,2026,97.42,1324.56,Wet,Supported envelope,Wet Zone,Carrot,13.596386778895504
Kalutara,Maha,Cassava,2026,188.19,4708.11,Wet,Supported envelope,Wet Zone,Manioc,25.01785429619002
Kalutara,Maha,Chilli,2026,56.63,324.28,Wet,Supported envelope,Wet Zone,Chillies (Green),5.72629348401907
Kalutara,Maha,Chilli,2026,43.37,323.21,Wet,Supported envelope,Wet Zone,Chillies (Green),7.45238644224118
Kalutara,Maha,Cinnamon,2026,63.68,274.52,Wet,Supported envelope,Wet Zone,Cinnamon,4.310929648241205
Kalutara,Maha,Ginger,2026,71.48,906.03,Wet,Supported envelope,Wet Zone,Ginger,12.675293788472299
Kalutara,Maha,Ginger,2026,78.99,875.89,Wet,Supported envelope,Wet Zone,Ginger,11.088618812507914
Kalutara,Maha,Pepper,2026,55.58,372.98,Wet,Supported envelope,Wet Zone,Pepper,6.710687297589061
Kalutara,Maha,Red Onion,2026,100.65,1115.49,Wet,Supported envelope,Wet Zone,Red Onion,11.082861400894187
Kalutara,Maha,Sweet Potato,2026,144.86,1500.06,Wet,Supported envelope,Wet Zone,Sweet Potatoes,10.355239541626396
Kalutara,Maha,Tea,2026,217.79,5273.93,Wet,Supported envelope,Wet Zone,Tea,24.215666467698245
Kalutara,Yala,Carrot,2026,102.36,1399.36,Wet,Supported envelope,Wet Zone,Carrot,13.67096522078937
Kalutara,Yala,Chilli,2026,53.72,514.68,Wet,Supported envelope,Wet Zone,Chillies (Green),9.580789277736411
Kalutara,Yala,Cinnamon,2026,91.25,396.17,Wet,Supported envelope,Wet Zone,Cinnamon,4.34158904109589
Kandy,Maha,Beans,2026,79.71,694.14,Up-country Wet/Intermediate,Supported envelope,Up Country Wet Zone,Beans,8.70831765148664
Kandy,Maha,Big Onion,2026,121.08,1218.47,Up-country Wet/Intermediate,Supported envelope,Up Country Wet Zone,Big Onion,10.063346547737034
Kandy,Maha,Cabbage,2026,83.96,1442.39,Up-country Wet/Intermediate,Supported envelope,Up Country Wet Zone,Cabbage,17.1794902334445
Kandy,Maha,Carrot,2026,186.03,3046.07,Up-country Wet/Intermediate,Supported envelope,Up Country Wet Zone,Carrot,16.37407944955115
Kandy,Maha,Carrot,2026,161.62,2230.26,Up-country Wet/Intermediate,Supported envelope,Up Country Wet Zone,Carrot,13.799406014107166
Kandy,Maha,Carrot,2026,94.46,1331.27,Up-country Wet/Intermediate,Supported envelope,Up Country Wet Zone,Carrot,14.093478721151811
Kandy,Maha,Carrot,2026,122.99,1985.72,Up-country Wet/Intermediate,Supported envelope,Up Country Wet Zone,Carrot,16.145377672981542
Kandy,Maha,Chilli,2026,82.76,554.59,Up-country Wet/Intermediate,Supported envelope,Up Country Wet Zone,Chillies (Green),6.701184146930885
Kandy,Maha,Chilli,2026,51.0,394.13,Up-country Wet/Intermediate,Supported envelope,Up Country Wet Zone,Chillies (Green),7.728039215686274
Kandy,Maha,Chilli,2026,73.04,611.87,Up-country Wet/Intermediate,Supported envelope,Up Country Wet Zone,Chillies (Green),8.377190580503832
Kandy,Maha,Chilli,2026,66.41,466.35,Up-country Wet/Intermediate,Supported envelope,Up Country Wet Zone,Chillies (Green),7.022285800331276
Kandy,Maha,Green Gram,2026,65.82,509.32,Up-country Wet/Intermediate,Supported envelope,Up Country Wet Zone,Green Gram,7.73807353388028
Kandy,Maha,Groundnut,2026,105.59,798.7,Up-country Wet/Intermediate,Supported envelope,Up Country Wet Zone,Ground Nuts,7.564163273037219
Kandy,Maha,Leeks,2026,148.53,1854.2,Up-country Wet/Intermediate,Supported envelope,Up Country Wet Zone,Leeks,12.483673331986804
Kandy,Maha,Leeks,2026,100.17,1063.78,Up-country Wet/Intermediate,Supported envelope,Up Country Wet Zone,Leeks,10.619746431067185
Kandy,Maha,Tea,2026,295.27,5536.66,Up-country Wet/Intermediate,Supported envelope,Up Country Wet Zone,Tea,18.751176888949097
Kandy,Maha,Turmeric,2026,76.83,645.43,Up-country Wet/Intermediate,Supported envelope,Up Country Wet Zone,Turmeric,8.400754913445269
Kandy,Yala,Beans,2026,101.62,1110.16,Up-country Wet/Intermediate,Supported envelope,Up Country Wet Zone,Beans,10.924621137571345
Kandy,Yala,Carrot,2026,101.83,1658.33,Up-country Wet/Intermediate,Supported envelope,Up Country Wet Zone,Carrot,16.285279387213983
Kandy,Yala,Chilli,2026,67.77,570.3,Up-country Wet/Intermediate,Supported envelope,Up Country Wet Zone,Chillies (Green),8.415227976980965
Kandy,Yala,Cowpea,2026,76.95,558.15,Up-country Wet/Intermediate,Supported envelope,Up Country Wet Zone,Cowpea,7.253411306042884
Kandy,Yala,Cowpea,2026,64.31,486.66,Up-country Wet/Intermediate,Supported envelope,Up Country Wet Zone,Cowpea,7.567407868138703
Kandy,Yala,Ginger,2026,89.38,1094.37,Up-country Wet/Intermediate,Supported envelope,Up Country Wet Zone,Ginger,12.244014320877152
Kandy,Yala,Green Gram,2026,71.81,600.32,Up-country Wet/Intermediate,Supported envelope,Up Country Wet Zone,Green Gram,8.359838462609664
Kandy,Yala,Leeks,2026,78.63,942.3,Up-country Wet/Intermediate,Supported envelope,Up Country Wet Zone,Leeks,11.983975581838992
Kandy,Yala,Pepper,2026,41.47,213.91,Up-country Wet/Intermediate,Supported envelope,Up Country Wet Zone,Pepper,5.158186640945262
Kandy,Yala,Pineapple,2026,172.03,3765.4,Up-country Wet/Intermediate,Supported envelope,Up Country Wet Zone,Pineapple,21.888042783235484
Kandy,Yala,Sweet Potato,2026,71.76,972.41,Up-country Wet/Intermediate,Supported envelope,Up Country Wet Zone,Sweet Potatoes,13.55086399108138
Kegalle,Maha,Beans,2026,71.44,616.52,Wet/Intermediate,Supported envelope,Wet Zone,Beans,8.62989921612542
Kegalle,Maha,Beans,2026,89.5,1046.7,Wet/Intermediate,Supported envelope,Wet Zone,Beans,11.694972067039107
Kegalle,Maha,Beans,2026,66.21,581.31,Wet/Intermediate,Supported envelope,Wet Zone,Beans,8.77979157227005
Kegalle,Maha,Cabbage,2026,82.38,1229.96,Wet/Intermediate,Supported envelope,Wet Zone,Cabbage,14.93032289390629
Kegalle,Maha,Carrot,2026,141.85,2130.73,Wet/Intermediate,Supported envelope,Wet Zone,Carrot,15.021008107155447
Kegalle,Maha,Carrot,2026,105.67,1619.55,Wet/Intermediate,Supported envelope,Wet Zone,Carrot,15.326488123403047
Kegalle,Maha,Carrot,2026,89.28,1417.2,Wet/Intermediate,Supported envelope,Wet Zone,Carrot,15.873655913978494
Kegalle,Maha,Cassava,2026,95.74,2086.18,Wet/Intermediate,Supported envelope,Wet Zone,Manioc,21.790056402757468
Kegalle,Maha,Cauliflower,2026,89.75,1225.1,Wet/Intermediate,Supported envelope,Wet Zone,Cauliflower,13.650139275766016
Kegalle,Maha,Chilli,2026,58.1,464.93,Wet/Intermediate,Supported envelope,Wet Zone,Chillies (Green),8.00223752151463
Kegalle,Maha,Chilli,2026,56.14,446.36,Wet/Intermediate,Supported envelope,Wet Zone,Chillies (Green),7.950837192732455
Kegalle,Maha,Ginger,2026,68.08,834.28,Wet/Intermediate,Supported envelope,Wet Zone,Ginger,12.254406580493537
Kegalle,Maha,Green Gram,2026,67.84,458.89,Wet/Intermediate,Supported envelope,Wet Zone,Green Gram,6.764298349056603
Kegalle,Maha,Pineapple,2026,76.84,1908.7,Wet/Intermediate,Supported envelope,Wet Zone,Pineapple,24.839927121290994
Kegalle,Maha,Turmeric,2026,97.36,1017.18,Wet/Intermediate,Supported envelope,Wet Zone,Turmeric,10.447617091207889
Kegalle,Maha,Turmeric,2026,61.47,730.92,Wet/Intermediate,Supported envelope,Wet Zone,Turmeric,11.890678379697412
Kegalle,Yala,Beans,2026,51.71,454.16,Wet/Intermediate,Supported envelope,Wet Zone,Beans,8.782827306130343
Kegalle,Yala,Beans,2026,90.98,760.13,Wet/Intermediate,Supported envelope,Wet Zone,Beans,8.35491316772917
Kegalle,Yala,Carrot,2026,99.58,1482.12,Wet/Intermediate,Supported envelope,Wet Zone,Carrot,14.883711588672423
Kegalle,Yala,Chilli,2026,65.55,420.39,Wet/Intermediate,Supported envelope,Wet Zone,Chillies (Green),6.413272311212815
Kegalle,Yala,Cinnamon,2026,31.85,122.39,Wet/Intermediate,Supported envelope,Wet Zone,Cinnamon,3.842700156985871
Kegalle,Yala,Pepper,2026,53.56,248.3,Wet/Intermediate,Supported envelope,Wet Zone,Pepper,4.635922330097087
Kilinochchi,Maha,Big Onion,2026,59.56,628.33,Dry,Supported envelope,Dry Zone,Big Onion,10.549529885829417
Kilinochchi,Maha,Big Onion,2026,76.66,872.95,Dry,Supported envelope,Dry Zone,Big Onion,11.387294547351944
Kilinochchi,Maha,Carrot,2026,114.93,1421.4,Dry,Supported envelope,Dry Zone,Carrot,12.367528060558602
Kilinochchi,Maha,Chilli,2026,47.14,310.61,Dry,Supported envelope,Dry Zone,Chillies (Green),6.589096308867204
Kilinochchi,Maha,Chilli,2026,37.73,311.96,Dry,Supported envelope,Dry Zone,Chillies (Green),8.268221574344023
Kilinochchi,Maha,Chilli,2026,63.71,465.6,Dry,Supported envelope,Dry Zone,Chillies (Green),7.308114895620782
Kilinochchi,Maha,Chilli,2026,38.9,308.71,Dry,Supported envelope,Dry Zone,Chillies (Green),7.93598971722365
Kilinochchi,Maha,Chilli,2026,77.13,630.34,Dry,Supported envelope,Dry Zone,Chillies (Green),8.172436146765202
Kilinochchi,Maha,Ginger,2026,85.16,1142.65,Dry,Supported envelope,Dry Zone,Ginger,13.417684358853924
Kilinochchi,Maha,Groundnut,2026,44.26,441.37,Dry,Supported envelope,Dry Zone,Ground Nuts,9.972209670131045
Kilinochchi,Maha,Maize,2026,104.36,1583.12,Dry,Supported envelope,Dry Zone,Maize,15.169796857033345
Kilinochchi,Maha,Red Onion,2026,63.92,504.98,Dry,Supported envelope,Dry Zone,Red Onion,7.900187734668336
Kilinochchi,Yala,Big Onion,2026,49.38,539.47,Dry,Supported envelope,Dry Zone,Big Onion,10.924868367760228
Kilinochchi,Yala,Carrot,2026,39.2,680.69,Dry,Supported envelope,Dry Zone,Carrot,17.36454081632653
Kilinochchi,Yala,Chilli,2026,44.65,319.93,Dry,Supported envelope,Dry Zone,Chillies (Green),7.1652855543113105
Kilinochchi,Yala,Chilli,2026,29.38,198.11,Dry,Supported envelope,Dry Zone,Chillies (Green),6.743022464261403
Kilinochchi,Yala,Cowpea,2026,68.3,441.22,Dry,Supported envelope,Dry Zone,Cowpea,6.460029282576867
Kilinochchi,Yala,Ginger,2026,51.99,566.84,Dry,Supported envelope,Dry Zone,Ginger,10.902865935756877
Kilinochchi,Yala,Ginger,2026,50.73,576.78,Dry,Supported envelope,Dry Zone,Ginger,11.369603784742756
Kilinochchi,Yala,Ginger,2026,55.07,563.94,Dry,Supported envelope,Dry Zone,Ginger,10.240421282004721
Kilinochchi,Yala,Maize,2026,93.71,1414.2,Dry,Supported envelope,Dry Zone,Maize,15.091238928609542
Kurunegala,Maha,Carrot,2026,108.38,1751.67,Intermediate/Dry,Supported envelope,Intermediate Zone,Carrot,16.1622993172172
Kurunegala,Maha,Carrot,2026,103.56,1705.93,Intermediate/Dry,Supported envelope,Intermediate Zone,Carrot,16.472865971417537
Kurunegala,Maha,Chilli,2026,65.98,537.46,Intermediate/Dry,Supported envelope,Intermediate Zone,Chillies (Green),8.145801758108517
Kurunegala,Maha,Cowpea,2026,58.67,339.44,Intermediate/Dry,Supported envelope,Intermediate Zone,Cowpea,5.785580364752002
Kurunegala,Maha,Cowpea,2026,57.38,426.95,Intermediate/Dry,Supported envelope,Intermediate Zone,Cowpea,7.44074590449634
Kurunegala,Maha,Ginger,2026,76.02,962.29,Intermediate/Dry,Supported envelope,Intermediate Zone,Ginger,12.658379373848987
Kurunegala,Maha,Green Gram,2026,60.79,459.66,Intermediate/Dry,Supported envelope,Intermediate Zone,Green Gram,7.56144102648462
Kurunegala,Maha,Groundnut,2026,53.21,434.95,Intermediate/Dry,Supported envelope,Intermediate Zone,Ground Nuts,8.174215373050178
Kurunegala,Maha,Maize,2026,167.39,2182.91,Intermediate/Dry,Supported envelope,Intermediate Zone,Maize,13.040862656072646
Kurunegala,Maha,Maize,2026,140.64,2147.61,Intermediate/Dry,Supported envelope,Intermediate Zone,Maize,15.270264505119457
Kurunegala,Maha,Pineapple,2026,149.59,3645.89,Intermediate/Dry,Supported envelope,Intermediate Zone,Pineapple,24.372551641152484
Kurunegala,Maha,Potato,2026,110.87,2061.5,Intermediate/Dry,Supported envelope,Intermediate Zone,Potatoes,18.593848651573914
Kurunegala,Maha,Potato,2026,148.89,2814.39,Intermediate/Dry,Supported envelope,Intermediate Zone,Potatoes,18.902478339713884
Kurunegala,Yala,Big Onion,2026,72.98,755.09,Intermediate/Dry,Supported envelope,Intermediate Zone,Big Onion,10.346533296793641
Kurunegala,Yala,Big Onion,2026,82.53,976.21,Intermediate/Dry,Supported envelope,Intermediate Zone,Big Onion,11.828547194959409
Kurunegala,Yala,Carrot,2026,57.42,1094.57,Intermediate/Dry,Supported envelope,Intermediate Zone,Carrot,19.062521769418318
Kurunegala,Yala,Chilli,2026,78.78,485.15,Intermediate/Dry,Supported envelope,Intermediate Zone,Chillies (Green),6.158288905813658
Kurunegala,Yala,Chilli,2026,60.91,645.96,Intermediate/Dry,Supported envelope,Intermediate Zone,Chillies (Green),10.605155146938106
Kurunegala,Yala,Chilli,2026,52.13,465.85,Intermediate/Dry,Supported envelope,Intermediate Zone,Chillies (Green),8.936313063495108
Kurunegala,Yala,Cowpea,2026,69.54,745.51,Intermediate/Dry,Supported envelope,Intermediate Zone,Cowpea,10.720592464768478
Kurunegala,Yala,Ginger,2026,90.09,801.8,Intermediate/Dry,Supported envelope,Intermediate Zone,Ginger,8.8999888999889
Kurunegala,Yala,Ginger,2026,81.74,875.08,Intermediate/Dry,Supported envelope,Intermediate Zone,Ginger,10.705652067531197
Kurunegala,Yala,Green Gram,2026,48.38,474.25,Intermediate/Dry,Supported envelope,Intermediate Zone,Green Gram,9.802604381976023
Mannar,Maha,Carrot,2026,140.93,2387.92,Dry,Supported envelope,Dry Zone,Carrot,16.944014759100263
Mannar,Maha,Cassava,2026,279.14,5916.92,Dry,Supported envelope,Dry Zone,Manioc,21.19696209787204
Mannar,Maha,Chilli,2026,86.38,667.99,Dry,Supported envelope,Dry Zone,Chillies (Green),7.733155823107201
Mannar,Maha,Cowpea,2026,90.18,638.03,Dry,Supported envelope,Dry Zone,Cowpea,7.075072078066089
Mannar,Maha,Cowpea,2026,87.13,629.42,Dry,Supported envelope,Dry Zone,Cowpea,7.223918283025364
Mannar,Maha,Potato,2026,199.96,3482.15,Dry,Supported envelope,Dry Zone,Potatoes,17.414232846569313
Mannar,Maha,Potato,2026,174.26,2880.16,Dry,Supported envelope,Dry Zone,Potatoes,16.52794674624125
Mannar,Maha,Red Onion,2026,118.42,1160.86,Dry,Supported envelope,Dry Zone,Red Onion,9.802904914710352
Mannar,Maha,Red Onion,2026,124.61,1099.05,Dry,Supported envelope,Dry Zone,Red Onion,8.819918144611187
Mannar,Maha,Turmeric,2026,88.27,904.84,Dry,Supported envelope,Dry Zone,Turmeric,10.25082134360485
Mannar,Yala,Carrot,2026,106.16,1683.8,Dry,Supported envelope,Dry Zone,Carrot,15.860964581763376
Mannar,Yala,Chilli,2026,71.48,478.73,Dry,Supported envelope,Dry Zone,Chillies (Green),6.697397873531058
Mannar,Yala,Ginger,2026,77.21,784.56,Dry,Supported envelope,Dry Zone,Ginger,10.161378059836808
Mannar,Yala,Groundnut,2026,94.14,810.72,Dry,Supported envelope,Dry Zone,Ground Nuts,8.611854684512428
Mannar,Yala,Maize,2026,137.38,2399.59,Dry,Supported envelope,Dry Zone,Maize,17.466807395545203
Mannar,Yala,Red Onion,2026,95.39,966.26,Dry,Supported envelope,Dry Zone,Red Onion,10.129573330537792
Matale,Maha,Beans,2026,77.92,770.14,Intermediate/Up-country,Supported envelope,Intermediate Zone,Beans,9.883726899383984
Matale,Maha,Beans,2026,55.9,555.06,Intermediate/Up-country,Supported envelope,Intermediate Zone,Beans,9.929516994633273
Matale,Maha,Big Onion,2026,68.1,588.81,Intermediate/Up-country,Supported envelope,Intermediate Zone,Big Onion,8.646255506607929
Matale,Maha,Cabbage,2026,86.54,1181.07,Intermediate/Up-country,Supported envelope,Intermediate Zone,Cabbage,13.647677374624449
Matale,Maha,Carrot,2026,110.45,1713.05,Intermediate/Up-country,Supported envelope,Intermediate Zone,Carrot,15.509732910819375
Matale,Maha,Carrot,2026,132.64,1852.87,Intermediate/Up-country,Supported envelope,Intermediate Zone,Carrot,13.969164656212305
Matale,Maha,Carrot,2026,73.48,1184.39,Intermediate/Up-country,Supported envelope,Intermediate Zone,Carrot,16.118535655960805
Matale,Maha,Chilli,2026,74.37,564.38,Intermediate/Up-country,Supported envelope,Intermediate Zone,Chillies (Green),7.588812693290305
Matale,Maha,Chilli,2026,54.32,450.41,Intermediate/Up-country,Supported envelope,Intermediate Zone,Chillies (Green),8.29178939617084
Matale,Maha,Green Gram,2026,46.52,266.53,Intermediate/Up-country,Supported envelope,Intermediate Zone,Green Gram,5.729363714531384
Matale,Maha,Green Gram,2026,49.93,446.43,Intermediate/Up-country,Supported envelope,Intermediate Zone,Green Gram,8.941117564590426
Matale,Maha,Groundnut,2026,66.5,721.88,Intermediate/Up-country,Supported envelope,Intermediate Zone,Ground Nuts,10.855338345864661
Matale,Maha,Groundnut,2026,65.4,726.8,Intermediate/Up-country,Supported envelope,Intermediate Zone,Ground Nuts,11.1131498470948
Matale,Maha,Leeks,2026,66.47,843.11,Intermediate/Up-country,Supported envelope,Intermediate Zone,Leeks,12.684068000601776
Matale,Maha,Leeks,2026,63.26,687.21,Intermediate/Up-country,Supported envelope,Intermediate Zone,Leeks,10.86326272526083
Matale,Maha,Pepper,2026,37.56,191.86,Intermediate/Up-country,Supported envelope,Intermediate Zone,Pepper,5.108093716719915
Matale,Maha,Red Onion,2026,52.77,486.41,Intermediate/Up-country,Supported envelope,Intermediate Zone,Red Onion,9.217547849156718
Matale,Maha,Tea,2026,166.73,3612.46,Intermediate/Up-country,Supported envelope,Intermediate Zone,Tea,21.66652671984646
Matale,Maha,Tea,2026,146.67,4151.31,Intermediate/Up-country,Supported envelope,Intermediate Zone,Tea,28.303743096747805
Matale,Yala,Beans,2026,49.97,501.85,Intermediate/Up-country,Supported envelope,Intermediate Zone,Beans,10.043025815489294
Matale,Yala,Beans,2026,56.97,533.58,Intermediate/Up-country,Supported envelope,Intermediate Zone,Beans,9.365982095839916
Matale,Yala,Carrot,2026,76.82,997.53,Intermediate/Up-country,Supported envelope,Intermediate Zone,Carrot,12.985290288987244
Matale,Yala,Carrot,2026,61.63,876.74,Intermediate/Up-country,Supported envelope,Intermediate Zone,Carrot,14.225864027259451
Matale,Yala,Carrot,2026,120.72,2261.82,Intermediate/Up-country,Supported envelope,Intermediate Zone,Carrot,18.736083499005964
Matale,Yala,Cassava,2026,137.2,2500.66,Intermediate/Up-country,Supported envelope,Intermediate Zone,Manioc,18.226384839650148
Matale,Yala,Cassava,2026,136.69,3096.47,Intermediate/Up-country,Supported envelope,Intermediate Zone,Manioc,22.65322993635233
Matale,Yala,Chilli,2026,48.85,343.4,Intermediate/Up-country,Supported envelope,Intermediate Zone,Chillies (Green),7.029682702149437
Matale,Yala,Chilli,2026,49.21,367.84,Intermediate/Up-country,Supported envelope,Intermediate Zone,Chillies (Green),7.474903474903474
Matale,Yala,Groundnut,2026,59.25,580.81,Intermediate/Up-country,Supported envelope,Intermediate Zone,Ground Nuts,9.802700421940928
Matale,Yala,Groundnut,2026,77.57,764.58,Intermediate/Up-country,Supported envelope,Intermediate Zone,Ground Nuts,9.856645610416399
Matale,Yala,Groundnut,2026,64.74,627.83,Intermediate/Up-country,Supported envelope,Intermediate Zone,Ground Nuts,9.697713932653693
Matale,Yala,Leeks,2026,72.5,881.9,Intermediate/Up-country,Supported envelope,Intermediate Zone,Leeks,12.164137931034482
Matale,Yala,Leeks,2026,63.0,801.16,Intermediate/Up-country,Supported envelope,Intermediate Zone,Leeks,12.716825396825396
Matale,Yala,Maize,2026,76.19,1245.25,Intermediate/Up-country,Supported envelope,Intermediate Zone,Maize,16.344008400052502
Matale,Yala,Pepper,2026,35.32,184.08,Intermediate/Up-country,Supported envelope,Intermediate Zone,Pepper,5.211778029445074
Matale,Yala,Pepper,2026,49.97,240.45,Intermediate/Up-country,Supported envelope,Intermediate Zone,Pepper,4.8118871322793675
Matale,Yala,Pepper,2026,30.67,129.05,Intermediate/Up-country,Supported envelope,Intermediate Zone,Pepper,4.2076948157808935
Matale,Yala,Potato,2026,88.9,1684.79,Intermediate/Up-country,Supported envelope,Intermediate Zone,Potatoes,18.951518560179977
Matara,Maha,Big Onion,2026,176.58,1928.13,Wet,Supported envelope,Wet Zone,Big Onion,10.919300033978933
Matara,Maha,Big Onion,2026,106.73,1256.82,Wet,Supported envelope,Wet Zone,Big Onion,11.775695680689589
Matara,Maha,Carrot,2026,121.79,1842.61,Wet,Supported envelope,Wet Zone,Carrot,15.129403070859675
Matara,Maha,Carrot,2026,121.52,1682.92,Wet,Supported envelope,Wet Zone,Carrot,13.848913759052008
Matara,Maha,Carrot,2026,150.56,1832.18,Wet,Supported envelope,Wet Zone,Carrot,12.169102019128587
Matara,Maha,Cassava,2026,144.81,3911.89,Wet,Supported envelope,Wet Zone,Manioc,27.013949312892755
Matara,Maha,Chilli,2026,88.95,626.02,Wet,Supported envelope,Wet Zone,Chillies (Green),7.037886453063519
Matara,Maha,Cowpea,2026,132.16,986.45,Wet,Supported envelope,Wet Zone,Cowpea,7.464058716707022
Matara,Maha,Cowpea,2026,92.11,773.58,Wet,Supported envelope,Wet Zone,Cowpea,8.398436651829336
Matara,Maha,Green Gram,2026,70.73,590.87,Wet,Supported envelope,Wet Zone,Green Gram,8.353880955747208
Matara,Maha,Maize,2026,161.16,2004.01,Wet,Supported envelope,Wet Zone,Maize,12.434909406800696
Matara,Maha,Pepper,2026,66.45,432.11,Wet,Supported envelope,Wet Zone,Pepper,6.502784048156508
Matara,Maha,Red Onion,2026,90.73,984.26,Wet,Supported envelope,Wet Zone,Red Onion,10.848231015099746
Matara,Maha,Turmeric,2026,60.13,567.68,Wet,Supported envelope,Wet Zone,Turmeric,9.440878097455512
Matara,Maha,Turmeric,2026,84.62,868.32,Wet,Supported envelope,Wet Zone,Turmeric,10.261403923422359
Matara,Maha,Turmeric,2026,91.4,872.99,Wet,Supported envelope,Wet Zone,Turmeric,9.551312910284464
Matara,Yala,Carrot,2026,122.49,2018.41,Wet,Supported envelope,Wet Zone,Carrot,16.478161482570005
Matara,Yala,Cassava,2026,200.13,5027.62,Wet,Supported envelope,Wet Zone,Manioc,25.121770848948184
Matara,Yala,Chilli,2026,65.99,511.33,Wet,Supported envelope,Wet Zone,Chillies (Green),7.748598272465525
Matara,Yala,Chilli,2026,94.32,906.31,Wet,Supported envelope,Wet Zone,Chillies (Green),9.608884648006786
Matara,Yala,Cinnamon,2026,58.23,265.32,Wet,Supported envelope,Wet Zone,Cinnamon,4.556414219474497
Matara,Yala,Cinnamon,2026,80.89,411.48,Wet,Supported envelope,Wet Zone,Cinnamon,5.086908146866115
Matara,Yala,Cowpea,2026,55.33,462.21,Wet,Supported envelope,Wet Zone,Cowpea,8.353696005783481
Matara,Yala,Green Gram,2026,78.02,603.35,Wet,Supported envelope,Wet Zone,Green Gram,7.733273519610357
Matara,Yala,Groundnut,2026,66.43,714.66,Wet,Supported envelope,Wet Zone,Ground Nuts,10.758091223844646
Matara,Yala,Maize,2026,107.7,1604.32,Wet,Supported envelope,Wet Zone,Maize,14.896193129062208
Matara,Yala,Sweet Potato,2026,147.13,2189.53,Wet,Supported envelope,Wet Zone,Sweet Potatoes,14.881601304968397
Matara,Yala,Turmeric,2026,107.24,869.64,Wet,Supported envelope,Wet Zone,Turmeric,8.10928757926147
Mullaitivu,Maha,Big Onion,2026,124.58,1323.2,Dry,Supported envelope,Dry Zone,Big Onion,10.621287526087656
Mullaitivu,Maha,Carrot,2026,124.2,1969.98,Dry,Supported envelope,Dry Zone,Carrot,15.861352657004831
Mullaitivu,Maha,Carrot,2026,140.05,1975.67,Dry,Supported envelope,Dry Zone,Carrot,14.10689039628704
Mullaitivu,Maha,Carrot,2026,97.99,1667.42,Dry,Supported envelope,Dry Zone,Carrot,17.016226145525057
Mullaitivu,Maha,Carrot,2026,115.86,2251.71,Dry,Supported envelope,Dry Zone,Carrot,19.434748834800622
Mullaitivu,Maha,Chilli,2026,55.44,455.27,Dry,Supported envelope,Dry Zone,Chillies (Green),8.211940836940837
Mullaitivu,Maha,Chilli,2026,90.0,710.55,Dry,Supported envelope,Dry Zone,Chillies (Green),7.895
Mullaitivu,Maha,Ginger,2026,120.67,1532.84,Dry,Supported envelope,Dry Zone,Ginger,12.702743018148668
Mullaitivu,Maha,Ginger,2026,132.66,1705.56,Dry,Supported envelope,Dry Zone,Ginger,12.856625961103573
Mullaitivu,Maha,Groundnut,2026,60.2,555.82,Dry,Supported envelope,Dry Zone,Ground Nuts,9.232890365448505
Mullaitivu,Maha,Maize,2026,138.22,2504.42,Dry,Supported envelope,Dry Zone,Maize,18.119085515844308
Mullaitivu,Maha,Potato,2026,160.68,2899.57,Dry,Supported envelope,Dry Zone,Potatoes,18.04561862086134
Mullaitivu,Maha,Red Onion,2026,105.12,984.02,Dry,Supported envelope,Dry Zone,Red Onion,9.360920852359207
Mullaitivu,Maha,Turmeric,2026,108.76,1261.14,Dry,Supported envelope,Dry Zone,Turmeric,11.595623390952557
Mullaitivu,Maha,Turmeric,2026,88.11,933.68,Dry,Supported envelope,Dry Zone,Turmeric,10.596754057428214
Mullaitivu,Yala,Carrot,2026,119.34,2058.51,Dry,Supported envelope,Dry Zone,Carrot,17.249120160884868
Mullaitivu,Yala,Carrot,2026,148.68,2019.74,Dry,Supported envelope,Dry Zone,Carrot,13.584476728544525
Mullaitivu,Yala,Chilli,2026,69.32,527.68,Dry,Supported envelope,Dry Zone,Chillies (Green),7.612233121754183
Mullaitivu,Yala,Cowpea,2026,93.23,670.24,Dry,Supported envelope,Dry Zone,Cowpea,7.189102220315349
Mullaitivu,Yala,Cowpea,2026,47.73,315.8,Dry,Supported envelope,Dry Zone,Cowpea,6.616383825686152
Mullaitivu,Yala,Groundnut,2026,101.84,952.87,Dry,Supported envelope,Dry Zone,Ground Nuts,9.356539670070699
Mullaitivu,Yala,Groundnut,2026,56.74,555.88,Dry,Supported envelope,Dry Zone,Ground Nuts,9.796968628833275
Mullaitivu,Yala,Maize,2026,109.51,1701.93,Dry,Supported envelope,Dry Zone,Maize,15.541320427358231
Mullaitivu,Yala,Maize,2026,112.96,1646.02,Dry,Supported envelope,Dry Zone,Maize,14.571706798866856
Nuwara Eliya,Maha,Beans,2026,103.22,1103.6,Up-country Wet,Supported envelope,Up Country Wet Zone,Beans,10.69172640961054
Nuwara Eliya,Maha,Beans,2026,133.21,1306.34,Up-country Wet,Supported envelope,Up Country Wet Zone,Beans,9.806621124540198
Nuwara Eliya,Maha,Beans,2026,80.28,819.83,Up-country Wet,Supported envelope,Up Country Wet Zone,Beans,10.212132536123567
Nuwara Eliya,Maha,Beans,2026,64.44,619.84,Up-country Wet,Supported envelope,Up Country Wet Zone,Beans,9.61887026691496
Nuwara Eliya,Maha,Carrot,2026,126.3,1973.88,Up-country Wet,Supported envelope,Up Country Wet Zone,Carrot,15.628503562945369
Nuwara Eliya,Maha,Cauliflower,2026,90.14,1009.78,Up-country Wet,Supported envelope,Up Country Wet Zone,Cauliflower,11.202351897049034
Nuwara Eliya,Maha,Cowpea,2026,39.47,322.3,Up-country Wet,Supported envelope,Up Country Wet Zone,Cowpea,8.165695464910058
Nuwara Eliya,Maha,Cowpea,2026,41.83,294.01,Up-country Wet,Supported envelope,Up Country Wet Zone,Cowpea,7.0286875448242885
Nuwara Eliya,Maha,Ginger,2026,101.38,1145.21,Up-country Wet,Supported envelope,Up Country Wet Zone,Ginger,11.296212270664826
Nuwara Eliya,Maha,Groundnut,2026,46.61,516.26,Up-country Wet,Supported envelope,Up Country Wet Zone,Ground Nuts,11.07616391332332
Nuwara Eliya,Maha,Leeks,2026,87.26,976.43,Up-country Wet,Supported envelope,Up Country Wet Zone,Leeks,11.18989227595691
Nuwara Eliya,Maha,Maize,2026,99.82,1718.81,Up-country Wet,Supported envelope,Up Country Wet Zone,Maize,17.219094369865758
Nuwara Eliya,Maha,Maize,2026,114.48,1545.42,Up-country Wet,Supported envelope,Up Country Wet Zone,Maize,13.499475890985325
Nuwara Eliya,Maha,Maize,2026,116.35,1913.05,Up-country Wet,Supported envelope,Up Country Wet Zone,Maize,16.442200257842718
Nuwara Eliya,Maha,Pepper,2026,48.61,226.14,Up-country Wet,Supported envelope,Up Country Wet Zone,Pepper,4.652129191524377
Nuwara Eliya,Maha,Potato,2026,98.24,1885.88,Up-country Wet,Supported envelope,Up Country Wet Zone,Potatoes,19.19666123778502
Nuwara Eliya,Maha,Sweet Potato,2026,65.52,801.55,Up-country Wet,Supported envelope,Up Country Wet Zone,Sweet Potatoes,12.233669108669108
Nuwara Eliya,Yala,Cabbage,2026,64.61,977.74,Up-country Wet,Supported envelope,Up Country Wet Zone,Cabbage,15.132951555486766
Nuwara Eliya,Yala,Carrot,2026,123.48,2009.26,Up-country Wet,Supported envelope,Up Country Wet Zone,Carrot,16.27194687398769
Nuwara Eliya,Yala,Cauliflower,2026,56.95,746.51,Up-country Wet,Supported envelope,Up Country Wet Zone,Cauliflower,13.108165057067602
Nuwara Eliya,Yala,Chilli,2026,51.41,437.15,Up-country Wet,Supported envelope,Up Country Wet Zone,Chillies (Green),8.50320949231667
Nuwara Eliya,Yala,Cowpea,2026,42.85,283.54,Up-country Wet,Supported envelope,Up Country Wet Zone,Cowpea,6.61703617269545
Nuwara Eliya,Yala,Leeks,2026,92.03,1033.87,Up-country Wet,Supported envelope,Up Country Wet Zone,Leeks,11.234054112789307
Nuwara Eliya,Yala,Leeks,2026,141.62,1731.58,Up-country Wet,Supported envelope,Up Country Wet Zone,Leeks,12.226945346702442
Nuwara Eliya,Yala,Leeks,2026,126.8,1431.15,Up-country Wet,Supported envelope,Up Country Wet Zone,Leeks,11.286671924290221
Nuwara Eliya,Yala,Maize,2026,108.6,1974.23,Up-country Wet,Supported envelope,Up Country Wet Zone,Maize,18.178913443830574
Nuwara Eliya,Yala,Red Onion,2026,37.03,379.45,Up-country Wet,Supported envelope,Up Country Wet Zone,Red Onion,10.247096948420198
Nuwara Eliya,Yala,Sweet Potato,2026,85.55,1156.26,Up-country Wet,Supported envelope,Up Country Wet Zone,Sweet Potatoes,13.515604909409703
Nuwara Eliya,Yala,Tea,2026,225.57,6184.58,Up-country Wet,Supported envelope,Up Country Wet Zone,Tea,27.417564392428073
Polonnaruwa,Maha,Big Onion,2026,72.29,664.81,Dry,Supported envelope,Dry Zone,Big Onion,9.196431041637846
Polonnaruwa,Maha,Carrot,2026,59.71,886.13,Dry,Supported envelope,Dry Zone,Carrot,14.840562719812427
Polonnaruwa,Maha,Chilli,2026,74.43,617.65,Dry,Supported envelope,Dry Zone,Chillies (Green),8.298401182318957
Polonnaruwa,Maha,Chilli,2026,77.79,574.26,Dry,Supported envelope,Dry Zone,Chillies (Green),7.382182799845737
Polonnaruwa,Maha,Ginger,2026,70.16,645.36,Dry,Supported envelope,Dry Zone,Ginger,9.198403648802737
Polonnaruwa,Maha,Green Gram,2026,42.26,327.38,Dry,Supported envelope,Dry Zone,Green Gram,7.746805489824894
Polonnaruwa,Maha,Potato,2026,116.31,2666.14,Dry,Supported envelope,Dry Zone,Potatoes,22.922706560055023
Polonnaruwa,Maha,Red Onion,2026,93.5,702.11,Dry,Supported envelope,Dry Zone,Red Onion,7.509197860962567
Polonnaruwa,Maha,Red Onion,2026,82.59,871.13,Dry,Supported envelope,Dry Zone,Red Onion,10.547644993340597
Polonnaruwa,Maha,Sweet Potato,2026,100.35,1580.79,Dry,Supported envelope,Dry Zone,Sweet Potatoes,15.752765321375188
Polonnaruwa,Maha,Turmeric,2026,95.8,1141.05,Dry,Supported envelope,Dry Zone,Turmeric,11.910751565762004
Polonnaruwa,Yala,Carrot,2026,93.87,1487.26,Dry,Supported envelope,Dry Zone,Carrot,15.843826568658782
Polonnaruwa,Yala,Carrot,2026,66.13,915.27,Dry,Supported envelope,Dry Zone,Carrot,13.84046574928172
Polonnaruwa,Yala,Chilli,2026,66.31,423.51,Dry,Supported envelope,Dry Zone,Chillies (Green),6.386819484240688
Polonnaruwa,Yala,Chilli,2026,89.47,622.24,Dry,Supported envelope,Dry Zone,Chillies (Green),6.954733430200068
Polonnaruwa,Yala,Chilli,2026,53.24,454.51,Dry,Supported envelope,Dry Zone,Chillies (Green),8.537002253944403
Polonnaruwa,Yala,Chilli,2026,49.64,411.0,Dry,Supported envelope,Dry Zone,Chillies (Green),8.279613215149073
Polonnaruwa,Yala,Green Gram,2026,50.8,442.43,Dry,Supported envelope,Dry Zone,Green Gram,8.709251968503938
Polonnaruwa,Yala,Maize,2026,78.89,1362.39,Dry,Supported envelope,Dry Zone,Maize,17.26948916212448
Polonnaruwa,Yala,Maize,2026,115.59,1692.52,Dry,Supported envelope,Dry Zone,Maize,14.642443117916773
Polonnaruwa,Yala,Potato,2026,178.26,3378.83,Dry,Supported envelope,Dry Zone,Potatoes,18.954504656120275
Polonnaruwa,Yala,Potato,2026,82.53,1600.97,Dry,Supported envelope,Dry Zone,Potatoes,19.39864291772689
Polonnaruwa,Yala,Potato,2026,112.12,2214.51,Dry,Supported envelope,Dry Zone,Potatoes,19.7512486621477
Polonnaruwa,Yala,Red Onion,2026,117.99,1127.6,Dry,Supported envelope,Dry Zone,Red Onion,9.556742096787863
Polonnaruwa,Yala,Red Onion,2026,52.9,487.23,Dry,Supported envelope,Dry Zone,Red Onion,9.210396975425331
Polonnaruwa,Yala,Turmeric,2026,62.03,686.35,Dry,Supported envelope,Dry Zone,Turmeric,11.064807351281639
Puttalam,Maha,Big Onion,2026,92.6,1125.17,Dry/Intermediate,Supported envelope,Dry Zone,Big Onion,12.150863930885532
Puttalam,Maha,Carrot,2026,137.47,2369.6,Dry/Intermediate,Supported envelope,Dry Zone,Carrot,17.23721539244926
Puttalam,Maha,Carrot,2026,94.86,1086.72,Dry/Intermediate,Supported envelope,Dry Zone,Carrot,11.456040480708413
Puttalam,Maha,Carrot,2026,74.34,1026.27,Dry/Intermediate,Supported envelope,Dry Zone,Carrot,13.805084745762711
Puttalam,Maha,Carrot,2026,79.98,1140.66,Dry/Intermediate,Supported envelope,Dry Zone,Carrot,14.261815453863466
Puttalam,Maha,Carrot,2026,96.05,1385.63,Dry/Intermediate,Supported envelope,Dry Zone,Carrot,14.426132222800627
Puttalam,Maha,Carrot,2026,120.3,1739.27,Dry/Intermediate,Supported envelope,Dry Zone,Carrot,14.457772236076476
Puttalam,Maha,Cowpea,2026,57.9,459.69,Dry/Intermediate,Supported envelope,Dry Zone,Cowpea,7.939378238341969
Puttalam,Maha,Ginger,2026,84.58,774.81,Dry/Intermediate,Supported envelope,Dry Zone,Ginger,9.160676282809174
Puttalam,Maha,Green Gram,2026,57.98,387.01,Dry/Intermediate,Supported envelope,Dry Zone,Green Gram,6.674887892376682
Puttalam,Maha,Groundnut,2026,78.93,633.38,Dry/Intermediate,Supported envelope,Dry Zone,Ground Nuts,8.024578740656278
Puttalam,Maha,Potato,2026,92.62,1605.71,Dry/Intermediate,Supported envelope,Dry Zone,Potatoes,17.336536385229973
Puttalam,Maha,Turmeric,2026,87.53,886.79,Dry/Intermediate,Supported envelope,Dry Zone,Turmeric,10.131269279104307
Puttalam,Yala,Carrot,2026,77.7,1236.61,Dry/Intermediate,Supported envelope,Dry Zone,Carrot,15.915186615186613
Puttalam,Yala,Chilli,2026,92.09,681.57,Dry/Intermediate,Supported envelope,Dry Zone,Chillies (Green),7.401129330003258
Puttalam,Yala,Ginger,2026,67.05,824.54,Dry/Intermediate,Supported envelope,Dry Zone,Ginger,12.297390007457121
Puttalam,Yala,Green Gram,2026,59.55,549.44,Dry/Intermediate,Supported envelope,Dry Zone,Green Gram,9.22653232577666
Puttalam,Yala,Potato,2026,69.82,1100.26,Dry/Intermediate,Supported envelope,Dry Zone,Potatoes,15.758521913491837
Puttalam,Yala,Sweet Potato,2026,126.2,1654.19,Dry/Intermediate,Supported envelope,Dry Zone,Sweet Potatoes,13.107686212361331
Puttalam,Yala,Sweet Potato,2026,74.68,1105.39,Dry/Intermediate,Supported envelope,Dry Zone,Sweet Potatoes,14.801687198714514
Ratnapura,Maha,Big Onion,2026,48.36,628.12,Wet/Intermediate,Supported envelope,Wet Zone,Big Onion,12.98842018196857
Ratnapura,Maha,Big Onion,2026,95.93,977.19,Wet/Intermediate,Supported envelope,Wet Zone,Big Onion,10.186490149067028
Ratnapura,Maha,Carrot,2026,92.9,1431.99,Wet/Intermediate,Supported envelope,Wet Zone,Carrot,15.41431646932185
Ratnapura,Maha,Carrot,2026,99.56,1551.65,Wet/Intermediate,Supported envelope,Wet Zone,Carrot,15.585074327038972
Ratnapura,Maha,Carrot,2026,69.6,1066.13,Wet/Intermediate,Supported envelope,Wet Zone,Carrot,15.317959770114946
Ratnapura,Maha,Carrot,2026,109.72,1603.43,Wet/Intermediate,Supported envelope,Wet Zone,Carrot,14.613835216915787
Ratnapura,Maha,Cassava,2026,262.73,7769.72,Wet/Intermediate,Supported envelope,Wet Zone,Manioc,29.573021733338408
Ratnapura,Maha,Cassava,2026,101.64,2534.1,Wet/Intermediate,Supported envelope,Wet Zone,Manioc,24.93211334120425
Ratnapura,Maha,Chilli,2026,71.26,511.78,Wet/Intermediate,Supported envelope,Wet Zone,Chillies (Green),7.181869211338759
Ratnapura,Maha,Cowpea,2026,70.6,630.15,Wet/Intermediate,Supported envelope,Wet Zone,Cowpea,8.925637393767706
Ratnapura,Maha,Ginger,2026,55.96,801.53,Wet/Intermediate,Supported envelope,Wet Zone,Ginger,14.32326661901358
Ratnapura,Maha,Groundnut,2026,85.16,919.43,Wet/Intermediate,Supported envelope,Wet Zone,Ground Nuts,10.796500704556129
Ratnapura,Maha,Sweet Potato,2026,76.56,992.12,Wet/Intermediate,Supported envelope,Wet Zone,Sweet Potatoes,12.958725182863114
Ratnapura,Maha,Tea,2026,292.96,7423.47,Wet/Intermediate,Supported envelope,Wet Zone,Tea,25.33953440742764
Ratnapura,Maha,Tea,2026,165.91,3789.99,Wet/Intermediate,Supported envelope,Wet Zone,Tea,22.84365017177988
Ratnapura,Yala,Beans,2026,60.6,474.89,Wet/Intermediate,Supported envelope,Wet Zone,Beans,7.836468646864686
Ratnapura,Yala,Big Onion,2026,64.69,637.64,Wet/Intermediate,Supported envelope,Wet Zone,Big Onion,9.856855773689906
Ratnapura,Yala,Cabbage,2026,78.52,1214.85,Wet/Intermediate,Supported envelope,Wet Zone,Cabbage,15.47185430463576
Ratnapura,Yala,Carrot,2026,110.13,1742.44,Wet/Intermediate,Supported envelope,Wet Zone,Carrot,15.821665304639971
Ratnapura,Yala,Cassava,2026,122.13,2617.95,Wet/Intermediate,Supported envelope,Wet Zone,Manioc,21.435765168263327
Ratnapura,Yala,Cauliflower,2026,71.54,763.78,Wet/Intermediate,Supported envelope,Wet Zone,Cauliflower,10.676265026558568
Ratnapura,Yala,Cauliflower,2026,89.01,1205.91,Wet/Intermediate,Supported envelope,Wet Zone,Cauliflower,13.548028311425682
Ratnapura,Yala,Chilli,2026,66.21,517.75,Wet/Intermediate,Supported envelope,Wet Zone,Chillies (Green),7.819815737803958
Ratnapura,Yala,Chilli,2026,33.78,243.79,Wet/Intermediate,Supported envelope,Wet Zone,Chillies (Green),7.216992303137951
Ratnapura,Yala,Cowpea,2026,44.37,286.89,Wet/Intermediate,Supported envelope,Wet Zone,Cowpea,6.465855307640298
Ratnapura,Yala,Cowpea,2026,57.75,440.41,Wet/Intermediate,Supported envelope,Wet Zone,Cowpea,7.626147186147187
Ratnapura,Yala,Groundnut,2026,55.44,506.11,Wet/Intermediate,Supported envelope,Wet Zone,Ground Nuts,9.128968253968255
Ratnapura,Yala,Maize,2026,83.34,1291.43,Wet/Intermediate,Supported envelope,Wet Zone,Maize,15.49592032637389
Ratnapura,Yala,Pepper,2026,39.37,217.58,Wet/Intermediate,Supported envelope,Wet Zone,Pepper,5.526543053086107
Ratnapura,Yala,Potato,2026,107.51,2254.5,Wet/Intermediate,Supported envelope,Wet Zone,Potatoes,20.970142312343036
Ratnapura,Yala,Red Onion,2026,56.07,515.78,Wet/Intermediate,Supported envelope,Wet Zone,Red Onion,9.198858569645086
Ratnapura,Yala,Tea,2026,249.73,6028.25,Wet/Intermediate,Supported envelope,Wet Zone,Tea,24.139070195811478
Ratnapura,Yala,Tea,2026,245.65,6784.03,Wet/Intermediate,Supported envelope,Wet Zone,Tea,27.616649704864642
Ratnapura,Yala,Turmeric,2026,106.92,1090.25,Wet/Intermediate,Supported envelope,Wet Zone,Turmeric,10.196876169098392
Trincomalee,Maha,Carrot,2026,94.82,1425.92,Dry,Supported envelope,Dry Zone,Carrot,15.03817759966252
Trincomalee,Maha,Carrot,2026,106.26,1868.56,Dry,Supported envelope,Dry Zone,Carrot,17.58479201957463
Trincomalee,Maha,Chilli,2026,42.37,317.49,Dry,Supported envelope,Dry Zone,Chillies (Green),7.493273542600898
Trincomalee,Maha,Ginger,2026,55.41,593.98,Dry,Supported envelope,Dry Zone,Ginger,10.719725681284968
Trincomalee,Maha,Red Onion,2026,63.4,471.6,Dry,Supported envelope,Dry Zone,Red Onion,7.438485804416405
Trincomalee,Maha,Red Onion,2026,79.02,705.08,Dry,Supported envelope,Dry Zone,Red Onion,8.922804353328273
Trincomalee,Yala,Big Onion,2026,47.9,490.75,Dry,Supported envelope,Dry Zone,Big Onion,10.245302713987474
Trincomalee,Yala,Carrot,2026,88.01,1684.15,Dry,Supported envelope,Dry Zone,Carrot,19.13589364844904
Trincomalee,Yala,Chilli,2026,67.02,486.08,Dry,Supported envelope,Dry Zone,Chillies (Green),7.252760370038795
Trincomalee,Yala,Cowpea,2026,40.45,290.96,Dry,Supported envelope,Dry Zone,Cowpea,7.1930778739184165
Trincomalee,Yala,Ginger,2026,83.07,772.51,Dry,Supported envelope,Dry Zone,Ginger,9.29950644035151
Trincomalee,Yala,Maize,2026,101.81,1567.36,Dry,Supported envelope,Dry Zone,Maize,15.394951380021608
Trincomalee,Yala,Sweet Potato,2026,101.79,1137.86,Dry,Supported envelope,Dry Zone,Sweet Potatoes,11.17850476471166
Trincomalee,Yala,Sweet Potato,2026,107.08,1512.35,Dry,Supported envelope,Dry Zone,Sweet Potatoes,14.12355248412402
Vavuniya,Maha,Carrot,2026,71.87,874.0,Dry,Supported envelope,Dry Zone,Carrot,12.160845971893696
Vavuniya,Maha,Carrot,2026,82.29,1301.0,Dry,Supported envelope,Dry Zone,Carrot,15.809940454490217
Vavuniya,Maha,Carrot,2026,125.32,2054.83,Dry,Supported envelope,Dry Zone,Carrot,16.396664538780723
Vavuniya,Maha,Carrot,2026,83.08,1136.85,Dry,Supported envelope,Dry Zone,Carrot,13.68379874819451
Vavuniya,Maha,Carrot,2026,118.29,1897.83,Dry,Supported envelope,Dry Zone,Carrot,16.04387522191225
Vavuniya,Maha,Cassava,2026,114.79,2785.02,Dry,Supported envelope,Dry Zone,Manioc,24.261869500827597
Vavuniya,Maha,Cassava,2026,179.19,3703.87,Dry,Supported envelope,Dry Zone,Manioc,20.670070874490765
Vavuniya,Maha,Chilli,2026,46.08,334.09,Dry,Supported envelope,Dry Zone,Chillies (Green),7.250217013888888
Vavuniya,Maha,Chilli,2026,99.09,638.05,Dry,Supported envelope,Dry Zone,Chillies (Green),6.439095771520839
Vavuniya,Maha,Green Gram,2026,100.14,781.71,Dry,Supported envelope,Dry Zone,Green Gram,7.806171360095866
Vavuniya,Maha,Maize,2026,114.97,1885.19,Dry,Supported envelope,Dry Zone,Maize,16.397234061059407
Vavuniya,Yala,Big Onion,2026,68.08,719.83,Dry,Supported envelope,Dry Zone,Big Onion,10.573296122209166
Vavuniya,Yala,Big Onion,2026,42.54,530.83,Dry,Supported envelope,Dry Zone,Big Onion,12.478373295721674
Vavuniya,Yala,Turmeric,2026,81.36,874.34,Dry,Supported envelope,Dry Zone,Turmeric,10.746558505408064
