district,year,month,temperature_avg_c,temperature_max_c,temperature_min_c,rainfall_mm_total,humidity_percent,solar_radiation_mj_m2_day,wind_speed_m_s
Ampara,2000,1,26.01516,28.56,23.65,30.01,81.6658,15.386129,5.802581
Ampara,2000,2,26.651726,29.62,24.57,81.97,79.83448,18.45345,4.1351724
Ampara,2000,3,27.780968,31.4,25.1,29.9,75.979355,20.471613,3.633226
Ampara,2000,4,29.377,34.75,26.24,62.13,72.11333,22.487,2.7226667
Ampara,2000,5,30.449354,36.52,27.14,34.8,67.8642,22.146774,3.1980646
Ampara,2000,6,29.326666,33.66,26.32,37.34,68.24567,20.104334,4.7549996
Ampara,2000,7,29.423225,34.41,25.73,103.119995,66.57903,22.168066,4.7290325
Ampara,2000,8,28.573227,33.61,25.6,52.89,71.44871,19.714193,4.7080646
Ampara,2000,9,28.606667,34.16,25.73,74.909996,73.749664,20.350334,2.964
Ampara,2000,10,28.529354,33.84,25.47,55.68,71.00259,20.132257,3.147742
Ampara,2000,11,27.313665,30.66,24.8,296.07,79.308334,14.394,4.804
Ampara,2000,12,26.158386,28.65,23.77,138.39,83.519684,12.563871,5.83871
Ampara,2001,1,25.724516,27.59,23.93,208.26999,84.75032,14.690968,5.425161
Ampara,2001,2,25.632143,28.27,22.07,99.46,80.14,20.737501,3.5825
Ampara,2001,3,27.905483,32.99,25.1,1.4100001,73.840004,23.545483,3.1538708
Ampara,2001,4,28.331667,31.9,26.02,116.9,78.11633,20.716667,2.906
Ampara,2001,5,30.174515,34.69,27.05,42.64,72.45549,22.675161,3.204516
Ampara,2001,6,29.363335,34.12,26.33,78.42,70.15867,21.001001,4.665
Ampara,2001,7,29.039354,34.3,25.35,118.979996,69.27742,19.883226,4.1280646
Ampara,2001,8,29.581291,34.44,25.39,12.309999,67.951614,22.127096,3.7806451
Ampara,2001,9,29.105333,35.22,25.85,91.5,70.131,21.116,3.4646668
Ampara,2001,10,28.16,32.98,25.62,89.84,76.24129,19.410645,3.1125805
Ampara,2001,11,27.295332,31.34,25.32,211.34999,79.84334,16.753,3.648
Ampara,2001,12,26.393227,28.59,24.76,199.18001,81.813225,15.450001,4.935484
Ampara,2002,1,26.203548,28.41,23.33,87.64,80.23903,16.07355,4.923871
Ampara,2002,2,26.751072,29.08,23.82,114.93,79.23143,17.4075,5.3714285
Ampara,2002,3,27.746452,31.58,25.12,44.23,77.61484,21.536776,4.048387
Ampara,2002,4,28.561,32.35,26.26,121.87,77.884,20.928333,2.812
Ampara,2002,5,29.389355,33.75,26.53,89.84,77.131615,20.95129,3.5706453
Ampara,2002,6,29.561335,34.94,26.33,51.39,71.19633,20.468332,3.8283334
Ampara,2002,7,29.856129,35.1,26.07,19.34,66.76,21.629032,4.3090324
Ampara,2002,8,29.219355,34.11,26.04,63.29,68.89484,21.408709,4.286452
Ampara,2002,9,29.856667,35.47,25.94,19.43,66.08833,23.313,3.404
Ampara,2002,10,27.924194,32.12,25.28,158.59,77.94646,19.609678,3.09
Ampara,2002,11,26.866667,30.16,24.65,195.38,83.12133,16.616001,3.0383334
Ampara,2002,12,26.527096,29.09,24.2,334.97,83.633224,12.408064,5.213548
Ampara,2003,1,26.053871,27.93,24.05,153.72,81.770966,14.461936,5.2087097
Ampara,2003,2,26.749643,28.61,25.11,82.52,80.66571,18.138214,4.480357
Ampara,2003,3,27.452581,30.05,25.41,91.27,79.83,20.173872,3.538387
Ampara,2003,4,28.614666,31.99,26.07,79.17,76.59,21.123,2.9936666
Ampara,2003,5,29.376127,33.68,26.65,92.84,77.66806,20.057096,3.8300002
Ampara,2003,6,29.172667,33.03,26.28,30.05,74.982666,21.768667,3.9913332
Ampara,2003,7,29.217419,33.59,25.83,26.73,72.76742,19.785807,3.5864515
Ampara,2003,8,29.40645,33.88,26.32,22.65,69.950645,21.177742,3.852258
Ampara,2003,9,29.763,35.05,26.25,37.47,67.428,22.675,3.2960002
Ampara,2003,10,28.981289,34.39,26.09,95.75,72.522575,21.25,3.3709676
Ampara,2003,11,26.897333,29.58,23.79,387.19998,84.462006,12.933667,4.471
Ampara,2003,12,26.604515,28.81,23.92,49.72,80.563545,17.05742,5.2641935
Ampara,2004,1,26.561935,28.78,23.91,82.39,80.05129,16.316774,5.5387096
Ampara,2004,2,26.675861,29.24,23.68,76.87,77.01,19.447586,5.0086207
Ampara,2004,3,27.850967,32.6,23.46,54.61,76.784195,22.40355,3.8087096
Ampara,2004,4,28.790667,33.01,26.03,79.87,77.95467,21.563,3.0306666
Ampara,2004,5,29.590967,34.25,26.6,107.32,73.660645,19.861935,4.0964518
Ampara,2004,6,29.446667,34.54,26.23,43.08,70.335,21.609335,4.428
Ampara,2004,7,29.32387,33.68,26.09,26.01,68.93033,21.04871,4.5
Ampara,2004,8,29.968065,35.07,26.5,19.24,65.99871,22.109678,4.3125806
Ampara,2004,9,28.636,34.08,25.4,186.67,73.601,19.396667,3.0563333
Ampara,2004,10,27.518387,32.34,25.32,264.44,81.49129,18.381613,3.4945161
Ampara,2004,11,27.088999,28.57,25.32,280.4,84.95033,14.394667,4.837667
Ampara,2004,12,26.355808,28.2,23.55,489.79,81.36387,14.194839,5.3429036
Ampara,2005,1,26.469677,28.12,24.85,139.4,81.93742,14.583549,5.470968
Ampara,2005,2,26.770716,28.8,24.39,22.96,78.01179,21.464285,4.639643
Ampara,2005,3,27.702902,31.06,25.84,61.309998,78.731285,20.48871,3.3832257
Ampara,2005,4,28.411335,32.23,25.97,122.99,80.61633,20.731333,2.896
Ampara,2005,5,29.704517,33.27,26.66,59.170002,75.980644,21.282259,3.1025805
Ampara,2005,6,29.815334,34.94,26.64,31.16,71.92433,21.407665,4.5256667
Ampara,2005,7,29.365484,34.52,25.97,45.02,70.5229,20.340322,4.4329033
Ampara,2005,8,29.939678,35.02,26.71,24.72,66.991936,22.308064,3.7735484
Ampara,2005,9,29.385668,35.71,26.36,75.399994,69.86366,20.296667,3.771
Ampara,2005,10,28.443226,32.84,25.76,137.64,75.26742,19.27484,2.7874196
Ampara,2005,11,26.716667,29.96,23.88,333.95,85.36366,15.553333,4.5416665
Ampara,2005,12,26.040323,29.59,23.98,130.08,83.16581,15.9429035,4.511935
Ampara,2006,1,25.50387,27.75,22.98,245.34,83.23775,14.675807,5.065807
Ampara,2006,2,26.242498,28.17,23.97,81.450005,82.14715,17.5975,4.89
Ampara,2006,3,27.529034,30.7,25.92,91.61,80.04,21.69742,3.1203227
Ampara,2006,4,28.785334,34.5,26.13,52.96,75.14267,21.630333,2.3553336
Ampara,2006,5,29.356773,33.55,26.49,73.479996,74.78581,21.39645,3.937742
Ampara,2006,6,29.679333,34.16,26.56,28.34,70.704994,21.605333,3.5463333
Ampara,2006,7,29.230324,33.45,26.31,46.13,69.53355,20.15355,4.6345162
Ampara,2006,8,29.16613,34.76,25.82,64.99,70.13613,22.14613,4.2754836
Ampara,2006,9,28.375668,33.08,25.83,74.54,76.16867,20.568333,4.3966665
Ampara,2006,10,27.935484,34.53,25.37,265.41998,77.99,19.204517,2.9864516
Ampara,2006,11,26.877,28.8,25.16,334.82,84.22167,15.605,3.3996665
Ampara,2006,12,26.702581,28.43,24.34,254.38,79.51645,12.45258,6.1080647
Ampara,2007,1,26.161291,28.12,24.17,156.87,78.55451,15.13742,5.8370967
Ampara,2007,2,26.393215,28.8,23.74,98.49,77.843216,19.2975,4.3510714
Ampara,2007,3,26.79774,29.79,23.98,25.74,75.57677,24.266453,3.43
Ampara,2007,4,27.928667,30.75,26.0,228.93,82.37133,19.672333,3.1780002
Ampara,2007,5,29.407742,33.73,26.41,19.720001,76.50548,22.874193,3.3303225
Ampara,2007,6,29.187334,33.02,26.16,78.78,74.033,18.641333,3.9006667
Ampara,2007,7,28.986452,33.09,26.1,67.78,72.32129,19.972904,3.823871
Ampara,2007,8,29.150644,34.15,26.15,45.14,71.57258,20.870646,3.7993548
Ampara,2007,9,28.676666,33.26,25.83,59.489998,74.67367,19.965334,4.0463333
Ampara,2007,10,27.643227,32.48,25.15,178.49,78.38774,18.352581,3.6222582
Ampara,2007,11,26.908667,29.23,25.26,142.91,79.204,18.141666,3.725
Ampara,2007,12,26.32,29.26,23.34,300.44,81.50387,13.008064,5.550645
Ampara,2008,1,26.01097,28.0,23.74,183.98999,81.83355,15.150645,4.8696775
Ampara,2008,2,26.56586,28.54,24.37,141.61,79.79483,19.047586,4.103793
Ampara,2008,3,26.950968,30.21,24.9,327.72,83.30839,18.892902,3.8312902
Ampara,2008,4,27.695333,31.22,25.76,156.9,81.402336,19.396667,2.6896667
Ampara,2008,5,28.404192,31.21,25.98,19.18,81.618385,22.772259,3.5141935
Ampara,2008,6,28.194,31.59,25.79,72.2,78.370674,19.991333,3.632
Ampara,2008,7,28.491613,32.19,25.67,34.97,75.203224,21.090322,4.230645
Ampara,2008,8,28.575485,33.68,25.74,37.82,73.54388,21.109356,3.6441936
Ampara,2008,9,29.084332,34.52,25.82,30.72,70.27901,23.182001,3.1920002
Ampara,2008,10,28.221613,32.66,25.57,132.26,76.226776,19.10355,3.4067743
Ampara,2008,11,27.291332,30.83,25.21,202.44,80.671,15.999,4.311
Ampara,2008,12,26.52387,28.6,24.54,162.12,80.04226,14.919678,5.1983867
Ampara,2009,1,26.196129,28.43,24.13,105.840004,75.631615,16.57258,5.343226
Ampara,2009,2,26.609285,30.76,23.45,1.5799999,71.02857,21.560715,4.0342855
Ampara,2009,3,27.592903,31.01,24.44,153.7,77.02775,22.15645,2.911613
Ampara,2009,4,28.532999,31.93,26.16,226.95,80.53533,20.646667,3.3073335
Ampara,2009,5,29.34387,32.84,26.85,37.73,75.921616,20.714193,3.3093548
Ampara,2009,6,29.404,34.05,26.29,16.84,72.165665,21.707333,4.3936667
Ampara,2009,7,29.435162,34.23,26.25,10.93,68.730965,20.820322,4.630323
Ampara,2009,8,29.24129,34.62,26.0,62.54,70.83291,20.23516,3.9909678
Ampara,2009,9,29.465334,34.47,26.27,29.73,69.46433,21.807667,3.9160001
Ampara,2009,10,28.44742,33.89,25.67,161.42,71.80613,20.649677,3.5267742
Ampara,2009,11,27.048668,29.88,25.02,430.73,82.821,14.48,3.9420002
Ampara,2009,12,26.709354,28.58,25.01,319.91,84.40355,12.095161,4.764516
Ampara,2010,1,26.374516,28.47,24.09,114.770004,80.61742,16.379677,5.232258
Ampara,2010,2,26.738928,28.68,24.7,63.32,78.98179,19.442858,4.401786
Ampara,2010,3,27.94129,31.72,24.18,78.91,76.49549,22.254194,3.4541936
Ampara,2010,4,28.9,32.02,27.06,206.24,79.84434,21.480999,2.9220002
Ampara,2010,5,29.260645,32.42,26.93,121.89,80.078705,21.719355,3.2454839
Ampara,2010,6,28.694668,32.2,26.24,72.97,77.479004,20.162666,4.3886666
Ampara,2010,7,28.451612,32.49,25.63,70.909996,74.73838,20.188389,4.565161
Ampara,2010,8,28.86742,34.01,25.71,110.11,72.27742,20.295483,3.8303225
Ampara,2010,9,28.330332,33.7,25.42,144.85,74.976,20.034,2.7659998
Ampara,2010,10,27.972904,32.17,25.41,158.83,77.57064,20.226452,3.2987096
Ampara,2010,11,26.785334,30.33,24.84,519.15,82.933,15.681667,3.486
Ampara,2010,12,26.048388,28.86,23.95,574.49,84.63871,12.0874195,4.4525805
Ampara,2011,1,25.624838,27.17,23.86,823.98,86.80032,11.845161,6.1790323
Ampara,2011,2,26.063572,28.42,24.44,500.13998,82.21679,15.442857,4.350357
Ampara,2011,3,27.071291,29.96,24.73,156.36,80.82935,20.75258,3.5096772
Ampara,2011,4,27.832,30.31,25.66,226.64,78.458,22.030333,2.615
Ampara,2011,5,28.64613,31.73,26.06,78.24,81.02935,22.48484,3.3825808
Ampara,2011,6,28.565,32.16,25.87,15.7300005,76.87133,21.878332,4.0296664
Ampara,2011,7,28.640001,32.99,25.77,29.0,73.05,20.207418,4.177097
Ampara,2011,8,28.832903,32.73,25.9,53.01,73.10677,20.772581,3.528387
Ampara,2011,9,28.972332,34.02,25.9,76.06,72.50267,21.757332,3.097
Ampara,2011,10,28.040968,32.43,25.84,361.46,77.729034,19.442259,2.851613
Ampara,2011,11,27.259335,29.32,25.31,353.32,80.54867,15.772666,3.945
Ampara,2011,12,26.614515,28.76,22.7,313.56,82.37516,13.796129,4.983226
Ampara,2012,1,25.895485,28.07,23.8,57.53,77.92903,17.928709,4.3812904
Ampara,2012,2,26.376896,29.19,24.7,169.58,80.61517,17.626207,4.587931
Ampara,2012,3,27.384193,30.04,25.17,58.3,75.84774,22.502258,2.8025806
Ampara,2012,4,28.230665,31.16,26.33,208.67,78.991,20.745667,2.6396668
Ampara,2012,5,29.291292,33.48,25.22,9.35,73.730965,22.529034,3.6809678
Ampara,2012,6,29.328333,34.06,26.03,29.12,72.42333,20.522333,4.5309997
Ampara,2012,7,29.562258,34.99,26.26,38.72,69.64387,21.373869,3.9345162
Ampara,2012,8,29.408386,34.53,26.24,33.06,69.17645,21.302904,4.1851616
Ampara,2012,9,29.043333,34.15,25.8,83.24,72.27067,21.207,3.7343333
Ampara,2012,10,27.636452,32.69,25.7,347.28,80.2371,18.42645,3.840645
Ampara,2012,11,26.990334,29.76,25.02,288.97,81.70733,16.430668,3.285
Ampara,2012,12,26.51,28.31,24.34,593.23,83.93613,13.472903,4.8241935
Ampara,2013,1,26.189678,27.83,23.8,405.59,81.395164,14.75,5.3851614
Ampara,2013,2,26.644285,29.1,25.1,239.79001,81.02929,17.777857,4.3496428
Ampara,2013,3,27.779354,30.27,25.66,159.04,79.660965,20.390322,3.5187097
Ampara,2013,4,28.892,31.72,26.53,140.84,77.442665,22.363667,2.3693335
Ampara,2013,5,28.787418,32.01,26.65,105.17,80.4129,19.921936,3.5625808
Ampara,2013,6,28.154,31.34,25.73,54.55,78.25167,19.092999,4.977667
Ampara,2013,7,28.213871,32.42,25.65,58.53,74.99838,20.181614,4.8332257
Ampara,2013,8,28.748388,33.81,25.81,52.57,72.52807,21.879354,4.0219355
Ampara,2013,9,28.806667,34.18,25.84,71.31,72.489334,20.931,3.843
Ampara,2013,10,28.687096,33.61,25.31,95.409996,73.65226,21.13129,3.0616128
Ampara,2013,11,27.294,29.87,25.17,190.39,79.61633,17.654667,3.494
Ampara,2013,12,26.110323,28.73,24.18,215.2,82.98646,12.189032,5.236774
Ampara,2014,1,25.930645,28.01,23.99,165.13,81.9313,14.099355,5.463548
Ampara,2014,2,26.634287,29.36,23.82,50.56,74.137505,19.835714,4.672143
Ampara,2014,3,27.69129,31.53,25.36,31.87,74.21194,21.92742,4.55129
Ampara,2014,4,28.894335,32.74,25.96,88.340004,75.09534,21.852333,3.0946665
Ampara,2014,5,29.061611,34.34,26.63,163.7,78.77775,21.223549,3.1735482
Ampara,2014,6,29.787333,33.8,26.86,13.93,71.621666,21.105999,4.645
Ampara,2014,7,29.900644,34.08,26.97,8.49,67.772255,21.2,5.225806
Ampara,2014,8,29.098064,33.78,25.73,79.6,70.271286,20.73903,3.6706452
Ampara,2014,9,29.151001,35.08,26.13,81.5,71.91067,21.199001,3.6996665
Ampara,2014,10,27.833227,32.81,25.19,334.32,79.27775,18.792582,2.5416129
Ampara,2014,11,26.882,29.93,24.11,403.13,82.51833,13.882334,3.9046667
Ampara,2014,12,26.44387,28.3,24.69,866.01,87.590645,10.91,4.539677
Ampara,2015,1,25.922903,28.21,24.14,30.619999,80.88516,18.26258,4.517742
Ampara,2015,2,26.4625,28.45,24.71,139.75,80.41679,17.539642,4.7153573
Ampara,2015,3,27.408066,29.91,25.28,86.24,78.35613,21.93,3.522258
Ampara,2015,4,28.267,30.64,26.63,163.09,79.85567,21.983667,2.8216667
Ampara,2015,5,28.695484,31.86,26.6,196.12,81.67968,20.686773,3.4780645
Ampara,2015,6,28.838335,32.13,26.24,107.95,78.63933,21.253,3.8196669
Ampara,2015,7,28.781935,32.73,26.02,53.02,76.17387,21.286451,4.375484
Ampara,2015,8,29.075485,33.26,26.29,65.98,74.35516,21.630322,4.254194
Ampara,2015,9,28.301666,33.2,25.57,198.55,78.920006,21.062,4.07
Ampara,2015,10,27.76097,30.97,24.75,413.03,81.823875,17.369356,3.2441936
Ampara,2015,11,27.113335,29.54,25.57,421.72,84.765,14.674666,3.5006666
Ampara,2015,12,27.16258,28.63,25.88,264.2,84.02775,14.227419,4.514516
Ampara,2016,1,26.82,28.57,25.0,69.97,79.68097,17.20387,5.057742
Ampara,2016,2,27.31276,29.32,25.19,65.17,78.76069,18.930344,4.7172413
Ampara,2016,3,28.155483,32.52,25.25,47.940002,75.26387,22.946129,3.477742
Ampara,2016,4,29.929667,34.02,27.34,63.11,75.56266,23.209333,3.4329998
Ampara,2016,5,29.41613,33.42,26.74,483.68002,78.45612,19.124193,3.9245162
Ampara,2016,6,28.971998,32.55,26.54,33.37,75.81734,19.939,5.0220003
Ampara,2016,7,29.087097,34.55,25.94,46.04,71.87,20.689032,4.379678
Ampara,2016,8,29.7,34.55,25.87,20.16,68.69225,22.28774,4.164839
Ampara,2016,9,30.017334,35.56,25.69,24.29,64.93833,22.649332,3.3643334
Ampara,2016,10,29.19871,35.19,25.92,105.32,68.82226,20.719032,2.8645163
Ampara,2016,11,27.459665,31.33,25.31,193.33,79.652,13.838667,3.892
Ampara,2016,12,26.778387,30.49,23.77,85.6,80.00129,17.01097,4.704516
Ampara,2017,1,26.206774,28.53,23.59,114.39,76.79581,16.845161,5.3419356
Ampara,2017,2,26.719286,29.65,24.16,108.17,73.72465,19.731428,4.702143
Ampara,2017,3,27.52129,30.79,25.41,140.64,78.26194,22.185484,3.3419354
Ampara,2017,4,29.313334,33.74,26.41,37.7,73.40034,23.050333,2.5789998
Ampara,2017,5,29.433872,34.81,27.05,152.37,75.30839,20.75,3.5890324
Ampara,2017,6,29.437666,34.15,26.59,31.970001,73.30367,21.001001,4.23
Ampara,2017,7,29.710646,34.82,26.61,37.260002,70.133865,21.433872,3.316129
Ampara,2017,8,29.436451,34.41,26.21,89.96,71.43742,21.470966,3.4870968
Ampara,2017,9,28.622334,34.22,25.98,118.25,75.552666,19.924665,3.4143333
Ampara,2017,10,28.394516,32.85,26.03,209.01,77.85129,20.075485,2.926129
Ampara,2017,11,27.167334,30.29,24.37,347.66998,84.03333,15.283999,4.189
Ampara,2017,12,26.659355,28.97,24.76,132.29,81.03871,16.473549,4.3545165
Ampara,2018,1,25.834192,28.29,23.06,50.469997,79.95419,16.944195,4.646129
Ampara,2018,2,26.459286,28.87,24.4,107.39,79.7125,18.075,4.702143
Ampara,2018,3,27.690647,31.12,25.24,119.96,77.55742,20.98613,3.6348388
Ampara,2018,4,28.501333,31.77,26.32,142.1,79.152336,21.392334,3.131
Ampara,2018,5,28.417742,32.07,26.32,297.73,82.24129,19.424194,3.3429031
Ampara,2018,6,28.458668,31.51,25.91,67.94,79.68033,20.860332,4.2776666
Ampara,2018,7,28.427097,32.79,25.66,32.79,75.22419,20.602257,4.6880646
Ampara,2018,8,28.664194,33.03,25.92,39.04,72.30161,20.568386,4.815484
Ampara,2018,9,28.715,33.4,25.37,63.41,73.041,21.682335,3.4886665
Ampara,2018,10,27.440323,30.78,25.58,250.03,80.72322,17.987097,3.3864517
Ampara,2018,11,27.105333,30.04,24.74,237.11,82.83667,15.080667,3.836
Ampara,2018,12,26.570969,28.33,24.41,104.79,83.17,14.755161,4.532258
Ampara,2019,1,26.033224,28.27,24.15,57.2,80.51451,16.982903,5.3793545
Ampara,2019,2,27.275358,30.28,25.42,92.64,79.83143,18.015001,4.6285715
Ampara,2019,3,28.188389,32.71,25.55,17.67,73.32161,23.95,3.835484
Ampara,2019,4,29.456667,34.33,26.58,74.13,72.02433,21.945667,3.2136667
Ampara,2019,5,30.420322,34.51,27.31,33.26,72.47,22.58742,3.8177419
Ampara,2019,6,30.522667,36.43,27.27,56.79,69.665,20.631666,4.0846667
Ampara,2019,7,29.693226,35.02,26.5,42.05,70.99,20.57387,4.1529036
Ampara,2019,8,29.054193,34.35,25.69,98.7,72.437744,18.677742,4.6303225
Ampara,2019,9,28.129,33.72,25.58,205.01,79.460335,19.657331,3.7566667
Ampara,2019,10,27.280968,30.2,25.52,352.31,82.20452,16.551935,2.8535483
Ampara,2019,11,27.692999,30.18,25.95,260.21,81.35334,17.073668,3.251
Ampara,2019,12,27.068064,28.51,25.35,343.6,82.839355,13.796452,4.8341937
Ampara,2020,1,26.939354,28.9,24.91,59.68,78.616455,18.98871,4.813871
Ampara,2020,2,26.840345,28.87,24.66,28.19,78.012405,19.755861,5.15
Ampara,2020,3,27.880968,30.93,25.36,14.12,74.00903,23.400644,3.7090323
Ampara,2020,4,29.115,33.0,25.62,95.62,76.10533,22.504333,3.4783332
Ampara,2020,5,29.660645,33.41,27.33,150.84,76.324196,19.087097,3.4480646
Ampara,2020,6,29.598667,33.73,26.28,81.29,72.55533,20.259666,3.7916667
Ampara,2020,7,28.59645,32.58,25.75,106.840004,76.04258,19.07,3.820968
Ampara,2020,8,29.07742,34.2,25.92,39.55,72.93516,20.777098,3.887097
Ampara,2020,9,28.532665,32.66,26.04,147.82,74.43533,18.391333,3.6516669
Ampara,2020,10,28.824194,33.21,25.45,61.57,73.33839,20.773548,3.3351612
Ampara,2020,11,27.536001,31.59,25.28,247.42,82.691666,16.375334,3.5566666
Ampara,2020,12,26.750647,29.32,25.05,439.23,84.05129,14.076451,4.6229033
Ampara,2021,1,26.45387,28.33,24.72,305.13,84.15323,13.755484,4.5709677
Ampara,2021,2,26.676786,28.85,24.55,68.32,80.244644,19.33143,4.8871427
Ampara,2021,3,27.404192,31.28,25.43,99.57,78.72258,19.99,3.5167744
Ampara,2021,4,28.492668,31.7,25.57,86.049995,77.951004,22.663334,2.601
Ampara,2021,5,28.85355,32.1,26.6,163.59999,80.13903,19.084192,3.7396774
Ampara,2021,6,28.762,32.12,26.34,84.93,77.50566,21.798334,3.701
Ampara,2021,7,28.713224,32.76,26.09,86.07,76.98322,20.570969,4.38
Ampara,2021,8,28.617743,33.06,25.61,105.17,75.38613,19.295162,3.8783872
Ampara,2021,9,28.542334,32.56,26.13,173.03,78.323,20.494,3.349
Ampara,2021,10,27.94,31.31,25.9,356.16,80.56581,18.103226,3.508387
Ampara,2021,11,27.274666,30.12,25.27,583.36,82.499664,15.884667,3.514
Ampara,2021,12,27.001612,29.42,24.51,117.21,80.00419,17.000322,4.3983874
Ampara,2022,1,26.542904,28.64,23.13,123.54,81.172264,17.736452,4.6674194
Ampara,2022,2,26.619999,29.5,24.17,170.9,80.571785,18.939285,4.6835713
Ampara,2022,3,27.691612,30.59,25.24,137.22,81.02581,20.817741,3.9651613
Ampara,2022,4,28.413,31.36,26.27,255.65,80.17033,21.799665,2.6213334
Ampara,2022,5,28.95129,32.13,26.8,168.34,80.90742,20.890001,4.0141935
Ampara,2022,6,28.347002,31.68,25.87,74.59,79.80867,20.201,3.5743334
Ampara,2022,7,28.250322,31.85,25.78,102.59,77.201614,18.582258,4.05129
Ampara,2022,8,28.09,32.71,25.19,170.15001,77.31678,20.085485,4.064516
Ampara,2022,9,28.305332,32.02,25.32,65.520004,77.03066,21.851002,3.1016667
Ampara,2022,10,27.869032,31.86,25.66,263.22,77.44032,18.159678,3.4067743
Ampara,2022,11,26.803333,29.62,23.9,280.36002,81.63734,16.700666,3.6636665
Ampara,2022,12,26.375807,29.18,22.46,394.56,84.19549,12.881614,5.177097
Ampara,2023,1,25.909033,27.55,23.81,140.52,80.91515,16.092258,5.7870965
Ampara,2023,2,26.375715,28.51,23.82,109.06,80.25429,18.040358,5.238214
Ampara,2023,3,27.620646,30.96,26.12,66.36,79.39774,20.381935,3.8316128
Ampara,2023,4,29.101665,32.75,26.75,109.25,75.570335,22.409,2.9480002
Ampara,2023,5,28.974194,32.61,25.94,209.72,79.68355,20.133549,3.586129
Ampara,2023,6,29.333334,32.61,26.84,81.21,77.569,21.220667,3.6916666
Ampara,2023,7,29.188065,34.8,26.2,48.62,74.228386,20.23613,4.2551613
Ampara,2023,8,29.59258,34.63,26.14,56.629997,72.68033,22.810646,3.6567743
Ampara,2023,9,28.383,32.59,26.02,223.12,79.90666,18.843666,4.463333
Ampara,2023,10,27.615807,30.53,25.96,547.18,82.517746,18.151613,3.2374194
Ampara,2023,11,27.605333,29.91,25.91,309.8,83.208,16.956667,3.0966668
Ampara,2023,12,27.482258,29.36,26.06,476.07,86.300644,13.1958065,4.910968
Ampara,2024,1,26.986774,29.18,24.74,244.97,81.396774,15.825161,4.68129
Ampara,2024,2,27.486551,29.63,25.54,31.199999,80.81931,19.997585,5.207241
Ampara,2024,3,28.06,31.51,25.5,35.64,77.21097,22.604193,3.7925806
Ampara,2024,4,29.757332,32.98,27.58,69.1,76.73667,22.603333,3.1866667
Ampara,2024,5,29.815163,33.51,27.6,182.86,79.287094,18.992905,3.8009677
Ampara,2024,6,29.589333,33.58,27.17,60.59,76.187996,19.566,4.306
Ampara,2024,7,29.806452,34.23,26.34,35.57,71.37129,20.583227,4.6325808
Ampara,2024,8,29.417742,33.96,26.68,101.33,74.88742,20.215483,3.7193549
Ampara,2024,9,29.739666,34.79,26.34,57.68,72.87034,21.566668,3.8730001
Ampara,2024,10,28.393549,32.77,26.04,286.43,79.6471,18.345806,2.508387
Ampara,2024,11,27.698334,30.32,25.93,416.93,83.956,15.3306675,4.6023335
Ampara,2024,12,27.155483,29.93,24.68,290.83,84.074196,16.505161,3.6541934
Ampara,2025,1,26.364193,28.22,23.32,346.58002,84.813225,11.748065,5.500645
Ampara,2025,2,27.096786,29.19,25.07,78.61,77.130714,20.710358,4.8175
Ampara,2025,3,27.913872,30.03,25.63,125.73,79.58064,21.14258,3.518387
Ampara,2025,4,28.684334,31.78,26.66,201.06,79.78233,21.208,2.6483333
Ampara,2025,5,29.121937,32.11,26.41,133.12,76.95484,20.130322,3.405484
Ampara,2025,6,28.796,32.02,25.53,45.56,78.35466,21.153666,4.1080003
Ampara,2025,7,29.049677,33.84,26.22,14.349999,73.67355,20.183872,5.3296776
Ampara,2025,8,29.027418,33.67,26.18,72.93,72.20549,22.101292,3.6374195
Ampara,2025,9,29.367,34.32,26.29,97.97,71.72834,20.961334,3.4453332
Ampara,2025,10,28.275806,33.11,26.21,261.73,78.49516,19.384516,3.0032258
Ampara,2025,11,27.336334,30.95,24.33,511.99,82.551,15.318,4.037667
Ampara,2025,12,26.581934,29.32,24.75,164.12,83.12871,14.26871,4.7141933
Anuradhapura,2000,1,24.90258,32.2,16.7,33.71,79.19258,16.233871,4.7316127
Anuradhapura,2000,2,26.636553,34.61,18.82,67.21,74.457245,18.951723,3.473793
Anuradhapura,2000,3,28.34258,38.09,19.42,7.37,65.82452,22.556774,3.3280644
Anuradhapura,2000,4,29.532335,40.16,23.43,56.11,67.46,22.723,3.531
Anuradhapura,2000,5,29.710323,39.87,24.5,47.23,66.575485,21.658709,5.3616133
Anuradhapura,2000,6,27.696999,35.01,23.76,32.88,72.79867,19.501333,7.3066664
Anuradhapura,2000,7,28.30613,38.09,23.66,100.05,68.589035,21.71226,6.7403226
Anuradhapura,2000,8,26.957743,34.07,23.13,35.31,75.75484,19.168388,6.8780646
Anuradhapura,2000,9,27.498333,36.06,23.26,83.2,75.156334,19.794668,5.1683335
Anuradhapura,2000,10,26.881613,35.49,19.09,62.64,75.939674,19.572903,4.5793552
Anuradhapura,2000,11,26.171667,35.05,20.5,329.19,79.40433,15.042334,4.069667
Anuradhapura,2000,12,24.405483,30.4,19.1,144.56,85.355484,14.485162,4.41129
Anuradhapura,2001,1,24.125484,29.26,18.58,87.47,86.95258,14.5161295,4.326129
Anuradhapura,2001,2,24.294285,34.47,15.01,44.0,81.16679,21.102858,3.1417859
Anuradhapura,2001,3,28.457418,39.93,19.56,0.17,65.44064,23.20516,3.196129
Anuradhapura,2001,4,28.083,38.94,23.06,174.34999,76.156334,20.454334,2.401
Anuradhapura,2001,5,28.23742,35.31,24.01,15.36,77.73742,22.217741,5.4725804
Anuradhapura,2001,6,26.898,34.35,23.45,135.90001,81.27867,19.237,6.4059997
Anuradhapura,2001,7,27.20387,35.87,22.96,95.89,76.25032,19.97903,6.10129
Anuradhapura,2001,8,27.439354,35.47,23.08,10.13,75.78806,21.276451,6.6980643
Anuradhapura,2001,9,27.627333,36.31,23.5,44.52,72.979004,21.040998,5.863
Anuradhapura,2001,10,27.071936,34.61,22.79,130.17,78.550644,18.210644,4.3519354
Anuradhapura,2001,11,25.665,33.29,21.09,200.53,84.94666,16.625,3.2616665
Anuradhapura,2001,12,24.537098,30.21,19.31,204.52,86.48387,14.193226,4.071935
Anuradhapura,2002,1,24.338709,30.63,17.38,53.72,84.600006,16.273548,3.938387
Anuradhapura,2002,2,25.288927,33.63,17.21,69.75,79.6325,19.445002,4.455
Anuradhapura,2002,3,27.948387,38.49,19.91,33.73,69.87871,22.520323,3.3967743
Anuradhapura,2002,4,28.692333,38.12,22.33,111.96,73.92266,20.764,2.3346667
Anuradhapura,2002,5,28.452581,35.74,24.54,48.59,77.273224,20.643871,5.7832255
Anuradhapura,2002,6,28.255667,36.62,24.38,31.880001,74.42067,20.59,6.4983335
Anuradhapura,2002,7,28.992258,36.77,24.52,3.69,67.37323,20.854515,7.5274196
Anuradhapura,2002,8,28.222902,36.47,23.94,25.050001,70.06548,20.574839,6.8458066
Anuradhapura,2002,9,29.495667,37.66,24.16,22.92,62.379665,22.828,6.2279997
Anuradhapura,2002,10,26.570969,35.83,21.75,259.74,82.604836,18.517418,3.5341935
Anuradhapura,2002,11,25.319668,30.75,20.28,201.5,88.745995,15.988001,2.7183335
Anuradhapura,2002,12,24.564838,30.34,18.32,254.09,88.61774,13.781613,4.219032
Anuradhapura,2003,1,24.010323,29.01,18.4,97.21,86.47613,15.768709,4.294839
Anuradhapura,2003,2,25.029644,30.82,18.67,61.04,84.53071,20.050714,3.827143
Anuradhapura,2003,3,26.70516,36.46,18.75,59.679996,77.69452,21.96226,3.0577419
Anuradhapura,2003,4,29.291332,38.2,22.22,62.15,69.478004,22.333,2.6426666
Anuradhapura,2003,5,28.527418,36.24,24.59,94.56,77.06967,19.45387,5.9212904
Anuradhapura,2003,6,28.189333,35.51,24.37,17.68,75.07533,20.693666,6.3806667
Anuradhapura,2003,7,27.987097,35.71,23.67,25.63,73.564514,19.407097,5.8119354
Anuradhapura,2003,8,27.984516,35.29,23.83,35.670002,73.67419,19.954517,6.16129
Anuradhapura,2003,9,28.673,37.82,24.17,44.55,69.18967,22.046,5.976667
Anuradhapura,2003,10,27.62258,36.53,23.37,85.380005,75.71839,19.687742,4.8006454
Anuradhapura,2003,11,25.963335,33.07,20.94,301.84,85.31266,12.847,4.0926666
Anuradhapura,2003,12,24.891935,30.43,20.08,51.66,84.1629,16.896774,4.134194
Anuradhapura,2004,1,25.516775,33.45,17.76,24.92,76.03194,18.177742,4.48
Anuradhapura,2004,2,26.375172,36.63,17.96,24.95,68.43069,21.265863,4.1289654
Anuradhapura,2004,3,28.655807,39.35,18.79,44.63,66.56839,21.921936,3.1138709
Anuradhapura,2004,4,29.814667,41.5,23.58,80.1,68.235,22.321001,2.468
Anuradhapura,2004,5,28.007097,35.02,24.27,121.54,77.80161,18.920645,5.9945164
Anuradhapura,2004,6,28.005667,35.75,24.14,17.99,73.135666,20.247,7.0810003
Anuradhapura,2004,7,27.90516,35.39,23.57,32.51,72.01516,20.210646,6.792258
Anuradhapura,2004,8,28.430645,36.77,24.39,33.75,69.299034,20.625807,6.789355
Anuradhapura,2004,9,27.504333,34.19,22.97,101.28,75.083336,17.661999,5.261667
Anuradhapura,2004,10,26.71613,34.63,22.99,241.70999,82.5858,17.63129,3.9280643
Anuradhapura,2004,11,25.556,29.75,22.32,223.79001,89.045334,13.590667,4.166
Anuradhapura,2004,12,24.294516,29.68,17.31,275.27,86.850006,14.451612,4.4319353
Anuradhapura,2005,1,24.235806,29.42,19.18,131.29,86.88677,16.134193,3.926129
Anuradhapura,2005,2,24.605358,31.17,17.73,9.38,83.185,22.195713,3.7614286
Anuradhapura,2005,3,27.16,36.85,19.88,46.31,77.19516,21.80871,2.9364517
Anuradhapura,2005,4,27.497,34.49,23.21,151.9,82.51833,20.099333,2.4966667
Anuradhapura,2005,5,28.618387,35.88,24.17,37.09,76.94161,21.501936,4.6345162
Anuradhapura,2005,6,28.411335,36.07,24.51,9.94,74.22733,19.735332,7.2336664
Anuradhapura,2005,7,27.944838,35.8,23.94,24.539999,73.58774,19.462582,7.3196774
Anuradhapura,2005,8,28.69258,37.76,24.22,37.2,68.881935,21.778387,6.202903
Anuradhapura,2005,9,28.471,37.05,24.38,11.55,69.512,19.971,7.066
Anuradhapura,2005,10,27.118063,36.49,23.79,184.76,79.67806,18.337742,4.2374196
Anuradhapura,2005,11,25.009335,29.99,20.25,347.49,89.877335,13.564333,3.244
Anuradhapura,2005,12,24.33258,29.87,17.92,98.590004,87.86258,15.128064,3.5412903
Anuradhapura,2006,1,23.567741,28.81,15.98,131.18,88.02484,15.264517,3.9841936
Anuradhapura,2006,2,24.7475,31.13,19.34,30.31,83.556435,19.545715,3.7642858
Anuradhapura,2006,3,26.565805,35.56,19.83,119.89,80.383224,21.17129,2.4967742
Anuradhapura,2006,4,28.534,37.63,22.16,78.48,73.13734,22.222332,2.8660002
Anuradhapura,2006,5,27.98516,36.34,23.49,55.64,77.06903,20.718388,5.687097
Anuradhapura,2006,6,28.433666,36.49,24.19,6.33,71.994,21.671999,6.2776666
Anuradhapura,2006,7,28.390968,36.81,23.2,14.21,70.1813,19.649677,7.165161
Anuradhapura,2006,8,28.223871,37.65,23.29,57.399998,70.52548,21.36484,6.995484
Anuradhapura,2006,9,27.310333,34.67,23.55,71.01,76.206,19.84,5.787667
Anuradhapura,2006,10,26.727097,35.64,22.38,299.19,81.33258,18.44387,3.9932258
Anuradhapura,2006,11,25.404667,29.84,22.13,276.09,89.703995,15.681334,2.7876666
Anuradhapura,2006,12,24.338064,29.02,17.97,115.01,84.97452,14.533548,4.532258
Anuradhapura,2007,1,23.88516,29.04,18.15,59.579998,83.82,16.149033,4.4654837
Anuradhapura,2007,2,25.455715,33.53,17.51,45.54,76.1825,19.970356,3.5432143
Anuradhapura,2007,3,27.290323,38.82,18.53,9.0,66.38097,24.205484,3.3651612
Anuradhapura,2007,4,28.257332,38.43,22.99,139.62,76.131,19.847332,2.4423332
Anuradhapura,2007,5,28.908709,36.83,23.97,14.29,73.94646,21.325806,5.5812902
Anuradhapura,2007,6,28.172333,37.04,23.9,41.23,74.21266,18.353333,6.188333
Anuradhapura,2007,7,27.90129,35.21,23.22,23.2,73.06903,18.983547,6.6635485
Anuradhapura,2007,8,28.031935,36.47,24.26,31.61,71.91806,20.158066,6.6029034
Anuradhapura,2007,9,27.71,35.73,22.86,71.7,74.83933,20.029667,6.3606668
Anuradhapura,2007,10,26.250322,34.97,22.17,315.09,82.31484,17.309355,4.250645
Anuradhapura,2007,11,24.953001,29.88,18.18,149.88,85.675,17.935333,2.9046667
Anuradhapura,2007,12,24.212582,29.13,17.32,229.47,87.29,13.891935,4.2400002
Anuradhapura,2008,1,24.026775,30.35,17.32,40.67,85.31678,16.968388,3.6519353
Anuradhapura,2008,2,24.827587,30.63,18.24,106.09,83.21001,19.406551,3.3689654
Anuradhapura,2008,3,25.62742,31.92,19.32,259.15,86.29032,18.502258,3.1480644
Anuradhapura,2008,4,26.414333,32.44,21.96,130.35,85.88433,21.208334,2.7473333
Anuradhapura,2008,5,26.961613,32.21,24.18,1.8299999,85.15064,21.976452,5.784516
Anuradhapura,2008,6,27.401001,33.79,23.82,25.0,77.558334,20.321999,6.198
Anuradhapura,2008,7,27.584517,35.76,23.31,30.12,74.55581,20.133549,6.5370965
Anuradhapura,2008,8,27.773226,35.47,23.31,37.57,72.82129,19.309677,5.8751616
Anuradhapura,2008,9,28.722332,38.4,23.49,7.59,67.24033,21.979668,6.0323334
Anuradhapura,2008,10,27.335485,38.07,19.12,157.68001,76.649994,18.229355,3.333226
Anuradhapura,2008,11,26.129,34.08,20.67,240.23,81.47834,14.853333,3.7266667
Anuradhapura,2008,12,24.383226,29.65,18.61,180.93,86.27742,14.872258,4.015806
Anuradhapura,2009,1,23.852257,29.98,18.43,59.83,82.20742,17.241936,4.066129
Anuradhapura,2009,2,25.245358,36.99,17.36,0.07,70.5175,22.346786,3.5028572
Anuradhapura,2009,3,26.910324,38.13,18.62,133.97,74.133865,22.120646,2.8251615
Anuradhapura,2009,4,27.967335,36.09,22.98,145.74,79.09733,20.265999,3.5243335
Anuradhapura,2009,5,28.313227,36.28,24.23,14.320001,77.19193,20.260645,5.6529036
Anuradhapura,2009,6,28.190666,35.55,24.32,8.04,73.386,19.894999,7.738667
Anuradhapura,2009,7,28.387096,38.04,24.18,13.030001,69.55678,19.87871,7.2638707
Anuradhapura,2009,8,27.949032,36.2,22.82,100.67,74.1829,19.167742,6.1087093
Anuradhapura,2009,9,28.036999,37.29,23.94,20.49,73.327,21.265001,6.6346664
Anuradhapura,2009,10,28.090645,37.21,21.76,112.770004,69.50484,20.072903,4.1919355
Anuradhapura,2009,11,25.586334,31.53,20.63,354.57,87.561005,14.926333,3.2236667
Anuradhapura,2009,12,25.037418,29.57,20.45,290.01,89.422585,12.974194,3.957742
Anuradhapura,2010,1,24.085161,29.35,18.51,65.34,86.25484,17.906775,3.9322581
Anuradhapura,2010,2,24.76357,33.05,18.89,10.83,82.42036,20.300001,3.5767858
Anuradhapura,2010,3,27.904516,37.73,17.06,31.44,70.18419,22.164515,3.0941935
Anuradhapura,2010,4,29.119999,38.86,22.81,143.69,73.99067,22.030666,2.6366665
Anuradhapura,2010,5,28.173548,35.07,23.72,75.55,81.87807,20.276775,5.0751615
Anuradhapura,2010,6,28.230999,36.01,23.95,16.81,74.27166,20.046333,6.6636667
Anuradhapura,2010,7,27.949354,35.45,23.32,42.21,72.37032,20.224516,6.253871
Anuradhapura,2010,8,27.571291,35.62,23.17,102.56,75.57097,18.350967,6.173871
Anuradhapura,2010,9,26.995667,35.03,23.1,212.75,78.75167,18.861666,4.6943336
Anuradhapura,2010,10,25.914839,31.58,22.21,122.66,85.79194,18.69871,4.857097
Anuradhapura,2010,11,25.175333,30.57,21.54,373.3,88.81333,14.478666,2.8123333
Anuradhapura,2010,12,24.16258,29.26,19.96,429.13998,91.70645,11.254193,3.9887097
Anuradhapura,2011,1,23.807096,28.32,17.97,374.59,90.84613,12.995161,4.374516
Anuradhapura,2011,2,24.37143,30.46,19.58,308.19,88.48607,16.751429,3.4978573
Anuradhapura,2011,3,25.718388,32.43,18.82,36.54,84.4042,22.026129,2.827742
Anuradhapura,2011,4,26.372334,32.76,19.27,255.5,84.59267,20.226002,2.3973334
Anuradhapura,2011,5,27.048063,32.09,22.44,21.44,85.76516,22.295162,5.0741935
Anuradhapura,2011,6,27.673,35.32,23.75,6.4,77.833664,20.740665,6.3956666
Anuradhapura,2011,7,27.641613,35.33,23.95,23.76,73.85807,20.108065,6.6058064
Anuradhapura,2011,8,27.514194,34.61,23.3,91.43,75.25259,20.214518,6.4016128
Anuradhapura,2011,9,28.195,36.91,23.89,23.72,71.03833,21.174002,6.3016667
Anuradhapura,2011,10,26.855162,36.45,22.67,317.11,80.23935,17.549032,3.462258
Anuradhapura,2011,11,25.309,30.11,19.64,381.31,87.167336,15.238333,3.278
Anuradhapura,2011,12,24.537418,29.68,18.45,183.41,88.69129,14.758064,3.7264516
Anuradhapura,2012,1,23.633871,29.95,18.06,32.0,84.603546,19.065805,3.4396775
Anuradhapura,2012,2,24.725174,31.88,19.24,51.34,84.092064,18.843449,3.718276
Anuradhapura,2012,3,27.254839,36.71,18.7,48.84,72.41645,22.555485,2.7083871
Anuradhapura,2012,4,27.883,36.58,22.25,115.68,77.26933,20.189667,2.8696666
Anuradhapura,2012,5,28.862581,37.4,23.53,2.29,71.45452,21.58645,6.5158067
Anuradhapura,2012,6,28.808666,35.79,24.67,7.11,69.62333,20.155333,7.646333
Anuradhapura,2012,7,28.670645,37.26,24.34,33.43,69.68322,20.838064,6.647742
Anuradhapura,2012,8,28.752905,37.06,24.2,8.67,67.00355,21.213871,7.0670967
Anuradhapura,2012,9,28.593666,37.39,24.03,59.05,68.884,19.563665,6.2796664
Anuradhapura,2012,10,26.584517,37.01,22.36,522.41,83.27032,17.227741,3.5612903
Anuradhapura,2012,11,25.274666,31.25,20.19,214.8,88.220665,16.252666,2.7983332
Anuradhapura,2012,12,24.720324,29.72,19.45,559.96,90.26678,12.86871,4.04871
Anuradhapura,2013,1,24.003548,28.85,18.19,190.22,87.97097,15.847097,4.0441937
Anuradhapura,2013,2,24.707142,31.01,19.27,192.48999,87.05964,17.860714,3.4142857
Anuradhapura,2013,3,25.864515,32.52,19.29,196.95,85.93613,20.801935,2.9038708
Anuradhapura,2013,4,27.312334,32.74,21.62,65.5,83.93367,21.886333,2.3756666
Anuradhapura,2013,5,27.118387,31.74,24.34,103.86,86.6571,20.024517,5.2303224
Anuradhapura,2013,6,27.120333,32.73,23.94,16.95,79.61633,19.027,7.3653336
Anuradhapura,2013,7,27.172258,34.43,23.84,30.96,75.87258,19.485806,6.9674196
Anuradhapura,2013,8,27.745483,35.5,23.78,76.53,74.29484,20.147419,5.7400002
Anuradhapura,2013,9,27.377,36.13,23.41,57.24,75.34267,20.027668,6.5820003
Anuradhapura,2013,10,27.510323,35.91,22.78,100.37,74.95452,19.92645,4.7648387
Anuradhapura,2013,11,25.726665,31.53,20.6,196.55,84.92834,16.425333,3.101
Anuradhapura,2013,12,24.437096,29.84,19.68,117.72,84.76259,13.459678,3.9993546
Anuradhapura,2014,1,24.331614,30.49,19.9,166.58,83.94355,14.675807,4.4980645
Anuradhapura,2014,2,25.8775,34.97,17.6,31.53,71.36428,20.459286,3.8885713
Anuradhapura,2014,3,28.044193,39.56,20.74,6.7,65.338066,22.13258,4.1777415
Anuradhapura,2014,4,29.388666,40.14,23.03,134.66,69.20467,22.472332,2.1533332
Anuradhapura,2014,5,27.364515,32.81,23.3,150.46,85.25194,20.508064,4.639355
Anuradhapura,2014,6,28.452667,35.8,24.76,3.78,76.41134,20.425,6.7783337
Anuradhapura,2014,7,28.364193,35.49,24.62,9.37,72.47225,20.493225,7.245484
Anuradhapura,2014,8,27.703548,36.25,23.01,72.34,72.992256,19.67129,6.2070966
Anuradhapura,2014,9,28.053667,37.44,23.92,142.71,73.68533,21.110666,5.357333
Anuradhapura,2014,10,26.30129,33.27,22.73,262.33002,85.28355,17.969677,3.173871
Anuradhapura,2014,11,25.198334,30.85,19.2,382.27,89.07266,12.714666,3.4256666
Anuradhapura,2014,12,24.780323,29.61,21.45,571.95,92.56064,11.314516,3.8012905
Anuradhapura,2015,1,23.860645,29.52,18.75,11.61,86.77065,18.657742,3.419355
Anuradhapura,2015,2,24.457142,30.67,18.11,146.58,85.789635,18.66857,3.7310715
Anuradhapura,2015,3,25.781935,32.6,19.17,68.87,83.28097,22.142902,3.09
Anuradhapura,2015,4,26.939,33.35,22.6,196.53,84.47667,22.432335,2.1360002
Anuradhapura,2015,5,27.018711,31.73,23.2,192.58,87.69387,19.32871,4.057742
Anuradhapura,2015,6,26.963665,31.84,23.24,17.25,85.53166,20.487667,5.6103334
Anuradhapura,2015,7,27.766129,34.32,24.0,3.96,77.037415,20.617098,6.6241937
Anuradhapura,2015,8,28.189354,36.36,23.87,72.75,74.37645,20.57,6.0990324
Anuradhapura,2015,9,27.088665,36.07,21.69,173.27,80.183334,20.492668,5.2273335
Anuradhapura,2015,10,26.30742,32.12,22.13,331.3,86.14742,16.613548,3.4177418
Anuradhapura,2015,11,25.527668,30.35,22.2,486.83002,91.080666,13.773666,2.8823333
Anuradhapura,2015,12,25.262259,29.89,20.08,278.16,90.44064,14.437419,3.701613
Anuradhapura,2016,1,24.320969,29.49,18.32,85.81,86.84194,17.477097,3.7280645
Anuradhapura,2016,2,25.134138,31.39,19.15,28.800001,84.69345,20.077242,3.602069
Anuradhapura,2016,3,27.644838,38.21,19.4,27.84,73.73258,22.981289,2.986774
Anuradhapura,2016,4,30.053667,38.59,23.13,49.95,70.63033,23.671333,2.262
Anuradhapura,2016,5,28.314194,37.06,23.66,441.21,81.1071,18.40613,4.377742
Anuradhapura,2016,6,27.032665,31.68,23.81,15.34,83.35433,18.971998,6.3946667
Anuradhapura,2016,7,27.539677,34.0,23.69,24.35,76.48871,20.125162,5.991613
Anuradhapura,2016,8,28.372904,36.15,24.07,7.39,71.82291,21.369356,6.395807
Anuradhapura,2016,9,29.053001,37.84,24.06,1.41,65.437,21.607,6.726
Anuradhapura,2016,10,28.685806,37.74,22.52,90.909996,66.05645,19.25871,4.3309674
Anuradhapura,2016,11,25.585667,31.8,19.65,234.18001,85.28066,14.486333,3.1816666
Anuradhapura,2016,12,24.790323,31.15,17.02,75.520004,83.07323,16.549677,3.643226
Anuradhapura,2017,1,24.68742,31.8,17.59,104.119995,76.72225,16.93613,4.197742
Anuradhapura,2017,2,25.250357,34.82,17.55,42.75,71.909996,21.368929,3.7932143
Anuradhapura,2017,3,26.599356,34.85,19.0,150.85,78.963554,22.022903,2.6100001
Anuradhapura,2017,4,29.296333,38.19,21.53,56.05,71.06267,23.313334,3.0636668
Anuradhapura,2017,5,28.798388,36.99,23.76,133.03,75.8771,19.397743,4.5099998
Anuradhapura,2017,6,28.377666,35.28,24.43,13.0199995,73.676,20.95,6.838667
Anuradhapura,2017,7,28.915808,38.07,24.37,16.65,69.39903,20.81,6.030968
Anuradhapura,2017,8,28.249031,35.33,23.49,90.770004,73.884514,20.031935,6.0390325
Anuradhapura,2017,9,27.749332,35.32,23.83,59.04,76.26034,20.364666,5.311
Anuradhapura,2017,10,27.650644,35.48,23.26,128.99,77.55613,18.058388,4.4861293
Anuradhapura,2017,11,25.639668,32.14,20.76,224.25,87.907,14.641333,3.6026666
Anuradhapura,2017,12,24.917097,30.32,18.71,97.36,84.99935,16.831934,3.4567742
Anuradhapura,2018,1,24.473871,32.13,17.19,28.34,78.46323,17.564516,3.663871
Anuradhapura,2018,2,26.3025,34.96,18.92,53.59,71.71036,20.510714,4.1892858
Anuradhapura,2018,3,27.713224,37.49,19.65,60.76,71.51451,21.405807,3.2874196
Anuradhapura,2018,4,28.814,37.54,22.32,103.2,73.75933,22.140999,2.501
Anuradhapura,2018,5,27.101934,34.51,23.12,273.21,86.48355,18.245483,3.573871
Anuradhapura,2018,6,27.085667,33.43,23.81,20.119999,83.543,20.185667,6.925
Anuradhapura,2018,7,27.674515,35.53,24.08,11.85,75.41355,20.272903,6.761935
Anuradhapura,2018,8,27.923872,36.89,23.88,28.08,72.14129,19.277742,6.8464518
Anuradhapura,2018,9,28.706333,39.07,23.07,50.129997,67.85634,21.6,4.761
Anuradhapura,2018,10,26.251612,33.4,21.36,281.31,85.07677,16.26258,2.7896776
Anuradhapura,2018,11,25.366,30.54,19.9,228.43001,88.01,14.416,3.2273333
Anuradhapura,2018,12,24.690323,29.51,18.61,118.2,88.20677,15.315484,3.456129
Anuradhapura,2019,1,24.002258,31.06,18.18,8.65,81.94419,18.67613,3.9270966
Anuradhapura,2019,2,26.242144,35.12,19.97,92.77,79.170715,19.170359,3.6914287
Anuradhapura,2019,3,28.596128,40.15,21.05,4.65,64.72226,23.99129,3.454516
Anuradhapura,2019,4,30.491667,40.18,22.14,76.96,62.847336,22.380667,2.3443334
Anuradhapura,2019,5,30.314838,39.07,24.91,7.92,67.63645,22.571291,5.3729033
Anuradhapura,2019,6,29.928667,37.58,25.95,9.73,67.927666,20.471998,7.1843333
Anuradhapura,2019,7,29.586128,38.13,24.51,9.03,65.44774,19.536776,6.609355
Anuradhapura,2019,8,28.026129,35.24,23.31,93.01,72.75935,19.319677,7.0929036
Anuradhapura,2019,9,27.504,36.19,22.85,132.66,77.31133,18.676666,5.1196666
Anuradhapura,2019,10,26.075161,33.49,22.35,404.72,86.55968,17.406775,2.3854837
Anuradhapura,2019,11,26.038,30.57,21.82,237.26999,87.422,16.907667,2.8726666
Anuradhapura,2019,12,25.138386,29.67,20.49,390.05002,89.84807,14.510323,3.8535483
Anuradhapura,2020,1,24.585161,29.95,18.58,30.07,85.246445,19.112904,3.739032
Anuradhapura,2020,2,25.132412,32.35,19.16,18.53,80.49172,20.63138,4.090345
Anuradhapura,2020,3,27.833548,37.41,20.36,12.21,68.99065,23.324839,3.532258
Anuradhapura,2020,4,29.683,38.26,20.76,84.5,69.076004,22.616667,2.8996665
Anuradhapura,2020,5,28.561611,38.5,24.45,158.82,79.62516,19.303871,4.209355
Anuradhapura,2020,6,28.209333,35.12,23.86,59.35,75.920006,20.529667,6.0663333
Anuradhapura,2020,7,27.01484,34.23,22.54,107.24,79.69225,18.16613,4.9951615
Anuradhapura,2020,8,28.201612,36.39,23.85,24.09,73.367096,20.648066,6.159032
Anuradhapura,2020,9,26.837667,34.57,23.16,173.36,80.77933,17.648335,5.886333
Anuradhapura,2020,10,27.564516,35.58,23.2,60.12,76.673874,19.527098,5.200645
Anuradhapura,2020,11,26.109667,34.26,21.45,327.91,87.38167,14.748334,3.1296666
Anuradhapura,2020,12,24.914839,29.71,20.34,364.52,90.02516,12.114194,3.9009678
Anuradhapura,2021,1,24.588387,29.62,19.15,246.47,90.201935,15.348064,3.5241935
Anuradhapura,2021,2,24.357859,30.95,17.62,35.09,85.384285,20.760359,3.6985714
Anuradhapura,2021,3,25.842903,35.08,18.89,40.57,82.65709,20.935162,3.1025805
Anuradhapura,2021,4,27.934668,36.13,21.65,115.5,78.67667,21.782999,2.7783332
Anuradhapura,2021,5,27.588709,33.44,23.7,115.99,83.33839,19.688065,4.652258
Anuradhapura,2021,6,27.704,34.12,23.76,45.010002,79.72633,20.858,5.8306665
Anuradhapura,2021,7,27.626127,34.93,24.16,95.52,78.6242,20.579676,6.294516
Anuradhapura,2021,8,27.802904,35.58,22.78,41.27,74.93516,19.477097,6.123871
Anuradhapura,2021,9,27.780333,34.98,23.62,113.26,77.16533,20.393,5.655667
Anuradhapura,2021,10,26.441936,32.19,22.53,328.57,85.645164,17.337742,4.1516128
Anuradhapura,2021,11,25.318666,29.91,21.54,518.83,91.746994,14.172,3.6430001
Anuradhapura,2021,12,24.881937,30.77,19.24,121.46,87.4142,17.336775,3.3335485
Anuradhapura,2022,1,24.612581,30.23,16.58,104.439995,86.827736,18.286129,3.633871
Anuradhapura,2022,2,24.518927,31.14,18.02,121.659996,84.80214,19.833216,3.5432143
Anuradhapura,2022,3,26.67645,34.33,20.8,47.97,81.43,21.327097,3.0719354
Anuradhapura,2022,4,27.138,34.47,22.44,289.55,84.951004,20.890001,2.488
Anuradhapura,2022,5,27.176773,31.92,23.64,44.37,86.34161,20.304193,6.122258
Anuradhapura,2022,6,27.174665,33.85,23.39,40.41,81.40467,19.661001,5.6453333
Anuradhapura,2022,7,27.409678,33.96,22.64,109.81,77.382904,18.722582,5.3096776
Anuradhapura,2022,8,27.287098,35.43,23.12,87.49,77.71903,19.625807,5.862903
Anuradhapura,2022,9,27.467335,35.44,23.32,46.769997,76.138664,20.623667,5.7043333
Anuradhapura,2022,10,26.622904,35.13,21.49,221.70999,80.88968,16.677097,3.884516
Anuradhapura,2022,11,25.001333,30.38,19.47,229.3,87.55234,15.552334,2.9693334
Anuradhapura,2022,12,24.696453,30.15,19.82,289.0,88.99709,13.124839,4.1925807
Anuradhapura,2023,1,23.506128,28.69,17.51,118.47,86.19871,16.795805,4.0429034
Anuradhapura,2023,2,24.056787,29.98,17.32,179.83,85.9375,19.848572,3.840357
Anuradhapura,2023,3,26.184515,34.0,21.02,81.54,83.549355,21.173225,3.007742
Anuradhapura,2023,4,27.748333,34.66,22.23,99.979996,79.37,22.028002,2.5379999
Anuradhapura,2023,5,27.193548,32.77,23.03,163.07,86.43226,19.633226,4.273548
Anuradhapura,2023,6,28.150333,34.34,23.9,19.04,78.775665,21.06,6.079
Anuradhapura,2023,7,28.752258,37.76,24.22,5.4100003,71.01678,19.670967,6.6164517
Anuradhapura,2023,8,29.946129,38.83,24.34,21.45,65.12581,22.073547,5.933226
Anuradhapura,2023,9,28.279667,36.75,23.65,72.68,72.90466,19.638666,6.5596666
Anuradhapura,2023,10,26.91613,34.76,22.42,326.59,82.94839,17.474194,3.3419354
Anuradhapura,2023,11,26.105333,30.73,22.42,508.14,89.55,14.9816675,2.2056665
Anuradhapura,2023,12,25.80871,30.52,22.41,465.33002,92.33129,12.898709,4.0496774
Anuradhapura,2024,1,24.737741,30.15,18.88,178.31,88.296776,16.039679,3.7051613
Anuradhapura,2024,2,25.642414,31.68,20.94,11.95,85.44793,21.058275,4.114483
Anuradhapura,2024,3,26.846128,36.85,19.68,22.789999,76.796776,23.285807,3.3441935
Anuradhapura,2024,4,30.443666,39.3,23.47,40.09,69.14733,22.103333,2.5743334
Anuradhapura,2024,5,29.031935,39.71,24.0,192.21,79.59677,17.910967,4.1393547
Anuradhapura,2024,6,28.154,35.54,24.54,24.68,79.33967,19.629667,6.272333
Anuradhapura,2024,7,28.871614,36.39,24.59,7.3,71.935486,19.910967,6.781613
Anuradhapura,2024,8,28.118063,35.46,23.33,118.27,76.96032,19.329676,5.343226
Anuradhapura,2024,9,28.888,36.18,24.25,24.369999,73.333664,20.751001,6.2516665
Anuradhapura,2024,10,27.11871,37.0,23.35,191.18001,83.232254,17.727097,3.6116128
Anuradhapura,2024,11,26.100334,31.13,21.99,441.23,89.161,13.403,3.6843333
Anuradhapura,2024,12,25.55742,30.1,19.66,138.82,89.338066,15.609355,3.4083872
Anuradhapura,2025,1,24.495806,29.53,19.8,225.0,89.50065,13.156129,4.1145163
Anuradhapura,2025,2,24.584286,30.35,18.68,72.51,84.66571,21.445713,3.6875
Anuradhapura,2025,3,26.204195,32.26,18.79,88.67,84.32613,21.561935,2.9164517
Anuradhapura,2025,4,27.258,32.85,22.43,183.76,84.707664,21.404333,2.6283333
Anuradhapura,2025,5,27.489355,32.93,23.11,118.84,85.10839,20.080645,5.0551615
Anuradhapura,2025,6,27.771334,34.46,24.39,18.81,81.029,20.797333,6.400333
Anuradhapura,2025,7,28.260645,37.4,24.21,6.87,74.299675,20.91742,6.7364516
Anuradhapura,2025,8,28.227097,36.68,23.88,37.74,72.88226,20.669031,5.985162
Anuradhapura,2025,9,28.386665,36.59,24.19,65.799995,72.63467,20.574001,5.8789997
Anuradhapura,2025,10,27.147419,34.48,22.21,237.86,81.86323,17.812904,3.344516
Anuradhapura,2025,11,25.675667,32.31,21.93,655.97003,88.57366,13.395333,3.9313333
Anuradhapura,2025,12,24.47516,29.81,19.7,161.57,89.58516,14.507742,3.7235484
Badulla,2000,1,22.882257,29.64,14.58,14.87,84.93613,16.770645,4.004839
Badulla,2000,2,24.362759,32.27,16.29,74.99,80.421036,19.09931,2.6310346
Badulla,2000,3,25.67,35.02,18.22,47.22,74.47613,20.18871,2.3919356
Badulla,2000,4,27.742668,37.96,20.81,51.58,67.06267,22.715,2.451
Badulla,2000,5,28.705807,37.91,22.67,19.24,60.279354,21.658386,3.6651614
Badulla,2000,6,26.724333,34.53,21.71,35.47,64.853,18.964666,5.8539996
Badulla,2000,7,27.279354,37.38,21.79,58.120003,60.537098,21.228065,5.543226
Badulla,2000,8,25.840322,33.97,21.23,60.01,69.89129,19.031612,5.37129
Badulla,2000,9,26.596998,35.87,21.25,49.45,69.77133,20.44,3.8833334
Badulla,2000,10,26.270323,35.26,20.15,47.55,68.783875,19.945807,3.3622582
Badulla,2000,11,24.460333,33.95,17.3,219.44,82.25,16.08,3.3093333
Badulla,2000,12,23.404516,29.65,17.25,119.58,86.272255,15.089032,3.9258063
Badulla,2001,1,22.77,28.64,16.47,230.56,88.98775,16.19387,3.602258
Badulla,2001,2,22.262499,29.06,12.99,83.29,84.92643,20.589285,2.462857
Badulla,2001,3,25.447742,36.99,16.47,4.6800003,73.269356,23.372257,2.150645
Badulla,2001,4,26.114,35.49,21.23,121.67,78.296,19.292,2.049
Badulla,2001,5,27.258387,36.01,22.23,46.71,72.94161,21.36129,3.6261292
Badulla,2001,6,26.399332,34.37,21.71,41.28,68.79967,20.499666,5.3943334
Badulla,2001,7,26.738388,36.0,21.49,64.08,64.39806,19.484194,4.7880645
Badulla,2001,8,27.399355,36.13,21.46,10.76,61.939354,21.277742,5.4096775
Badulla,2001,9,26.901333,36.8,21.48,96.27,66.12933,20.902668,4.3846664
Badulla,2001,10,25.735483,33.66,20.88,64.1,75.8171,19.410967,3.298387
Badulla,2001,11,24.341,32.92,18.74,191.06,84.461334,17.453667,2.646
Badulla,2001,12,22.849356,29.93,15.82,137.64,88.6429,17.0,3.2454839
Badulla,2002,1,22.938389,30.54,14.49,54.85,85.15678,17.429356,3.3906453
Badulla,2002,2,23.66,30.86,16.05,81.72,83.244995,20.053928,3.662857
Badulla,2002,3,25.829033,35.96,17.62,44.239998,74.80936,22.149033,2.8458066
Badulla,2002,4,26.446999,35.32,21.51,136.41,77.82433,20.507666,1.8973333
Badulla,2002,5,26.37742,34.2,21.81,105.97,79.12871,20.227741,3.932903
Badulla,2002,6,26.546667,35.85,20.72,41.07,71.52033,19.854668,4.5193334
Badulla,2002,7,27.635485,35.75,21.89,22.24,61.878063,20.924839,5.914839
Badulla,2002,8,26.60355,35.15,21.74,54.38,65.9071,20.675484,5.0590324
Badulla,2002,9,27.784666,37.07,21.6,18.85,61.53633,22.648335,4.445
Badulla,2002,10,25.469032,34.74,20.62,178.86,79.36161,19.580645,2.6787097
Badulla,2002,11,24.098999,30.53,18.54,193.29,87.428,16.728,2.119
Badulla,2002,12,22.934837,29.05,15.63,245.92,91.49129,14.187097,3.4519355
Badulla,2003,1,22.37,27.58,15.84,112.32,90.55161,17.186451,3.5554838
Badulla,2003,2,23.150713,29.01,16.6,66.73,88.31714,20.138214,3.0889285
Badulla,2003,3,24.388065,31.78,16.94,96.98,85.28903,21.341934,2.3129032
Badulla,2003,4,26.119999,34.23,20.37,147.20999,78.96067,20.803001,1.9216667
Badulla,2003,5,26.085806,32.65,21.6,88.7,81.94161,19.420967,4.333548
Badulla,2003,6,26.123667,33.19,21.8,36.38,76.513664,20.654,4.3423333
Badulla,2003,7,26.190645,33.73,21.23,32.28,73.52935,19.143227,4.1387095
Badulla,2003,8,26.537098,35.26,21.16,30.89,68.88258,20.748064,4.529355
Badulla,2003,9,27.570667,36.75,21.83,33.42,63.205334,22.032999,4.654
Badulla,2003,10,26.408386,36.11,20.78,97.3,72.40678,21.039354,3.5609677
Badulla,2003,11,23.7,30.6,19.52,295.63,89.81367,14.438001,3.053
Badulla,2003,12,23.069355,29.3,16.93,34.43,86.727425,19.126451,3.4974194
Badulla,2004,1,23.733225,30.66,16.27,57.190002,83.29258,18.130968,3.8651612
Badulla,2004,2,24.341381,33.29,15.79,64.72,77.23448,19.963102,3.2675862
Badulla,2004,3,26.347097,37.15,16.57,36.81,72.149994,22.451612,2.4929032
Badulla,2004,4,27.202333,37.78,21.06,96.8,73.820335,21.002666,1.979
Badulla,2004,5,26.589355,34.43,21.8,107.69,73.92709,19.614515,4.813226
Badulla,2004,6,26.394001,34.56,21.36,41.760002,69.974335,20.886333,5.413333
Badulla,2004,7,26.707096,35.12,21.55,22.09,65.46645,20.950968,5.530645
Badulla,2004,8,27.495806,35.97,21.94,22.050001,61.614193,21.86129,5.416452
Badulla,2004,9,26.036335,34.35,20.05,168.5,73.608665,19.444334,3.512667
Badulla,2004,10,24.852581,33.15,20.73,217.49,83.78129,18.903225,2.7974193
Badulla,2004,11,23.743666,27.99,20.79,241.88,91.685005,15.174334,3.1643333
Badulla,2004,12,22.578386,28.16,14.28,333.74,91.11129,15.464839,3.66
Badulla,2005,1,22.620321,27.67,16.8,92.659996,91.4871,15.644194,3.5661292
Badulla,2005,2,22.831785,29.01,16.82,19.84,87.28715,22.363928,3.0928571
Badulla,2005,3,24.335485,31.72,17.74,74.840004,85.84613,21.34871,2.207742
Badulla,2005,4,25.661335,32.9,20.93,118.21,84.20533,20.609333,2.0133333
Badulla,2005,5,26.795805,34.92,22.57,85.21,79.36097,20.54613,2.9796774
Badulla,2005,6,26.449667,34.68,21.15,39.46,73.77233,20.708,5.1716666
Badulla,2005,7,26.163872,34.57,21.43,54.7,71.71323,20.161613,5.1303225
Badulla,2005,8,27.339355,35.65,21.86,18.47,63.575806,21.673872,4.405484
Badulla,2005,9,26.881334,35.89,21.47,56.55,66.86967,21.008333,5.0643334
Badulla,2005,10,25.912256,36.42,21.22,145.4,76.19225,18.707743,2.8348386
Badulla,2005,11,23.792,29.14,17.01,358.38,89.013664,16.471333,2.6946666
Badulla,2005,12,22.989355,29.63,15.29,139.84,88.49774,18.00129,2.7832258
Badulla,2006,1,21.76516,26.81,13.18,251.72,91.379036,17.224194,3.4651613
Badulla,2006,2,22.8375,28.72,16.49,69.63,89.64036,18.6625,3.25
Badulla,2006,3,24.373549,30.91,19.2,106.32,86.42968,20.641613,1.9935484
Badulla,2006,4,25.643333,34.03,20.06,63.8,81.40533,20.943666,2.025
Badulla,2006,5,26.064838,34.54,21.42,86.39,78.604515,20.779354,3.8919356
Badulla,2006,6,26.546,34.73,21.55,33.52,71.82867,20.664667,4.4566665
Badulla,2006,7,26.66613,34.94,21.06,36.28,65.67806,19.71226,5.5387096
Badulla,2006,8,26.359678,36.2,21.28,66.66,68.93193,20.84742,5.032258
Badulla,2006,9,25.389,32.6,21.51,116.78,76.96467,19.480001,4.311
Badulla,2006,10,24.932579,34.64,20.0,308.13998,81.55775,18.578064,2.961613
Badulla,2006,11,23.568,28.09,20.42,321.52,91.741,16.6,2.2526667
Badulla,2006,12,22.658066,27.15,15.09,228.67,91.25645,12.764838,4.0441937
Badulla,2007,1,22.026129,27.03,15.37,181.03,90.100975,17.004839,3.8790324
Badulla,2007,2,22.742502,29.91,15.61,48.71,87.23964,21.371784,2.7685714
Badulla,2007,3,23.726452,32.66,16.65,36.46,78.73968,24.037098,2.1299999
Badulla,2007,4,25.261,31.71,21.24,215.88,86.00633,19.572,1.8463333
Badulla,2007,5,26.354515,33.28,21.49,28.95,78.91968,22.709032,3.599355
Badulla,2007,6,26.105999,34.17,21.45,71.83,75.454666,18.826666,4.219
Badulla,2007,7,26.04774,33.37,21.33,39.92,72.34904,20.316452,4.5209675
Badulla,2007,8,26.232258,34.18,21.37,75.98,71.00419,20.832903,4.584839
Badulla,2007,9,25.596334,33.02,20.0,90.34,76.28267,19.454668,4.6436667
Badulla,2007,10,24.69129,32.14,20.51,209.93,81.482254,17.760323,3.35
Badulla,2007,11,23.373667,29.08,17.29,134.89,86.974335,18.797333,2.437
Badulla,2007,12,22.610645,28.08,15.59,232.45,89.74355,14.776129,3.5819354
Badulla,2008,1,22.498388,28.39,15.39,145.0,89.78935,16.743547,3.169355
Badulla,2008,2,22.941034,28.48,15.39,123.66,87.51862,19.46138,2.6627586
Badulla,2008,3,23.83645,29.86,18.16,308.89,89.300644,18.793226,2.521613
Badulla,2008,4,24.761665,30.92,20.66,221.47,86.947,19.325666,1.927
Badulla,2008,5,25.02871,30.38,21.32,40.86,86.503555,21.586128,3.7803226
Badulla,2008,6,24.542667,30.16,20.82,66.86,84.226,19.383333,4.001333
Badulla,2008,7,24.795805,31.24,20.46,60.219997,80.95936,20.479355,4.480645
Badulla,2008,8,25.445807,32.99,20.77,51.440002,75.56742,20.56258,4.101613
Badulla,2008,9,26.135668,35.74,19.62,39.61,71.40566,22.865,3.8846667
Badulla,2008,10,25.59871,34.93,19.65,154.9,78.10033,18.720646,2.4474194
Badulla,2008,11,24.331,32.32,18.51,185.94,84.146996,16.520666,2.6756668
Badulla,2008,12,22.677097,28.22,15.6,124.07,89.156456,17.52129,3.220645
Badulla,2009,1,22.175484,29.22,15.5,64.15,84.755806,19.061935,3.5864515
Badulla,2009,2,23.784286,34.79,15.5,3.87,73.46001,22.29143,2.8657143
Badulla,2009,3,25.432259,35.16,18.93,151.65,75.56516,22.80258,2.0141935
Badulla,2009,4,25.520666,32.23,20.38,197.05,84.032,20.559334,2.4476666
Badulla,2009,5,26.419355,34.0,21.45,79.19,77.74355,20.047419,3.7780645
Badulla,2009,6,26.021334,33.41,21.64,49.489998,74.88066,21.423,5.3333335
Badulla,2009,7,26.326775,33.95,21.76,21.01,68.80419,21.321613,5.1564517
Badulla,2009,8,26.351292,34.72,21.49,83.98,71.06774,20.437096,4.642258
Badulla,2009,9,26.536001,36.06,21.61,54.2,70.393,21.562666,4.79
Badulla,2009,10,26.04871,36.3,18.07,161.22,73.18516,20.548063,2.9945161
Badulla,2009,11,23.654667,29.44,17.75,412.94,89.316666,14.343333,2.6203334
Badulla,2009,12,23.193548,28.45,18.12,289.11,92.367424,14.698065,2.9203227
Badulla,2010,1,22.442259,27.99,15.87,132.04,90.05613,17.980646,3.350968
Badulla,2010,2,22.862143,28.95,17.03,51.22,88.25786,20.770716,2.9057143
Badulla,2010,3,24.439032,32.19,15.92,98.39,82.41387,22.51097,2.2948387
Badulla,2010,4,25.768,31.48,21.04,252.48,83.71633,21.543667,1.8223335
Badulla,2010,5,25.934837,31.61,21.85,198.93001,86.16677,19.541613,3.1100001
Badulla,2010,6,25.012333,31.95,20.91,104.99,83.37,19.892668,4.4773335
Badulla,2010,7,24.548063,30.91,20.27,70.2,81.10226,20.05613,4.459677
Badulla,2010,8,25.277098,32.54,20.45,90.68,76.54388,20.384516,4.504194
Badulla,2010,9,25.369,33.3,20.63,135.95,77.80234,19.430332,3.2373335
Badulla,2010,10,24.726452,32.93,19.25,154.31999,81.61355,20.630644,3.408387
Badulla,2010,11,23.581333,29.8,19.62,511.1,88.314995,16.398,2.2056665
Badulla,2010,12,22.592903,28.53,18.31,505.81,91.660324,14.638064,3.0280645
Badulla,2011,1,22.237741,26.82,15.77,639.91,93.45387,15.021613,3.7445161
Badulla,2011,2,22.630358,28.17,17.12,439.17,91.75072,16.773928,2.8678572
Badulla,2011,3,23.792582,29.99,16.18,194.47,87.160324,20.72,2.2770967
Badulla,2011,4,24.476665,30.02,18.56,246.85,85.31266,21.181667,1.9826666
Badulla,2011,5,25.241936,30.88,20.53,103.23,86.08774,22.214518,3.4880645
Badulla,2011,6,24.601332,30.37,20.18,30.54,83.532,21.392334,4.3326664
Badulla,2011,7,24.57387,31.26,20.74,37.35,80.06935,19.347097,4.475161
Badulla,2011,8,25.437742,32.1,20.61,70.68,77.18871,20.51484,4.3287096
Badulla,2011,9,25.764334,35.04,20.52,78.19,75.32166,21.873,4.085
Badulla,2011,10,25.465483,35.07,20.96,270.44,79.70774,19.478388,2.0593548
Badulla,2011,11,23.804667,29.31,18.53,312.9,88.770996,16.087334,2.5796666
Badulla,2011,12,22.92645,28.98,15.7,218.96,90.48903,14.833549,3.09
Badulla,2012,1,22.087742,27.72,15.52,57.91,88.31516,19.643227,2.7545161
Badulla,2012,2,22.653103,29.04,16.69,169.88,89.475174,18.64276,2.923793
Badulla,2012,3,24.09355,30.5,16.55,83.03999,81.30936,22.47613,1.7703226
Badulla,2012,4,25.181,31.11,21.22,255.18,84.77367,20.468332,2.0276668
Badulla,2012,5,25.478388,33.23,19.0,31.16,80.227745,22.02097,4.2287097
Badulla,2012,6,25.546,32.51,21.09,43.25,77.59966,19.878332,4.996333
Badulla,2012,7,26.195484,34.21,21.7,37.63,72.18419,21.453226,4.6412907
Badulla,2012,8,26.055485,34.75,21.22,69.36,71.965485,20.748388,4.746129
Badulla,2012,9,25.568666,34.23,20.67,120.31,75.848335,20.774666,4.2313333
Badulla,2012,10,24.778065,34.95,20.41,307.83002,83.59483,19.102257,2.5896773
Badulla,2012,11,23.921,30.27,19.59,274.25,88.557335,16.787333,2.0483334
Badulla,2012,12,22.89129,29.15,17.14,473.33,92.34936,14.890645,3.042258
Badulla,2013,1,22.214193,27.07,16.04,337.14,92.00194,16.56129,3.3664517
Badulla,2013,2,22.913214,29.73,17.08,197.99,90.36072,18.618214,2.7357142
Badulla,2013,3,24.29742,30.41,18.7,159.66,88.28968,20.936453,2.2703226
Badulla,2013,4,25.776333,31.66,20.56,187.15,84.13667,21.810667,1.6173333
Badulla,2013,5,25.33742,30.97,22.02,138.81,86.146454,18.88129,3.612903
Badulla,2013,6,24.476332,29.9,21.03,78.77,83.03733,18.341667,5.363333
Badulla,2013,7,24.319677,30.41,20.82,68.86,80.92677,19.620968,5.029355
Badulla,2013,8,25.55129,33.46,20.9,39.36,74.69549,21.708712,4.44
Badulla,2013,9,25.567999,34.52,20.39,90.15,75.08766,20.351,4.737
Badulla,2013,10,25.429678,34.82,20.27,142.02,77.78774,20.636774,3.306129
Badulla,2013,11,23.997667,30.78,18.4,169.17,85.655,18.670666,2.1923335
Badulla,2013,12,22.840322,29.38,18.19,165.85,89.93903,13.8716135,3.354516
Badulla,2014,1,22.552904,28.33,16.17,123.93,88.8458,18.122904,3.4496775
Badulla,2014,2,23.403929,32.6,14.37,37.55,79.9425,21.522501,2.9989285
Badulla,2014,3,24.878386,34.6,17.66,54.649998,75.99774,22.071936,3.0496774
Badulla,2014,4,26.837334,35.88,20.22,129.31,74.10334,21.703001,1.7546667
Badulla,2014,5,26.069033,33.28,21.92,146.86,81.25,20.362581,3.113226
Badulla,2014,6,26.689667,34.31,22.39,38.91,71.74534,20.531668,5.499
Badulla,2014,7,27.131613,35.71,22.38,14.0,64.74613,21.115807,6.1148386
Badulla,2014,8,26.148066,34.39,21.07,83.27,70.47322,20.50387,4.5706453
Badulla,2014,9,26.245333,35.11,21.05,102.35,73.20067,21.326,4.1376667
Badulla,2014,10,24.802258,31.49,20.81,408.13,84.619675,19.412258,2.3232257
Badulla,2014,11,23.584665,29.82,18.15,322.55,89.184,15.274667,2.6836667
Badulla,2014,12,23.245161,28.51,19.8,649.82,93.41903,13.530968,2.7977421
Badulla,2015,1,22.311935,29.1,15.98,32.06,89.560005,19.948387,2.916129
Badulla,2015,2,22.744287,28.48,16.21,191.67,89.59535,19.807499,3.0135713
Badulla,2015,3,23.71226,29.35,16.42,113.71,86.40839,22.687096,2.32
Badulla,2015,4,25.108334,30.64,20.41,233.42,85.766335,22.305,1.69
Badulla,2015,5,25.317097,30.62,21.83,147.6,86.98838,19.467419,2.9325807
Badulla,2015,6,24.995667,30.82,20.43,151.56,85.81367,20.943333,3.792
Badulla,2015,7,24.72871,30.3,20.59,71.22,83.73678,20.73516,4.456774
Badulla,2015,8,25.026129,31.8,20.69,97.22,82.13839,20.964193,4.3725805
Badulla,2015,9,24.787333,31.7,19.39,282.38,84.845,19.742668,3.641
Badulla,2015,10,24.493225,30.44,20.19,449.59,88.66612,18.272903,2.402903
Badulla,2015,11,23.855001,30.03,20.56,461.99,90.864,16.002666,2.2389998
Badulla,2015,12,23.634516,28.59,17.95,299.63,92.36387,15.648387,2.8229034
Badulla,2016,1,22.879032,27.87,16.33,80.32,90.47225,19.023226,3.235484
Badulla,2016,2,23.405518,29.27,17.13,91.57,88.783104,19.910345,3.0337932
Badulla,2016,3,24.838387,33.14,17.68,70.51,82.21129,23.255484,2.1941934
Badulla,2016,4,26.912666,33.67,21.63,76.37,79.86266,23.475,1.984
Badulla,2016,5,26.099678,34.42,21.22,341.2,82.753555,18.832903,3.6112902
Badulla,2016,6,24.929667,30.71,21.07,45.21,82.13167,20.385668,5.1506667
Badulla,2016,7,25.526129,33.04,20.87,52.86,74.79355,20.843225,4.605484
Badulla,2016,8,26.728065,35.84,21.63,16.19,68.506775,21.75258,5.1112905
Badulla,2016,9,27.260668,36.67,20.46,18.130001,63.198666,22.253,5.050667
Badulla,2016,10,26.527098,36.94,20.4,137.98999,70.45742,20.325485,2.853871
Badulla,2016,11,23.917,29.7,18.91,207.96,87.20133,13.935667,2.411
Badulla,2016,12,23.217741,29.97,14.72,107.69,86.00387,18.541613,2.9603224
Badulla,2017,1,22.575485,29.87,14.55,81.42,82.8729,18.145807,3.4038708
Badulla,2017,2,23.586073,32.26,15.85,115.1,78.82536,19.623928,3.0503573
Badulla,2017,3,24.335808,31.06,18.34,219.01,84.6358,21.621614,2.0683873
Badulla,2017,4,26.476,34.96,20.15,56.71,76.44067,22.733,1.9713333
Badulla,2017,5,26.378063,34.29,21.65,171.6,78.44452,19.790646,3.3248386
Badulla,2017,6,25.636,33.18,21.37,63.309998,78.692665,20.722666,4.6376667
Badulla,2017,7,26.391613,34.63,21.82,40.11,72.508064,21.048388,4.322903
Badulla,2017,8,26.267097,34.97,21.25,115.66,74.12613,20.47903,4.3503227
Badulla,2017,9,25.457666,33.92,20.68,124.45,79.17433,20.127666,3.7263334
Badulla,2017,10,25.289677,34.09,20.94,337.34,82.68162,19.206453,2.9719355
Badulla,2017,11,23.896334,30.26,17.85,328.39,89.00566,15.228,2.844
Badulla,2017,12,23.191936,28.59,17.81,214.98,89.92645,17.104193,2.8000002
Badulla,2018,1,22.025484,29.05,13.96,66.0,88.57581,17.866774,2.8154838
Badulla,2018,2,22.832142,28.79,15.84,94.91,88.60285,20.545715,3.0182145
Badulla,2018,3,24.138386,31.05,17.81,142.44,85.649994,20.849998,2.326129
Badulla,2018,4,25.195667,31.48,20.62,168.15,85.21267,19.806667,1.88
Badulla,2018,5,25.23,32.02,21.31,384.68,87.675804,17.762903,2.67
Badulla,2018,6,24.555,29.7,20.36,96.88,86.652336,20.491333,4.696
Badulla,2018,7,24.511936,31.01,20.2,53.530003,81.44903,20.387743,5.0054836
Badulla,2018,8,24.925161,33.49,20.52,55.03,77.1829,20.034193,5.121613
Badulla,2018,9,25.910334,34.66,20.31,106.98,74.84866,21.143667,3.2516665
Badulla,2018,10,24.349998,30.87,20.17,183.24,86.45709,17.61129,2.236774
Badulla,2018,11,23.812,30.1,18.11,224.13,88.72933,16.323,2.3513334
Badulla,2018,12,22.94387,28.72,15.94,122.93,89.58613,15.954839,2.8667743
Badulla,2019,1,22.454517,28.5,15.72,52.9,87.8871,19.162256,3.4767742
Badulla,2019,2,24.043215,31.08,17.06,132.77,86.9125,18.930357,3.0075
Badulla,2019,3,25.516775,36.21,18.36,19.92,74.43387,22.811611,2.4725807
Badulla,2019,4,27.627,36.62,20.0,63.41,68.59534,21.298,2.1406667
Badulla,2019,5,28.101614,37.54,22.4,43.95,70.422585,21.611614,3.6032257
Badulla,2019,6,27.365665,36.07,22.55,57.85,70.452,20.031,5.1256666
Badulla,2019,7,26.836128,36.62,21.38,69.99,70.537094,20.30129,4.549355
Badulla,2019,8,25.780323,34.65,20.66,143.67,74.87193,17.602257,5.1990323
Badulla,2019,9,24.929667,34.51,20.21,318.85,82.842,17.119999,3.501
Badulla,2019,10,24.265484,30.49,20.18,413.09,88.32581,15.749032,1.9290322
Badulla,2019,11,24.227,30.0,19.51,322.97,89.70234,16.973333,2.2333333
Badulla,2019,12,23.285482,27.86,17.92,359.33,93.003876,14.872258,2.9787095
Badulla,2020,1,22.817741,27.67,16.07,86.82,89.55516,19.516453,3.2029033
Badulla,2020,2,23.047241,29.36,16.28,38.22,87.841034,20.318275,3.4003448
Badulla,2020,3,24.830322,33.7,18.96,19.12,79.10677,23.491613,2.3509676
Badulla,2020,4,26.678001,35.21,18.54,105.18,76.96433,22.080666,2.1706667
Badulla,2020,5,26.431936,35.0,20.89,184.19,81.214836,18.607098,3.2193549
Badulla,2020,6,25.905666,32.73,20.6,112.479996,78.05967,20.293333,4.314333
Badulla,2020,7,24.914839,32.0,20.69,121.91,82.8187,18.33387,3.577742
Badulla,2020,8,25.625484,34.36,20.91,92.66,77.60097,20.446453,4.0841937
Badulla,2020,9,24.849667,32.27,20.64,191.14,80.86967,17.839666,4.240333
Badulla,2020,10,25.54774,32.99,19.11,87.57,77.384834,20.381613,3.8135483
Badulla,2020,11,24.321001,30.11,19.27,309.2,88.46266,16.898,2.2546666
Badulla,2020,12,23.442904,29.13,18.02,348.98,90.741936,16.70516,2.9719355
Badulla,2021,1,22.82742,28.16,16.46,265.48,92.367096,14.956451,2.8190322
Badulla,2021,2,23.155355,30.41,16.33,91.82,89.141426,20.1875,3.170357
Badulla,2021,3,23.540323,31.77,16.65,162.22,87.22419,19.84258,2.263871
Badulla,2021,4,25.451,32.22,20.63,126.22,83.922,22.219667,1.8333334
Badulla,2021,5,25.400644,30.56,21.78,250.01,86.41226,18.821936,3.3451612
Badulla,2021,6,24.881666,30.98,20.7,154.62,85.77901,21.245667,3.7986667
Badulla,2021,7,24.818064,30.57,20.85,132.52,84.8187,20.113226,4.438387
Badulla,2021,8,24.653872,31.15,19.81,167.75,83.19516,19.525806,4.250645
Badulla,2021,9,25.044,30.72,20.98,236.24,84.55633,20.428333,3.7976668
Badulla,2021,10,24.597097,30.19,20.55,296.26,86.812256,18.71129,3.1319356
Badulla,2021,11,23.899666,29.72,18.81,560.05,89.33033,16.066,2.775
Badulla,2021,12,23.12258,29.04,16.57,175.59,90.981285,18.308064,2.822258
Badulla,2022,1,23.027742,28.65,15.38,161.06,89.298386,18.826128,2.9580643
Badulla,2022,2,22.7525,29.47,15.5,177.03,89.10643,19.514645,2.8589287
Badulla,2022,3,24.458387,31.2,18.41,94.810005,86.91258,20.504194,2.4848387
Badulla,2022,4,25.531334,31.29,21.35,410.07,85.68033,21.509335,1.8146666
Badulla,2022,5,25.367098,31.22,20.95,212.47,86.75516,19.74613,4.4116125
Badulla,2022,6,24.650333,29.78,21.3,88.03,86.82933,19.901333,3.8693335
Badulla,2022,7,24.687742,30.93,20.43,138.82,83.30645,18.590967,3.956129
Badulla,2022,8,24.53,31.04,20.27,240.28,83.438065,20.178064,4.5519357
Badulla,2022,9,24.747667,31.63,20.14,75.51,83.52133,22.149332,3.8043332
Badulla,2022,10,24.463224,30.35,18.7,321.91,84.61,17.543226,2.9745162
Badulla,2022,11,23.438665,29.02,18.11,354.42,88.878006,16.707333,2.2253335
Badulla,2022,12,22.734838,28.43,17.7,356.0,90.76032,13.85,3.4348385
Badulla,2023,1,21.816774,27.18,15.59,125.57,90.92903,16.62871,3.6516128
Badulla,2023,2,22.47143,27.52,15.43,177.2,90.215004,19.211071,3.542857
Badulla,2023,3,24.201612,31.55,19.64,103.97,87.61129,20.166452,2.423871
Badulla,2023,4,25.467335,31.56,20.26,144.99,83.902,21.552,1.9086666
Badulla,2023,5,25.65129,32.05,21.09,243.17001,85.327736,19.817741,3.1058064
Badulla,2023,6,25.427334,30.7,20.64,119.14,85.09,21.239,4.271333
Badulla,2023,7,25.197096,32.03,21.14,72.67,81.59097,20.420645,4.69129
Badulla,2023,8,26.196774,34.83,20.94,90.8,77.536446,22.562258,4.2129035
Badulla,2023,9,24.93,30.87,21.11,423.33,85.262665,17.085333,4.2496667
Badulla,2023,10,24.567097,29.55,21.06,738.53,89.38613,16.835485,2.3151612
Badulla,2023,11,24.378,29.18,20.45,395.53,90.472664,16.862,1.914
Badulla,2023,12,24.134516,28.42,19.72,555.24,93.17806,14.413871,3.1170967
Badulla,2024,1,23.168066,29.04,16.6,348.9,91.547745,16.950644,3.0429032
Badulla,2024,2,23.995173,30.44,17.5,32.03,89.51897,20.897242,3.4496553
Badulla,2024,3,24.562258,32.61,17.94,33.7,84.55291,22.420967,2.4790323
Badulla,2024,4,27.330334,35.03,21.66,86.2,78.15566,21.669334,1.976
Badulla,2024,5,27.149033,35.36,22.78,186.2,80.65323,18.272903,3.587742
Badulla,2024,6,26.007,33.21,22.03,74.64,80.937996,19.183332,4.5216665
Badulla,2024,7,26.475483,34.71,21.22,57.66,73.19774,20.000322,5.055806
Badulla,2024,8,26.244516,33.68,21.66,125.34,77.226776,19.710001,3.8709676
Badulla,2024,9,26.472332,34.92,22.08,77.52,75.16134,21.363667,4.602667
Badulla,2024,10,25.469032,33.35,20.95,218.62,84.021614,18.402903,2.414516
Badulla,2024,11,24.471,30.14,19.93,390.13,89.430664,15.754666,3.0783334
Badulla,2024,12,24.02871,29.78,19.18,227.17,89.26258,16.960323,2.4425807
Badulla,2025,1,22.888063,28.06,17.92,296.01,92.81613,12.897741,3.6238708
Badulla,2025,2,22.824644,28.43,16.53,118.85,88.67857,21.307142,3.215357
Badulla,2025,3,24.290323,30.83,16.25,193.49,87.495804,20.419031,2.3441935
Badulla,2025,4,25.522667,30.88,21.12,319.07,86.709335,20.250334,1.9413333
Badulla,2025,5,25.395485,31.18,20.46,197.62,84.91677,18.825485,3.521613
Badulla,2025,6,24.896334,30.71,20.26,64.18,85.176,20.227,4.5336666
Badulla,2025,7,24.954195,31.89,21.09,35.28,81.05839,19.806774,5.264516
Badulla,2025,8,25.246775,33.7,20.54,67.9,78.72484,21.699032,4.074516
Badulla,2025,9,25.821001,33.89,21.08,134.86,76.57333,21.225334,4.133333
Badulla,2025,10,24.918709,32.68,20.35,378.41,84.37645,19.173225,2.556129
Badulla,2025,11,24.017,30.43,18.11,615.43,89.392,15.886999,2.5983331
Badulla,2025,12,22.983225,29.04,18.28,203.13,91.40096,16.260323,3.1648388
Batticaloa,2000,1,26.01516,28.56,23.65,30.01,81.6658,15.386129,5.802581
Batticaloa,2000,2,26.651726,29.62,24.57,81.97,79.83448,18.45345,4.1351724
Batticaloa,2000,3,27.780968,31.4,25.1,29.9,75.979355,20.471613,3.633226
Batticaloa,2000,4,29.377,34.75,26.24,62.13,72.11333,22.487,2.7226667
Batticaloa,2000,5,30.449354,36.52,27.14,34.8,67.8642,22.146774,3.1980646
Batticaloa,2000,6,29.326666,33.66,26.32,37.34,68.24567,20.104334,4.7549996
Batticaloa,2000,7,29.423225,34.41,25.73,103.119995,66.57903,22.168066,4.7290325
Batticaloa,2000,8,28.573227,33.61,25.6,52.89,71.44871,19.714193,4.7080646
Batticaloa,2000,9,28.606667,34.16,25.73,74.909996,73.749664,20.350334,2.964
Batticaloa,2000,10,28.529354,33.84,25.47,55.68,71.00259,20.132257,3.147742
Batticaloa,2000,11,27.313665,30.66,24.8,296.07,79.308334,14.394,4.804
Batticaloa,2000,12,26.158386,28.65,23.77,138.39,83.519684,12.563871,5.83871
Batticaloa,2001,1,25.724516,27.59,23.93,208.26999,84.75032,14.690968,5.425161
Batticaloa,2001,2,25.632143,28.27,22.07,99.46,80.14,20.737501,3.5825
Batticaloa,2001,3,27.905483,32.99,25.1,1.4100001,73.840004,23.545483,3.1538708
Batticaloa,2001,4,28.331667,31.9,26.02,116.9,78.11633,20.716667,2.906
Batticaloa,2001,5,30.174515,34.69,27.05,42.64,72.45549,22.675161,3.204516
Batticaloa,2001,6,29.363335,34.12,26.33,78.42,70.15867,21.001001,4.665
Batticaloa,2001,7,29.039354,34.3,25.35,118.979996,69.27742,19.883226,4.1280646
Batticaloa,2001,8,29.581291,34.44,25.39,12.309999,67.951614,22.127096,3.7806451
Batticaloa,2001,9,29.105333,35.22,25.85,91.5,70.131,21.116,3.4646668
Batticaloa,2001,10,28.16,32.98,25.62,89.84,76.24129,19.410645,3.1125805
Batticaloa,2001,11,27.295332,31.34,25.32,211.34999,79.84334,16.753,3.648
Batticaloa,2001,12,26.393227,28.59,24.76,199.18001,81.813225,15.450001,4.935484
Batticaloa,2002,1,26.203548,28.41,23.33,87.64,80.23903,16.07355,4.923871
Batticaloa,2002,2,26.751072,29.08,23.82,114.93,79.23143,17.4075,5.3714285
Batticaloa,2002,3,27.746452,31.58,25.12,44.23,77.61484,21.536776,4.048387
Batticaloa,2002,4,28.561,32.35,26.26,121.87,77.884,20.928333,2.812
Batticaloa,2002,5,29.389355,33.75,26.53,89.84,77.131615,20.95129,3.5706453
Batticaloa,2002,6,29.561335,34.94,26.33,51.39,71.19633,20.468332,3.8283334
Batticaloa,2002,7,29.856129,35.1,26.07,19.34,66.76,21.629032,4.3090324
Batticaloa,2002,8,29.219355,34.11,26.04,63.29,68.89484,21.408709,4.286452
Batticaloa,2002,9,29.856667,35.47,25.94,19.43,66.08833,23.313,3.404
Batticaloa,2002,10,27.924194,32.12,25.28,158.59,77.94646,19.609678,3.09
Batticaloa,2002,11,26.866667,30.16,24.65,195.38,83.12133,16.616001,3.0383334
Batticaloa,2002,12,26.527096,29.09,24.2,334.97,83.633224,12.408064,5.213548
Batticaloa,2003,1,26.053871,27.93,24.05,153.72,81.770966,14.461936,5.2087097
Batticaloa,2003,2,26.749643,28.61,25.11,82.52,80.66571,18.138214,4.480357
Batticaloa,2003,3,27.452581,30.05,25.41,91.27,79.83,20.173872,3.538387
Batticaloa,2003,4,28.614666,31.99,26.07,79.17,76.59,21.123,2.9936666
Batticaloa,2003,5,29.376127,33.68,26.65,92.84,77.66806,20.057096,3.8300002
Batticaloa,2003,6,29.172667,33.03,26.28,30.05,74.982666,21.768667,3.9913332
Batticaloa,2003,7,29.217419,33.59,25.83,26.73,72.76742,19.785807,3.5864515
Batticaloa,2003,8,29.40645,33.88,26.32,22.65,69.950645,21.177742,3.852258
Batticaloa,2003,9,29.763,35.05,26.25,37.47,67.428,22.675,3.2960002
Batticaloa,2003,10,28.981289,34.39,26.09,95.75,72.522575,21.25,3.3709676
Batticaloa,2003,11,26.897333,29.58,23.79,387.19998,84.462006,12.933667,4.471
Batticaloa,2003,12,26.604515,28.81,23.92,49.72,80.563545,17.05742,5.2641935
Batticaloa,2004,1,26.561935,28.78,23.91,82.39,80.05129,16.316774,5.5387096
Batticaloa,2004,2,26.675861,29.24,23.68,76.87,77.01,19.447586,5.0086207
Batticaloa,2004,3,27.850967,32.6,23.46,54.61,76.784195,22.40355,3.8087096
Batticaloa,2004,4,28.790667,33.01,26.03,79.87,77.95467,21.563,3.0306666
Batticaloa,2004,5,29.590967,34.25,26.6,107.32,73.660645,19.861935,4.0964518
Batticaloa,2004,6,29.446667,34.54,26.23,43.08,70.335,21.609335,4.428
Batticaloa,2004,7,29.32387,33.68,26.09,26.01,68.93033,21.04871,4.5
Batticaloa,2004,8,29.968065,35.07,26.5,19.24,65.99871,22.109678,4.3125806
Batticaloa,2004,9,28.636,34.08,25.4,186.67,73.601,19.396667,3.0563333
Batticaloa,2004,10,27.518387,32.34,25.32,264.44,81.49129,18.381613,3.4945161
Batticaloa,2004,11,27.088999,28.57,25.32,280.4,84.95033,14.394667,4.837667
Batticaloa,2004,12,26.355808,28.2,23.55,489.79,81.36387,14.194839,5.3429036
Batticaloa,2005,1,26.469677,28.12,24.85,139.4,81.93742,14.583549,5.470968
Batticaloa,2005,2,26.770716,28.8,24.39,22.96,78.01179,21.464285,4.639643
Batticaloa,2005,3,27.702902,31.06,25.84,61.309998,78.731285,20.48871,3.3832257
Batticaloa,2005,4,28.411335,32.23,25.97,122.99,80.61633,20.731333,2.896
Batticaloa,2005,5,29.704517,33.27,26.66,59.170002,75.980644,21.282259,3.1025805
Batticaloa,2005,6,29.815334,34.94,26.64,31.16,71.92433,21.407665,4.5256667
Batticaloa,2005,7,29.365484,34.52,25.97,45.02,70.5229,20.340322,4.4329033
Batticaloa,2005,8,29.939678,35.02,26.71,24.72,66.991936,22.308064,3.7735484
Batticaloa,2005,9,29.385668,35.71,26.36,75.399994,69.86366,20.296667,3.771
Batticaloa,2005,10,28.443226,32.84,25.76,137.64,75.26742,19.27484,2.7874196
Batticaloa,2005,11,26.716667,29.96,23.88,333.95,85.36366,15.553333,4.5416665
Batticaloa,2005,12,26.040323,29.59,23.98,130.08,83.16581,15.9429035,4.511935
Batticaloa,2006,1,25.50387,27.75,22.98,245.34,83.23775,14.675807,5.065807
Batticaloa,2006,2,26.242498,28.17,23.97,81.450005,82.14715,17.5975,4.89
Batticaloa,2006,3,27.529034,30.7,25.92,91.61,80.04,21.69742,3.1203227
Batticaloa,2006,4,28.785334,34.5,26.13,52.96,75.14267,21.630333,2.3553336
Batticaloa,2006,5,29.356773,33.55,26.49,73.479996,74.78581,21.39645,3.937742
Batticaloa,2006,6,29.679333,34.16,26.56,28.34,70.704994,21.605333,3.5463333
Batticaloa,2006,7,29.230324,33.45,26.31,46.13,69.53355,20.15355,4.6345162
Batticaloa,2006,8,29.16613,34.76,25.82,64.99,70.13613,22.14613,4.2754836
Batticaloa,2006,9,28.375668,33.08,25.83,74.54,76.16867,20.568333,4.3966665
Batticaloa,2006,10,27.935484,34.53,25.37,265.41998,77.99,19.204517,2.9864516
Batticaloa,2006,11,26.877,28.8,25.16,334.82,84.22167,15.605,3.3996665
Batticaloa,2006,12,26.702581,28.43,24.34,254.38,79.51645,12.45258,6.1080647
Batticaloa,2007,1,26.161291,28.12,24.17,156.87,78.55451,15.13742,5.8370967
Batticaloa,2007,2,26.393215,28.8,23.74,98.49,77.843216,19.2975,4.3510714
Batticaloa,2007,3,26.79774,29.79,23.98,25.74,75.57677,24.266453,3.43
Batticaloa,2007,4,27.928667,30.75,26.0,228.93,82.37133,19.672333,3.1780002
Batticaloa,2007,5,29.407742,33.73,26.41,19.720001,76.50548,22.874193,3.3303225
Batticaloa,2007,6,29.187334,33.02,26.16,78.78,74.033,18.641333,3.9006667
Batticaloa,2007,7,28.986452,33.09,26.1,67.78,72.32129,19.972904,3.823871
Batticaloa,2007,8,29.150644,34.15,26.15,45.14,71.57258,20.870646,3.7993548
Batticaloa,2007,9,28.676666,33.26,25.83,59.489998,74.67367,19.965334,4.0463333
Batticaloa,2007,10,27.643227,32.48,25.15,178.49,78.38774,18.352581,3.6222582
Batticaloa,2007,11,26.908667,29.23,25.26,142.91,79.204,18.141666,3.725
Batticaloa,2007,12,26.32,29.26,23.34,300.44,81.50387,13.008064,5.550645
Batticaloa,2008,1,26.01097,28.0,23.74,183.98999,81.83355,15.150645,4.8696775
Batticaloa,2008,2,26.56586,28.54,24.37,141.61,79.79483,19.047586,4.103793
Batticaloa,2008,3,26.950968,30.21,24.9,327.72,83.30839,18.892902,3.8312902
Batticaloa,2008,4,27.695333,31.22,25.76,156.9,81.402336,19.396667,2.6896667
Batticaloa,2008,5,28.404192,31.21,25.98,19.18,81.618385,22.772259,3.5141935
Batticaloa,2008,6,28.194,31.59,25.79,72.2,78.370674,19.991333,3.632
Batticaloa,2008,7,28.491613,32.19,25.67,34.97,75.203224,21.090322,4.230645
Batticaloa,2008,8,28.575485,33.68,25.74,37.82,73.54388,21.109356,3.6441936
Batticaloa,2008,9,29.084332,34.52,25.82,30.72,70.27901,23.182001,3.1920002
Batticaloa,2008,10,28.221613,32.66,25.57,132.26,76.226776,19.10355,3.4067743
Batticaloa,2008,11,27.291332,30.83,25.21,202.44,80.671,15.999,4.311
Batticaloa,2008,12,26.52387,28.6,24.54,162.12,80.04226,14.919678,5.1983867
Batticaloa,2009,1,26.196129,28.43,24.13,105.840004,75.631615,16.57258,5.343226
Batticaloa,2009,2,26.609285,30.76,23.45,1.5799999,71.02857,21.560715,4.0342855
Batticaloa,2009,3,27.592903,31.01,24.44,153.7,77.02775,22.15645,2.911613
Batticaloa,2009,4,28.532999,31.93,26.16,226.95,80.53533,20.646667,3.3073335
Batticaloa,2009,5,29.34387,32.84,26.85,37.73,75.921616,20.714193,3.3093548
Batticaloa,2009,6,29.404,34.05,26.29,16.84,72.165665,21.707333,4.3936667
Batticaloa,2009,7,29.435162,34.23,26.25,10.93,68.730965,20.820322,4.630323
Batticaloa,2009,8,29.24129,34.62,26.0,62.54,70.83291,20.23516,3.9909678
Batticaloa,2009,9,29.465334,34.47,26.27,29.73,69.46433,21.807667,3.9160001
Batticaloa,2009,10,28.44742,33.89,25.67,161.42,71.80613,20.649677,3.5267742
Batticaloa,2009,11,27.048668,29.88,25.02,430.73,82.821,14.48,3.9420002
Batticaloa,2009,12,26.709354,28.58,25.01,319.91,84.40355,12.095161,4.764516
Batticaloa,2010,1,26.374516,28.47,24.09,114.770004,80.61742,16.379677,5.232258
Batticaloa,2010,2,26.738928,28.68,24.7,63.32,78.98179,19.442858,4.401786
Batticaloa,2010,3,27.94129,31.72,24.18,78.91,76.49549,22.254194,3.4541936
Batticaloa,2010,4,28.9,32.02,27.06,206.24,79.84434,21.480999,2.9220002
Batticaloa,2010,5,29.260645,32.42,26.93,121.89,80.078705,21.719355,3.2454839
Batticaloa,2010,6,28.694668,32.2,26.24,72.97,77.479004,20.162666,4.3886666
Batticaloa,2010,7,28.451612,32.49,25.63,70.909996,74.73838,20.188389,4.565161
Batticaloa,2010,8,28.86742,34.01,25.71,110.11,72.27742,20.295483,3.8303225
Batticaloa,2010,9,28.330332,33.7,25.42,144.85,74.976,20.034,2.7659998
Batticaloa,2010,10,27.972904,32.17,25.41,158.83,77.57064,20.226452,3.2987096
Batticaloa,2010,11,26.785334,30.33,24.84,519.15,82.933,15.681667,3.486
Batticaloa,2010,12,26.048388,28.86,23.95,574.49,84.63871,12.0874195,4.4525805
Batticaloa,2011,1,25.624838,27.17,23.86,823.98,86.80032,11.845161,6.1790323
Batticaloa,2011,2,26.063572,28.42,24.44,500.13998,82.21679,15.442857,4.350357
Batticaloa,2011,3,27.071291,29.96,24.73,156.36,80.82935,20.75258,3.5096772
Batticaloa,2011,4,27.832,30.31,25.66,226.64,78.458,22.030333,2.615
Batticaloa,2011,5,28.64613,31.73,26.06,78.24,81.02935,22.48484,3.3825808
Batticaloa,2011,6,28.565,32.16,25.87,15.7300005,76.87133,21.878332,4.0296664
Batticaloa,2011,7,28.640001,32.99,25.77,29.0,73.05,20.207418,4.177097
Batticaloa,2011,8,28.832903,32.73,25.9,53.01,73.10677,20.772581,3.528387
Batticaloa,2011,9,28.972332,34.02,25.9,76.06,72.50267,21.757332,3.097
Batticaloa,2011,10,28.040968,32.43,25.84,361.46,77.729034,19.442259,2.851613
Batticaloa,2011,11,27.259335,29.32,25.31,353.32,80.54867,15.772666,3.945
Batticaloa,2011,12,26.614515,28.76,22.7,313.56,82.37516,13.796129,4.983226
Batticaloa,2012,1,25.895485,28.07,23.8,57.53,77.92903,17.928709,4.3812904
Batticaloa,2012,2,26.376896,29.19,24.7,169.58,80.61517,17.626207,4.587931
Batticaloa,2012,3,27.384193,30.04,25.17,58.3,75.84774,22.502258,2.8025806
Batticaloa,2012,4,28.230665,31.16,26.33,208.67,78.991,20.745667,2.6396668
Batticaloa,2012,5,29.291292,33.48,25.22,9.35,73.730965,22.529034,3.6809678
Batticaloa,2012,6,29.328333,34.06,26.03,29.12,72.42333,20.522333,4.5309997
Batticaloa,2012,7,29.562258,34.99,26.26,38.72,69.64387,21.373869,3.9345162
Batticaloa,2012,8,29.408386,34.53,26.24,33.06,69.17645,21.302904,4.1851616
Batticaloa,2012,9,29.043333,34.15,25.8,83.24,72.27067,21.207,3.7343333
Batticaloa,2012,10,27.636452,32.69,25.7,347.28,80.2371,18.42645,3.840645
Batticaloa,2012,11,26.990334,29.76,25.02,288.97,81.70733,16.430668,3.285
Batticaloa,2012,12,26.51,28.31,24.34,593.23,83.93613,13.472903,4.8241935
Batticaloa,2013,1,26.189678,27.83,23.8,405.59,81.395164,14.75,5.3851614
Batticaloa,2013,2,26.644285,29.1,25.1,239.79001,81.02929,17.777857,4.3496428
Batticaloa,2013,3,27.779354,30.27,25.66,159.04,79.660965,20.390322,3.5187097
Batticaloa,2013,4,28.892,31.72,26.53,140.84,77.442665,22.363667,2.3693335
Batticaloa,2013,5,28.787418,32.01,26.65,105.17,80.4129,19.921936,3.5625808
Batticaloa,2013,6,28.154,31.34,25.73,54.55,78.25167,19.092999,4.977667
Batticaloa,2013,7,28.213871,32.42,25.65,58.53,74.99838,20.181614,4.8332257
Batticaloa,2013,8,28.748388,33.81,25.81,52.57,72.52807,21.879354,4.0219355
Batticaloa,2013,9,28.806667,34.18,25.84,71.31,72.489334,20.931,3.843
Batticaloa,2013,10,28.687096,33.61,25.31,95.409996,73.65226,21.13129,3.0616128
Batticaloa,2013,11,27.294,29.87,25.17,190.39,79.61633,17.654667,3.494
Batticaloa,2013,12,26.110323,28.73,24.18,215.2,82.98646,12.189032,5.236774
Batticaloa,2014,1,25.930645,28.01,23.99,165.13,81.9313,14.099355,5.463548
Batticaloa,2014,2,26.634287,29.36,23.82,50.56,74.137505,19.835714,4.672143
Batticaloa,2014,3,27.69129,31.53,25.36,31.87,74.21194,21.92742,4.55129
Batticaloa,2014,4,28.894335,32.74,25.96,88.340004,75.09534,21.852333,3.0946665
Batticaloa,2014,5,29.061611,34.34,26.63,163.7,78.77775,21.223549,3.1735482
Batticaloa,2014,6,29.787333,33.8,26.86,13.93,71.621666,21.105999,4.645
Batticaloa,2014,7,29.900644,34.08,26.97,8.49,67.772255,21.2,5.225806
Batticaloa,2014,8,29.098064,33.78,25.73,79.6,70.271286,20.73903,3.6706452
Batticaloa,2014,9,29.151001,35.08,26.13,81.5,71.91067,21.199001,3.6996665
Batticaloa,2014,10,27.833227,32.81,25.19,334.32,79.27775,18.792582,2.5416129
Batticaloa,2014,11,26.882,29.93,24.11,403.13,82.51833,13.882334,3.9046667
Batticaloa,2014,12,26.44387,28.3,24.69,866.01,87.590645,10.91,4.539677
Batticaloa,2015,1,25.922903,28.21,24.14,30.619999,80.88516,18.26258,4.517742
Batticaloa,2015,2,26.4625,28.45,24.71,139.75,80.41679,17.539642,4.7153573
Batticaloa,2015,3,27.408066,29.91,25.28,86.24,78.35613,21.93,3.522258
Batticaloa,2015,4,28.267,30.64,26.63,163.09,79.85567,21.983667,2.8216667
Batticaloa,2015,5,28.695484,31.86,26.6,196.12,81.67968,20.686773,3.4780645
Batticaloa,2015,6,28.838335,32.13,26.24,107.95,78.63933,21.253,3.8196669
Batticaloa,2015,7,28.781935,32.73,26.02,53.02,76.17387,21.286451,4.375484
Batticaloa,2015,8,29.075485,33.26,26.29,65.98,74.35516,21.630322,4.254194
Batticaloa,2015,9,28.301666,33.2,25.57,198.55,78.920006,21.062,4.07
Batticaloa,2015,10,27.76097,30.97,24.75,413.03,81.823875,17.369356,3.2441936
Batticaloa,2015,11,27.113335,29.54,25.57,421.72,84.765,14.674666,3.5006666
Batticaloa,2015,12,27.16258,28.63,25.88,264.2,84.02775,14.227419,4.514516
Batticaloa,2016,1,26.82,28.57,25.0,69.97,79.68097,17.20387,5.057742
Batticaloa,2016,2,27.31276,29.32,25.19,65.17,78.76069,18.930344,4.7172413
Batticaloa,2016,3,28.155483,32.52,25.25,47.940002,75.26387,22.946129,3.477742
Batticaloa,2016,4,29.929667,34.02,27.34,63.11,75.56266,23.209333,3.4329998
Batticaloa,2016,5,29.41613,33.42,26.74,483.68002,78.45612,19.124193,3.9245162
Batticaloa,2016,6,28.971998,32.55,26.54,33.37,75.81734,19.939,5.0220003
Batticaloa,2016,7,29.087097,34.55,25.94,46.04,71.87,20.689032,4.379678
Batticaloa,2016,8,29.7,34.55,25.87,20.16,68.69225,22.28774,4.164839
Batticaloa,2016,9,30.017334,35.56,25.69,24.29,64.93833,22.649332,3.3643334
Batticaloa,2016,10,29.19871,35.19,25.92,105.32,68.82226,20.719032,2.8645163
Batticaloa,2016,11,27.459665,31.33,25.31,193.33,79.652,13.838667,3.892
Batticaloa,2016,12,26.778387,30.49,23.77,85.6,80.00129,17.01097,4.704516
Batticaloa,2017,1,26.206774,28.53,23.59,114.39,76.79581,16.845161,5.3419356
Batticaloa,2017,2,26.719286,29.65,24.16,108.17,73.72465,19.731428,4.702143
Batticaloa,2017,3,27.52129,30.79,25.41,140.64,78.26194,22.185484,3.3419354
Batticaloa,2017,4,29.313334,33.74,26.41,37.7,73.40034,23.050333,2.5789998
Batticaloa,2017,5,29.433872,34.81,27.05,152.37,75.30839,20.75,3.5890324
Batticaloa,2017,6,29.437666,34.15,26.59,31.970001,73.30367,21.001001,4.23
Batticaloa,2017,7,29.710646,34.82,26.61,37.260002,70.133865,21.433872,3.316129
Batticaloa,2017,8,29.436451,34.41,26.21,89.96,71.43742,21.470966,3.4870968
Batticaloa,2017,9,28.622334,34.22,25.98,118.25,75.552666,19.924665,3.4143333
Batticaloa,2017,10,28.394516,32.85,26.03,209.01,77.85129,20.075485,2.926129
Batticaloa,2017,11,27.167334,30.29,24.37,347.66998,84.03333,15.283999,4.189
Batticaloa,2017,12,26.659355,28.97,24.76,132.29,81.03871,16.473549,4.3545165
Batticaloa,2018,1,25.834192,28.29,23.06,50.469997,79.95419,16.944195,4.646129
Batticaloa,2018,2,26.459286,28.87,24.4,107.39,79.7125,18.075,4.702143
Batticaloa,2018,3,27.690647,31.12,25.24,119.96,77.55742,20.98613,3.6348388
Batticaloa,2018,4,28.501333,31.77,26.32,142.1,79.152336,21.392334,3.131
Batticaloa,2018,5,28.417742,32.07,26.32,297.73,82.24129,19.424194,3.3429031
Batticaloa,2018,6,28.458668,31.51,25.91,67.94,79.68033,20.860332,4.2776666
Batticaloa,2018,7,28.427097,32.79,25.66,32.79,75.22419,20.602257,4.6880646
Batticaloa,2018,8,28.664194,33.03,25.92,39.04,72.30161,20.568386,4.815484
Batticaloa,2018,9,28.715,33.4,25.37,63.41,73.041,21.682335,3.4886665
Batticaloa,2018,10,27.440323,30.78,25.58,250.03,80.72322,17.987097,3.3864517
Batticaloa,2018,11,27.105333,30.04,24.74,237.11,82.83667,15.080667,3.836
Batticaloa,2018,12,26.570969,28.33,24.41,104.79,83.17,14.755161,4.532258
Batticaloa,2019,1,26.033224,28.27,24.15,57.2,80.51451,16.982903,5.3793545
Batticaloa,2019,2,27.275358,30.28,25.42,92.64,79.83143,18.015001,4.6285715
Batticaloa,2019,3,28.188389,32.71,25.55,17.67,73.32161,23.95,3.835484
Batticaloa,2019,4,29.456667,34.33,26.58,74.13,72.02433,21.945667,3.2136667
Batticaloa,2019,5,30.420322,34.51,27.31,33.26,72.47,22.58742,3.8177419
Batticaloa,2019,6,30.522667,36.43,27.27,56.79,69.665,20.631666,4.0846667
Batticaloa,2019,7,29.693226,35.02,26.5,42.05,70.99,20.57387,4.1529036
Batticaloa,2019,8,29.054193,34.35,25.69,98.7,72.437744,18.677742,4.6303225
Batticaloa,2019,9,28.129,33.72,25.58,205.01,79.460335,19.657331,3.7566667
Batticaloa,2019,10,27.280968,30.2,25.52,352.31,82.20452,16.551935,2.8535483
Batticaloa,2019,11,27.692999,30.18,25.95,260.21,81.35334,17.073668,3.251
Batticaloa,2019,12,27.068064,28.51,25.35,343.6,82.839355,13.796452,4.8341937
Batticaloa,2020,1,26.939354,28.9,24.91,59.68,78.616455,18.98871,4.813871
Batticaloa,2020,2,26.840345,28.87,24.66,28.19,78.012405,19.755861,5.15
Batticaloa,2020,3,27.880968,30.93,25.36,14.12,74.00903,23.400644,3.7090323
Batticaloa,2020,4,29.115,33.0,25.62,95.62,76.10533,22.504333,3.4783332
Batticaloa,2020,5,29.660645,33.41,27.33,150.84,76.324196,19.087097,3.4480646
Batticaloa,2020,6,29.598667,33.73,26.28,81.29,72.55533,20.259666,3.7916667
Batticaloa,2020,7,28.59645,32.58,25.75,106.840004,76.04258,19.07,3.820968
Batticaloa,2020,8,29.07742,34.2,25.92,39.55,72.93516,20.777098,3.887097
Batticaloa,2020,9,28.532665,32.66,26.04,147.82,74.43533,18.391333,3.6516669
Batticaloa,2020,10,28.824194,33.21,25.45,61.57,73.33839,20.773548,3.3351612
Batticaloa,2020,11,27.536001,31.59,25.28,247.42,82.691666,16.375334,3.5566666
Batticaloa,2020,12,26.750647,29.32,25.05,439.23,84.05129,14.076451,4.6229033
Batticaloa,2021,1,26.45387,28.33,24.72,305.13,84.15323,13.755484,4.5709677
Batticaloa,2021,2,26.676786,28.85,24.55,68.32,80.244644,19.33143,4.8871427
Batticaloa,2021,3,27.404192,31.28,25.43,99.57,78.72258,19.99,3.5167744
Batticaloa,2021,4,28.492668,31.7,25.57,86.049995,77.951004,22.663334,2.601
Batticaloa,2021,5,28.85355,32.1,26.6,163.59999,80.13903,19.084192,3.7396774
Batticaloa,2021,6,28.762,32.12,26.34,84.93,77.50566,21.798334,3.701
Batticaloa,2021,7,28.713224,32.76,26.09,86.07,76.98322,20.570969,4.38
Batticaloa,2021,8,28.617743,33.06,25.61,105.17,75.38613,19.295162,3.8783872
Batticaloa,2021,9,28.542334,32.56,26.13,173.03,78.323,20.494,3.349
Batticaloa,2021,10,27.94,31.31,25.9,356.16,80.56581,18.103226,3.508387
Batticaloa,2021,11,27.274666,30.12,25.27,583.36,82.499664,15.884667,3.514
Batticaloa,2021,12,27.001612,29.42,24.51,117.21,80.00419,17.000322,4.3983874
Batticaloa,2022,1,26.542904,28.64,23.13,123.54,81.172264,17.736452,4.6674194
Batticaloa,2022,2,26.619999,29.5,24.17,170.9,80.571785,18.939285,4.6835713
Batticaloa,2022,3,27.691612,30.59,25.24,137.22,81.02581,20.817741,3.9651613
Batticaloa,2022,4,28.413,31.36,26.27,255.65,80.17033,21.799665,2.6213334
Batticaloa,2022,5,28.95129,32.13,26.8,168.34,80.90742,20.890001,4.0141935
Batticaloa,2022,6,28.347002,31.68,25.87,74.59,79.80867,20.201,3.5743334
Batticaloa,2022,7,28.250322,31.85,25.78,102.59,77.201614,18.582258,4.05129
Batticaloa,2022,8,28.09,32.71,25.19,170.15001,77.31678,20.085485,4.064516
Batticaloa,2022,9,28.305332,32.02,25.32,65.520004,77.03066,21.851002,3.1016667
Batticaloa,2022,10,27.869032,31.86,25.66,263.22,77.44032,18.159678,3.4067743
Batticaloa,2022,11,26.803333,29.62,23.9,280.36002,81.63734,16.700666,3.6636665
Batticaloa,2022,12,26.375807,29.18,22.46,394.56,84.19549,12.881614,5.177097
Batticaloa,2023,1,25.909033,27.55,23.81,140.52,80.91515,16.092258,5.7870965
Batticaloa,2023,2,26.375715,28.51,23.82,109.06,80.25429,18.040358,5.238214
Batticaloa,2023,3,27.620646,30.96,26.12,66.36,79.39774,20.381935,3.8316128
Batticaloa,2023,4,29.101665,32.75,26.75,109.25,75.570335,22.409,2.9480002
Batticaloa,2023,5,28.974194,32.61,25.94,209.72,79.68355,20.133549,3.586129
Batticaloa,2023,6,29.333334,32.61,26.84,81.21,77.569,21.220667,3.6916666
Batticaloa,2023,7,29.188065,34.8,26.2,48.62,74.228386,20.23613,4.2551613
Batticaloa,2023,8,29.59258,34.63,26.14,56.629997,72.68033,22.810646,3.6567743
Batticaloa,2023,9,28.383,32.59,26.02,223.12,79.90666,18.843666,4.463333
Batticaloa,2023,10,27.615807,30.53,25.96,547.18,82.517746,18.151613,3.2374194
Batticaloa,2023,11,27.605333,29.91,25.91,309.8,83.208,16.956667,3.0966668
Batticaloa,2023,12,27.482258,29.36,26.06,476.07,86.300644,13.1958065,4.910968
Batticaloa,2024,1,26.986774,29.18,24.74,244.97,81.396774,15.825161,4.68129
Batticaloa,2024,2,27.486551,29.63,25.54,31.199999,80.81931,19.997585,5.207241
Batticaloa,2024,3,28.06,31.51,25.5,35.64,77.21097,22.604193,3.7925806
Batticaloa,2024,4,29.757332,32.98,27.58,69.1,76.73667,22.603333,3.1866667
Batticaloa,2024,5,29.815163,33.51,27.6,182.86,79.287094,18.992905,3.8009677
Batticaloa,2024,6,29.589333,33.58,27.17,60.59,76.187996,19.566,4.306
Batticaloa,2024,7,29.806452,34.23,26.34,35.57,71.37129,20.583227,4.6325808
Batticaloa,2024,8,29.417742,33.96,26.68,101.33,74.88742,20.215483,3.7193549
Batticaloa,2024,9,29.739666,34.79,26.34,57.68,72.87034,21.566668,3.8730001
Batticaloa,2024,10,28.393549,32.77,26.04,286.43,79.6471,18.345806,2.508387
Batticaloa,2024,11,27.698334,30.32,25.93,416.93,83.956,15.3306675,4.6023335
Batticaloa,2024,12,27.155483,29.93,24.68,290.83,84.074196,16.505161,3.6541934
Batticaloa,2025,1,26.364193,28.22,23.32,346.58002,84.813225,11.748065,5.500645
Batticaloa,2025,2,27.096786,29.19,25.07,78.61,77.130714,20.710358,4.8175
Batticaloa,2025,3,27.913872,30.03,25.63,125.73,79.58064,21.14258,3.518387
Batticaloa,2025,4,28.684334,31.78,26.66,201.06,79.78233,21.208,2.6483333
Batticaloa,2025,5,29.121937,32.11,26.41,133.12,76.95484,20.130322,3.405484
Batticaloa,2025,6,28.796,32.02,25.53,45.56,78.35466,21.153666,4.1080003
Batticaloa,2025,7,29.049677,33.84,26.22,14.349999,73.67355,20.183872,5.3296776
Batticaloa,2025,8,29.027418,33.67,26.18,72.93,72.20549,22.101292,3.6374195
Batticaloa,2025,9,29.367,34.32,26.29,97.97,71.72834,20.961334,3.4453332
Batticaloa,2025,10,28.275806,33.11,26.21,261.73,78.49516,19.384516,3.0032258
Batticaloa,2025,11,27.336334,30.95,24.33,511.99,82.551,15.318,4.037667
Batticaloa,2025,12,26.581934,29.32,24.75,164.12,83.12871,14.26871,4.7141933
Colombo,2000,1,25.400002,31.5,18.79,29.16,78.48774,19.622904,4.761613
Colombo,2000,2,26.55793,32.23,22.26,85.4,76.664825,20.615517,2.8386207
Colombo,2000,3,27.634193,34.25,23.27,64.3,72.33871,22.235483,2.795484
Colombo,2000,4,27.487667,32.6,24.59,109.55,79.84567,21.294,4.140333
Colombo,2000,5,27.66,31.74,25.11,66.619995,79.84322,20.04742,5.1367745
Colombo,2000,6,26.044334,29.14,23.23,105.479996,85.47,17.979334,6.1806664
Colombo,2000,7,26.327742,30.57,23.73,80.799995,81.9029,21.420967,5.8519354
Colombo,2000,8,25.82871,29.39,23.71,166.35,84.65484,19.790323,6.028387
Colombo,2000,9,26.123999,29.61,23.9,96.32,84.88433,18.780666,4.9926667
Colombo,2000,10,26.05258,30.75,22.9,95.53,83.19968,20.560322,4.4974194
Colombo,2000,11,26.375334,32.29,21.36,201.84,79.91767,17.674334,4.129333
Colombo,2000,12,25.716452,30.65,21.05,87.01,79.73903,18.532904,5.4483867
Colombo,2001,1,25.56387,30.94,20.32,115.5,80.13645,17.934837,4.9335485
Colombo,2001,2,25.856428,32.64,18.98,63.059998,74.24714,22.506428,2.6871428
Colombo,2001,3,28.249353,34.29,22.23,14.349999,68.532906,23.587742,3.0393548
Colombo,2001,4,27.648668,34.09,24.69,206.95,79.25,20.738667,2.8046668
Colombo,2001,5,27.434195,31.0,25.22,133.85,85.01581,20.256453,5.0596776
Colombo,2001,6,26.404,29.32,23.91,126.229996,85.837006,21.336334,5.637
Colombo,2001,7,25.639677,29.24,23.19,93.32,86.97387,19.525162,5.3274193
Colombo,2001,8,26.067741,29.88,23.29,21.47,85.30194,21.792582,5.645807
Colombo,2001,9,26.376001,30.59,24.28,148.7,82.419334,20.125,5.4919996
Colombo,2001,10,26.060322,28.96,24.01,104.1,85.95968,20.51097,4.790323
Colombo,2001,11,26.055334,30.3,22.24,128.11,83.554665,18.901667,4.115667
Colombo,2001,12,25.89516,30.62,20.56,85.86,79.29,19.34645,4.3399997
Colombo,2002,1,26.662258,33.59,19.92,33.17,72.19355,20.244839,4.2835484
Colombo,2002,2,27.536787,34.19,21.38,61.88,69.73393,22.178928,4.0225
Colombo,2002,3,28.555805,35.54,22.18,55.260002,67.87516,23.793226,2.7580645
Colombo,2002,4,27.674334,33.71,24.79,206.33,79.80967,22.758333,2.1936667
Colombo,2002,5,27.402903,31.13,25.12,210.48,85.478714,19.226452,5.2567744
Colombo,2002,6,26.485666,29.77,24.06,75.6,87.10133,20.299,5.5283337
Colombo,2002,7,26.367098,29.98,23.87,33.11,83.71871,20.650322,6.386129
Colombo,2002,8,25.98516,30.22,23.53,72.01,85.49516,21.26129,5.2003226
Colombo,2002,9,27.146667,30.91,24.7,50.02,77.947,23.358,5.337667
Colombo,2002,10,26.086775,30.65,23.41,382.99,85.86193,19.111614,3.9129033
Colombo,2002,11,25.868666,29.44,22.02,210.73,86.01333,16.797,3.2733335
Colombo,2002,12,25.39516,30.2,19.44,169.2,84.92806,17.508387,4.646129
Colombo,2003,1,25.082258,29.78,19.91,58.77,83.093544,19.904194,4.6761293
Colombo,2003,2,26.420359,31.56,20.85,70.38,78.005005,22.055357,3.3057141
Colombo,2003,3,27.28516,32.65,21.21,120.96,76.53645,23.195162,2.277742
Colombo,2003,4,28.021667,34.03,24.74,139.54001,77.458664,21.448334,2.507
Colombo,2003,5,27.526775,30.08,25.15,177.54,85.93355,18.384838,5.453226
Colombo,2003,6,26.686,29.77,24.39,115.53,86.09534,19.444,5.5899997
Colombo,2003,7,26.351292,29.07,24.1,88.23,86.14613,18.706774,5.1990323
Colombo,2003,8,26.316128,29.41,24.15,56.170002,85.79742,20.526451,5.3680644
Colombo,2003,9,26.590334,30.43,24.42,90.24,83.06133,21.775,5.448
Colombo,2003,10,26.628386,31.91,23.77,135.25,82.43419,21.174839,4.637742
Colombo,2003,11,26.276001,31.33,22.31,299.58002,83.68133,16.716667,3.727
Colombo,2003,12,25.847097,31.48,20.66,25.4,79.410965,21.048388,4.767742
Colombo,2004,1,27.136452,33.38,21.42,24.99,71.185486,21.265806,4.6251616
Colombo,2004,2,27.844137,33.97,21.29,26.41,65.53276,22.69724,3.8755171
Colombo,2004,3,28.434517,35.54,23.06,31.27,69.3371,23.55,3.1425805
Colombo,2004,4,28.136,33.7,24.65,130.2,77.969,21.446001,2.987
Colombo,2004,5,27.376774,31.11,25.05,198.5,83.57,18.658066,6.010323
Colombo,2004,6,26.683666,29.8,24.44,108.31,84.11366,20.309332,5.8680005
Colombo,2004,7,26.209032,29.68,23.91,73.76,84.480316,20.067421,6.0883875
Colombo,2004,8,26.578386,30.23,24.17,57.74,82.119354,20.860645,6.011935
Colombo,2004,9,26.148335,29.55,23.91,237.5,84.86533,18.598333,5.1273336
Colombo,2004,10,26.164515,30.43,23.78,255.01,86.215485,20.25742,3.7370968
Colombo,2004,11,26.102,30.2,23.32,253.58,86.069336,17.484999,3.977
Colombo,2004,12,25.139355,29.99,19.13,142.38,84.27871,18.522259,4.86
Colombo,2005,1,25.404839,30.15,20.69,84.61,82.81161,19.023226,4.4945164
Colombo,2005,2,26.119999,31.84,20.57,33.74,77.04679,23.383928,3.5132143
Colombo,2005,3,27.709354,32.67,21.91,110.84,75.55226,22.66742,2.3264518
Colombo,2005,4,27.437334,31.36,24.74,151.46,82.727005,22.512667,2.8576667
Colombo,2005,5,27.64516,30.88,25.28,187.93,84.30775,19.623549,4.822903
Colombo,2005,6,26.840666,29.26,24.6,124.43,86.43266,19.362333,6.337
Colombo,2005,7,25.998388,29.27,24.04,107.31,87.83483,19.83355,5.842258
Colombo,2005,8,26.59871,29.87,24.41,33.42,83.44484,22.134838,5.1541934
Colombo,2005,9,26.245667,30.05,24.15,87.71,84.43367,21.168333,5.864667
Colombo,2005,10,26.115484,30.09,24.31,305.12,86.7,18.474194,4.529355
Colombo,2005,11,25.367334,28.76,21.42,455.02,88.083664,15.467333,4.330333
Colombo,2005,12,25.122257,28.99,19.9,130.64,84.758064,19.036451,4.013871
Colombo,2006,1,24.536129,29.06,18.18,181.69,84.17742,19.801613,4.62871
Colombo,2006,2,25.6425,30.0,20.73,51.06,81.86036,21.545359,4.067143
Colombo,2006,3,26.68871,30.68,22.48,128.75,81.687744,22.170324,2.3725808
Colombo,2006,4,27.220667,30.74,24.68,66.48,81.695335,21.484001,3.3873334
Colombo,2006,5,27.015806,30.52,24.6,182.34,84.31516,18.771935,5.2451615
Colombo,2006,6,26.644335,29.39,24.52,105.45,85.48534,19.656,5.3206663
Colombo,2006,7,25.925806,28.62,23.4,100.17,87.70709,19.264517,5.467097
Colombo,2006,8,25.97903,29.48,23.86,184.17,86.50516,19.506453,5.262903
Colombo,2006,9,25.956667,28.39,24.26,152.96,86.679,20.090666,5.2776666
Colombo,2006,10,26.031935,30.11,23.39,482.49,85.70742,20.518387,3.705484
Colombo,2006,11,25.952667,29.81,23.08,426.31,86.619,18.838335,2.7253335
Colombo,2006,12,25.29387,29.65,18.91,167.22,84.48646,15.715807,5.4006453
Colombo,2007,1,24.827742,29.8,19.14,97.51,82.34677,19.77871,4.9448385
Colombo,2007,2,25.658571,30.22,19.69,19.49,77.61108,23.384644,3.2749999
Colombo,2007,3,27.260323,33.36,21.25,31.27,71.270966,24.619999,1.9654839
Colombo,2007,4,27.223,31.31,24.56,292.59,82.643,21.324333,2.4843333
Colombo,2007,5,27.311611,30.03,24.76,103.880005,85.30032,20.679031,4.9812903
Colombo,2007,6,26.565334,29.9,23.78,151.25,86.65566,18.446333,5.248
Colombo,2007,7,25.92,29.01,23.51,101.56,87.57291,19.83355,5.3848386
Colombo,2007,8,26.037098,28.98,23.99,139.19,86.59548,18.963871,5.273871
Colombo,2007,9,26.137667,28.54,23.5,166.26,86.506996,19.687666,5.4789996
Colombo,2007,10,25.693226,28.62,23.72,316.65,86.94355,17.167742,4.58871
Colombo,2007,11,25.656668,30.17,20.66,165.45,83.07066,19.991333,3.7053335
Colombo,2007,12,25.179356,30.01,19.45,169.0,83.86452,17.633871,4.4861293
Colombo,2008,1,25.099356,30.11,19.8,56.14,82.44193,19.874838,4.2274194
Colombo,2008,2,26.066206,30.56,20.25,102.61,77.799995,21.944483,2.8844829
Colombo,2008,3,26.101934,30.4,21.29,297.38,84.36774,20.677097,3.3064516
Colombo,2008,4,26.601665,29.96,24.04,366.13,85.237335,20.388668,3.168
Colombo,2008,5,26.754194,28.9,24.96,101.369995,86.65581,19.897419,5.4587097
Colombo,2008,6,26.227667,28.22,24.23,167.22,87.25434,17.44,5.1200004
Colombo,2008,7,25.868063,28.66,23.91,183.34999,87.87936,19.310968,5.6154838
Colombo,2008,8,25.682903,28.1,23.49,103.61,87.84904,20.375162,4.8303227
Colombo,2008,9,26.130335,29.35,23.81,69.85,85.78933,22.528666,4.4676666
Colombo,2008,10,26.47903,29.96,22.45,294.15,82.87742,19.829033,3.5348387
Colombo,2008,11,26.069,30.48,22.18,198.45999,82.57366,18.157001,3.602
Colombo,2008,12,25.25742,29.11,19.75,90.18,83.38774,19.275162,4.3119354
Colombo,2009,1,24.996452,30.1,19.15,37.36,78.19839,21.005161,4.477097
Colombo,2009,2,26.039286,32.8,19.92,5.5,70.52643,23.98643,3.0496428
Colombo,2009,3,27.181614,33.94,23.11,211.14,76.246124,23.880968,1.9096774
Colombo,2009,4,27.447666,32.05,24.6,217.47,82.96834,21.404667,3.4783332
Colombo,2009,5,27.155483,29.97,25.29,186.01,87.06645,19.210966,5.423226
Colombo,2009,6,26.456,29.12,24.25,170.34,87.374664,19.006,6.226333
Colombo,2009,7,25.899677,29.12,24.04,92.38,87.33452,19.74258,5.2225804
Colombo,2009,8,26.022259,28.58,23.82,155.27,87.44484,20.214838,5.456774
Colombo,2009,9,26.228333,29.18,24.28,149.11,86.234,21.795666,5.6846666
Colombo,2009,10,26.43871,31.28,22.1,161.3,80.41936,21.721613,3.4358065
Colombo,2009,11,26.040335,30.69,21.56,404.49,84.478004,16.276,3.4366667
Colombo,2009,12,25.87258,29.54,21.81,175.9,85.33839,18.443226,3.8448389
Colombo,2010,1,25.166773,30.05,19.68,92.71,82.30226,20.796452,4.5867743
Colombo,2010,2,26.237143,32.13,20.85,41.84,77.29214,22.124285,3.4528573
Colombo,2010,3,27.610968,33.34,21.69,100.96,73.54161,23.203548,2.4235482
Colombo,2010,4,27.76,31.62,24.6,321.52,82.53367,20.970667,2.7863336
Colombo,2010,5,27.416773,30.97,25.34,427.43,87.287415,17.165483,4.9167743
Colombo,2010,6,26.569,29.67,24.3,234.93,87.22767,19.199667,5.6516666
Colombo,2010,7,25.82,28.87,23.93,171.33,88.55484,18.449354,5.1635485
Colombo,2010,8,25.504839,27.82,23.32,147.78,90.37129,19.464838,5.305806
Colombo,2010,9,25.658667,28.36,23.64,206.68,88.13267,19.749666,4.511333
Colombo,2010,10,25.665483,28.83,23.24,237.41,86.746124,21.077742,4.8780646
Colombo,2010,11,25.538666,29.53,23.17,517.32,86.506996,16.999,3.3926666
Colombo,2010,12,25.041288,28.98,22.17,349.34,86.4158,15.665161,4.2590322
Colombo,2011,1,24.750967,29.05,19.52,207.29001,87.22484,17.463224,4.9538713
Colombo,2011,2,25.32893,29.88,20.94,193.21,84.96679,19.729643,4.1032143
Colombo,2011,3,26.319355,30.29,21.15,138.9,82.05775,22.969032,3.076129
Colombo,2011,4,26.452667,30.51,23.65,393.43,85.14267,20.870333,3.0453334
Colombo,2011,5,26.967419,30.01,24.69,175.95,87.00291,21.225807,5.049032
Colombo,2011,6,26.485332,28.59,24.08,110.78,87.37066,21.052334,5.2913337
Colombo,2011,7,25.770645,28.27,24.01,110.44,88.49806,19.227741,5.1274195
Colombo,2011,8,25.901936,28.45,23.8,129.23,86.992256,20.80129,5.293871
Colombo,2011,9,26.157665,29.2,23.89,135.7,85.884,21.592001,5.187667
Colombo,2011,10,26.25742,29.41,23.76,275.02,84.10258,21.636774,3.2164516
Colombo,2011,11,26.113335,30.02,22.35,270.78,83.15134,17.920332,3.4173331
Colombo,2011,12,25.581291,29.79,22.0,129.7,83.297745,17.778065,4.1309676
Colombo,2012,1,25.129354,29.68,19.44,63.56,78.17709,21.940323,3.4974194
Colombo,2012,2,25.848274,30.94,20.45,120.18,79.02276,20.394484,3.2793102
Colombo,2012,3,27.037418,31.48,23.0,133.71,76.951614,23.56968,2.1906452
Colombo,2012,4,26.991667,30.38,24.44,361.80002,83.679665,19.249,3.326
Colombo,2012,5,26.930645,30.07,23.77,98.4,83.99129,21.682903,5.491613
Colombo,2012,6,26.483334,29.16,24.29,133.45,86.808,19.289333,5.919667
Colombo,2012,7,26.288387,29.32,24.53,88.020004,86.73613,21.12742,5.517742
Colombo,2012,8,26.206453,29.11,24.15,171.19,84.90193,20.308388,5.4190326
Colombo,2012,9,26.223999,29.34,24.15,175.36,85.538994,18.912666,5.0966663
Colombo,2012,10,26.14516,30.65,23.6,488.97998,85.18452,19.796774,3.5054839
Colombo,2012,11,26.137,30.06,23.28,300.61,83.298996,18.999666,3.0806665
Colombo,2012,12,25.627743,29.95,20.93,304.33,85.14484,17.30258,3.622903
Colombo,2013,1,25.029354,29.23,20.1,137.89,84.299355,19.464838,4.908387
Colombo,2013,2,25.706785,29.78,20.53,153.03,81.475716,21.558573,3.5496428
Colombo,2013,3,27.038065,31.22,21.94,186.2,80.87645,22.361935,2.3293548
Colombo,2013,4,27.51,30.91,24.74,197.63,82.87133,22.762667,2.9193335
Colombo,2013,5,27.027742,30.01,25.3,280.84,87.899025,17.97,5.5174193
Colombo,2013,6,25.976665,28.0,24.12,298.63,89.498665,17.283333,6.2216663
Colombo,2013,7,25.621614,27.58,23.98,167.46,89.30129,18.792904,5.4451613
Colombo,2013,8,25.64258,28.48,24.0,74.78,88.618385,21.596775,5.297097
Colombo,2013,9,25.861666,28.77,23.99,188.86,86.72233,19.562,5.573667
Colombo,2013,10,26.032581,29.08,23.81,230.14,86.67387,20.319033,4.475161
Colombo,2013,11,26.359999,30.16,22.78,213.7,81.38799,19.275,2.6613333
Colombo,2013,12,25.360968,29.39,21.01,85.24,83.48678,17.52097,4.660968
Colombo,2014,1,25.292257,29.71,20.06,76.05,81.49387,20.915483,4.604839
Colombo,2014,2,26.221786,32.08,19.05,24.25,72.913216,23.42393,3.084643
Colombo,2014,3,27.604515,34.26,21.81,71.67,71.270325,23.814516,2.4925807
Colombo,2014,4,27.473667,32.95,24.61,260.07,81.86366,22.162333,2.6543334
Colombo,2014,5,27.244839,30.43,24.98,172.89,86.189026,18.7,4.664839
Colombo,2014,6,26.944,29.02,25.14,164.28,87.69133,19.299665,5.9926667
Colombo,2014,7,26.41355,28.86,24.46,74.71,87.57967,20.714838,5.845161
Colombo,2014,8,25.937096,28.79,23.7,205.36,86.477745,19.390968,5.362903
Colombo,2014,9,26.276667,29.12,24.3,218.09,86.26833,21.436,5.0053334
Colombo,2014,10,26.021612,29.31,24.02,459.83,87.24838,19.064838,3.487742
Colombo,2014,11,25.801332,30.09,22.75,268.93,85.07667,16.345667,3.2993333
Colombo,2014,12,25.672258,29.66,22.88,382.51,87.396774,15.976774,3.6299999
Colombo,2015,1,25.075161,29.47,20.28,27.39,81.546776,21.883226,4.0090322
Colombo,2015,2,25.493572,29.85,19.84,111.48,81.04071,22.428213,3.7571428
Colombo,2015,3,27.14258,31.94,22.5,132.33,76.06613,23.67742,2.053871
Colombo,2015,4,27.281,31.13,24.51,293.69,82.98766,23.100334,2.5093334
Colombo,2015,5,27.210001,29.64,24.7,178.79001,86.17806,19.904516,4.396129
Colombo,2015,6,26.922333,29.18,24.33,144.49,87.11267,19.077,4.8563333
Colombo,2015,7,26.43032,29.05,24.17,81.04,87.23839,19.900644,5.455484
Colombo,2015,8,26.51484,29.04,24.25,114.14,86.060326,20.969032,5.4535484
Colombo,2015,9,26.281334,29.13,23.92,269.59,86.75466,17.953667,5.0360003
Colombo,2015,10,26.203548,29.85,22.94,408.07,87.45871,19.85484,3.585484
Colombo,2015,11,26.187,30.23,23.71,426.03,86.36833,17.955,3.2333333
Colombo,2015,12,26.25387,30.12,21.89,253.83,85.43387,18.217419,3.2890322
Colombo,2016,1,25.711613,30.63,20.57,43.43,82.65323,20.433872,4.5225806
Colombo,2016,2,26.630346,31.47,20.5,76.86,78.766205,21.95345,3.2148278
Colombo,2016,3,28.033226,32.48,23.96,86.73,77.03935,24.194517,2.2887096
Colombo,2016,4,28.531668,32.63,25.58,150.39,81.00466,23.887,2.7596667
Colombo,2016,5,27.736452,31.69,24.78,529.73,85.14839,16.706776,4.7877417
Colombo,2016,6,26.668667,29.33,24.6,117.62,87.35567,20.386332,6.0333333
Colombo,2016,7,26.047098,28.89,24.02,68.01,87.62452,20.865162,5.1777415
Colombo,2016,8,26.207418,29.06,24.15,32.35,86.35613,22.285807,5.9425807
Colombo,2016,9,26.072666,29.04,23.4,30.04,84.123665,22.963665,5.840667
Colombo,2016,10,26.40613,30.01,23.87,134.03,81.93162,21.362257,4.451613
Colombo,2016,11,26.06,30.25,21.5,292.23,83.71834,17.323334,3.3036666
Colombo,2016,12,25.708065,30.23,19.06,79.61,80.54291,19.603226,3.9629033
Colombo,2017,1,25.300646,30.79,18.93,54.1,75.82161,20.78774,4.1412907
Colombo,2017,2,26.1975,32.3,20.14,59.03,71.65392,21.8775,3.4771428
Colombo,2017,3,26.960644,32.02,22.4,223.18001,79.61193,23.687742,2.461613
Colombo,2017,4,27.687,32.15,25.12,85.229996,82.448,23.503,3.5719998
Colombo,2017,5,27.52387,31.28,24.85,283.29,83.83161,19.640322,4.805484
Colombo,2017,6,26.675,28.96,24.96,95.25,86.43867,19.545,5.6943336
Colombo,2017,7,26.716774,29.68,24.82,44.8,85.03645,20.79774,5.3574195
Colombo,2017,8,26.49871,29.22,24.34,100.9,85.26807,21.096128,5.6225805
Colombo,2017,9,26.344,30.37,24.38,174.93,85.958664,19.828333,5.2929997
Colombo,2017,10,26.540968,29.45,24.33,270.63,86.18452,18.97484,4.3983874
Colombo,2017,11,26.182335,30.1,23.36,287.26,84.77966,16.091,3.53
Colombo,2017,12,25.698387,29.93,21.71,160.62,82.57323,19.41355,3.862903
Colombo,2018,1,25.067421,29.91,19.19,31.92,78.299675,20.213871,3.9229033
Colombo,2018,2,26.46893,31.93,20.23,67.26,75.66071,23.378214,2.920357
Colombo,2018,3,27.423548,32.29,23.14,123.42,76.90064,21.567097,2.3341935
Colombo,2018,4,27.698334,32.9,24.04,264.77,80.59866,21.448334,2.2313335
Colombo,2018,5,26.94742,30.93,24.6,413.27,87.01065,16.442904,4.45
Colombo,2018,6,26.519335,28.32,24.21,165.8,88.56567,19.095,5.99
Colombo,2018,7,25.84,28.1,23.88,76.26,89.03484,20.41258,5.5151615
Colombo,2018,8,25.45,28.21,23.44,88.56,89.228714,20.158386,5.4938707
Colombo,2018,9,26.193333,29.78,24.02,116.29,83.597,21.512333,4.3710003
Colombo,2018,10,25.990646,29.98,23.88,277.71,86.255806,17.494839,3.1516128
Colombo,2018,11,26.138,30.24,22.31,297.89,84.615,18.027334,3.1813333
Colombo,2018,12,25.557096,30.19,20.31,120.86,83.270966,18.54871,3.8929033
Colombo,2019,1,25.345484,30.44,20.02,26.539999,79.86323,21.38871,4.710645
Colombo,2019,2,26.676071,31.82,20.7,119.57,79.1425,22.810358,3.2099998
Colombo,2019,3,27.757095,33.57,22.72,47.48,72.533875,24.258387,2.1080644
Colombo,2019,4,28.235332,33.47,24.33,208.14,76.56167,22.140665,2.695
Colombo,2019,5,27.865162,30.99,25.3,78.87,83.687744,19.676773,4.9490323
Colombo,2019,6,27.667334,30.54,25.75,116.28,83.63066,18.486334,5.933
Colombo,2019,7,26.899355,30.25,24.45,90.86,83.75194,20.06129,5.2438707
Colombo,2019,8,26.507742,29.5,23.35,245.75,84.50516,16.86484,5.8399997
Colombo,2019,9,26.411333,29.98,23.79,333.04,85.63833,17.476332,4.587
Colombo,2019,10,26.02,30.16,23.37,509.06,86.687744,17.016453,3.1935484
Colombo,2019,11,26.618334,30.63,23.49,344.98,84.42467,19.652668,2.5163333
Colombo,2019,12,26.213549,30.04,21.99,256.45,84.41452,17.700644,3.2387097
Colombo,2020,1,26.07355,30.78,20.43,58.53,80.299355,21.606451,3.6816127
Colombo,2020,2,26.517931,31.78,20.73,18.92,77.314476,22.800346,3.7310348
Colombo,2020,3,28.018387,33.26,22.95,48.14,72.728714,24.07355,1.9716128
Colombo,2020,4,28.385,33.88,23.71,197.19,77.39167,24.023668,2.4146667
Colombo,2020,5,27.72484,32.06,25.78,347.96,85.40742,18.088387,4.4658065
Colombo,2020,6,27.055,29.57,24.5,142.75,85.28333,19.913,5.4683332
Colombo,2020,7,26.292904,28.99,23.69,131.14,86.203224,17.473549,4.939032
Colombo,2020,8,26.345484,29.31,24.5,125.41,86.617096,20.595484,4.9190326
Colombo,2020,9,26.179333,28.62,24.27,236.46,86.78933,17.572332,5.3883333
Colombo,2020,10,26.429031,29.25,24.01,104.83,85.3358,21.187096,4.7841935
Colombo,2020,11,26.640999,31.23,23.57,328.71,84.022995,19.029333,2.9463334
Colombo,2020,12,25.962902,29.94,21.54,221.83,84.396454,18.370646,4.0348387
Colombo,2021,1,25.59871,30.28,20.75,221.42,84.1229,17.495483,3.4183872
Colombo,2021,2,25.867498,30.6,20.45,34.86,81.08429,23.561428,4.2850003
Colombo,2021,3,26.905483,31.62,20.87,177.91,76.17968,21.884193,2.2348387
Colombo,2021,4,27.385334,32.02,24.44,183.93,82.859665,23.155333,3.0686667
Colombo,2021,5,27.29387,31.17,25.39,436.98,86.37645,18.964193,4.5251613
Colombo,2021,6,26.707333,29.01,24.87,225.82,87.32734,20.463335,5.4110003
Colombo,2021,7,26.362257,28.5,24.52,187.73999,88.22128,19.411613,5.7596774
Colombo,2021,8,26.095484,28.43,24.11,170.11,87.921616,19.624193,5.3812904
Colombo,2021,9,26.475334,29.21,24.76,189.0,87.120995,20.069668,5.446
Colombo,2021,10,26.276775,28.8,23.97,393.38,87.22968,18.429356,4.3845162
Colombo,2021,11,25.909666,29.18,23.56,455.71,87.35567,15.841001,4.138
Colombo,2021,12,25.947096,30.3,20.46,94.95,83.063225,20.16,3.6861289
Colombo,2022,1,25.977419,30.56,20.89,69.1,81.70129,21.440968,3.8096774
Colombo,2022,2,25.886429,30.89,20.07,155.95,78.97821,21.824999,3.5707142
Colombo,2022,3,26.99613,31.4,22.4,82.32,80.14096,23.148066,3.6319354
Colombo,2022,4,27.117,30.69,24.26,426.51,84.814995,20.511,2.7823334
Colombo,2022,5,27.22,29.67,25.34,301.7,87.44484,17.52387,6.154516
Colombo,2022,6,26.461666,29.0,24.55,115.17,87.744,19.205666,5.537333
Colombo,2022,7,26.012259,29.86,24.05,110.64,87.07452,18.700968,5.234516
Colombo,2022,8,25.754839,28.72,23.62,212.2,87.8571,20.291935,5.8235483
Colombo,2022,9,26.026333,29.03,24.05,96.55,86.621,22.234999,5.2149997
Colombo,2022,10,25.973871,30.0,22.61,332.97,85.95387,18.03,4.686129
Colombo,2022,11,25.797333,29.71,22.08,273.72,83.458,17.531668,3.3336668
Colombo,2022,12,25.635485,30.42,21.03,259.01,84.144516,16.170645,4.298387
Colombo,2023,1,24.723225,28.97,19.61,90.45,82.7271,19.303226,5.0574193
Colombo,2023,2,25.427856,30.41,19.25,95.07,81.46393,21.34,4.5946426
Colombo,2023,3,27.080645,30.95,22.63,143.31999,79.71806,22.670322,2.7774193
Colombo,2023,4,27.870667,31.81,24.05,219.6,79.50767,23.243,2.2373335
Colombo,2023,5,27.496775,30.21,25.11,249.17,85.45484,19.113548,4.543871
Colombo,2023,6,27.240665,29.57,25.36,159.98,86.75167,19.226002,5.8970003
Colombo,2023,7,26.619356,29.69,24.57,105.67,87.54548,20.097097,5.3590326
Colombo,2023,8,26.954195,29.97,24.79,80.31,84.950325,22.134838,5.1174192
Colombo,2023,9,26.571001,29.39,24.68,407.88,86.063995,15.812333,5.568
Colombo,2023,10,26.269354,30.19,23.94,557.37,86.950325,16.386774,3.4583871
Colombo,2023,11,26.689333,30.67,23.86,504.34,85.256996,18.658333,2.3686666
Colombo,2023,12,26.587097,30.35,23.2,348.44,87.214516,17.128063,3.8709676
Colombo,2024,1,25.938389,30.32,20.52,178.38,83.629036,19.523226,3.9590323
Colombo,2024,2,26.68862,31.78,20.93,27.6,82.12827,22.713448,4.3124137
Colombo,2024,3,27.876451,33.53,22.73,59.43,74.148705,23.731613,2.1425805
Colombo,2024,4,28.833334,34.02,25.04,164.53,79.65034,22.441334,2.211
Colombo,2024,5,28.187096,31.73,26.01,322.35,85.105804,15.976451,5.0612903
Colombo,2024,6,27.232334,29.6,25.37,156.42,87.35934,18.325335,5.649667
Colombo,2024,7,26.991613,29.63,24.04,114.4,86.784195,17.535807,4.9864516
Colombo,2024,8,26.73,29.37,24.58,167.57,86.3871,18.779034,5.089355
Colombo,2024,9,27.158667,30.74,24.77,102.93,85.730995,20.525,5.294667
Colombo,2024,10,26.685806,30.86,24.56,217.65,86.769356,18.107098,4.100645
Colombo,2024,11,26.664,31.07,24.08,357.36,85.208,16.384666,3.8976667
Colombo,2024,12,26.45516,30.16,22.89,123.369995,84.16645,18.898066,3.4848387
Colombo,2025,1,25.51258,29.62,21.19,162.02,85.72549,15.820322,5.0551615
Colombo,2025,2,26.095,31.22,20.62,49.14,79.42214,23.160715,4.0485716
Colombo,2025,3,27.296774,31.74,21.6,256.8,78.42065,22.122257,2.3861291
Colombo,2025,4,27.367334,30.92,24.74,301.9,85.09467,21.235332,3.181
Colombo,2025,5,27.569677,30.7,25.21,264.14,86.27613,16.887096,4.794839
Colombo,2025,6,26.900333,29.27,25.12,130.23999,88.094,19.949667,5.351
Colombo,2025,7,26.394838,29.02,24.1,74.159996,88.74741,19.953548,5.6719356
Colombo,2025,8,26.126774,29.38,24.12,81.71,87.83291,21.946774,5.0464516
Colombo,2025,9,26.595667,29.15,24.78,178.85,86.37066,21.112667,4.9853334
Colombo,2025,10,26.46613,29.77,24.57,520.77,86.55354,17.851934,3.5329034
Colombo,2025,11,26.073334,30.24,23.18,627.14,86.22966,17.326666,4.0436664
Colombo,2025,12,25.495483,29.6,21.47,143.21,85.159355,19.009678,4.4874196
Galle,2000,1,26.572258,30.9,24.03,37.52,78.31129,17.40226,3.7112904
Galle,2000,2,26.910345,29.88,25.0,83.57,78.56517,18.89069,2.9931035
Galle,2000,3,27.50258,30.08,24.93,102.64,78.48742,20.230646,2.9796774
Galle,2000,4,27.892,29.75,26.29,106.63,81.98667,20.310667,5.3906665
Galle,2000,5,28.088064,30.08,26.21,59.54,82.41774,18.675161,6.3280644
Galle,2000,6,27.041332,28.62,24.82,134.05,84.78033,15.840333,7.681
Galle,2000,7,26.945162,28.54,25.66,70.51,83.727745,18.463549,7.02
Galle,2000,8,26.761936,28.22,25.52,179.01,84.39258,16.234838,7.308387
Galle,2000,9,27.081,28.57,25.44,107.63,83.63267,17.696667,6.31
Galle,2000,10,27.11742,28.93,25.26,82.53,81.976456,17.356451,5.969032
Galle,2000,11,27.336332,30.71,24.85,214.81,79.56633,16.229334,4.427
Galle,2000,12,26.935162,29.66,24.81,78.47,78.71774,15.743226,4.418387
Galle,2001,1,26.483871,29.29,24.57,162.64,80.810005,15.815806,3.3529034
Galle,2001,2,26.563215,29.53,24.1,44.100002,76.36143,20.452143,2.3753572
Galle,2001,3,28.222582,31.44,25.58,23.04,73.83323,22.075161,3.383871
Galle,2001,4,27.759,30.32,26.01,185.74,81.833,18.41,2.9923334
Galle,2001,5,28.384516,30.35,27.13,114.2,83.71323,18.863226,6.5948386
Galle,2001,6,27.645666,28.97,26.3,94.02,83.34233,19.184334,7.1796665
Galle,2001,7,26.59645,28.32,24.64,86.11,86.18226,16.997097,6.6580644
Galle,2001,8,27.003225,28.95,25.52,32.57,84.67839,18.24,6.9777417
Galle,2001,9,27.174665,29.0,25.92,135.19,82.76333,18.961334,6.7213335
Galle,2001,10,26.899355,28.27,25.65,97.09,85.3858,17.24258,6.6574197
Galle,2001,11,27.251333,29.42,24.83,143.42,81.236336,17.299334,4.4223332
Galle,2001,12,27.205807,29.5,24.77,91.78,76.74581,17.325806,3.4070969
Galle,2002,1,27.43871,30.65,24.39,46.57,73.82935,17.988388,2.9690323
Galle,2002,2,28.047144,31.66,25.44,75.15,72.7325,20.238571,3.83
Galle,2002,3,28.407742,32.05,25.74,53.989998,73.50162,21.383549,3.0954838
Galle,2002,4,27.979334,30.99,26.46,145.43,80.337006,19.437,2.6790001
Galle,2002,5,28.311611,29.98,26.55,222.19,83.39193,17.451612,6.39871
Galle,2002,6,27.611334,29.44,26.38,74.52,84.14333,17.898335,7.0316668
Galle,2002,7,26.988064,29.15,25.55,50.82,84.645485,17.245806,7.251613
Galle,2002,8,26.759033,28.71,25.09,81.08,86.384514,18.203226,6.276129
Galle,2002,9,27.671667,29.02,26.08,67.53,80.388664,20.555332,6.350333
Galle,2002,10,27.02129,28.95,25.78,301.03,84.767746,18.049677,5.2480645
Galle,2002,11,26.937,28.92,25.44,261.37,83.949,15.923,3.851
Galle,2002,12,26.76097,29.13,24.18,195.95,81.646454,15.406129,3.5929031
Galle,2003,1,26.657742,28.95,24.22,56.36,79.2942,17.91645,3.512258
Galle,2003,2,27.365,29.64,25.32,64.94,78.29928,20.256786,2.5928571
Galle,2003,3,27.820969,30.79,25.85,97.39,77.58548,20.450323,2.5825806
Galle,2003,4,28.209002,30.94,26.45,137.93,80.597664,20.046667,3.2963333
Galle,2003,5,28.508387,29.72,26.81,236.99,83.71162,16.992903,6.691613
Galle,2003,6,27.671333,28.99,26.29,116.4,84.492,17.888,6.4576664
Galle,2003,7,27.464193,28.57,25.43,94.119995,84.482254,16.701612,6.5896773
Galle,2003,8,27.373549,28.65,25.88,68.33,83.8642,17.902903,6.8170967
Galle,2003,9,27.247,28.49,25.77,105.57,84.406,18.675667,6.830333
Galle,2003,10,27.52516,29.12,25.75,129.4,81.825485,19.137743,5.7841935
Galle,2003,11,27.018333,30.42,25.12,346.39,84.25867,15.256,4.1686664
Galle,2003,12,27.137419,30.21,24.87,22.73,77.13839,19.212902,3.702258
Galle,2004,1,27.471613,30.32,25.11,36.7,75.71806,18.717419,3.056129
Galle,2004,2,27.850346,31.14,25.48,41.52,72.299995,20.215172,2.4055173
Galle,2004,3,28.119032,31.29,25.69,38.72,75.85258,21.194517,3.073226
Galle,2004,4,28.269999,30.33,26.16,145.26,81.620674,19.276667,3.5176666
Galle,2004,5,28.222902,30.04,26.8,197.03,83.272255,16.52387,7.433871
Galle,2004,6,27.687666,29.18,25.96,82.28,83.649666,18.291332,7.0386667
Galle,2004,7,27.148066,28.48,25.8,94.71,83.54323,17.952902,7.7974195
Galle,2004,8,27.392902,28.8,25.63,79.17,82.771935,19.081291,7.4306455
Galle,2004,9,27.079334,28.74,25.65,270.29,83.78233,16.804333,6.475667
Galle,2004,10,26.935484,28.96,25.6,283.92,85.672585,17.008064,4.86
Galle,2004,11,27.087334,29.76,25.45,229.44,84.129005,15.523334,3.7883334
Galle,2004,12,26.760645,29.02,24.16,191.14,79.96065,16.265806,3.6103225
Galle,2005,1,26.88516,28.95,24.34,94.03,79.88903,16.851934,4.1074195
Galle,2005,2,27.360355,30.19,24.48,37.69,76.03965,22.42393,3.1425
Galle,2005,3,27.97613,30.02,25.73,147.35,79.09904,20.59258,3.303871
Galle,2005,4,28.017668,30.08,26.52,123.49,82.022995,19.991667,3.1590002
Galle,2005,5,28.411613,30.43,27.03,186.64,83.45968,18.73871,6.0009675
Galle,2005,6,27.719,28.78,26.32,126.11,84.89433,17.563334,7.4796667
Galle,2005,7,27.01387,28.41,25.41,125.409996,86.37548,16.717741,6.9490323
Galle,2005,8,27.495806,28.7,26.34,38.53,83.34548,19.763548,6.6625805
Galle,2005,9,26.989,28.39,25.81,86.43,84.954,18.271667,6.9
Galle,2005,10,27.110968,28.43,25.97,272.85,85.14355,16.95129,6.177097
Galle,2005,11,26.695333,28.51,24.95,305.53,85.057,15.106334,5.625
Galle,2005,12,26.685484,28.33,24.0,109.47,80.145164,16.862581,4.563871
Galle,2006,1,26.091934,28.43,23.62,187.99,80.05161,17.495806,3.2454839
Galle,2006,2,27.026428,29.36,24.84,76.55,78.37572,19.543573,2.662143
Galle,2006,3,27.575161,29.76,25.93,114.34,80.81935,20.031935,3.0680645
Galle,2006,4,28.068666,29.76,26.47,75.22,81.435005,19.847332,4.575
Galle,2006,5,27.968708,29.39,26.67,170.0,82.924515,17.977741,6.206774
Galle,2006,6,27.611,28.73,26.25,118.46,84.43667,18.556,6.6676664
Galle,2006,7,26.923225,28.21,25.73,132.17,86.24774,16.960323,6.8735485
Galle,2006,8,27.007097,28.49,25.56,174.69,85.48678,18.214838,6.112258
Galle,2006,9,27.229334,28.39,25.82,187.78,83.89066,17.555666,6.351333
Galle,2006,10,26.954517,28.67,25.23,381.0,83.31645,17.204195,4.270645
Galle,2006,11,27.013,28.92,25.89,330.14,83.38667,16.405,2.8466668
Galle,2006,12,26.978388,29.24,23.56,272.62,80.04064,13.670646,4.103871
Galle,2007,1,26.57742,28.95,23.74,116.62,77.34904,18.107098,3.5577419
Galle,2007,2,26.691427,29.37,24.38,18.130001,76.69929,21.020716,3.022143
Galle,2007,3,27.422258,29.73,24.98,28.34,76.44322,23.147419,2.4748387
Galle,2007,4,27.772333,29.59,26.38,310.46,83.26234,18.693333,3.4446666
Galle,2007,5,28.225483,29.76,26.79,118.69,83.94903,19.780323,6.0296774
Galle,2007,6,27.744665,29.51,25.94,189.98,84.30633,16.522,6.525
Galle,2007,7,27.046452,28.58,25.35,109.75,85.54742,17.540968,6.7109675
Galle,2007,8,27.019676,28.09,26.02,201.27,85.229996,17.443548,6.290323
Galle,2007,9,27.205666,28.4,25.74,187.86,84.65433,17.058666,6.5096664
Galle,2007,10,26.838064,28.33,25.44,412.02,84.8742,15.426775,6.177419
Galle,2007,11,27.041666,29.19,25.5,179.19,79.871994,18.390665,3.7636669
Galle,2007,12,26.629354,29.23,24.33,202.26,80.72065,15.447419,4.0296774
Galle,2008,1,26.47129,28.58,24.01,88.42,79.840324,17.066128,3.349355
Galle,2008,2,27.034828,29.45,25.02,98.66,76.407585,19.258276,2.4693103
Galle,2008,3,27.006128,28.75,25.21,248.13,82.2029,17.695484,3.3203225
Galle,2008,4,27.401667,29.02,25.94,359.81,83.55367,17.748,4.359
Galle,2008,5,27.817741,29.02,26.32,91.69,83.343544,18.242903,6.316129
Galle,2008,6,27.433,28.62,25.86,191.09,84.55033,16.375666,6.2823334
Galle,2008,7,26.999353,28.37,25.85,185.63,85.549034,17.309032,6.6403227
Galle,2008,8,26.889355,27.91,25.82,109.14,84.687096,17.370968,5.985484
Galle,2008,9,27.360332,28.65,26.42,73.81,82.90533,21.221998,5.5136666
Galle,2008,10,27.45387,28.83,25.72,228.5,80.90258,17.500969,4.282258
Galle,2008,11,27.314667,29.24,25.78,209.08,80.30967,16.089,3.9543333
Galle,2008,12,26.795805,29.06,24.29,147.36,78.92645,17.456776,3.4358065
Galle,2009,1,26.58,28.83,24.05,27.269999,74.59419,19.428709,3.5587096
Galle,2009,2,26.681072,29.48,24.34,6.5,74.60215,21.9725,2.6610715
Galle,2009,3,27.529034,30.06,25.84,145.04,79.37,21.149677,2.241613
Galle,2009,4,28.258667,30.11,26.6,193.7,81.40867,19.714666,4.325
Galle,2009,5,28.212582,29.41,26.68,270.31,84.65452,16.731936,6.9906454
Galle,2009,6,27.553333,28.65,26.27,211.5,84.89833,17.018,7.502667
Galle,2009,7,27.143549,28.46,26.04,103.72,84.86,18.010645,6.6087093
Galle,2009,8,27.097097,28.6,25.49,174.22,85.16774,17.52,6.970968
Galle,2009,9,27.31,28.4,26.17,164.76,84.593666,18.661999,6.9266667
Galle,2009,10,27.267097,29.66,25.52,153.2,80.27032,19.440968,3.8929033
Galle,2009,11,27.126333,29.0,25.31,472.78,82.71633,14.242666,4.239667
Galle,2009,12,27.088064,29.07,25.02,181.6,82.44387,15.411935,3.8909678
Galle,2010,1,26.81871,29.47,24.11,116.520004,77.78677,18.527418,3.5425806
Galle,2010,2,27.435715,30.35,24.86,84.41,76.89286,20.664642,2.9946427
Galle,2010,3,28.102581,30.72,25.61,114.44,76.43581,21.522903,3.01
Galle,2010,4,28.515999,29.98,26.55,307.36,81.287994,19.385334,3.473
Galle,2010,5,28.547098,30.26,27.2,462.37,84.076126,16.429678,5.945806
Galle,2010,6,27.698,29.15,26.49,216.14,84.253006,17.563,6.726667
Galle,2010,7,27.015484,28.07,25.85,183.05,85.68581,16.958387,6.6080647
Galle,2010,8,26.824194,28.03,25.81,166.22,87.05807,16.639355,7.02
Galle,2010,9,26.900333,27.94,25.75,220.13,85.22466,16.730333,6.0576663
Galle,2010,10,27.049356,28.52,25.63,197.29,82.83258,18.408066,6.6758065
Galle,2010,11,26.763,28.54,25.24,499.98,83.99434,15.7630005,4.7033334
Galle,2010,12,26.414515,28.05,24.14,398.31,82.16517,14.004839,4.6841936
Galle,2011,1,26.160967,28.29,23.8,281.48,83.302574,15.085807,4.425161
Galle,2011,2,26.571428,28.61,24.95,175.7,81.44786,17.184643,3.5932143
Galle,2011,3,27.493547,29.63,25.63,235.97,80.771935,19.98742,3.3451612
Galle,2011,4,27.523,29.08,25.91,332.12,81.92266,18.971998,4.0230002
Galle,2011,5,27.908386,29.06,26.86,188.81,84.603546,19.484516,6.1116133
Galle,2011,6,27.718666,28.78,26.95,107.840004,84.33567,18.781,6.475667
Galle,2011,7,26.965483,28.15,25.81,130.95,86.00129,16.831934,6.426129
Galle,2011,8,27.11742,28.19,25.82,168.31999,84.573875,17.609032,6.4938707
Galle,2011,9,27.230333,28.53,26.21,146.64,83.879326,19.009335,6.021333
Galle,2011,10,27.199354,28.73,25.39,233.91,82.534195,18.352581,4.1741934
Galle,2011,11,27.418667,29.18,25.89,356.85,80.46433,16.227333,3.618
Galle,2011,12,26.943226,28.99,24.96,182.07,79.894196,15.52871,3.7809677
Galle,2012,1,26.477097,28.86,23.56,64.35,75.048065,19.681936,2.3906453
Galle,2012,2,26.83793,28.83,24.55,146.74,77.90103,18.55793,2.67
Galle,2012,3,27.588709,29.47,25.88,146.21,77.77613,21.921614,2.772258
Galle,2012,4,28.033667,29.36,26.22,370.63,80.886,18.050667,3.9490001
Galle,2012,5,28.027418,29.63,26.72,109.94,81.31129,20.08742,6.4464517
Galle,2012,6,27.403666,28.57,25.59,144.27,84.82867,17.41,6.8016667
Galle,2012,7,27.35484,28.42,26.28,94.22,84.29484,18.43742,6.777742
Galle,2012,8,27.341614,28.63,25.95,230.21,83.06967,18.134193,6.3045163
Galle,2012,9,27.390333,28.74,26.01,264.85,83.170006,17.485666,6.1063333
Galle,2012,10,27.101614,28.78,25.47,479.64,83.33548,17.958065,4.472258
Galle,2012,11,27.136665,29.29,25.23,358.13,81.34267,16.431667,2.9756668
Galle,2012,12,26.809032,28.33,24.98,282.36,82.02645,15.454194,3.5519354
Galle,2013,1,26.76516,28.89,24.43,130.81,78.30516,17.245483,3.263871
Galle,2013,2,27.053928,29.11,25.08,149.19,78.02571,18.824999,2.9042857
Galle,2013,3,28.025484,30.07,26.07,213.73,79.074196,19.746775,2.303871
Galle,2013,4,28.575,29.96,27.12,200.86,80.171,20.852333,3.3733332
Galle,2013,5,27.969677,29.59,27.05,281.05,85.65226,16.053549,7.0106454
Galle,2013,6,27.083,28.13,25.98,281.27,86.907,15.166667,7.406
Galle,2013,7,26.808064,27.95,25.88,207.06,86.66323,16.664839,6.6603227
Galle,2013,8,26.673872,27.89,25.58,84.659996,86.478386,18.752258,6.511613
Galle,2013,9,26.980665,28.14,25.76,207.73,84.2,17.245667,6.4960003
Galle,2013,10,27.129679,28.43,25.3,239.66,84.30032,18.072903,5.83871
Galle,2013,11,27.241333,29.33,25.74,252.99,79.73133,17.852333,2.7053335
Galle,2013,12,26.68742,28.55,24.26,136.25,80.52451,15.390323,3.8938708
Galle,2014,1,26.535482,28.84,23.98,71.12,79.23581,18.23742,3.3080647
Galle,2014,2,27.007502,29.77,23.54,33.1,74.993935,21.576786,2.7432141
Galle,2014,3,27.840645,30.32,25.38,85.86,76.20645,21.899355,3.4745162
Galle,2014,4,28.031,29.47,26.7,183.87,82.19666,20.010668,3.6043332
Galle,2014,5,28.21226,29.93,26.98,204.13,83.67065,18.169678,5.521936
Galle,2014,6,27.992,28.88,27.28,183.22,85.307,16.98,7.5829997
Galle,2014,7,27.359356,28.65,26.46,78.4,86.25484,18.018387,7.2180643
Galle,2014,8,26.969032,28.49,25.86,278.93,84.421936,17.309032,6.6074195
Galle,2014,9,27.290335,28.28,26.13,240.15,83.92266,18.313665,6.309667
Galle,2014,10,27.066774,28.66,25.45,454.88998,84.269035,16.640001,4.637742
Galle,2014,11,26.997334,29.31,24.88,326.98,82.766,15.0373335,4.129667
Galle,2014,12,26.738064,28.77,25.18,348.51,84.3271,13.630645,3.5006454
Galle,2015,1,26.561611,28.26,24.47,44.22,76.50968,19.443548,2.3919356
Galle,2015,2,26.863571,28.95,24.39,129.8,77.77036,19.705357,2.7521427
Galle,2015,3,27.809032,29.79,25.82,163.62,77.11193,21.82355,2.7464516
Galle,2015,4,28.096668,29.62,26.25,309.05,80.69234,20.805332,2.9199998
Galle,2015,5,28.269354,29.66,26.49,192.27,83.895164,17.580645,5.4674196
Galle,2015,6,28.193666,29.43,27.15,156.34,83.60667,17.934,5.9006667
Galle,2015,7,27.680323,29.19,25.87,118.11,84.1329,18.021935,6.6558065
Galle,2015,8,27.648066,28.8,25.8,165.27,83.604836,17.94129,6.672258
Galle,2015,9,27.409334,29.13,25.79,361.85,84.32433,16.883,5.9396667
Galle,2015,10,27.331614,28.88,25.28,401.35,84.078384,16.814516,4.2035484
Galle,2015,11,27.261,29.28,25.77,513.55,83.573,15.925334,3.9276667
Galle,2015,12,27.419678,29.59,25.89,259.4,82.21871,16.04613,3.4587097
Galle,2016,1,27.481289,29.76,25.31,90.04,77.365166,18.527098,2.8035486
Galle,2016,2,27.77724,30.14,24.49,113.15,77.32482,19.974829,2.8586206
Galle,2016,3,28.451937,30.7,26.83,94.6,77.674835,22.366774,2.5835485
Galle,2016,4,29.174665,30.65,27.61,156.16,79.95633,22.112667,2.9259999
Galle,2016,5,28.66258,30.92,26.95,563.4,83.23581,15.29129,5.7335486
Galle,2016,6,27.837667,29.44,26.34,110.76,84.041664,18.073668,7.3956666
Galle,2016,7,27.129032,28.68,25.44,95.19,85.94484,18.240646,6.5796776
Galle,2016,8,27.19,28.42,25.51,62.05,85.32032,18.575161,7.5461287
Galle,2016,9,26.856667,28.14,25.24,46.63,84.742,19.484001,7.149333
Galle,2016,10,27.185162,28.39,25.97,167.25,83.48838,19.162903,6.042258
Galle,2016,11,27.018,29.37,25.76,367.88,81.83866,15.012,3.4643333
Galle,2016,12,27.09742,29.24,24.68,111.81,78.634514,17.869032,3.666129
Galle,2017,1,26.504839,28.96,23.49,95.43,75.287415,18.518064,3.3958063
Galle,2017,2,26.875715,30.04,24.5,93.09,74.332504,20.324999,2.6303573
Galle,2017,3,27.566128,29.19,25.9,177.55,79.42677,21.045805,2.7970967
Galle,2017,4,28.419,29.83,26.21,173.8,81.858665,21.934,4.585666
Galle,2017,5,28.25129,29.8,26.54,338.56,83.32226,17.049032,5.7970967
Galle,2017,6,27.507,28.5,26.66,95.72,85.538994,18.500334,6.6600003
Galle,2017,7,27.691936,28.73,26.34,56.44,84.16355,18.71871,6.8332257
Galle,2017,8,27.389032,28.49,26.21,132.3,84.921936,17.326452,6.963548
Galle,2017,9,27.293333,28.41,26.08,174.20999,84.206,17.889,6.3883333
Galle,2017,10,27.537098,28.73,26.21,202.43,84.44387,16.651613,5.604193
Galle,2017,11,27.167334,28.83,25.77,557.01,82.82433,15.407333,3.8856666
Galle,2017,12,27.03774,29.42,25.22,237.11,79.728065,17.06,3.07
Galle,2018,1,26.726452,28.74,23.6,41.96,75.20968,18.898066,2.5470967
Galle,2018,2,26.954285,29.25,24.71,133.24,78.60643,20.78143,2.7239287
Galle,2018,3,27.74258,29.65,25.96,193.37,80.11032,20.105808,3.3587098
Galle,2018,4,28.161665,29.73,26.7,297.87,81.71767,19.683666,3.1553335
Galle,2018,5,27.971935,30.18,26.26,417.88,84.451614,15.508388,5.357097
Galle,2018,6,27.572332,28.53,26.09,162.68,85.69567,16.862333,7.0946665
Galle,2018,7,27.014517,28.35,26.05,99.94,86.79,17.599678,6.822581
Galle,2018,8,26.522903,27.82,24.78,106.6,87.619675,17.230967,6.6151614
Galle,2018,9,27.030334,28.49,25.73,153.28,82.998,20.268667,5.3416667
Galle,2018,10,26.934515,28.52,25.61,325.04,84.616776,16.372904,4.3812904
Galle,2018,11,27.179333,29.04,25.74,313.47,82.98534,16.975666,3.5040002
Galle,2018,12,27.095484,29.07,24.99,170.53,78.562904,17.28387,3.295484
Galle,2019,1,26.850967,29.15,24.07,85.450005,77.24,19.76129,2.9909678
Galle,2019,2,27.436785,30.3,25.15,140.28,79.605354,20.153929,2.9185715
Galle,2019,3,27.996452,30.36,25.95,89.200005,76.477745,22.907742,2.882258
Galle,2019,4,28.555332,30.39,26.72,231.2,78.270996,19.692999,2.861
Galle,2019,5,28.650644,29.82,27.73,146.94,82.95903,19.75,5.7329035
Galle,2019,6,28.648668,29.75,27.67,119.27,81.911,17.542,6.9909997
Galle,2019,7,27.801613,29.28,26.54,109.51,83.32935,18.79774,6.093226
Galle,2019,8,27.574194,29.04,25.38,276.59,82.6413,15.289032,6.9322577
Galle,2019,9,27.326,28.84,25.78,389.68,84.26034,15.558667,5.2556667
Galle,2019,10,26.922903,28.9,25.56,505.15,84.02581,15.257097,3.6445162
Galle,2019,11,27.421,29.67,25.36,350.67,83.17233,16.946333,3.307
Galle,2019,12,27.319033,29.33,25.83,280.44,82.049675,15.367419,3.477742
Galle,2020,1,27.47871,29.72,25.15,67.59,77.53,20.243547,3.3216128
Galle,2020,2,27.593449,30.15,24.87,44.35,76.879654,21.27138,3.2055173
Galle,2020,3,28.11129,30.22,25.95,70.92,77.04194,22.764517,2.842258
Galle,2020,4,28.669,30.72,26.29,172.79,79.895004,21.325666,3.4083333
Galle,2020,5,28.802904,30.63,27.51,347.68,83.08258,16.674194,5.9493546
Galle,2020,6,28.254667,29.37,26.41,129.58,82.68734,18.517,6.7956667
Galle,2020,7,27.504839,28.83,25.38,158.96,83.38677,16.610323,6.1922584
Galle,2020,8,27.409355,28.83,26.31,142.9,84.44096,19.21484,5.7403226
Galle,2020,9,27.353666,28.49,25.41,303.19,84.319,15.508333,6.599667
Galle,2020,10,27.44129,28.57,26.33,135.72,84.463554,19.131937,6.299355
Galle,2020,11,27.584002,29.6,25.99,301.12,82.25066,17.577,3.3523333
Galle,2020,12,27.251936,28.87,25.44,227.7,80.6571,16.93613,3.3412905
Galle,2021,1,26.795805,29.03,24.17,257.49,80.85839,15.462581,3.064839
Galle,2021,2,27.360714,29.62,24.43,61.3,77.99857,21.064642,2.8207145
Galle,2021,3,27.515162,30.06,25.45,233.74,77.773224,20.134516,2.9929032
Galle,2021,4,28.257,29.67,26.32,141.0,81.017,21.151333,3.6899998
Galle,2021,5,28.489355,29.87,27.15,309.57,82.20742,17.409033,5.5548387
Galle,2021,6,27.904667,28.94,26.88,147.92,83.67933,19.178,6.876
Galle,2021,7,27.61742,28.57,26.71,187.35,84.66774,17.55613,7.3632255
Galle,2021,8,27.143549,28.31,25.96,197.29001,85.42419,17.124516,6.52871
Galle,2021,9,27.547333,28.96,26.71,175.17,84.47033,17.270332,6.773333
Galle,2021,10,27.432579,28.8,25.96,360.55,84.72419,16.506773,5.640645
Galle,2021,11,27.328,28.67,25.17,412.17,83.18867,14.940001,5.64
Galle,2021,12,27.321291,29.41,25.02,189.47,78.94193,18.804838,2.7190323
Galle,2022,1,27.222258,29.38,25.05,151.93,78.840645,19.822903,2.703871
Galle,2022,2,27.178572,29.41,25.03,166.31,76.983574,19.8475,2.6232142
Galle,2022,3,27.946129,29.91,25.68,135.43,78.71903,20.019354,3.7748387
Galle,2022,4,28.158333,29.52,26.69,282.29,82.118004,18.993666,3.4806666
Galle,2022,5,28.308064,29.96,26.73,287.04,84.52451,15.9,7.381613
Galle,2022,6,27.716333,29.5,26.41,149.06,84.09033,17.689333,7.1056666
Galle,2022,7,27.139032,28.48,25.7,152.19,85.06484,16.967419,7.0503225
Galle,2022,8,26.797098,28.13,25.47,156.39,85.98,17.49258,7.206129
Galle,2022,9,27.052334,28.81,25.83,91.32,84.55134,19.466,6.385
Galle,2022,10,27.210966,29.27,25.76,268.75,83.023224,15.230645,6.4306455
Galle,2022,11,27.130001,29.46,25.47,282.39,80.92467,17.108,3.7426667
Galle,2022,12,26.981936,28.91,25.1,193.94,81.19225,14.847742,4.7070966
Galle,2023,1,26.574194,28.62,23.74,130.3,76.982254,17.42613,3.7212903
Galle,2023,2,26.985357,29.29,23.72,222.7,78.71786,19.647142,3.570357
Galle,2023,3,27.875807,29.96,25.8,168.15,79.17839,19.86387,3.1374195
Galle,2023,4,28.646,30.78,26.78,203.65001,78.33833,20.026001,2.7023332
Galle,2023,5,28.530968,30.02,27.08,248.26,83.436455,17.761612,5.778387
Galle,2023,6,28.334002,29.38,27.2,142.46,83.858,17.434334,7.3046665
Galle,2023,7,27.727097,29.07,26.72,96.82,85.883224,17.86484,6.617097
Galle,2023,8,27.990967,29.8,26.98,97.11,83.74065,20.135485,6.4029036
Galle,2023,9,27.763666,29.04,26.49,455.88,83.47933,14.477667,6.4433336
Galle,2023,10,27.319677,28.96,25.65,580.0,83.79613,15.209678,3.8322582
Galle,2023,11,27.551,29.35,25.8,479.88,82.539665,16.415333,2.546
Galle,2023,12,27.753548,29.99,26.38,429.47,83.86226,15.206128,3.9770968
Galle,2024,1,27.356773,29.65,24.99,282.15,79.21903,18.150002,2.7196774
Galle,2024,2,28.023104,30.45,25.07,61.9,80.04483,21.638277,3.7755172
Galle,2024,3,28.51129,30.78,26.49,77.240005,76.63774,22.275484,2.4445162
Galle,2024,4,29.153332,31.5,27.14,179.20999,80.81234,20.289,2.9716668
Galle,2024,5,29.001936,31.09,27.65,334.8,83.773544,15.392903,6.3493547
Galle,2024,6,28.362,29.39,27.21,133.44,84.82667,16.860666,6.7963333
Galle,2024,7,28.304193,29.3,26.63,122.08,84.23419,17.204515,6.2609677
Galle,2024,8,27.907097,29.13,26.55,165.66,83.631935,17.03871,6.2158065
Galle,2024,9,28.074667,29.22,26.59,109.2,84.402336,18.237,6.759333
Galle,2024,10,27.89516,29.22,26.14,192.81999,83.810646,16.91742,5.475161
Galle,2024,11,27.667667,29.59,25.95,366.67,83.718,15.273,4.8883333
Galle,2024,12,27.743547,29.38,25.89,130.48999,81.589035,17.609678,3.9158065
Galle,2025,1,26.861614,28.94,24.1,249.90001,82.51419,13.897097,3.5696774
Galle,2025,2,27.6725,30.55,25.16,151.51,76.35607,21.914286,2.6792855
Galle,2025,3,28.022903,30.22,25.69,398.56,79.895485,19.858387,2.7358065
Galle,2025,4,28.319334,29.84,26.51,336.21,83.464,18.628332,4.178
Galle,2025,5,28.628065,29.74,27.62,203.5,84.132904,16.24613,5.9145164
Galle,2025,6,27.991333,29.05,26.71,110.77,85.627335,18.648,6.5056667
Galle,2025,7,27.298063,28.78,25.83,90.78,87.84483,17.749031,6.748387
Galle,2025,8,27.178389,28.56,25.77,75.83,85.78161,19.085485,6.376129
Galle,2025,9,27.696001,28.92,26.07,169.95,84.381,18.591,6.330333
Galle,2025,10,27.64258,29.09,26.49,365.15,83.55645,17.42613,4.8880644
Galle,2025,11,27.359999,29.03,25.86,668.3,83.059,15.767667,5.061667
Galle,2025,12,27.00742,28.81,24.97,248.67,81.05097,16.861937,3.2529032
Gampaha,2000,1,25.400002,31.5,18.79,29.16,78.48774,16.510967,4.761613
Gampaha,2000,2,26.55793,32.23,22.26,85.4,76.664825,19.24931,2.8386207
Gampaha,2000,3,27.634193,34.25,23.27,64.3,72.33871,21.524193,2.795484
Gampaha,2000,4,27.487667,32.6,24.59,109.55,79.84567,21.375,4.140333
Gampaha,2000,5,27.66,31.74,25.11,66.619995,79.84322,20.041613,5.1367745
Gampaha,2000,6,26.044334,29.14,23.23,105.479996,85.47,17.555332,6.1806664
Gampaha,2000,7,26.327742,30.57,23.73,80.799995,81.9029,19.620321,5.8519354
Gampaha,2000,8,25.82871,29.39,23.71,166.35,84.65484,17.112904,6.028387
Gampaha,2000,9,26.123999,29.61,23.9,96.32,84.88433,18.848,4.9926667
Gampaha,2000,10,26.05258,30.75,22.9,95.53,83.19968,18.800646,4.4974194
Gampaha,2000,11,26.375334,32.29,21.36,201.84,79.91767,15.405,4.129333
Gampaha,2000,12,25.716452,30.65,21.05,87.01,79.73903,14.322258,5.4483867
Gampaha,2001,1,25.56387,30.94,20.32,115.5,80.13645,15.194193,4.9335485
Gampaha,2001,2,25.856428,32.64,18.98,63.059998,74.24714,21.195713,2.6871428
Gampaha,2001,3,28.249353,34.29,22.23,14.349999,68.532906,23.347742,3.0393548
Gampaha,2001,4,27.648668,34.09,24.69,206.95,79.25,19.866,2.8046668
Gampaha,2001,5,27.434195,31.0,25.22,133.85,85.01581,20.67742,5.0596776
Gampaha,2001,6,26.404,29.32,23.91,126.229996,85.837006,18.528666,5.637
Gampaha,2001,7,25.639677,29.24,23.19,93.32,86.97387,17.70129,5.3274193
Gampaha,2001,8,26.067741,29.88,23.29,21.47,85.30194,19.072903,5.645807
Gampaha,2001,9,26.376001,30.59,24.28,148.7,82.419334,19.444,5.4919996
Gampaha,2001,10,26.060322,28.96,24.01,104.1,85.95968,17.402258,4.790323
Gampaha,2001,11,26.055334,30.3,22.24,128.11,83.554665,17.556334,4.115667
Gampaha,2001,12,25.89516,30.62,20.56,85.86,79.29,16.386774,4.3399997
Gampaha,2002,1,26.662258,33.59,19.92,33.17,72.19355,17.27,4.2835484
Gampaha,2002,2,27.536787,34.19,21.38,61.88,69.73393,19.804998,4.0225
Gampaha,2002,3,28.555805,35.54,22.18,55.260002,67.87516,22.445162,2.7580645
Gampaha,2002,4,27.674334,33.71,24.79,206.33,79.80967,19.949,2.1936667
Gampaha,2002,5,27.402903,31.13,25.12,210.48,85.478714,18.362257,5.2567744
Gampaha,2002,6,26.485666,29.77,24.06,75.6,87.10133,18.609335,5.5283337
Gampaha,2002,7,26.367098,29.98,23.87,33.11,83.71871,18.817421,6.386129
Gampaha,2002,8,25.98516,30.22,23.53,72.01,85.49516,18.602903,5.2003226
Gampaha,2002,9,27.146667,30.91,24.7,50.02,77.947,22.095333,5.337667
Gampaha,2002,10,26.086775,30.65,23.41,382.99,85.86193,18.811935,3.9129033
Gampaha,2002,11,25.868666,29.44,22.02,210.73,86.01333,16.645666,3.2733335
Gampaha,2002,12,25.39516,30.2,19.44,169.2,84.92806,14.399355,4.646129
Gampaha,2003,1,25.082258,29.78,19.91,58.77,83.093544,16.042257,4.6761293
Gampaha,2003,2,26.420359,31.56,20.85,70.38,78.005005,20.212143,3.3057141
Gampaha,2003,3,27.28516,32.65,21.21,120.96,76.53645,21.790646,2.277742
Gampaha,2003,4,28.021667,34.03,24.74,139.54001,77.458664,21.739666,2.507
Gampaha,2003,5,27.526775,30.08,25.15,177.54,85.93355,18.79484,5.453226
Gampaha,2003,6,26.686,29.77,24.39,115.53,86.09534,19.161001,5.5899997
Gampaha,2003,7,26.351292,29.07,24.1,88.23,86.14613,17.700644,5.1990323
Gampaha,2003,8,26.316128,29.41,24.15,56.170002,85.79742,18.682259,5.3680644
Gampaha,2003,9,26.590334,30.43,24.42,90.24,83.06133,20.498333,5.448
Gampaha,2003,10,26.628386,31.91,23.77,135.25,82.43419,19.78484,4.637742
Gampaha,2003,11,26.276001,31.33,22.31,299.58002,83.68133,14.613667,3.727
Gampaha,2003,12,25.847097,31.48,20.66,25.4,79.410965,18.042257,4.767742
Gampaha,2004,1,27.136452,33.38,21.42,24.99,71.185486,18.229677,4.6251616
Gampaha,2004,2,27.844137,33.97,21.29,26.41,65.53276,20.626896,3.8755171
Gampaha,2004,3,28.434517,35.54,23.06,31.27,69.3371,22.051935,3.1425805
Gampaha,2004,4,28.136,33.7,24.65,130.2,77.969,21.485666,2.987
Gampaha,2004,5,27.376774,31.11,25.05,198.5,83.57,17.406775,6.010323
Gampaha,2004,6,26.683666,29.8,24.44,108.31,84.11366,18.228666,5.8680005
Gampaha,2004,7,26.209032,29.68,23.91,73.76,84.480316,18.063227,6.0883875
Gampaha,2004,8,26.578386,30.23,24.17,57.74,82.119354,19.611614,6.011935
Gampaha,2004,9,26.148335,29.55,23.91,237.5,84.86533,17.386,5.1273336
Gampaha,2004,10,26.164515,30.43,23.78,255.01,86.215485,18.052904,3.7370968
Gampaha,2004,11,26.102,30.2,23.32,253.58,86.069336,14.687333,3.977
Gampaha,2004,12,25.139355,29.99,19.13,142.38,84.27871,15.252582,4.86
Gampaha,2005,1,25.404839,30.15,20.69,84.61,82.81161,16.542257,4.4945164
Gampaha,2005,2,26.119999,31.84,20.57,33.74,77.04679,22.316427,3.5132143
Gampaha,2005,3,27.709354,32.67,21.91,110.84,75.55226,21.609678,2.3264518
Gampaha,2005,4,27.437334,31.36,24.74,151.46,82.727005,20.292,2.8576667
Gampaha,2005,5,27.64516,30.88,25.28,187.93,84.30775,20.141613,4.822903
Gampaha,2005,6,26.840666,29.26,24.6,124.43,86.43266,18.173,6.337
Gampaha,2005,7,25.998388,29.27,24.04,107.31,87.83483,17.529034,5.842258
Gampaha,2005,8,26.59871,29.87,24.41,33.42,83.44484,20.183872,5.1541934
Gampaha,2005,9,26.245667,30.05,24.15,87.71,84.43367,18.342669,5.864667
Gampaha,2005,10,26.115484,30.09,24.31,305.12,86.7,18.562904,4.529355
Gampaha,2005,11,25.367334,28.76,21.42,455.02,88.083664,14.665,4.330333
Gampaha,2005,12,25.122257,28.99,19.9,130.64,84.758064,15.630968,4.013871
Gampaha,2006,1,24.536129,29.06,18.18,181.69,84.17742,15.8090315,4.62871
Gampaha,2006,2,25.6425,30.0,20.73,51.06,81.86036,19.57893,4.067143
Gampaha,2006,3,26.68871,30.68,22.48,128.75,81.687744,21.21613,2.3725808
Gampaha,2006,4,27.220667,30.74,24.68,66.48,81.695335,21.16,3.3873334
Gampaha,2006,5,27.015806,30.52,24.6,182.34,84.31516,19.084839,5.2451615
Gampaha,2006,6,26.644335,29.39,24.52,105.45,85.48534,19.623999,5.3206663
Gampaha,2006,7,25.925806,28.62,23.4,100.17,87.70709,17.59355,5.467097
Gampaha,2006,8,25.97903,29.48,23.86,184.17,86.50516,19.735483,5.262903
Gampaha,2006,9,25.956667,28.39,24.26,152.96,86.679,20.046667,5.2776666
Gampaha,2006,10,26.031935,30.11,23.39,482.49,85.70742,17.624838,3.705484
Gampaha,2006,11,25.952667,29.81,23.08,426.31,86.619,17.133333,2.7253335
Gampaha,2006,12,25.29387,29.65,18.91,167.22,84.48646,13.713549,5.4006453
Gampaha,2007,1,24.827742,29.8,19.14,97.51,82.34677,16.48129,4.9448385
Gampaha,2007,2,25.658571,30.22,19.69,19.49,77.61108,21.002142,3.2749999
Gampaha,2007,3,27.260323,33.36,21.25,31.27,71.270966,24.376131,1.9654839
Gampaha,2007,4,27.223,31.31,24.56,292.59,82.643,19.511333,2.4843333
Gampaha,2007,5,27.311611,30.03,24.76,103.880005,85.30032,20.33258,4.9812903
Gampaha,2007,6,26.565334,29.9,23.78,151.25,86.65566,17.704334,5.248
Gampaha,2007,7,25.92,29.01,23.51,101.56,87.57291,17.364515,5.3848386
Gampaha,2007,8,26.037098,28.98,23.99,139.19,86.59548,18.35484,5.273871
Gampaha,2007,9,26.137667,28.54,23.5,166.26,86.506996,17.782665,5.4789996
Gampaha,2007,10,25.693226,28.62,23.72,316.65,86.94355,16.986774,4.58871
Gampaha,2007,11,25.656668,30.17,20.66,165.45,83.07066,19.035334,3.7053335
Gampaha,2007,12,25.179356,30.01,19.45,169.0,83.86452,14.102903,4.4861293
Gampaha,2008,1,25.099356,30.11,19.8,56.14,82.44193,16.219355,4.2274194
Gampaha,2008,2,26.066206,30.56,20.25,102.61,77.799995,19.75276,2.8844829
Gampaha,2008,3,26.101934,30.4,21.29,297.38,84.36774,18.383549,3.3064516
Gampaha,2008,4,26.601665,29.96,24.04,366.13,85.237335,19.639668,3.168
Gampaha,2008,5,26.754194,28.9,24.96,101.369995,86.65581,20.308064,5.4587097
Gampaha,2008,6,26.227667,28.22,24.23,167.22,87.25434,17.753666,5.1200004
Gampaha,2008,7,25.868063,28.66,23.91,183.34999,87.87936,17.911936,5.6154838
Gampaha,2008,8,25.682903,28.1,23.49,103.61,87.84904,18.28,4.8303227
Gampaha,2008,9,26.130335,29.35,23.81,69.85,85.78933,21.476,4.4676666
Gampaha,2008,10,26.47903,29.96,22.45,294.15,82.87742,18.589355,3.5348387
Gampaha,2008,11,26.069,30.48,22.18,198.45999,82.57366,15.740333,3.602
Gampaha,2008,12,25.25742,29.11,19.75,90.18,83.38774,16.417097,4.3119354
Gampaha,2009,1,24.996452,30.1,19.15,37.36,78.19839,18.47613,4.477097
Gampaha,2009,2,26.039286,32.8,19.92,5.5,70.52643,22.5625,3.0496428
Gampaha,2009,3,27.181614,33.94,23.11,211.14,76.246124,22.39258,1.9096774
Gampaha,2009,4,27.447666,32.05,24.6,217.47,82.96834,20.070333,3.4783332
Gampaha,2009,5,27.155483,29.97,25.29,186.01,87.06645,18.056452,5.423226
Gampaha,2009,6,26.456,29.12,24.25,170.34,87.374664,18.301666,6.226333
Gampaha,2009,7,25.899677,29.12,24.04,92.38,87.33452,18.062904,5.2225804
Gampaha,2009,8,26.022259,28.58,23.82,155.27,87.44484,17.830969,5.456774
Gampaha,2009,9,26.228333,29.18,24.28,149.11,86.234,19.518667,5.6846666
Gampaha,2009,10,26.43871,31.28,22.1,161.3,80.41936,20.385485,3.4358065
Gampaha,2009,11,26.040335,30.69,21.56,404.49,84.478004,15.498,3.4366667
Gampaha,2009,12,25.87258,29.54,21.81,175.9,85.33839,13.971613,3.8448389
Gampaha,2010,1,25.166773,30.05,19.68,92.71,82.30226,17.923548,4.5867743
Gampaha,2010,2,26.237143,32.13,20.85,41.84,77.29214,20.964643,3.4528573
Gampaha,2010,3,27.610968,33.34,21.69,100.96,73.54161,22.21516,2.4235482
Gampaha,2010,4,27.76,31.62,24.6,321.52,82.53367,20.904,2.7863336
Gampaha,2010,5,27.416773,30.97,25.34,427.43,87.287415,19.15742,4.9167743
Gampaha,2010,6,26.569,29.67,24.3,234.93,87.22767,18.124666,5.6516666
Gampaha,2010,7,25.82,28.87,23.93,171.33,88.55484,18.070644,5.1635485
Gampaha,2010,8,25.504839,27.82,23.32,147.78,90.37129,16.92613,5.305806
Gampaha,2010,9,25.658667,28.36,23.64,206.68,88.13267,17.942333,4.511333
Gampaha,2010,10,25.665483,28.83,23.24,237.41,86.746124,18.506128,4.8780646
Gampaha,2010,11,25.538666,29.53,23.17,517.32,86.506996,15.396,3.3926666
Gampaha,2010,12,25.041288,28.98,22.17,349.34,86.4158,12.290646,4.2590322
Gampaha,2011,1,24.750967,29.05,19.52,207.29001,87.22484,12.993548,4.9538713
Gampaha,2011,2,25.32893,29.88,20.94,193.21,84.96679,17.073214,4.1032143
Gampaha,2011,3,26.319355,30.29,21.15,138.9,82.05775,21.552904,3.076129
Gampaha,2011,4,26.452667,30.51,23.65,393.43,85.14267,19.918,3.0453334
Gampaha,2011,5,26.967419,30.01,24.69,175.95,87.00291,20.83355,5.049032
Gampaha,2011,6,26.485332,28.59,24.08,110.78,87.37066,19.34,5.2913337
Gampaha,2011,7,25.770645,28.27,24.01,110.44,88.49806,17.659355,5.1274195
Gampaha,2011,8,25.901936,28.45,23.8,129.23,86.992256,18.140644,5.293871
Gampaha,2011,9,26.157665,29.2,23.89,135.7,85.884,19.994999,5.187667
Gampaha,2011,10,26.25742,29.41,23.76,275.02,84.10258,19.391935,3.2164516
Gampaha,2011,11,26.113335,30.02,22.35,270.78,83.15134,16.170666,3.4173331
Gampaha,2011,12,25.581291,29.79,22.0,129.7,83.297745,15.004193,4.1309676
Gampaha,2012,1,25.129354,29.68,19.44,63.56,78.17709,19.419355,3.4974194
Gampaha,2012,2,25.848274,30.94,20.45,120.18,79.02276,18.760344,3.2793102
Gampaha,2012,3,27.037418,31.48,23.0,133.71,76.951614,22.760323,2.1906452
Gampaha,2012,4,26.991667,30.38,24.44,361.80002,83.679665,19.150667,3.326
Gampaha,2012,5,26.930645,30.07,23.77,98.4,83.99129,20.836775,5.491613
Gampaha,2012,6,26.483334,29.16,24.29,133.45,86.808,18.528332,5.919667
Gampaha,2012,7,26.288387,29.32,24.53,88.020004,86.73613,19.135485,5.517742
Gampaha,2012,8,26.206453,29.11,24.15,171.19,84.90193,19.324194,5.4190326
Gampaha,2012,9,26.223999,29.34,24.15,175.36,85.538994,19.857332,5.0966663
Gampaha,2012,10,26.14516,30.65,23.6,488.97998,85.18452,18.410967,3.5054839
Gampaha,2012,11,26.137,30.06,23.28,300.61,83.298996,16.806,3.0806665
Gampaha,2012,12,25.627743,29.95,20.93,304.33,85.14484,13.99871,3.622903
Gampaha,2013,1,25.029354,29.23,20.1,137.89,84.299355,16.32742,4.908387
Gampaha,2013,2,25.706785,29.78,20.53,153.03,81.475716,18.87607,3.5496428
Gampaha,2013,3,27.038065,31.22,21.94,186.2,80.87645,20.70129,2.3293548
Gampaha,2013,4,27.51,30.91,24.74,197.63,82.87133,21.45,2.9193335
Gampaha,2013,5,27.027742,30.01,25.3,280.84,87.899025,17.662258,5.5174193
Gampaha,2013,6,25.976665,28.0,24.12,298.63,89.498665,15.751,6.2216663
Gampaha,2013,7,25.621614,27.58,23.98,167.46,89.30129,17.236774,5.4451613
Gampaha,2013,8,25.64258,28.48,24.0,74.78,88.618385,19.088064,5.297097
Gampaha,2013,9,25.861666,28.77,23.99,188.86,86.72233,18.279667,5.573667
Gampaha,2013,10,26.032581,29.08,23.81,230.14,86.67387,19.888386,4.475161
Gampaha,2013,11,26.359999,30.16,22.78,213.7,81.38799,17.53,2.6613333
Gampaha,2013,12,25.360968,29.39,21.01,85.24,83.48678,14.141935,4.660968
Gampaha,2014,1,25.292257,29.71,20.06,76.05,81.49387,16.320322,4.604839
Gampaha,2014,2,26.221786,32.08,19.05,24.25,72.913216,21.6225,3.084643
Gampaha,2014,3,27.604515,34.26,21.81,71.67,71.270325,22.170324,2.4925807
Gampaha,2014,4,27.473667,32.95,24.61,260.07,81.86366,21.421999,2.6543334
Gampaha,2014,5,27.244839,30.43,24.98,172.89,86.189026,19.440323,4.664839
Gampaha,2014,6,26.944,29.02,25.14,164.28,87.69133,18.074001,5.9926667
Gampaha,2014,7,26.41355,28.86,24.46,74.71,87.57967,18.235483,5.845161
Gampaha,2014,8,25.937096,28.79,23.7,205.36,86.477745,18.209032,5.362903
Gampaha,2014,9,26.276667,29.12,24.3,218.09,86.26833,19.772667,5.0053334
Gampaha,2014,10,26.021612,29.31,24.02,459.83,87.24838,17.846775,3.487742
Gampaha,2014,11,25.801332,30.09,22.75,268.93,85.07667,13.297,3.2993333
Gampaha,2014,12,25.672258,29.66,22.88,382.51,87.396774,11.695484,3.6299999
Gampaha,2015,1,25.075161,29.47,20.28,27.39,81.546776,19.637096,4.0090322
Gampaha,2015,2,25.493572,29.85,19.84,111.48,81.04071,19.214285,3.7571428
Gampaha,2015,3,27.14258,31.94,22.5,132.33,76.06613,22.66645,2.053871
Gampaha,2015,4,27.281,31.13,24.51,293.69,82.98766,21.099333,2.5093334
Gampaha,2015,5,27.210001,29.64,24.7,178.79001,86.17806,19.279676,4.396129
Gampaha,2015,6,26.922333,29.18,24.33,144.49,87.11267,18.873667,4.8563333
Gampaha,2015,7,26.43032,29.05,24.17,81.04,87.23839,19.084839,5.455484
Gampaha,2015,8,26.51484,29.04,24.25,114.14,86.060326,19.850323,5.4535484
Gampaha,2015,9,26.281334,29.13,23.92,269.59,86.75466,18.617,5.0360003
Gampaha,2015,10,26.203548,29.85,22.94,408.07,87.45871,17.47903,3.585484
Gampaha,2015,11,26.187,30.23,23.71,426.03,86.36833,15.1,3.2333333
Gampaha,2015,12,26.25387,30.12,21.89,253.83,85.43387,15.061936,3.2890322
Gampaha,2016,1,25.711613,30.63,20.57,43.43,82.65323,18.45,4.5225806
Gampaha,2016,2,26.630346,31.47,20.5,76.86,78.766205,20.083794,3.2148278
Gampaha,2016,3,28.033226,32.48,23.96,86.73,77.03935,23.035807,2.2887096
Gampaha,2016,4,28.531668,32.63,25.58,150.39,81.00466,23.230001,2.7596667
Gampaha,2016,5,27.736452,31.69,24.78,529.73,85.14839,17.064194,4.7877417
Gampaha,2016,6,26.668667,29.33,24.6,117.62,87.35567,17.895666,6.0333333
Gampaha,2016,7,26.047098,28.89,24.02,68.01,87.62452,18.410322,5.1777415
Gampaha,2016,8,26.207418,29.06,24.15,32.35,86.35613,19.279676,5.9425807
Gampaha,2016,9,26.072666,29.04,23.4,30.04,84.123665,19.583668,5.840667
Gampaha,2016,10,26.40613,30.01,23.87,134.03,81.93162,19.643871,4.451613
Gampaha,2016,11,26.06,30.25,21.5,292.23,83.71834,15.493,3.3036666
Gampaha,2016,12,25.708065,30.23,19.06,79.61,80.54291,17.617098,3.9629033
Gampaha,2017,1,25.300646,30.79,18.93,54.1,75.82161,17.680645,4.1412907
Gampaha,2017,2,26.1975,32.3,20.14,59.03,71.65392,21.127142,3.4771428
Gampaha,2017,3,26.960644,32.02,22.4,223.18001,79.61193,22.112257,2.461613
Gampaha,2017,4,27.687,32.15,25.12,85.229996,82.448,23.279667,3.5719998
Gampaha,2017,5,27.52387,31.28,24.85,283.29,83.83161,18.824839,4.805484
Gampaha,2017,6,26.675,28.96,24.96,95.25,86.43867,19.629,5.6943336
Gampaha,2017,7,26.716774,29.68,24.82,44.8,85.03645,20.357098,5.3574195
Gampaha,2017,8,26.49871,29.22,24.34,100.9,85.26807,18.716452,5.6225805
Gampaha,2017,9,26.344,30.37,24.38,174.93,85.958664,18.490665,5.2929997
Gampaha,2017,10,26.540968,29.45,24.33,270.63,86.18452,17.558064,4.3983874
Gampaha,2017,11,26.182335,30.1,23.36,287.26,84.77966,15.162667,3.53
Gampaha,2017,12,25.698387,29.93,21.71,160.62,82.57323,17.41613,3.862903
Gampaha,2018,1,25.067421,29.91,19.19,31.92,78.299675,18.349998,3.9229033
Gampaha,2018,2,26.46893,31.93,20.23,67.26,75.66071,20.910357,2.920357
Gampaha,2018,3,27.423548,32.29,23.14,123.42,76.90064,21.244516,2.3341935
Gampaha,2018,4,27.698334,32.9,24.04,264.77,80.59866,21.598,2.2313335
Gampaha,2018,5,26.94742,30.93,24.6,413.27,87.01065,17.250322,4.45
Gampaha,2018,6,26.519335,28.32,24.21,165.8,88.56567,18.278002,5.99
Gampaha,2018,7,25.84,28.1,23.88,76.26,89.03484,18.768064,5.5151615
Gampaha,2018,8,25.45,28.21,23.44,88.56,89.228714,17.697096,5.4938707
Gampaha,2018,9,26.193333,29.78,24.02,116.29,83.597,21.864,4.3710003
Gampaha,2018,10,25.990646,29.98,23.88,277.71,86.255806,17.490322,3.1516128
Gampaha,2018,11,26.138,30.24,22.31,297.89,84.615,16.425,3.1813333
Gampaha,2018,12,25.557096,30.19,20.31,120.86,83.270966,16.53,3.8929033
Gampaha,2019,1,25.345484,30.44,20.02,26.539999,79.86323,19.710646,4.710645
Gampaha,2019,2,26.676071,31.82,20.7,119.57,79.1425,20.34107,3.2099998
Gampaha,2019,3,27.757095,33.57,22.72,47.48,72.533875,24.137419,2.1080644
Gampaha,2019,4,28.235332,33.47,24.33,208.14,76.56167,21.745333,2.695
Gampaha,2019,5,27.865162,30.99,25.3,78.87,83.687744,21.861935,4.9490323
Gampaha,2019,6,27.667334,30.54,25.75,116.28,83.63066,19.090668,5.933
Gampaha,2019,7,26.899355,30.25,24.45,90.86,83.75194,19.268711,5.2438707
Gampaha,2019,8,26.507742,29.5,23.35,245.75,84.50516,17.206453,5.8399997
Gampaha,2019,9,26.411333,29.98,23.79,333.04,85.63833,17.546667,4.587
Gampaha,2019,10,26.02,30.16,23.37,509.06,86.687744,16.428387,3.1935484
Gampaha,2019,11,26.618334,30.63,23.49,344.98,84.42467,18.000668,2.5163333
Gampaha,2019,12,26.213549,30.04,21.99,256.45,84.41452,15.405806,3.2387097
Gampaha,2020,1,26.07355,30.78,20.43,58.53,80.299355,20.18613,3.6816127
Gampaha,2020,2,26.517931,31.78,20.73,18.92,77.314476,21.23862,3.7310348
Gampaha,2020,3,28.018387,33.26,22.95,48.14,72.728714,23.630968,1.9716128
Gampaha,2020,4,28.385,33.88,23.71,197.19,77.39167,23.074333,2.4146667
Gampaha,2020,5,27.72484,32.06,25.78,347.96,85.40742,18.29871,4.4658065
Gampaha,2020,6,27.055,29.57,24.5,142.75,85.28333,19.196333,5.4683332
Gampaha,2020,7,26.292904,28.99,23.69,131.14,86.203224,17.720644,4.939032
Gampaha,2020,8,26.345484,29.31,24.5,125.41,86.617096,19.824516,4.9190326
Gampaha,2020,9,26.179333,28.62,24.27,236.46,86.78933,16.638,5.3883333
Gampaha,2020,10,26.429031,29.25,24.01,104.83,85.3358,19.518387,4.7841935
Gampaha,2020,11,26.640999,31.23,23.57,328.71,84.022995,16.948666,2.9463334
Gampaha,2020,12,25.962902,29.94,21.54,221.83,84.396454,14.836452,4.0348387
Gampaha,2021,1,25.59871,30.28,20.75,221.42,84.1229,15.866451,3.4183872
Gampaha,2021,2,25.867498,30.6,20.45,34.86,81.08429,21.664999,4.2850003
Gampaha,2021,3,26.905483,31.62,20.87,177.91,76.17968,21.260967,2.2348387
Gampaha,2021,4,27.385334,32.02,24.44,183.93,82.859665,22.301332,3.0686667
Gampaha,2021,5,27.29387,31.17,25.39,436.98,86.37645,18.162256,4.5251613
Gampaha,2021,6,26.707333,29.01,24.87,225.82,87.32734,20.312666,5.4110003
Gampaha,2021,7,26.362257,28.5,24.52,187.73999,88.22128,19.679356,5.7596774
Gampaha,2021,8,26.095484,28.43,24.11,170.11,87.921616,18.101292,5.3812904
Gampaha,2021,9,26.475334,29.21,24.76,189.0,87.120995,18.460667,5.446
Gampaha,2021,10,26.276775,28.8,23.97,393.38,87.22968,17.198065,4.3845162
Gampaha,2021,11,25.909666,29.18,23.56,455.71,87.35567,14.641666,4.138
Gampaha,2021,12,25.947096,30.3,20.46,94.95,83.063225,18.668066,3.6861289
Gampaha,2022,1,25.977419,30.56,20.89,69.1,81.70129,19.292904,3.8096774
Gampaha,2022,2,25.886429,30.89,20.07,155.95,78.97821,20.222141,3.5707142
Gampaha,2022,3,26.99613,31.4,22.4,82.32,80.14096,20.83258,3.6319354
Gampaha,2022,4,27.117,30.69,24.26,426.51,84.814995,20.232,2.7823334
Gampaha,2022,5,27.22,29.67,25.34,301.7,87.44484,18.172903,6.154516
Gampaha,2022,6,26.461666,29.0,24.55,115.17,87.744,19.083668,5.537333
Gampaha,2022,7,26.012259,29.86,24.05,110.64,87.07452,17.889032,5.234516
Gampaha,2022,8,25.754839,28.72,23.62,212.2,87.8571,18.10742,5.8235483
Gampaha,2022,9,26.026333,29.03,24.05,96.55,86.621,20.026667,5.2149997
Gampaha,2022,10,25.973871,30.0,22.61,332.97,85.95387,16.647743,4.686129
Gampaha,2022,11,25.797333,29.71,22.08,273.72,83.458,16.948666,3.3336668
Gampaha,2022,12,25.635485,30.42,21.03,259.01,84.144516,13.468387,4.298387
Gampaha,2023,1,24.723225,28.97,19.61,90.45,82.7271,17.29387,5.0574193
Gampaha,2023,2,25.427856,30.41,19.25,95.07,81.46393,19.838928,4.5946426
Gampaha,2023,3,27.080645,30.95,22.63,143.31999,79.71806,20.932579,2.7774193
Gampaha,2023,4,27.870667,31.81,24.05,219.6,79.50767,22.519999,2.2373335
Gampaha,2023,5,27.496775,30.21,25.11,249.17,85.45484,19.676773,4.543871
Gampaha,2023,6,27.240665,29.57,25.36,159.98,86.75167,18.894335,5.8970003
Gampaha,2023,7,26.619356,29.69,24.57,105.67,87.54548,18.506775,5.3590326
Gampaha,2023,8,26.954195,29.97,24.79,80.31,84.950325,21.244194,5.1174192
Gampaha,2023,9,26.571001,29.39,24.68,407.88,86.063995,17.291332,5.568
Gampaha,2023,10,26.269354,30.19,23.94,557.37,86.950325,17.139677,3.4583871
Gampaha,2023,11,26.689333,30.67,23.86,504.34,85.256996,17.064667,2.3686666
Gampaha,2023,12,26.587097,30.35,23.2,348.44,87.214516,14.037419,3.8709676
Gampaha,2024,1,25.938389,30.32,20.52,178.38,83.629036,17.29613,3.9590323
Gampaha,2024,2,26.68862,31.78,20.93,27.6,82.12827,21.16483,4.3124137
Gampaha,2024,3,27.876451,33.53,22.73,59.43,74.148705,23.501612,2.1425805
Gampaha,2024,4,28.833334,34.02,25.04,164.53,79.65034,21.915,2.211
Gampaha,2024,5,28.187096,31.73,26.01,322.35,85.105804,16.619678,5.0612903
Gampaha,2024,6,27.232334,29.6,25.37,156.42,87.35934,17.945333,5.649667
Gampaha,2024,7,26.991613,29.63,24.04,114.4,86.784195,18.294516,4.9864516
Gampaha,2024,8,26.73,29.37,24.58,167.57,86.3871,18.494516,5.089355
Gampaha,2024,9,27.158667,30.74,24.77,102.93,85.730995,19.499332,5.294667
Gampaha,2024,10,26.685806,30.86,24.56,217.65,86.769356,17.772581,4.100645
Gampaha,2024,11,26.664,31.07,24.08,357.36,85.208,15.133667,3.8976667
Gampaha,2024,12,26.45516,30.16,22.89,123.369995,84.16645,16.524517,3.4848387
Gampaha,2025,1,25.51258,29.62,21.19,162.02,85.72549,13.223548,5.0551615
Gampaha,2025,2,26.095,31.22,20.62,49.14,79.42214,22.242144,4.0485716
Gampaha,2025,3,27.296774,31.74,21.6,256.8,78.42065,21.305483,2.3861291
Gampaha,2025,4,27.367334,30.92,24.74,301.9,85.09467,20.048668,3.181
Gampaha,2025,5,27.569677,30.7,25.21,264.14,86.27613,18.314838,4.794839
Gampaha,2025,6,26.900333,29.27,25.12,130.23999,88.094,19.017,5.351
Gampaha,2025,7,26.394838,29.02,24.1,74.159996,88.74741,19.017097,5.6719356
Gampaha,2025,8,26.126774,29.38,24.12,81.71,87.83291,19.463224,5.0464516
Gampaha,2025,9,26.595667,29.15,24.78,178.85,86.37066,19.234001,4.9853334
Gampaha,2025,10,26.46613,29.77,24.57,520.77,86.55354,18.225807,3.5329034
Gampaha,2025,11,26.073334,30.24,23.18,627.14,86.22966,14.978333,4.0436664
Gampaha,2025,12,25.495483,29.6,21.47,143.21,85.159355,15.70871,4.4874196
Hambantota,2000,1,26.261936,29.54,23.37,13.23,81.73678,16.770645,6.339032
Hambantota,2000,2,26.996553,29.99,24.47,95.14,78.367584,19.09931,3.9386208
Hambantota,2000,3,27.742903,30.95,25.43,86.18,76.70677,20.18871,3.3651612
Hambantota,2000,4,28.258667,31.88,26.4,62.649998,79.329994,22.715,6.0053334
Hambantota,2000,5,28.494194,31.66,26.47,12.69,79.63548,21.658386,7.2625804
Hambantota,2000,6,27.507,29.96,25.42,69.81,81.081665,18.964666,8.651667
Hambantota,2000,7,27.423548,30.67,25.77,97.340004,79.89033,21.228065,8.036775
Hambantota,2000,8,27.072258,30.86,25.47,115.72,82.24484,19.031612,8.201612
Hambantota,2000,9,27.3,30.14,25.59,87.4,82.31567,20.44,7.371333
Hambantota,2000,10,27.535482,30.33,25.52,87.89,79.799355,19.945807,6.71
Hambantota,2000,11,27.279667,30.56,24.4,216.34999,80.093,16.08,5.0193334
Hambantota,2000,12,26.589355,29.71,24.45,116.78,82.27903,15.089032,5.540323
Hambantota,2001,1,26.036129,28.63,23.66,297.13,83.95549,16.19387,5.2832255
Hambantota,2001,2,25.95143,28.82,21.75,71.1,80.284996,20.589285,3.8064287
Hambantota,2001,3,28.015806,32.06,24.45,13.190001,74.686775,23.372257,4.406774
Hambantota,2001,4,28.096668,31.59,25.74,160.36,79.027,19.292,2.931
Hambantota,2001,5,28.538387,32.55,26.84,105.79,82.91129,21.36129,7.338064
Hambantota,2001,6,27.911001,30.45,26.06,94.67,81.03634,20.499666,8.028
Hambantota,2001,7,27.257742,30.69,24.89,110.29,81.17677,19.484194,7.8706455
Hambantota,2001,8,27.540646,30.62,25.44,21.31,80.5442,21.277742,8.269355
Hambantota,2001,9,27.677,30.69,26.04,142.24,79.307335,20.902668,7.8613334
Hambantota,2001,10,27.294516,29.83,25.64,122.66,83.1629,19.410967,6.951613
Hambantota,2001,11,27.138,30.26,24.12,231.81,82.193,17.453667,4.6060004
Hambantota,2001,12,26.593225,29.51,23.84,144.15,82.0571,17.0,5.416452
Hambantota,2002,1,26.644192,29.96,22.92,60.440002,79.827736,17.429356,5.8125806
Hambantota,2002,2,27.31,30.12,24.2,71.02,78.63607,20.053928,6.5235715
Hambantota,2002,3,28.050322,31.27,24.85,60.31,76.55581,22.149033,4.895807
Hambantota,2002,4,28.256666,31.54,26.35,180.36,77.83833,20.507666,2.474
Hambantota,2002,5,28.110323,29.92,26.52,184.73,84.90355,20.227741,6.8493547
Hambantota,2002,6,27.799665,30.97,26.22,78.0,82.777,19.854668,7.687333
Hambantota,2002,7,27.510323,30.79,25.62,41.72,80.45806,20.924839,8.590645
Hambantota,2002,8,27.179678,30.1,24.66,81.6,82.659996,20.675484,7.2580647
Hambantota,2002,9,27.966333,30.37,26.33,43.86,78.452,22.648335,7.600333
Hambantota,2002,10,27.224516,30.33,25.53,321.29,83.4771,19.580645,5.607742
Hambantota,2002,11,26.907665,29.96,25.26,258.15,84.349,16.728,3.7103333
Hambantota,2002,12,26.31387,28.9,23.18,313.91,85.52678,14.187097,5.040323
Hambantota,2003,1,26.131937,29.44,23.55,101.38,83.87645,17.186451,5.7432256
Hambantota,2003,2,26.992498,29.44,24.37,80.7,81.3375,20.138214,5.401071
Hambantota,2003,3,27.554516,30.01,24.74,122.64,80.05839,21.341934,3.6880646
Hambantota,2003,4,28.142666,30.75,26.01,212.68,80.43367,20.803001,3.4886668
Hambantota,2003,5,28.174839,30.02,26.65,181.96,85.59677,19.420967,7.395161
Hambantota,2003,6,27.717335,29.23,26.13,61.98,84.85367,20.654,7.1586666
Hambantota,2003,7,27.604193,29.62,25.26,67.64,84.174835,19.143227,7.504516
Hambantota,2003,8,27.454195,30.16,25.16,68.67,82.74709,20.748064,7.591613
Hambantota,2003,9,27.465668,30.15,25.42,67.53,82.65933,22.032999,7.768
Hambantota,2003,10,27.873873,30.53,25.64,131.78,79.76194,21.039354,6.6161294
Hambantota,2003,11,26.774332,29.61,25.32,350.63,85.66333,14.438001,4.524667
Hambantota,2003,12,26.680323,29.2,24.16,35.329998,80.77484,19.126451,5.5012903
Hambantota,2004,1,26.938387,29.94,23.83,67.14,80.382904,18.130968,6.597742
Hambantota,2004,2,27.401035,30.52,23.95,105.18,76.424484,19.963102,5.391034
Hambantota,2004,3,27.915808,31.6,23.96,51.18,77.28838,22.451612,4.222258
Hambantota,2004,4,28.303999,31.99,26.04,157.46,80.548996,21.002666,3.5003333
Hambantota,2004,5,28.29871,31.41,26.46,191.3,82.08097,19.614515,8.026129
Hambantota,2004,6,27.814,30.15,25.72,116.78,82.10533,20.886333,7.9946666
Hambantota,2004,7,27.338064,30.11,25.68,62.35,81.83194,20.950968,8.510646
Hambantota,2004,8,27.849356,30.98,25.96,56.28,79.41517,21.86129,8.320645
Hambantota,2004,9,27.295666,30.45,25.56,223.07,82.286,19.444334,7.1896667
Hambantota,2004,10,26.835806,29.07,25.38,288.66,86.03355,18.903225,5.2935486
Hambantota,2004,11,26.880001,28.98,25.25,303.72,86.38799,15.174334,4.589333
Hambantota,2004,12,26.39516,28.6,23.37,360.63,84.14806,15.464839,5.845161
Hambantota,2005,1,26.363226,28.4,23.85,114.64,84.45871,15.644194,5.5596776
Hambantota,2005,2,27.006071,29.72,24.2,21.23,79.66893,22.363928,5.8760715
Hambantota,2005,3,27.839033,30.68,25.16,129.63,80.28065,21.34871,4.4009676
Hambantota,2005,4,28.011333,30.49,26.08,152.92,82.357,20.609333,3.4796667
Hambantota,2005,5,28.303226,30.89,26.89,146.25,83.980644,20.54613,6.75871
Hambantota,2005,6,27.820667,30.21,25.91,93.79,84.11767,20.708,8.195666
Hambantota,2005,7,27.40258,30.25,25.62,131.16,84.0529,20.161613,8.082258
Hambantota,2005,8,27.829355,30.45,26.04,48.76,80.83323,21.673872,7.545484
Hambantota,2005,9,27.44,30.41,25.76,90.89,81.79933,21.008333,8.133666
Hambantota,2005,10,27.407742,30.61,25.93,279.61,83.55226,18.707743,6.8329034
Hambantota,2005,11,26.722666,29.07,24.62,413.93,84.499664,16.471333,4.3716664
Hambantota,2005,12,26.420324,29.01,22.97,154.38,82.44774,18.00129,4.581613
Hambantota,2006,1,25.510323,27.95,22.19,249.91,85.11,17.224194,5.8080645
Hambantota,2006,2,26.426786,28.77,23.8,92.71,83.45679,18.6625,5.8217854
Hambantota,2006,3,27.499353,30.51,25.43,129.86,81.5929,20.641613,3.717742
Hambantota,2006,4,28.105333,30.75,26.37,95.86,81.31067,20.943666,4.8553333
Hambantota,2006,5,28.041292,30.49,26.42,166.81,82.90193,20.779354,6.935484
Hambantota,2006,6,27.840334,30.26,25.86,87.07,82.70167,20.664667,7.648667
Hambantota,2006,7,27.128386,29.98,24.87,96.3,84.273544,19.71226,7.699355
Hambantota,2006,8,27.21226,30.18,25.39,141.49,83.51839,20.84742,7.2290325
Hambantota,2006,9,27.277334,29.19,25.95,216.64,83.53467,19.480001,7.1340003
Hambantota,2006,10,26.954838,29.22,25.3,392.16,83.89323,18.578064,4.793871
Hambantota,2006,11,26.708334,28.43,25.18,396.47,85.47667,16.6,3.5486667
Hambantota,2006,12,26.490967,28.45,22.89,330.26,84.84839,12.764838,6.8312902
Hambantota,2007,1,26.077742,28.29,23.2,250.11,82.70516,17.004839,6.671613
Hambantota,2007,2,26.351427,28.23,23.39,39.68,80.14036,21.371784,4.8224998
Hambantota,2007,3,27.09387,29.99,23.94,45.43,77.43484,24.037098,3.6425805
Hambantota,2007,4,27.729668,29.93,26.06,346.76,83.667336,19.572,3.635
Hambantota,2007,5,28.03129,30.43,26.31,56.309998,85.37774,22.709032,6.5825806
Hambantota,2007,6,27.695333,30.12,25.84,146.26,84.849,18.826666,7.1679997
Hambantota,2007,7,27.091934,29.29,25.43,79.05,85.00516,20.316452,7.4041934
Hambantota,2007,8,27.290646,29.45,25.81,162.94,83.03806,20.832903,7.4212904
Hambantota,2007,9,27.232332,29.1,25.17,192.24,84.310005,19.454668,7.5293336
Hambantota,2007,10,26.838387,29.65,25.41,327.32,85.11484,17.760323,6.815161
Hambantota,2007,11,26.827,29.97,24.8,205.86,81.14767,18.797333,3.3856666
Hambantota,2007,12,26.213224,28.52,23.08,238.95,84.01322,14.776129,5.467097
Hambantota,2008,1,26.253548,28.79,23.39,141.72,82.962585,16.743547,4.9641933
Hambantota,2008,2,26.603104,28.77,23.69,112.44,80.677925,19.46138,4.353103
Hambantota,2008,3,26.95,29.33,25.11,350.78,83.093544,18.793226,3.8554838
Hambantota,2008,4,27.378332,29.84,25.77,344.41,84.15367,19.325666,4.5933332
Hambantota,2008,5,27.558388,29.15,26.23,68.03,84.76548,21.586128,7.140645
Hambantota,2008,6,27.294668,29.01,25.93,146.16,85.09,19.383333,6.9543333
Hambantota,2008,7,27.055483,29.37,25.7,150.67,85.26,20.479355,7.5867743
Hambantota,2008,8,27.022903,28.73,25.78,85.6,84.14,20.56258,7.107742
Hambantota,2008,9,27.448,29.85,25.94,81.44,82.10233,22.865,6.544
Hambantota,2008,10,27.466452,30.15,25.27,212.98,81.023224,18.720646,4.403226
Hambantota,2008,11,27.184666,29.74,25.07,234.43001,80.93166,16.520666,3.9586668
Hambantota,2008,12,26.45129,28.68,23.52,135.1,81.86097,17.52129,4.9364514
Hambantota,2009,1,26.276451,28.62,23.41,52.83,77.91549,19.061935,6.1419353
Hambantota,2009,2,26.867498,30.69,23.23,5.4,73.431435,22.29143,4.435
Hambantota,2009,3,27.779354,31.45,24.78,169.07,77.19516,22.80258,2.8809676
Hambantota,2009,4,28.178667,30.9,26.26,212.4,82.187004,20.559334,4.847
Hambantota,2009,5,28.075161,30.2,26.62,179.20999,85.32161,20.047419,7.370645
Hambantota,2009,6,27.431667,29.77,25.69,146.92,85.222664,21.423,8.091
Hambantota,2009,7,27.29613,30.03,25.49,67.9,83.64903,21.321613,7.4790325
Hambantota,2009,8,27.326452,29.82,25.44,174.38,83.550644,20.437096,7.7041936
Hambantota,2009,9,27.439667,29.73,26.07,143.90001,83.006,21.562666,7.840667
Hambantota,2009,10,27.272903,29.64,24.77,182.73,80.36581,20.548063,4.5648384
Hambantota,2009,11,27.019999,29.74,25.01,536.11,83.461006,14.343333,4.488333
Hambantota,2009,12,26.612581,28.79,24.69,238.32,85.33032,14.698065,4.1432257
Hambantota,2010,1,26.372257,28.53,23.52,179.55,82.35807,17.980646,5.37129
Hambantota,2010,2,26.873215,29.19,24.39,62.15,81.70965,20.770716,5.6310716
Hambantota,2010,3,27.904839,30.53,24.43,122.72,77.50613,22.51097,3.9551613
Hambantota,2010,4,28.398668,30.49,26.62,429.17,82.344,21.543667,3.7743335
Hambantota,2010,5,28.400002,30.29,26.94,427.18,85.212585,19.541613,6.3999996
Hambantota,2010,6,27.511333,29.95,26.09,198.36,85.36967,19.892668,7.2710004
Hambantota,2010,7,27.061935,29.19,25.8,177.35,85.462585,20.05613,6.995484
Hambantota,2010,8,27.108065,28.91,25.6,201.22,85.21194,20.384516,7.8406453
Hambantota,2010,9,26.981667,29.35,25.6,256.19,85.142334,19.430332,6.6803336
Hambantota,2010,10,27.139677,29.2,25.59,213.45,83.09129,20.630644,7.137097
Hambantota,2010,11,26.809,28.95,24.86,641.3,83.107,16.398,4.2139997
Hambantota,2010,12,26.04871,28.27,24.14,483.26,84.6471,14.638064,4.843226
Hambantota,2011,1,25.634838,27.39,23.22,731.55,86.64193,15.021613,4.7880645
Hambantota,2011,2,25.95107,28.41,23.82,421.19998,85.42678,16.773928,4.077857
Hambantota,2011,3,27.15129,29.43,24.03,300.12,81.95612,20.72,3.6277418
Hambantota,2011,4,27.454,29.7,25.59,364.66,81.845665,21.181667,4.157
Hambantota,2011,5,27.68742,29.19,26.53,220.05,86.464516,22.214518,6.5854836
Hambantota,2011,6,27.509,29.34,26.01,91.19,85.79867,21.392334,7.1169996
Hambantota,2011,7,27.004194,29.0,25.76,116.83,85.96162,19.347097,7.321613
Hambantota,2011,8,27.19871,28.89,25.76,179.72,84.6829,20.51484,7.452258
Hambantota,2011,9,27.302334,29.57,25.92,161.69,83.543,21.873,7.209
Hambantota,2011,10,27.155807,29.41,25.19,268.51,82.909996,19.478388,4.7358065
Hambantota,2011,11,27.150333,28.92,25.55,319.3,82.69766,16.087334,4.3166666
Hambantota,2011,12,26.650967,28.88,24.21,193.23,82.44775,14.833549,4.729677
Hambantota,2012,1,25.948387,28.28,23.02,66.42,80.90226,19.643227,4.748387
Hambantota,2012,2,26.278276,28.55,23.92,218.46,83.294136,18.64276,5.217586
Hambantota,2012,3,27.450968,30.17,25.14,116.87,77.27935,22.47613,2.919032
Hambantota,2012,4,27.846998,29.82,26.23,400.58,82.262665,20.468332,4.2003336
Hambantota,2012,5,27.702581,29.93,26.14,67.79,83.310005,22.02097,7.36
Hambantota,2012,6,27.244,28.96,25.77,111.65,85.90867,19.878332,7.6206665
Hambantota,2012,7,27.413225,30.0,26.11,95.42,83.82903,21.453226,7.5696774
Hambantota,2012,8,27.33258,29.55,25.85,177.38,82.89806,20.748388,7.264516
Hambantota,2012,9,27.402,29.15,25.51,234.25,83.11767,20.774666,7.0946665
Hambantota,2012,10,27.026129,28.89,25.44,446.7,83.91355,19.102257,4.86
Hambantota,2012,11,26.851665,29.3,24.92,361.09,82.287994,16.787333,2.5493333
Hambantota,2012,12,26.325806,28.11,24.12,496.24,85.75194,14.890645,4.7664514
Hambantota,2013,1,26.091291,28.33,23.65,375.03,84.69193,16.56129,5.705161
Hambantota,2013,2,26.568928,28.97,24.49,296.4,82.70357,18.618214,4.6767855
Hambantota,2013,3,27.748064,29.77,25.06,226.48,81.5571,20.936453,3.8874195
Hambantota,2013,4,28.511,30.54,27.01,267.07,80.193,21.810667,3.383
Hambantota,2013,5,27.799032,30.01,26.59,317.13,86.98871,18.88129,7.2712903
Hambantota,2013,6,27.042667,28.55,25.76,261.87,86.80533,18.341667,8.058333
Hambantota,2013,7,26.68129,28.43,25.37,196.47,87.46194,19.620968,7.4964514
Hambantota,2013,8,26.606773,28.33,25.34,63.44,86.91258,21.708712,7.0774193
Hambantota,2013,9,26.965666,28.82,25.79,181.5,84.67067,20.351,7.5186667
Hambantota,2013,10,27.015162,28.84,25.23,222.96,85.21387,20.636774,6.5019355
Hambantota,2013,11,27.114666,29.59,25.32,194.74,80.331665,18.670666,2.7753334
Hambantota,2013,12,26.17129,28.89,23.96,163.81,84.671936,13.8716135,5.0899997
Hambantota,2014,1,26.060968,28.21,23.84,103.5,83.1929,18.122904,5.3558064
Hambantota,2014,2,26.804287,29.55,23.1,36.97,76.92214,21.522501,5.335357
Hambantota,2014,3,27.617743,30.58,24.85,102.01,77.577415,22.071936,5.5212903
Hambantota,2014,4,28.269335,30.91,26.06,203.81,79.61934,21.703001,3.4636667
Hambantota,2014,5,27.999353,30.18,26.46,214.65,85.287415,20.362581,5.869677
Hambantota,2014,6,27.915667,29.8,26.74,139.06,85.22633,20.531668,7.964667
Hambantota,2014,7,27.486774,29.89,26.03,66.590004,84.5871,21.115807,7.95
Hambantota,2014,8,27.17258,29.65,25.54,201.38,83.01065,20.50387,7.564516
Hambantota,2014,9,27.358334,29.16,26.21,196.29,83.251335,21.326,7.173
Hambantota,2014,10,27.19871,29.01,25.51,525.11,83.480644,19.412258,4.741613
Hambantota,2014,11,26.831667,29.84,25.01,375.87,84.21967,15.274667,4.7373333
Hambantota,2014,12,26.505484,28.72,24.89,707.49,86.73032,13.530968,3.9996774
Hambantota,2015,1,26.047098,28.63,23.6,40.71,82.355804,19.948387,5.003226
Hambantota,2015,2,26.4275,28.78,24.0,165.27,82.72071,19.807499,5.0275
Hambantota,2015,3,27.389032,29.54,24.6,119.73,80.06774,22.687096,4.2496777
Hambantota,2015,4,28.130667,30.35,26.19,289.3,79.707664,22.305,2.6343334
Hambantota,2015,5,28.122257,29.93,26.53,165.67,85.22484,19.467419,6.0358067
Hambantota,2015,6,28.067,29.91,26.55,155.48999,84.43567,20.943333,6.661333
Hambantota,2015,7,27.559355,29.7,25.77,87.82,84.80645,20.73516,7.373871
Hambantota,2015,8,27.523226,29.56,26.08,141.78,84.186455,20.964193,7.3258066
Hambantota,2015,9,27.344,29.32,25.35,358.37,84.79666,19.742668,6.6330004
Hambantota,2015,10,27.392258,28.94,25.88,337.64,84.20806,18.272903,4.2980647
Hambantota,2015,11,27.155666,29.22,25.54,352.38,83.38333,16.002666,3.6990001
Hambantota,2015,12,27.028065,28.74,25.14,277.17,85.314514,15.648387,4.556452
Hambantota,2016,1,26.930323,29.15,24.35,62.61,82.68839,19.023226,5.875484
Hambantota,2016,2,27.308275,29.48,24.12,123.73,81.76069,19.910345,5.4744825
Hambantota,2016,3,28.179678,31.25,25.07,99.81,78.28129,23.255484,3.9248385
Hambantota,2016,4,29.121668,30.93,27.4,119.94,80.192,23.475,3.227
Hambantota,2016,5,28.61484,31.27,26.67,451.89,82.796776,18.832903,5.8193545
Hambantota,2016,6,27.716,29.67,25.83,80.13,84.69833,20.385668,8.011
Hambantota,2016,7,27.150967,29.68,25.61,69.68,85.69903,20.843225,7.1403227
Hambantota,2016,8,27.278065,29.81,25.71,30.75,84.271286,21.75258,8.02387
Hambantota,2016,9,27.311335,30.21,25.11,25.77,81.343,22.253,8.238667
Hambantota,2016,10,27.38871,30.2,25.52,201.95999,81.81516,20.325485,6.7448387
Hambantota,2016,11,27.006666,29.45,25.29,287.62,81.83766,13.935667,3.625
Hambantota,2016,12,26.820644,29.5,23.39,117.64,80.56484,18.541613,4.074516
Hambantota,2017,1,26.267742,29.32,22.95,67.36,78.299034,18.145807,4.802581
Hambantota,2017,2,26.789286,29.46,23.95,119.69,76.75393,19.623928,5.1178575
Hambantota,2017,3,27.454838,30.09,25.26,142.9,79.05322,21.621614,3.1277418
Hambantota,2017,4,28.575998,31.23,26.6,103.0,80.262665,22.733,4.9153333
Hambantota,2017,5,28.274193,30.73,26.5,319.52,82.85967,19.790646,6.2125807
Hambantota,2017,6,27.544668,29.26,26.32,75.020004,85.294,20.722666,7.5913334
Hambantota,2017,7,27.683872,29.84,26.07,44.62,84.06678,21.048388,7.4783874
Hambantota,2017,8,27.539677,29.94,26.03,126.96,83.45645,20.47903,7.5825806
Hambantota,2017,9,27.326,29.59,25.88,144.54,83.806,20.127666,7.058
Hambantota,2017,10,27.635485,29.98,26.29,275.36,83.88097,19.206453,6.1383867
Hambantota,2017,11,27.121668,29.76,25.18,301.56,83.34599,15.228,4.075
Hambantota,2017,12,26.790323,29.5,24.52,270.8,81.96,17.104193,4.2409678
Hambantota,2018,1,26.154839,28.79,22.61,55.03,80.24774,17.866774,4.2796774
Hambantota,2018,2,26.477142,28.9,23.63,68.21,83.05892,20.545715,5.4796424
Hambantota,2018,3,27.536776,29.94,25.01,179.95999,81.14097,20.849998,4.305806
Hambantota,2018,4,28.118666,30.57,26.44,212.58,81.149666,19.806667,3.15
Hambantota,2018,5,27.830322,30.43,26.3,373.06,85.731285,17.762903,5.623226
Hambantota,2018,6,27.116667,28.32,25.42,129.86,88.333664,20.491333,7.3826666
Hambantota,2018,7,26.97903,29.11,25.59,85.45,86.31613,20.387743,7.576774
Hambantota,2018,8,26.495161,28.86,25.01,81.43,87.18065,20.034193,7.3567743
Hambantota,2018,9,27.184332,29.44,25.56,141.47,82.255,21.143667,6.2203336
Hambantota,2018,10,27.03871,29.54,25.45,216.38,83.08323,17.61129,4.0061293
Hambantota,2018,11,27.066334,29.53,25.05,213.97,82.73766,16.323,3.3383334
Hambantota,2018,12,26.724194,29.68,24.49,108.69,81.57967,15.954839,3.8680646
Hambantota,2019,1,26.354193,29.15,23.22,40.34,81.255806,19.162256,5.7319355
Hambantota,2019,2,27.3325,29.95,24.87,126.63,81.14821,18.930357,5.0425
Hambantota,2019,3,28.13516,31.67,25.51,61.41,75.87,22.811611,4.418387
Hambantota,2019,4,28.963667,31.72,26.9,104.11,74.90034,21.298,2.9903333
Hambantota,2019,5,28.790968,30.98,27.23,72.16,81.629036,21.611614,6.6919355
Hambantota,2019,6,28.792667,30.89,27.47,71.83,80.33733,20.031,7.9863334
Hambantota,2019,7,28.126127,30.46,26.23,99.12,80.995155,20.30129,7.3016133
Hambantota,2019,8,27.70387,29.92,25.65,211.89,81.64935,17.602257,7.992903
Hambantota,2019,9,27.341,29.96,25.68,386.11,84.195335,17.119999,6.051333
Hambantota,2019,10,26.869678,28.79,25.51,400.08,84.52645,15.749032,3.7396774
Hambantota,2019,11,27.255001,28.97,25.15,383.19,84.72866,16.973333,4.114333
Hambantota,2019,12,26.933872,28.67,24.91,327.75998,85.731285,14.872258,5.245484
Hambantota,2020,1,26.92742,28.81,24.28,58.87,81.839676,19.516453,5.845161
Hambantota,2020,2,27.060345,29.49,24.03,32.33,80.37241,20.318275,6.245862
Hambantota,2020,3,28.046452,31.48,25.76,26.880001,76.366135,23.491613,4.223548
Hambantota,2020,4,28.730665,31.5,25.77,145.9,78.638664,22.080666,3.7523334
Hambantota,2020,5,28.634838,31.44,27.14,292.35,83.92548,18.607098,6.3287096
Hambantota,2020,6,28.064,30.18,26.2,118.33,83.39333,20.293333,7.2543335
Hambantota,2020,7,27.525162,29.52,25.48,142.99,83.90323,18.33387,6.745484
Hambantota,2020,8,27.559032,29.68,26.01,110.9,83.32935,20.446453,6.808387
Hambantota,2020,9,27.334002,29.2,25.65,252.33,84.245995,17.839666,7.3336663
Hambantota,2020,10,27.45129,29.47,25.72,135.68,84.34322,20.381613,6.8429036
Hambantota,2020,11,27.432667,29.54,25.4,305.18,83.17567,16.898,3.6703334
Hambantota,2020,12,26.820969,28.99,24.76,258.31,84.115166,16.70516,4.6696773
Hambantota,2021,1,26.427097,28.6,24.04,231.95,84.44161,14.956451,4.378387
Hambantota,2021,2,26.865713,29.24,24.14,63.54,82.6325,20.1875,5.4089284
Hambantota,2021,3,27.207418,29.86,24.47,221.74,80.380325,19.84258,4.321613
Hambantota,2021,4,28.258667,30.56,26.38,129.17,80.48667,22.219667,3.9796667
Hambantota,2021,5,28.380001,30.22,26.86,289.79,82.41161,18.821936,5.6219354
Hambantota,2021,6,27.843332,30.0,26.33,163.74,84.103004,21.245667,7.410333
Hambantota,2021,7,27.505161,29.81,26.22,154.94,85.54129,20.113226,7.8132257
Hambantota,2021,8,27.022903,28.94,25.32,188.29,86.243225,19.525806,7.2432256
Hambantota,2021,9,27.418667,29.39,26.1,221.07,85.47966,20.428333,7.2786665
Hambantota,2021,10,27.443226,29.32,25.9,309.35,84.881935,18.71129,5.9125805
Hambantota,2021,11,27.258,29.62,25.21,416.38998,83.69467,16.066,5.497
Hambantota,2021,12,26.908386,28.95,24.07,166.18001,83.519684,18.308064,5.0780644
Hambantota,2022,1,26.68258,28.92,23.55,113.15,82.6529,18.826128,4.5429034
Hambantota,2022,2,26.676071,29.2,23.3,151.71,81.46715,19.514645,4.5907145
Hambantota,2022,3,27.687742,30.02,25.15,90.95,81.1071,20.504194,4.2935486
Hambantota,2022,4,28.158333,30.25,26.46,285.66,81.97567,21.509335,3.624
Hambantota,2022,5,27.99871,30.25,26.48,233.0,86.131615,19.74613,7.858387
Hambantota,2022,6,27.49,29.19,26.14,115.83,85.681,19.901333,7.461667
Hambantota,2022,7,27.170967,29.18,25.7,157.66,85.37871,18.590967,7.0696774
Hambantota,2022,8,26.542257,28.43,25.2,179.07,87.53258,20.178064,7.4364514
Hambantota,2022,9,27.126001,30.06,25.53,82.62,84.025,22.149332,7.39
Hambantota,2022,10,27.328386,29.84,25.3,373.92,82.62871,17.543226,6.3119354
Hambantota,2022,11,27.065334,29.37,24.97,352.69,80.638664,16.707333,3.331
Hambantota,2022,12,26.515484,29.46,24.36,243.97,83.62839,13.85,4.871613
Hambantota,2023,1,25.880644,28.14,23.3,130.75,83.41774,16.62871,6.0112906
Hambantota,2023,2,26.445713,28.59,23.31,170.33,83.30464,19.211071,6.0499997
Hambantota,2023,3,27.701937,30.64,25.64,136.81,80.05548,20.166452,4.1041937
Hambantota,2023,4,28.613,30.77,26.62,199.65,78.661,21.552,3.1209998
Hambantota,2023,5,28.39645,30.42,26.73,222.36,84.38226,19.817741,6.317419
Hambantota,2023,6,28.155,29.82,26.76,151.59,84.743004,21.239,7.8653336
Hambantota,2023,7,27.474516,29.33,26.06,94.81,87.19871,20.420645,7.3180647
Hambantota,2023,8,28.067421,30.32,26.69,114.44,82.73806,22.562258,7.4387097
Hambantota,2023,9,27.742,29.32,26.48,518.17,84.10233,17.085333,7.299333
Hambantota,2023,10,27.238064,28.66,25.59,726.6,84.93742,16.835485,4.264516
Hambantota,2023,11,27.525667,29.73,25.9,415.92,82.962006,16.862,2.9203334
Hambantota,2023,12,27.420645,29.14,25.68,471.66,86.619354,14.413871,4.969032
Hambantota,2024,1,26.864515,29.11,24.17,369.06,84.323875,16.950644,5.1670966
Hambantota,2024,2,27.53069,29.72,24.7,26.49,83.243454,20.897242,6.0351725
Hambantota,2024,3,28.238064,31.19,25.38,30.49,78.69096,22.420967,4.193871
Hambantota,2024,4,29.343666,32.13,27.34,120.17,79.63033,21.669334,3.1606667
Hambantota,2024,5,29.100645,31.99,27.39,184.78,83.27032,18.272903,6.572581
Hambantota,2024,6,28.363335,29.9,27.16,90.41,84.253006,19.183332,7.4956665
Hambantota,2024,7,28.090967,30.45,25.99,102.21,84.66548,20.000322,6.617097
Hambantota,2024,8,27.971613,30.02,26.49,147.01,83.29161,19.710001,6.8999996
Hambantota,2024,9,28.289333,30.58,26.23,87.42,82.611,21.363667,7.585667
Hambantota,2024,10,27.904839,30.05,26.16,163.33,84.08032,18.402903,6.0254836
Hambantota,2024,11,27.734001,30.56,24.92,318.04,82.736,15.754666,4.1656666
Hambantota,2024,12,27.47613,29.77,25.48,144.17,82.895485,16.960323,3.7558064
Hambantota,2025,1,26.431936,28.5,23.48,330.75,86.09968,12.897741,5.93129
Hambantota,2025,2,27.15643,29.69,24.43,106.3,80.09179,21.307142,5.8185716
Hambantota,2025,3,27.809032,30.15,24.82,349.33002,81.24452,20.419031,3.5467744
Hambantota,2025,4,28.304333,30.13,26.36,303.21,83.482666,20.250334,4.597
Hambantota,2025,5,28.287098,30.59,26.48,246.33,85.49032,18.825485,6.3112903
Hambantota,2025,6,27.744667,29.49,26.29,105.92,86.83766,20.227,7.1543336
Hambantota,2025,7,27.245483,29.4,25.6,67.76,87.37032,19.806774,7.4587097
Hambantota,2025,8,27.254517,29.63,25.42,72.58,85.003555,21.699032,7.1390324
Hambantota,2025,9,27.789333,30.15,25.28,207.44,83.305664,21.225334,7.271333
Hambantota,2025,10,27.657742,29.98,26.2,343.41,83.688065,19.173225,5.343226
Hambantota,2025,11,27.288,30.03,25.43,870.65,83.063,15.886999,4.3683333
Hambantota,2025,12,26.536451,28.85,24.52,233.14,85.43419,16.260323,5.1219354
Jaffna,2000,1,25.880644,28.62,22.31,30.119999,78.674515,16.330322,6.7874193
Jaffna,2000,2,27.260344,30.31,24.45,54.56,75.83552,19.824827,5.0051723
Jaffna,2000,3,28.432903,32.44,24.83,3.25,71.283226,22.899677,4.325484
Jaffna,2000,4,29.766666,33.12,27.14,34.94,73.307335,22.927,5.4046664
Jaffna,2000,5,29.872904,32.87,27.77,59.3,74.33451,21.943548,6.7683873
Jaffna,2000,6,28.555,30.91,26.62,15.309999,76.491,19.933332,8.471666
Jaffna,2000,7,28.731289,31.47,26.43,122.25,73.65193,20.743225,7.5141935
Jaffna,2000,8,27.695807,29.9,25.98,27.41,79.9142,20.01387,8.347419
Jaffna,2000,9,27.891666,30.35,25.93,118.91,80.751,20.215,6.3083334
Jaffna,2000,10,27.656775,30.54,25.94,103.37,78.76678,18.568386,5.644516
Jaffna,2000,11,27.612333,30.04,25.19,227.31,76.551,15.160334,6.5593333
Jaffna,2000,12,25.983871,28.56,23.62,81.51,78.61742,14.922903,6.9745164
Jaffna,2001,1,25.632257,27.68,23.54,49.83,80.131935,14.681935,6.8570967
Jaffna,2001,2,26.267857,30.61,22.62,64.78,76.33821,21.455,4.1385713
Jaffna,2001,3,28.572258,32.9,25.2,0.22,71.269035,23.113873,4.5758066
Jaffna,2001,4,29.139334,33.03,27.0,159.63,74.666,20.855001,3.2343333
Jaffna,2001,5,29.602903,31.96,27.79,32.48,78.89161,22.694195,7.371613
Jaffna,2001,6,28.533333,31.79,27.13,63.899998,79.50867,19.861334,8.237
Jaffna,2001,7,28.280645,30.83,26.24,47.21,78.16645,19.589678,7.2519355
Jaffna,2001,8,28.200323,31.17,26.62,15.5199995,79.99,21.561935,7.709355
Jaffna,2001,9,28.229668,31.78,25.88,44.46,78.664665,20.799334,7.223
Jaffna,2001,10,27.883226,30.64,25.86,150.38,79.83194,17.281935,5.379032
Jaffna,2001,11,27.342999,30.76,25.65,261.74,80.56133,15.208333,4.878667
Jaffna,2001,12,26.288065,28.63,24.58,218.61,80.14355,14.0170965,6.802258
Jaffna,2002,1,25.996775,28.86,23.17,23.720001,79.30613,16.779034,5.8048387
Jaffna,2002,2,26.572144,29.76,23.13,78.009995,77.98393,19.865713,6.366071
Jaffna,2002,3,28.136127,31.83,24.38,6.42,74.73903,23.359032,4.4212904
Jaffna,2002,4,29.607332,32.8,26.74,115.25,73.739,21.903332,3.0736666
Jaffna,2002,5,29.455484,32.47,27.27,60.42,79.66742,21.490969,7.6325808
Jaffna,2002,6,28.866333,31.35,27.06,34.51,79.006996,20.689333,7.762
Jaffna,2002,7,29.08,32.01,27.03,4.8,75.4771,21.071291,8.0532255
Jaffna,2002,8,28.538387,31.3,26.63,11.48,76.31742,20.873226,7.8574195
Jaffna,2002,9,28.893333,31.66,26.96,14.82,73.627,22.593666,7.739667
Jaffna,2002,10,27.901613,31.09,25.97,300.39,80.20742,18.03387,4.72129
Jaffna,2002,11,26.799,29.2,24.85,109.450005,83.40034,15.5130005,4.4736667
Jaffna,2002,12,26.088709,28.05,23.5,113.4,81.31774,13.641935,6.762258
Jaffna,2003,1,25.800322,27.8,22.84,53.43,78.01225,16.588387,6.75871
Jaffna,2003,2,27.007856,30.06,23.86,42.28,77.35429,20.550356,5.5475
Jaffna,2003,3,28.253548,32.37,23.78,18.34,73.730644,21.750969,4.204516
Jaffna,2003,4,30.119667,33.88,26.81,79.35,69.73567,22.540667,3.9006667
Jaffna,2003,5,29.329355,32.0,27.22,125.020004,79.75259,19.13,7.5487094
Jaffna,2003,6,28.82,30.84,27.29,13.65,79.22633,21.876001,8.341666
Jaffna,2003,7,28.661936,30.83,27.29,29.74,78.2271,18.95516,7.109355
Jaffna,2003,8,28.427097,30.97,26.41,50.43,79.68193,19.240322,6.978064
Jaffna,2003,9,28.575998,31.41,27.02,45.739998,77.782,22.083668,6.7573333
Jaffna,2003,10,28.150644,30.8,26.55,144.67,79.26484,18.993225,6.0696774
Jaffna,2003,11,27.270666,29.81,24.8,332.93,82.264,12.488333,6.3710003
Jaffna,2003,12,26.487741,28.76,24.44,25.609999,78.26451,16.689678,6.570323
Jaffna,2004,1,26.245483,29.31,23.11,3.94,75.671936,18.852581,6.3835483
Jaffna,2004,2,26.546207,30.26,22.6,6.72,72.40483,21.333794,5.9631033
Jaffna,2004,3,28.65742,33.03,23.15,15.01,70.83355,22.455807,4.1641936
Jaffna,2004,4,30.060333,34.57,27.44,46.46,72.111336,22.932333,3.8666666
Jaffna,2004,5,28.972902,30.81,27.27,172.76,79.95645,18.24258,7.3500004
Jaffna,2004,6,28.555666,31.06,27.04,11.83,78.90467,21.077333,8.676666
Jaffna,2004,7,28.240967,30.62,26.04,31.56,78.40032,20.161291,7.5061293
Jaffna,2004,8,28.562904,31.2,26.77,23.96,76.58161,20.831291,7.479677
Jaffna,2004,9,27.901001,30.82,25.91,129.02,80.70633,17.538334,6.2103333
Jaffna,2004,10,27.707418,30.08,25.44,267.25,81.68,17.605484,5.2387094
Jaffna,2004,11,27.098667,29.04,25.53,288.38,83.67333,13.488,6.6436667
Jaffna,2004,12,25.989355,28.03,23.44,188.52,79.41515,14.706451,7.0541935
Jaffna,2005,1,26.069033,28.27,23.64,76.79,78.340004,16.924839,5.881613
Jaffna,2005,2,26.775358,30.19,23.46,2.7099998,75.74714,22.243214,5.3903575
Jaffna,2005,3,28.527418,32.39,25.06,46.06,74.76484,22.185806,4.2958064
Jaffna,2005,4,28.985666,31.92,26.34,192.59,78.76967,19.931,3.8159997
Jaffna,2005,5,29.519354,31.82,27.51,59.08,80.06129,21.50258,6.4425807
Jaffna,2005,6,29.023,31.08,27.02,9.44,80.111336,20.567333,9.012333
Jaffna,2005,7,28.296452,30.41,26.83,16.47,80.74097,20.268064,8.64
Jaffna,2005,8,28.75258,31.43,26.89,32.07,76.574844,22.185806,7.225161
Jaffna,2005,9,28.302334,30.7,26.53,28.75,79.588,20.074333,8.004
Jaffna,2005,10,28.194517,31.11,26.39,191.4,79.56903,17.21516,5.020645
Jaffna,2005,11,26.460667,28.58,24.26,477.8,84.78634,11.940001,5.719333
Jaffna,2005,12,26.027742,27.92,23.99,108.909996,81.98581,15.5180645,5.6403227
Jaffna,2006,1,25.40129,27.46,22.56,56.21,80.271935,16.283226,5.986129
Jaffna,2006,2,26.272501,29.82,23.76,7.51,77.12428,20.51393,5.5592856
Jaffna,2006,3,28.159678,31.51,25.21,85.14,75.12484,21.704838,3.6058064
Jaffna,2006,4,29.621334,32.75,26.62,44.95,72.84434,22.514,4.3840003
Jaffna,2006,5,29.20129,31.47,27.48,35.61,78.939995,21.494837,7.8722577
Jaffna,2006,6,29.017668,31.64,27.42,9.54,76.920334,21.169668,7.776
Jaffna,2006,7,28.674839,31.47,27.04,7.1800003,77.1129,19.773548,8.130645
Jaffna,2006,8,28.23742,30.89,26.63,77.46,78.19258,22.147097,8.617742
Jaffna,2006,9,27.846,30.19,26.13,74.92,80.886,20.08,7.4416666
Jaffna,2006,10,27.857098,30.54,25.66,289.32,80.10065,17.989677,5.42
Jaffna,2006,11,26.941668,28.64,25.58,257.54,84.18933,15.593,4.871333
Jaffna,2006,12,26.5,28.52,23.92,55.11,75.30419,15.968387,7.1667743
Jaffna,2007,1,25.904194,29.06,23.69,24.07,75.3729,16.710966,6.723871
Jaffna,2007,2,26.667143,29.55,23.53,33.920002,73.86,20.249285,5.497143
Jaffna,2007,3,28.087742,33.3,24.38,3.6999998,69.14387,24.149033,4.3396773
Jaffna,2007,4,29.348999,33.27,26.84,59.17,74.76667,22.109999,3.5266669
Jaffna,2007,5,29.834517,32.39,27.74,13.25,76.619675,21.654194,7.433871
Jaffna,2007,6,29.073334,32.23,27.32,43.73,78.13167,18.341667,7.775333
Jaffna,2007,7,28.365807,31.09,26.43,22.11,79.16839,19.290646,7.969355
Jaffna,2007,8,28.05258,30.71,26.7,53.24,79.81613,21.01,7.8735485
Jaffna,2007,9,28.295332,30.56,26.69,71.3,79.41134,20.394665,7.721
Jaffna,2007,10,27.643227,30.76,25.78,289.02,80.06064,17.607098,5.215484
Jaffna,2007,11,26.911001,28.9,24.84,137.48,78.17333,17.394665,4.8716664
Jaffna,2007,12,26.051613,28.3,22.73,233.27,80.71968,14.650968,6.6741934
Jaffna,2008,1,25.659355,28.64,22.93,11.33,77.86677,18.46129,5.517742
Jaffna,2008,2,26.836206,29.75,23.81,50.78,76.0062,19.632757,5.14069
Jaffna,2008,3,27.279354,29.92,24.21,188.37,80.83161,19.404194,4.9580646
Jaffna,2008,4,28.601665,31.37,26.19,86.82,78.642334,21.744333,4.252333
Jaffna,2008,5,28.948065,31.21,27.57,17.44,80.828705,22.434515,8.398065
Jaffna,2008,6,28.922667,31.69,27.2,12.63,77.42933,21.140001,8.527333
Jaffna,2008,7,28.575485,31.46,26.5,27.51,77.02516,20.917742,7.6512904
Jaffna,2008,8,28.132257,30.49,26.53,53.74,78.60904,19.931936,6.922903
Jaffna,2008,9,28.653666,31.19,27.01,11.94,75.94533,21.522,7.578
Jaffna,2008,10,28.400644,31.88,26.24,164.33,76.049675,19.231936,4.9496775
Jaffna,2008,11,27.622334,30.4,25.92,247.91,77.746994,14.335667,5.8306665
Jaffna,2008,12,26.347742,28.23,24.15,137.36,78.95419,15.388388,6.179677
Jaffna,2009,1,25.948387,28.07,23.63,17.76,74.36581,17.650322,6.062258
Jaffna,2009,2,26.478573,31.63,23.34,0.08,70.185356,22.95643,4.7442856
Jaffna,2009,3,28.183226,32.51,24.86,83.770004,72.48871,22.280323,3.7051613
Jaffna,2009,4,29.593666,32.81,27.03,64.82,75.600334,21.431,4.7836666
Jaffna,2009,5,29.463871,32.2,27.6,21.97,79.353226,20.768064,7.437742
Jaffna,2009,6,28.835667,31.57,27.13,7.08,77.442665,22.175,9.565001
Jaffna,2009,7,28.597097,31.13,26.79,9.72,76.15161,19.913872,8.511291
Jaffna,2009,8,28.542582,31.23,26.09,58.24,77.798065,20.624838,6.984516
Jaffna,2009,9,28.562334,31.79,27.0,23.05,78.459335,21.915,7.898333
Jaffna,2009,10,28.608065,31.31,26.15,93.03,72.35033,20.485483,5.4964514
Jaffna,2009,11,27.439,30.05,25.96,395.63,81.40366,15.810667,4.8710003
Jaffna,2009,12,26.557096,28.2,24.82,296.37,82.98903,12.965484,6.2283874
Jaffna,2010,1,25.98613,27.99,23.27,43.870003,78.71806,18.400644,6.029032
Jaffna,2010,2,26.484285,30.68,23.49,1.6600001,76.125,20.678572,5.006786
Jaffna,2010,3,28.859999,32.65,23.51,9.62,70.962906,23.295483,4.1858063
Jaffna,2010,4,30.395666,33.89,27.82,63.260002,73.64867,22.514334,4.1713333
Jaffna,2010,5,30.219355,33.33,28.2,70.65,77.66548,20.7,7.1596775
Jaffna,2010,6,29.270332,32.31,27.48,29.95,76.734,20.305666,8.202
Jaffna,2010,7,28.978388,31.7,27.09,27.42,73.61161,20.51097,7.328387
Jaffna,2010,8,28.606773,31.07,26.42,105.17,77.46355,19.106451,6.7070966
Jaffna,2010,9,28.034334,30.71,25.97,153.95,79.177,19.107332,5.676333
Jaffna,2010,10,27.81,29.99,26.39,149.34,81.73258,18.90645,6.0419354
Jaffna,2010,11,27.086,29.37,25.48,451.28,82.77367,14.168667,4.091
Jaffna,2010,12,26.049677,28.11,23.03,352.31,84.11,11.521613,6.0648384
Jaffna,2011,1,25.580322,27.28,23.03,126.549995,82.28194,14.146773,6.814516
Jaffna,2011,2,26.164642,29.01,24.3,67.11,79.13822,17.251785,5.4832144
Jaffna,2011,3,27.788387,31.49,24.26,6.43,75.26387,22.855484,4.2929034
Jaffna,2011,4,28.833,31.82,26.34,183.61,75.92166,20.692333,3.6206667
Jaffna,2011,5,29.152903,31.92,26.88,14.7699995,79.74774,22.748388,7.2980647
Jaffna,2011,6,29.255333,32.06,27.62,7.05,76.05433,21.409334,8.31
Jaffna,2011,7,29.107742,32.0,26.43,15.3,72.53226,20.05,7.686129
Jaffna,2011,8,28.578064,31.09,26.47,47.04,76.753555,20.559032,7.71
Jaffna,2011,9,28.750334,31.02,27.09,28.41,75.92933,21.646,7.5696664
Jaffna,2011,10,28.231289,30.46,26.64,251.49,78.44678,17.232903,4.655484
Jaffna,2011,11,27.306,29.13,25.76,425.81,80.03,15.355,5.337667
Jaffna,2011,12,26.464518,28.6,23.56,215.04,80.30032,13.894194,6.1387095
Jaffna,2012,1,25.64129,27.89,22.82,26.220001,76.5271,19.592258,5.3441935
Jaffna,2012,2,26.637932,30.13,24.42,9.13,76.72103,19.768965,5.6231036
Jaffna,2012,3,28.704517,32.28,25.11,15.58,71.40484,23.027098,3.9896774
Jaffna,2012,4,29.634,32.47,26.91,63.05,73.59467,20.770332,4.448
Jaffna,2012,5,29.478708,31.85,27.93,8.96,78.01258,21.518387,8.629355
Jaffna,2012,6,29.210333,32.09,27.45,9.48,74.974335,20.716333,9.188
Jaffna,2012,7,29.235806,32.83,27.41,14.29,74.60613,21.439032,7.552581
Jaffna,2012,8,28.73742,31.36,27.19,17.51,75.72097,21.473871,8.57258
Jaffna,2012,9,28.825335,31.31,26.93,91.48,76.19234,20.478333,7.5230002
Jaffna,2012,10,27.838064,30.81,25.7,407.53,81.298065,17.097097,5.635806
Jaffna,2012,11,27.248,29.41,25.23,111.21,79.358665,16.798666,4.9933333
Jaffna,2012,12,26.611935,28.38,24.11,299.09,82.15452,14.223871,6.640645
Jaffna,2013,1,26.136452,28.08,24.08,109.93,78.62387,16.508064,6.4235487
Jaffna,2013,2,26.665714,29.2,24.39,128.78,78.737854,18.81,5.44
Jaffna,2013,3,27.803226,31.06,24.91,113.84,77.855804,21.756775,4.39871
Jaffna,2013,4,29.703667,32.18,27.14,38.75,76.19633,22.924334,4.220667
Jaffna,2013,5,29.475807,32.27,27.68,68.52,79.68322,21.018387,7.2929034
Jaffna,2013,6,29.023335,31.76,27.47,12.86,76.32934,20.005335,8.7543335
Jaffna,2013,7,28.689032,31.14,27.05,12.45,75.30742,19.193548,8.132581
Jaffna,2013,8,28.579355,31.65,26.7,55.02,76.0671,20.602903,6.182581
Jaffna,2013,9,28.171667,30.78,26.11,107.560005,79.113335,20.227,8.152333
Jaffna,2013,10,28.140968,30.92,25.75,94.31,78.22355,19.845806,6.0677423
Jaffna,2013,11,27.483334,29.73,25.21,175.70999,79.489334,16.790333,5.3313336
Jaffna,2013,12,26.12258,28.3,24.24,147.83,77.649025,14.064193,6.2596774
Jaffna,2014,1,25.725807,27.92,24.0,96.44,78.45774,15.153226,7.0551615
Jaffna,2014,2,26.509644,29.75,23.22,16.03,73.14,20.881786,5.5410714
Jaffna,2014,3,28.312904,33.94,25.45,2.08,70.27838,22.90355,5.4277415
Jaffna,2014,4,30.140001,33.37,26.88,31.240002,70.28567,23.260668,3.4706666
Jaffna,2014,5,29.44,31.61,27.33,130.42,80.64613,20.54613,6.8435483
Jaffna,2014,6,29.697332,32.22,27.89,9.72,77.47966,21.130001,7.9153337
Jaffna,2014,7,29.530323,32.42,27.51,7.62,73.51032,21.101292,7.9180646
Jaffna,2014,8,28.555483,31.43,26.46,81.59,76.73484,20.312258,7.437742
Jaffna,2014,9,28.598,31.4,26.85,80.64,77.85133,21.351002,6.3586664
Jaffna,2014,10,28.05871,30.25,25.93,257.09,80.53065,17.882902,4.7935486
Jaffna,2014,11,27.217665,30.04,24.6,394.85,81.472664,12.611667,5.784333
Jaffna,2014,12,26.118065,28.19,24.18,290.38,86.05322,12.572904,6.6345162
Jaffna,2015,1,25.739677,28.02,24.04,2.74,78.89033,19.070644,5.5841937
Jaffna,2015,2,26.3225,29.39,23.96,51.43,77.12786,19.396427,5.8985715
Jaffna,2015,3,28.030323,31.56,25.26,41.27,75.01,22.688065,4.4667745
Jaffna,2015,4,29.205,32.14,27.09,135.54,75.833,22.455666,3.3396668
Jaffna,2015,5,29.200968,31.48,27.36,198.5,80.633545,19.805162,5.7525806
Jaffna,2015,6,29.061666,31.8,27.33,26.720001,79.790665,21.138334,7.911667
Jaffna,2015,7,29.034193,31.76,27.35,11.38,78.06645,21.140644,7.8251615
Jaffna,2015,8,28.980324,31.87,27.17,53.12,77.94322,21.423872,7.262903
Jaffna,2015,9,28.555332,31.4,26.5,98.78,79.53567,21.051332,7.223666
Jaffna,2015,10,28.35871,30.8,26.1,231.87,79.451935,17.939354,5.1806455
Jaffna,2015,11,27.301332,29.67,25.89,533.41,84.775665,13.799666,4.6896667
Jaffna,2015,12,27.026775,28.52,25.35,273.83,82.824844,14.095161,5.8596773
Jaffna,2016,1,26.338387,28.4,24.3,30.08,76.824844,18.115162,5.719355
Jaffna,2016,2,27.27724,30.51,24.47,8.22,75.741035,20.73,5.2055173
Jaffna,2016,3,28.984194,33.19,25.88,9.37,71.629036,23.525806,4.1787095
Jaffna,2016,4,31.127,34.03,27.53,12.309999,69.51466,24.058332,3.8026667
Jaffna,2016,5,30.222258,33.37,26.92,278.56,76.39967,19.334839,6.2248387
Jaffna,2016,6,29.227667,31.46,27.02,20.99,77.367,19.416666,7.960667
Jaffna,2016,7,28.840645,32.19,26.86,23.84,77.16612,19.894192,6.717097
Jaffna,2016,8,29.219032,31.82,27.32,37.45,74.952255,21.262259,6.7219357
Jaffna,2016,9,28.973667,31.9,27.11,14.56,74.47466,21.908667,6.747333
Jaffna,2016,10,28.718388,31.61,26.59,66.61,72.686455,19.32387,4.7467747
Jaffna,2016,11,27.441334,30.01,24.52,190.51001,77.65733,14.623667,5.3483334
Jaffna,2016,12,26.312258,28.92,22.94,109.939995,78.13548,16.702902,5.834839
Jaffna,2017,1,25.815483,28.08,22.91,102.810005,75.67548,17.013226,6.5212903
Jaffna,2017,2,26.217855,29.69,23.15,18.83,71.05393,21.393572,5.473929
Jaffna,2017,3,28.154839,32.12,25.07,83.28,75.090004,22.244194,3.8938708
Jaffna,2017,4,30.108334,33.37,26.91,13.12,73.29633,23.512333,4.754667
Jaffna,2017,5,30.106451,32.67,27.9,50.68,76.05516,19.965483,6.3490324
Jaffna,2017,6,29.465666,31.62,28.14,22.28,76.275665,21.548,8.673666
Jaffna,2017,7,29.682259,32.76,27.94,20.76,73.146774,20.429356,6.94871
Jaffna,2017,8,28.976452,31.34,26.57,86.73,77.661934,19.869999,6.54
Jaffna,2017,9,28.435,31.48,26.87,78.5,80.45167,19.712334,6.7850003
Jaffna,2017,10,28.59355,31.56,26.69,122.83,78.87064,16.947742,6.0125804
Jaffna,2017,11,27.345,29.47,25.62,286.4,83.59133,14.300666,5.648667
Jaffna,2017,12,26.63,28.73,24.62,89.3,78.854195,16.657097,5.588064
Jaffna,2018,1,25.713549,28.07,23.2,23.880001,76.119354,18.09871,5.899355
Jaffna,2018,2,26.334642,29.42,23.4,15.19,75.64286,21.195713,6.0860715
Jaffna,2018,3,28.264517,32.27,24.46,39.61,73.879036,22.30742,4.701613
Jaffna,2018,4,29.867334,33.89,26.86,40.7,73.21366,22.884666,3.9193335
Jaffna,2018,5,29.447742,32.21,27.63,130.75,78.84871,18.960966,5.620322
Jaffna,2018,6,28.97,31.49,26.06,23.81,79.26,20.743334,8.842667
Jaffna,2018,7,29.05129,31.93,27.12,15.99,75.716774,19.763226,7.653226
Jaffna,2018,8,28.682903,31.64,26.88,21.5,75.5871,18.611614,7.3
Jaffna,2018,9,28.58,32.04,26.56,41.29,75.78,21.491,5.832
Jaffna,2018,10,28.129354,30.61,26.48,214.96,79.48484,15.494194,4.4045157
Jaffna,2018,11,27.276667,29.61,25.34,268.87,80.754326,14.544001,5.2430005
Jaffna,2018,12,26.585485,28.6,24.1,88.25,80.73935,14.842581,5.773871
Jaffna,2019,1,25.699032,28.78,23.5,1.17,74.94484,19.439354,6.184516
Jaffna,2019,2,27.404285,30.57,24.5,34.25,75.80393,20.649643,5.394643
Jaffna,2019,3,29.081934,33.78,25.64,2.03,69.060326,24.262903,4.730968
Jaffna,2019,4,30.806,34.22,27.28,29.130001,66.61833,22.376001,3.49
Jaffna,2019,5,30.277098,32.68,28.39,5.66,76.34936,22.418066,7.571935
Jaffna,2019,6,29.961334,32.17,28.46,15.159999,76.66433,21.089666,8.859333
Jaffna,2019,7,29.223225,32.14,27.31,42.059998,76.05807,20.027742,7.675484
Jaffna,2019,8,28.737741,31.41,26.93,78.54,76.796776,19.443548,8.885485
Jaffna,2019,9,28.391666,31.75,26.46,160.45,79.972,19.245667,6.9183335
Jaffna,2019,10,27.993225,30.96,26.14,434.03,80.23742,17.88129,3.6596773
Jaffna,2019,11,28.019335,29.84,26.49,243.43,81.177,17.619667,4.5433335
Jaffna,2019,12,27.060646,28.78,25.28,238.74,80.82677,15.440001,6.1925807
Jaffna,2020,1,26.772259,29.07,24.27,18.18,76.26097,19.421614,5.4422584
Jaffna,2020,2,27.18655,30.1,24.63,12.9800005,73.104485,21.45862,6.064828
Jaffna,2020,3,28.565805,32.89,25.34,3.59,70.56419,23.670645,4.8425803
Jaffna,2020,4,30.352667,33.53,26.26,43.22,70.483,23.563334,4.0073333
Jaffna,2020,5,30.43613,33.38,28.4,73.49,74.75162,19.612581,5.600645
Jaffna,2020,6,29.660667,32.5,27.33,30.46,75.23434,20.763666,7.760333
Jaffna,2020,7,28.750322,31.5,26.85,96.96,77.85645,18.27516,6.5125804
Jaffna,2020,8,28.735806,31.34,26.8,43.69,78.53194,20.426773,7.5487094
Jaffna,2020,9,28.330332,30.63,26.62,156.79001,79.391,17.756,7.689333
Jaffna,2020,10,28.423225,30.9,26.91,87.51,78.54291,19.05258,5.8680644
Jaffna,2020,11,27.938665,30.74,25.9,278.27,81.09,14.397,5.393
Jaffna,2020,12,26.480324,28.55,24.93,557.36,83.62161,12.471613,6.5196776
Jaffna,2021,1,26.387096,28.2,24.63,302.71,82.6829,15.980322,5.790645
Jaffna,2021,2,26.227499,29.22,23.5,20.69,76.627144,21.308573,5.6932144
Jaffna,2021,3,28.047419,31.61,24.57,17.81,75.18742,22.612257,4.633226
Jaffna,2021,4,29.480665,32.15,26.19,70.26,75.831665,21.817667,4.258
Jaffna,2021,5,29.599998,31.76,27.89,82.03,78.08483,20.582903,6.666452
Jaffna,2021,6,29.222332,32.13,27.58,44.73,78.44866,20.528002,7.387
Jaffna,2021,7,29.167742,32.13,27.64,55.16,76.84774,19.932259,7.510323
Jaffna,2021,8,28.737741,31.41,26.55,57.22,77.08548,19.09774,6.93
Jaffna,2021,9,28.708,31.25,26.93,94.64,78.93967,20.319668,6.4956665
Jaffna,2021,10,28.161613,30.09,26.53,333.37,81.99581,16.391613,5.313871
Jaffna,2021,11,27.192999,28.82,25.61,627.12,85.301,13.080334,5.4993334
Jaffna,2021,12,26.986452,29.16,24.38,124.64,78.43355,17.074194,5.425484
Jaffna,2022,1,26.612257,29.02,23.88,100.42,78.61742,18.299356,5.691613
Jaffna,2022,2,26.511072,29.3,23.58,65.68,76.29858,19.732143,5.6925
Jaffna,2022,3,28.35484,31.66,25.43,20.25,75.64162,21.899677,4.9422584
Jaffna,2022,4,29.217335,32.08,27.31,182.55,77.797,21.360332,3.6956668
Jaffna,2022,5,29.41355,31.58,27.52,29.92,80.19225,20.97129,8.130645
Jaffna,2022,6,28.735666,31.65,26.88,38.3,79.38333,20.044668,6.8
Jaffna,2022,7,28.822258,31.47,26.94,205.58,76.343864,18.272581,6.046129
Jaffna,2022,8,28.273226,31.04,26.29,93.37,79.42645,19.344193,6.5112906
Jaffna,2022,9,28.269667,31.25,26.51,38.53,79.506,20.828001,6.689
Jaffna,2022,10,28.152258,30.64,26.46,290.5,78.30742,16.18742,4.4548388
Jaffna,2022,11,26.851,29.28,24.64,262.59,81.32333,14.717,5.046
Jaffna,2022,12,26.507742,28.51,22.21,255.90999,83.14129,13.933226,6.476129
Jaffna,2023,1,25.703226,27.9,23.43,44.2,76.71162,17.10742,6.3383875
Jaffna,2023,2,26.141785,28.6,23.8,128.32,77.26107,20.544285,5.7739286
Jaffna,2023,3,28.164192,32.1,25.65,35.72,75.65839,22.051935,4.6441936
Jaffna,2023,4,29.948334,33.19,27.27,47.949997,72.39733,22.618,3.88
Jaffna,2023,5,29.25871,31.6,26.98,178.62,81.47452,19.665483,6.0212903
Jaffna,2023,6,29.628332,32.33,28.06,21.65,78.50267,20.421333,7.475
Jaffna,2023,7,29.314516,32.05,27.05,22.77,75.810005,18.994194,7.6529036
Jaffna,2023,8,29.333227,32.39,27.38,32.38,76.381935,22.289677,6.792258
Jaffna,2023,9,28.858334,31.81,26.75,74.43,77.307,20.105001,8.631667
Jaffna,2023,10,28.358065,30.78,26.57,176.39,79.104836,18.350967,4.9777417
Jaffna,2023,11,27.796999,30.03,26.13,441.68,83.47233,14.304999,3.9826665
Jaffna,2023,12,27.246775,29.08,25.58,372.24002,86.269684,13.285806,6.689355
Jaffna,2024,1,26.589355,28.35,24.57,96.92,79.482254,16.818386,5.8648386
Jaffna,2024,2,27.464827,30.03,25.27,2.92,78.203445,21.423792,6.075517
Jaffna,2024,3,28.556774,32.18,25.07,16.82,71.78871,24.00742,4.546129
Jaffna,2024,4,30.917,35.09,27.53,20.33,71.09434,23.411665,3.7333333
Jaffna,2024,5,30.445484,34.24,28.4,122.34,77.271286,18.460644,5.4519353
Jaffna,2024,6,29.420666,31.71,28.0,43.6,79.33933,19.957,8.058666
Jaffna,2024,7,29.65355,33.27,27.58,17.05,74.97355,19.188389,7.523548
Jaffna,2024,8,29.121614,31.7,27.48,83.62,78.64065,19.990967,6.375484
Jaffna,2024,9,29.543333,32.51,27.71,27.24,76.61833,20.962667,7.0923333
Jaffna,2024,10,28.542257,31.43,25.94,186.61,80.49387,17.110645,4.315484
Jaffna,2024,11,27.942665,30.06,25.16,381.97,82.548,12.904,6.3306665
Jaffna,2024,12,27.058388,29.08,24.42,146.25,84.26581,14.699354,5.6454835
Jaffna,2025,1,26.159678,28.12,24.79,106.52,80.80516,14.536451,6.7245164
Jaffna,2025,2,26.813572,29.67,23.88,54.31,76.05357,21.569643,5.4714284
Jaffna,2025,3,28.5,32.47,25.18,55.09,75.104195,22.925806,4.041613
Jaffna,2025,4,29.775333,32.23,26.47,74.659996,74.663666,22.503666,3.7853332
Jaffna,2025,5,30.112581,32.74,28.32,113.43,77.40452,20.295162,6.94
Jaffna,2025,6,29.564,31.88,28.09,28.06,79.099,21.316668,7.692
Jaffna,2025,7,29.590322,32.23,27.01,11.26,75.11677,20.432903,7.0693545
Jaffna,2025,8,28.805805,31.61,27.02,42.29,78.16355,20.149355,6.444516
Jaffna,2025,9,28.983,31.71,27.15,75.56,78.368004,18.948668,6.6439996
Jaffna,2025,10,28.428389,31.22,26.71,346.04,80.82,17.618387,4.375484
Jaffna,2025,11,27.575335,30.55,25.38,556.14996,82.558334,12.614,6.1816664
Jaffna,2025,12,26.223871,28.37,24.16,141.88,80.71968,15.082581,5.9016128
Kalutara,2000,1,25.863226,31.65,21.21,29.74,78.76259,19.622904,3.471613
Kalutara,2000,2,26.517931,31.87,23.25,85.11,78.80759,20.615517,2.6144826
Kalutara,2000,3,27.289677,32.21,23.26,84.880005,76.965805,22.235483,2.707742
Kalutara,2000,4,27.406,31.44,25.03,111.66,81.89867,21.294,4.3789997
Kalutara,2000,5,27.700323,31.26,25.4,59.67,81.20806,20.04742,5.3758063
Kalutara,2000,6,26.336666,28.79,23.4,119.02,85.56533,17.979334,6.501333
Kalutara,2000,7,26.526129,29.99,24.47,71.26,82.715485,21.420967,6.1403227
Kalutara,2000,8,26.123226,29.01,24.26,187.47,84.75613,19.790323,6.238065
Kalutara,2000,9,26.398668,29.26,24.34,93.11,84.697334,18.780666,5.185667
Kalutara,2000,10,26.41742,30.11,23.82,84.18,82.67645,20.560322,4.910968
Kalutara,2000,11,26.696999,32.2,22.22,199.97,80.222664,17.674334,3.7286668
Kalutara,2000,12,26.368063,30.85,22.05,74.24,78.72581,18.532904,4.709032
Kalutara,2001,1,26.005484,30.88,21.92,141.53,80.688065,17.934837,3.5658064
Kalutara,2001,2,26.070713,31.86,20.63,48.18,76.534996,22.506428,2.2582142
Kalutara,2001,3,28.175806,33.98,23.03,20.4,71.50645,23.587742,2.9887097
Kalutara,2001,4,27.512,32.68,25.1,187.36,81.38833,20.738667,2.786
Kalutara,2001,5,27.711613,30.66,25.83,125.79,84.72419,20.256453,5.412258
Kalutara,2001,6,26.821667,29.24,24.66,102.87,84.91033,21.336334,5.987
Kalutara,2001,7,25.967419,28.92,23.73,81.67,86.519356,19.525162,5.7438707
Kalutara,2001,8,26.471935,29.95,24.21,22.32,84.451614,21.792582,5.9703226
Kalutara,2001,9,26.619667,30.16,24.73,144.51,82.69367,20.125,5.658
Kalutara,2001,10,26.32871,28.69,24.36,90.21,85.827736,20.51097,5.44871
Kalutara,2001,11,26.562334,30.58,23.38,125.14,82.533,18.901667,4.092
Kalutara,2001,12,26.47903,30.88,21.66,90.5,77.87323,19.34645,3.1567743
Kalutara,2002,1,27.194515,32.87,21.28,34.67,71.88839,20.244839,2.8229034
Kalutara,2002,2,27.840714,34.17,22.51,67.73,70.08893,22.178928,2.6592858
Kalutara,2002,3,28.52871,35.04,23.24,52.89,69.84226,23.793226,2.5987096
Kalutara,2002,4,27.647667,33.21,25.46,164.38,80.85667,22.758333,2.4466667
Kalutara,2002,5,27.709032,30.49,25.62,220.37,84.491936,19.226452,5.480645
Kalutara,2002,6,26.895666,29.9,24.9,71.46,85.61867,20.299,5.907
Kalutara,2002,7,26.611614,29.94,24.32,42.14,83.57323,20.650322,6.476129
Kalutara,2002,8,26.15226,29.82,23.86,74.87,86.58516,21.26129,5.3103223
Kalutara,2002,9,27.250668,30.37,25.24,62.21,79.265,23.358,5.384333
Kalutara,2002,10,26.34355,29.94,24.02,339.68,85.84548,19.111614,4.203226
Kalutara,2002,11,26.214666,29.58,23.82,239.22,85.496994,16.797,3.287
Kalutara,2002,12,25.958065,29.59,20.86,172.17,83.410324,17.508387,3.3861291
Kalutara,2003,1,25.795162,29.94,21.46,59.78,81.39903,19.904194,3.3687098
Kalutara,2003,2,26.852499,30.75,22.62,68.479996,78.31643,22.055357,2.06
Kalutara,2003,3,27.356451,32.29,23.62,103.43,77.98161,23.195162,2.147742
Kalutara,2003,4,27.865,32.83,25.07,131.75,79.980995,21.448334,2.6699998
Kalutara,2003,5,27.776129,29.84,25.56,220.87,85.36064,18.384838,5.6483874
Kalutara,2003,6,26.918333,29.49,24.77,121.63,85.91433,19.444,5.515
Kalutara,2003,7,26.669355,28.68,24.52,91.58,85.937096,18.706774,5.492258
Kalutara,2003,8,26.58,28.88,24.57,63.21,85.81645,20.526451,5.661936
Kalutara,2003,9,26.665998,29.55,24.8,101.46,84.526,21.775,5.6823335
Kalutara,2003,10,26.834192,30.07,24.43,131.67,82.79097,21.174839,4.7674193
Kalutara,2003,11,26.424,31.26,23.16,323.09,84.34133,16.716667,3.408
Kalutara,2003,12,26.365162,31.18,22.08,22.24,78.59774,21.048388,3.7829032
Kalutara,2004,1,27.245161,32.07,22.9,28.789999,73.69678,21.265806,3.0567744
Kalutara,2004,2,27.817932,33.07,23.37,30.24,69.18621,22.69724,2.6272414
Kalutara,2004,3,28.15129,33.64,23.72,31.76,72.99838,23.55,2.872903
Kalutara,2004,4,27.95,32.24,25.04,132.88,80.65867,21.446001,3.0193334
Kalutara,2004,5,27.586775,30.45,25.55,193.51,84.03968,18.658066,6.26742
Kalutara,2004,6,27.006,29.54,24.87,93.66,84.00933,20.309332,6.086
Kalutara,2004,7,26.446774,28.96,24.38,85.2,84.49,20.067421,6.5164514
Kalutara,2004,8,26.779676,29.92,24.65,72.25,82.82613,20.860645,6.3838706
Kalutara,2004,9,26.393333,29.3,24.45,281.3,84.99633,18.598333,5.4036665
Kalutara,2004,10,26.370646,30.02,24.32,276.21,86.29484,20.25742,3.8216128
Kalutara,2004,11,26.464333,30.58,23.88,235.81999,85.26833,17.484999,3.3203332
Kalutara,2004,12,25.806774,29.61,20.67,156.12,82.43936,18.522259,3.455484
Kalutara,2005,1,26.013548,29.99,21.64,88.8,81.77516,19.023226,3.7032259
Kalutara,2005,2,26.548214,31.18,21.32,35.06,76.93072,23.383928,2.5064285
Kalutara,2005,3,27.491936,31.37,23.24,135.25,79.093544,22.66742,2.3570967
Kalutara,2005,4,27.496668,30.82,25.47,133.05,83.44033,22.512667,2.806
Kalutara,2005,5,27.796452,30.54,25.83,193.54001,84.64774,19.623549,4.937097
Kalutara,2005,6,27.044334,29.19,25.01,135.19,86.33667,19.362333,6.453
Kalutara,2005,7,26.257095,28.79,24.52,119.729996,87.98355,19.83355,5.9451613
Kalutara,2005,8,26.783226,29.23,24.97,32.86,84.30354,22.134838,5.55129
Kalutara,2005,9,26.365334,29.1,24.64,88.880005,85.54867,21.168333,5.9613333
Kalutara,2005,10,26.366129,29.12,24.76,293.51,86.57452,18.474194,4.9335485
Kalutara,2005,11,25.785,28.79,22.61,386.47998,87.197,15.467333,4.7430005
Kalutara,2005,12,25.705807,28.81,21.11,126.92,83.17839,19.036451,4.0551615
Kalutara,2006,1,25.267096,29.19,19.69,192.64,82.426125,19.801613,3.3209677
Kalutara,2006,2,26.328571,30.1,22.19,63.22,80.54536,21.545359,2.7067857
Kalutara,2006,3,26.933226,30.76,23.47,114.97,81.966125,22.170324,2.389355
Kalutara,2006,4,27.312,30.17,25.2,65.75,83.02333,21.484001,3.687667
Kalutara,2006,5,27.204838,29.93,25.17,180.79,84.68419,18.771935,5.2225804
Kalutara,2006,6,26.869333,29.01,25.01,114.55,85.82633,19.656,5.5566664
Kalutara,2006,7,26.174839,28.33,24.2,120.880005,87.90484,19.264517,5.812258
Kalutara,2006,8,26.229677,28.81,24.2,189.36,86.97516,19.506453,5.2058067
Kalutara,2006,9,26.311666,28.48,24.6,170.3,86.14367,20.090666,5.3043337
Kalutara,2006,10,26.247095,29.73,24.19,438.76,85.34548,20.518387,3.6299999
Kalutara,2006,11,26.256,29.46,23.94,375.08,85.93467,18.838335,2.4286666
Kalutara,2006,12,26.02129,29.98,20.18,213.71,82.75871,15.715807,3.8851614
Kalutara,2007,1,25.65516,29.87,20.64,108.49,79.9142,19.77871,3.3045163
Kalutara,2007,2,25.988214,29.93,21.18,18.17,77.5475,23.384644,2.4221427
Kalutara,2007,3,26.902903,31.47,21.94,28.52,76.40193,24.619999,1.9196774
Kalutara,2007,4,27.172333,30.18,25.03,318.94,84.31234,21.324333,2.7776668
Kalutara,2007,5,27.53774,29.93,25.49,111.8,85.410324,20.679031,5.0867743
Kalutara,2007,6,26.882332,29.68,24.41,181.15,86.340996,18.446333,5.489
Kalutara,2007,7,26.232258,28.7,23.84,110.01,87.43581,19.83355,5.6396775
Kalutara,2007,8,26.254194,28.38,24.76,188.48,86.94806,18.963871,5.2751613
Kalutara,2007,9,26.399666,28.39,23.99,179.14,86.51667,19.687666,5.5016665
Kalutara,2007,10,25.96871,28.3,24.13,378.83,87.021614,17.167742,4.98258
Kalutara,2007,11,26.147667,29.92,22.15,173.78,82.371666,19.991333,3.4343333
Kalutara,2007,12,25.755484,29.97,21.81,181.14,82.74871,17.633871,3.6245162
Kalutara,2008,1,25.599678,29.66,21.18,68.75,81.81548,19.874838,2.889355
Kalutara,2008,2,26.328964,30.19,21.94,104.58,78.05897,21.944483,2.104138
Kalutara,2008,3,26.307741,29.61,22.3,256.85,84.5171,20.677097,3.044516
Kalutara,2008,4,26.753332,29.56,24.62,392.65,85.21333,20.388668,3.4313333
Kalutara,2008,5,27.03387,28.96,25.15,110.29,85.8071,19.897419,5.3777423
Kalutara,2008,6,26.555332,28.34,24.91,201.77,86.92133,17.44,5.25
Kalutara,2008,7,26.167097,28.43,24.56,203.21,87.66226,19.310968,5.6499996
Kalutara,2008,8,26.000322,28.01,24.12,115.36,87.1929,20.375162,4.9129033
Kalutara,2008,9,26.445667,28.93,24.73,79.46,85.585,22.528666,4.5276666
Kalutara,2008,10,26.663872,29.19,23.82,255.29,83.078064,19.829033,3.6648388
Kalutara,2008,11,26.442999,30.02,23.1,208.51,82.48866,18.157001,3.5303333
Kalutara,2008,12,25.851936,29.35,21.06,119.05,82.01194,19.275162,3.4564517
Kalutara,2009,1,25.550968,29.6,21.01,31.91,77.13258,21.005161,3.2729032
Kalutara,2009,2,26.02857,31.04,21.63,6.81,74.73143,23.98643,2.3625
Kalutara,2009,3,26.989355,32.19,23.93,179.93,80.05419,23.880968,1.9054838
Kalutara,2009,4,27.587334,30.87,25.26,210.48,83.32433,21.404667,3.6156666
Kalutara,2009,5,27.421936,29.54,25.57,254.53,86.73935,19.210966,5.776129
Kalutara,2009,6,26.754667,28.82,24.73,223.78,86.91433,19.006,6.396333
Kalutara,2009,7,26.234194,28.54,24.74,109.42,87.270004,19.74258,5.523226
Kalutara,2009,8,26.269354,28.28,24.31,173.05,87.37742,20.214838,5.7593546
Kalutara,2009,9,26.492334,28.6,24.82,177.67,86.59467,21.795666,5.8166666
Kalutara,2009,10,26.546774,30.2,24.23,171.28,81.80354,21.721613,3.3129032
Kalutara,2009,11,26.294,29.59,22.92,440.95,84.71467,16.276,3.4623334
Kalutara,2009,12,26.277098,29.73,23.88,175.0,84.76742,18.443226,3.3396773
Kalutara,2010,1,25.835485,30.16,20.93,109.880005,80.73387,20.796452,3.618387
Kalutara,2010,2,26.663572,31.57,22.03,66.83,77.87142,22.124285,2.3910713
Kalutara,2010,3,27.467419,32.0,22.93,110.72,76.742584,23.203548,2.2864516
Kalutara,2010,4,27.788334,31.0,25.25,324.73,83.236,20.970667,2.8133333
Kalutara,2010,5,27.698711,30.73,25.9,498.58002,86.81774,17.165483,4.9987097
Kalutara,2010,6,26.902,29.48,25.11,241.72,86.49467,19.199667,5.7326665
Kalutara,2010,7,26.132257,28.29,24.51,188.61,88.21194,18.449354,5.5048385
Kalutara,2010,8,25.911936,27.82,24.1,163.62,89.69225,19.464838,5.786452
Kalutara,2010,9,26.015665,28.17,24.22,220.09,87.61833,19.749666,4.886
Kalutara,2010,10,26.07871,28.61,23.71,229.72,85.799675,21.077742,5.3819356
Kalutara,2010,11,25.839333,28.8,23.7,520.25,86.68667,16.999,3.714
Kalutara,2010,12,25.53774,28.73,23.38,385.43,85.17419,15.665161,4.0906453
Kalutara,2011,1,25.33742,29.29,20.62,246.06999,85.63516,17.463224,4.080645
Kalutara,2011,2,25.814285,29.52,22.65,180.81,84.065,19.729643,3.4892857
Kalutara,2011,3,26.71484,30.26,23.42,204.73,82.58064,22.969032,2.9
Kalutara,2011,4,26.658667,29.85,24.49,378.87,85.28567,20.870333,3.3246665
Kalutara,2011,5,27.20226,29.67,25.5,193.45,86.63516,21.225807,5.14
Kalutara,2011,6,26.877,28.67,25.37,126.689995,86.635666,21.052334,5.476667
Kalutara,2011,7,26.126127,28.07,24.5,134.11,88.116776,19.227741,5.3474193
Kalutara,2011,8,26.241936,28.45,24.35,165.49,86.728065,20.80129,5.410645
Kalutara,2011,9,26.398998,28.89,24.58,151.11,86.043335,21.592001,5.128
Kalutara,2011,10,26.409033,29.29,24.33,256.32,84.88258,21.636774,3.4187095
Kalutara,2011,11,26.528332,29.99,23.54,326.22,82.64833,17.920332,2.9819999
Kalutara,2011,12,26.06387,29.68,22.53,157.2,82.36774,17.778065,3.4641936
Kalutara,2012,1,25.640001,29.38,20.82,69.630005,77.34161,21.940323,2.4345162
Kalutara,2012,2,26.159655,29.9,21.68,130.95,78.818275,20.394484,2.1072414
Kalutara,2012,3,26.97613,30.58,23.54,156.52,79.246445,23.56968,2.3000002
Kalutara,2012,4,27.185667,29.92,25.04,398.75,83.701004,19.249,3.3593333
Kalutara,2012,5,27.197096,29.74,24.83,114.82,83.55775,21.682903,5.460323
Kalutara,2012,6,26.717001,28.76,24.59,146.63,86.58766,19.289333,5.912
Kalutara,2012,7,26.530968,28.63,25.06,97.33,86.697426,21.12742,5.7219357
Kalutara,2012,8,26.459354,28.66,24.55,227.14,85.214516,20.308388,5.3251615
Kalutara,2012,9,26.477667,29.07,24.67,240.9,85.65,18.912666,5.071
Kalutara,2012,10,26.309677,29.59,23.99,493.12,85.577415,19.796774,3.7329032
Kalutara,2012,11,26.430666,29.79,24.25,349.46,83.60367,18.999666,2.8279998
Kalutara,2012,12,26.019033,29.28,22.33,282.9,83.94807,17.30258,2.7687097
Kalutara,2013,1,25.839033,29.53,21.46,120.1,81.49516,19.464838,3.4264517
Kalutara,2013,2,26.262144,29.98,22.19,154.52,80.02143,21.558573,2.660357
Kalutara,2013,3,27.326128,30.73,23.22,214.83,80.966125,22.361935,1.856129
Kalutara,2013,4,27.781,30.27,25.3,214.67,82.78933,22.762667,2.9683335
Kalutara,2013,5,27.218065,29.62,25.83,292.11,87.79645,17.97,5.799032
Kalutara,2013,6,26.253,27.94,24.56,313.31,89.293335,17.283333,6.3886666
Kalutara,2013,7,25.971613,27.57,24.6,211.06,88.93065,18.792904,5.67
Kalutara,2013,8,25.925806,27.96,24.55,76.659996,88.36387,21.596775,5.5580645
Kalutara,2013,9,26.177,28.62,24.53,216.49,86.27901,19.562,5.5593333
Kalutara,2013,10,26.323547,28.61,24.19,246.97,86.44613,20.319033,4.689355
Kalutara,2013,11,26.551,29.95,23.77,242.58,81.88167,19.275,2.4293332
Kalutara,2013,12,25.903225,29.53,21.92,103.71,82.80613,17.52097,3.7603226
Kalutara,2014,1,25.84,29.6,21.06,85.01,80.87323,20.915483,3.3525805
Kalutara,2014,2,26.240356,31.11,20.22,31.880001,75.93893,23.42393,2.2617857
Kalutara,2014,3,27.290323,32.24,22.6,88.26,75.48161,23.814516,2.2280645
Kalutara,2014,4,27.365,30.91,24.72,228.21,83.916,22.162333,2.9133334
Kalutara,2014,5,27.48871,30.0,25.68,189.27,85.52451,18.7,4.663871
Kalutara,2014,6,27.216667,28.93,25.9,207.34,87.432335,19.299665,6.3840003
Kalutara,2014,7,26.649355,28.51,24.96,86.59,87.88839,20.714838,6.1925807
Kalutara,2014,8,26.154516,28.38,24.33,283.46,86.70774,19.390968,5.487742
Kalutara,2014,9,26.463335,28.39,24.79,256.6,86.61967,21.436,5.188
Kalutara,2014,10,26.240322,29.35,24.4,484.14,87.268715,19.064838,3.842258
Kalutara,2014,11,26.140665,29.75,23.82,299.75,84.59634,16.345667,3.2066665
Kalutara,2014,12,26.032259,29.6,23.68,352.85,86.577736,15.976774,3.1029034
Kalutara,2015,1,25.821936,29.13,21.59,45.49,79.037094,21.883226,2.6787097
Kalutara,2015,2,26.044643,29.65,21.26,153.56,79.83929,22.428213,2.4478571
Kalutara,2015,3,27.154194,31.0,23.11,182.03,78.22484,23.67742,1.9096774
Kalutara,2015,4,27.361332,30.21,24.88,379.16998,83.51167,23.100334,2.59
Kalutara,2015,5,27.443548,29.63,25.44,188.67,86.15032,19.904516,4.4358063
Kalutara,2015,6,27.249666,29.23,25.67,163.04,86.60133,19.077,4.884667
Kalutara,2015,7,26.763548,28.96,24.57,110.25,86.80807,19.900644,5.5709677
Kalutara,2015,8,26.774517,28.67,24.53,142.15,86.0442,20.969032,5.5419354
Kalutara,2015,9,26.529333,28.95,24.51,344.46,86.82867,17.953667,4.952
Kalutara,2015,10,26.430967,29.46,23.6,501.43002,87.38516,19.85484,3.6696775
Kalutara,2015,11,26.472332,29.72,24.53,500.41,86.18467,17.955,3.1973333
Kalutara,2015,12,26.641613,30.23,23.34,264.25,84.327415,18.217419,2.7706451
Kalutara,2016,1,26.579355,30.87,22.19,81.35,80.409676,20.433872,2.9796774
Kalutara,2016,2,27.034138,30.98,21.59,104.94,78.701385,21.95345,2.2
Kalutara,2016,3,27.946129,31.45,24.79,106.229996,79.02678,24.194517,2.0174193
Kalutara,2016,4,28.508,31.46,25.74,172.55,82.316,23.887,2.6790001
Kalutara,2016,5,27.904839,31.41,25.52,536.47,85.44678,16.706776,4.9187098
Kalutara,2016,6,26.982332,29.42,25.13,117.15,86.69467,20.386332,6.259333
Kalutara,2016,7,26.341934,28.72,24.32,88.13,87.51097,20.865162,5.4919353
Kalutara,2016,8,26.458065,28.75,24.7,51.09,86.80484,22.285807,6.4016128
Kalutara,2016,9,26.172667,28.33,24.14,42.62,85.691666,22.963665,6.051
Kalutara,2016,10,26.460001,28.9,24.54,146.93,84.369675,21.362257,4.819032
Kalutara,2016,11,26.268667,29.93,23.29,352.25,84.28666,17.323334,3.063
Kalutara,2016,12,26.21484,30.18,20.91,100.87,80.503555,19.603226,3.5683873
Kalutara,2017,1,25.518711,30.1,19.98,86.69,77.21903,20.78774,3.3735485
Kalutara,2017,2,26.161072,31.25,21.17,90.86,75.097855,21.8775,2.4357142
Kalutara,2017,3,26.926773,30.8,23.71,239.73999,81.492584,23.687742,2.441613
Kalutara,2017,4,27.702333,30.46,25.38,114.91,83.649666,23.503,3.7316666
Kalutara,2017,5,27.559032,30.17,25.4,332.82,84.992905,19.640322,4.8825808
Kalutara,2017,6,26.818333,28.65,25.53,104.42,87.121994,19.545,5.699667
Kalutara,2017,7,26.914839,28.9,25.24,53.43,85.85097,20.79774,5.705161
Kalutara,2017,8,26.626451,28.57,24.9,125.04,86.44774,21.096128,5.843871
Kalutara,2017,9,26.527668,28.87,24.93,182.52,86.23701,19.828333,5.3486667
Kalutara,2017,10,26.760323,29.01,24.78,250.08,86.31581,18.97484,4.6035485
Kalutara,2017,11,26.439333,29.57,24.32,448.85,85.126,16.091,3.4826667
Kalutara,2017,12,26.179678,29.87,22.69,242.72,82.0871,19.41355,2.9380646
Kalutara,2018,1,25.682259,29.64,20.24,39.53,77.50291,20.213871,2.8748388
Kalutara,2018,2,26.429642,30.63,21.71,134.95,78.722145,23.378214,2.0732143
Kalutara,2018,3,27.165161,30.93,23.41,187.13,80.716125,21.567097,2.3764515
Kalutara,2018,4,27.513334,30.83,24.72,341.91,83.06834,21.448334,2.48
Kalutara,2018,5,27.139032,30.47,25.15,416.25,86.84871,16.442904,4.464516
Kalutara,2018,6,26.791332,28.42,24.72,179.19,88.06333,19.095,6.0323334
Kalutara,2018,7,26.15355,28.22,24.35,96.68,89.04258,20.41258,5.717742
Kalutara,2018,8,25.75742,27.66,24.1,110.54,89.20774,20.158386,5.7419353
Kalutara,2018,9,26.342669,28.79,24.5,141.47,84.395004,21.512333,4.3953333
Kalutara,2018,10,26.18129,28.74,24.16,340.14,86.69096,17.494839,3.5280645
Kalutara,2018,11,26.405333,29.92,23.64,348.76,84.88966,18.027334,2.9416666
Kalutara,2018,12,26.140322,29.95,21.73,178.24,81.61258,18.54871,3.1948388
Kalutara,2019,1,25.999353,30.11,21.28,70.63,79.746445,21.38871,3.4903226
Kalutara,2019,2,26.837143,31.21,21.91,172.25,80.3725,22.810358,2.320357
Kalutara,2019,3,27.461935,32.14,23.05,73.549995,76.799355,24.258387,2.1122582
Kalutara,2019,4,27.917667,31.83,24.47,270.92,79.866,22.140665,2.5533333
Kalutara,2019,5,27.895485,30.03,26.08,126.05,84.97452,19.676773,4.792581
Kalutara,2019,6,27.82,29.97,26.3,124.28,84.13367,18.486334,5.9146667
Kalutara,2019,7,27.000322,29.39,24.93,106.38,85.156136,20.06129,5.1667743
Kalutara,2019,8,26.714193,29.05,23.74,278.95,84.85903,16.86484,5.8006454
Kalutara,2019,9,26.577333,29.32,24.2,378.34,86.20367,17.476332,4.463667
Kalutara,2019,10,26.193548,29.55,24.27,586.2,86.64967,17.016453,3.236774
Kalutara,2019,11,26.742668,30.5,24.33,407.13998,84.656,19.652668,2.2516668
Kalutara,2019,12,26.572903,30.03,23.3,301.06,83.27775,17.700644,2.2432258
Kalutara,2020,1,26.652258,30.65,22.3,74.74,79.269035,21.606451,2.6351614
Kalutara,2020,2,26.927588,31.23,22.07,39.29,77.60724,22.800346,2.4093103
Kalutara,2020,3,27.654192,31.58,23.37,66.79,77.327736,24.07355,2.1196773
Kalutara,2020,4,28.166332,32.18,23.9,208.34,80.19933,24.023668,2.5590003
Kalutara,2020,5,27.963549,31.81,26.32,385.31,85.28355,18.088387,4.7641935
Kalutara,2020,6,27.402668,29.44,24.75,141.22,84.756996,19.913,5.6833334
Kalutara,2020,7,26.607098,28.86,24.13,149.51,85.77678,17.473549,5.1351614
Kalutara,2020,8,26.59871,29.1,25.11,149.87,86.75548,20.595484,4.919355
Kalutara,2020,9,26.501667,28.58,24.68,284.52,86.52534,17.572332,5.4976664
Kalutara,2020,10,26.666452,28.79,24.92,125.63,85.91806,21.187096,5.171613
Kalutara,2020,11,26.873999,30.82,24.29,342.09,84.242,19.029333,2.845
Kalutara,2020,12,26.458708,29.74,23.08,230.48001,83.22,18.370646,3.1309676
Kalutara,2021,1,25.99742,29.78,22.36,283.12,83.19387,17.495483,2.682903
Kalutara,2021,2,26.5725,30.37,21.68,56.68,80.32214,23.561428,3.0510714
Kalutara,2021,3,26.880001,30.87,22.75,238.96,78.189354,21.884193,1.9674194
Kalutara,2021,4,27.51,30.36,24.94,186.79001,83.46,23.155333,3.129
Kalutara,2021,5,27.590645,30.34,25.68,403.91,85.64742,18.964193,4.7477417
Kalutara,2021,6,27.060667,28.87,25.38,194.23,86.351,20.463335,5.704
Kalutara,2021,7,26.713871,28.57,25.08,196.7,87.53129,19.411613,6.1390324
Kalutara,2021,8,26.396128,28.34,24.75,194.93001,87.43161,19.624193,5.549032
Kalutara,2021,9,26.789333,29.17,25.42,200.06,86.58866,20.069668,5.71
Kalutara,2021,10,26.57387,28.81,24.57,404.3,87.10258,18.429356,4.6383867
Kalutara,2021,11,26.321999,29.16,24.24,457.61002,86.30933,15.841001,4.5593333
Kalutara,2021,12,26.550968,30.09,22.0,164.81,81.19322,20.16,2.5819354
Kalutara,2022,1,26.519032,30.26,22.06,145.59,80.73903,21.440968,2.676774
Kalutara,2022,2,26.375357,30.25,21.99,180.54,78.86072,21.824999,2.6857142
Kalutara,2022,3,27.173872,30.5,23.18,134.64,80.97549,23.148066,3.3829033
Kalutara,2022,4,27.353666,29.96,24.96,390.11,84.84334,20.511,2.9203334
Kalutara,2022,5,27.492905,29.77,25.71,319.02,86.99387,17.52387,6.2606454
Kalutara,2022,6,26.826332,29.22,25.04,148.76,86.849335,19.205666,5.912333
Kalutara,2022,7,26.28871,28.74,24.51,132.78,87.12323,18.700968,5.834516
Kalutara,2022,8,26.041935,28.27,24.15,189.52,87.729034,20.291935,6.1616125
Kalutara,2022,9,26.329,28.8,24.52,92.26,86.35367,22.234999,5.364
Kalutara,2022,10,26.330645,29.54,23.94,290.81,85.478386,18.03,5.2158065
Kalutara,2022,11,26.232,29.45,23.37,290.52,83.20733,17.531668,3.3576667
Kalutara,2022,12,26.08387,29.48,22.33,224.97,83.46,16.170645,4.1516128
Kalutara,2023,1,25.551613,29.3,20.82,127.94,80.23161,19.303226,3.8374193
Kalutara,2023,2,26.15607,30.32,20.22,155.95,80.03571,21.34,3.2964287
Kalutara,2023,3,27.259033,30.79,23.32,177.19,80.09194,22.670322,2.2187097
Kalutara,2023,4,27.926666,31.49,24.74,225.75,80.501335,23.243,2.2406666
Kalutara,2023,5,27.757742,30.15,25.61,259.5,85.370964,19.113548,4.7438707
Kalutara,2023,6,27.512333,29.4,25.87,164.83,86.415665,19.226002,6.1169996
Kalutara,2023,7,26.945162,29.13,25.26,103.520004,87.65387,20.097097,5.595161
Kalutara,2023,8,27.173872,29.77,25.52,98.28,85.812256,22.134838,5.221613
Kalutara,2023,9,26.866667,29.14,25.22,448.46,85.92834,15.812333,5.4283338
Kalutara,2023,10,26.505806,29.73,24.42,638.24,86.71903,16.386774,3.3296773
Kalutara,2023,11,26.85,30.18,24.7,549.43,85.156334,18.658333,2.314
Kalutara,2023,12,26.953226,30.75,23.8,428.52002,86.0929,17.128063,3.155484
Kalutara,2024,1,26.562258,30.47,21.7,280.7,81.66452,19.523226,2.5709677
Kalutara,2024,2,27.285862,31.53,21.9,59.760002,80.98069,22.713448,2.8748276
Kalutara,2024,3,27.936453,31.77,24.04,96.33,77.156456,23.731613,1.8845162
Kalutara,2024,4,28.637333,32.71,25.76,194.6,82.272995,22.441334,2.4036667
Kalutara,2024,5,28.298063,31.16,26.28,370.11,85.70774,15.976451,5.324839
Kalutara,2024,6,27.542667,29.4,25.86,157.36,86.96333,18.325335,5.7073336
Kalutara,2024,7,27.359678,29.29,25.09,120.84,86.588066,17.535807,5.2435484
Kalutara,2024,8,27.02871,29.35,25.22,170.92,86.09742,18.779034,5.1796775
Kalutara,2024,9,27.312,29.79,25.18,109.909996,86.17867,20.525,5.584
Kalutara,2024,10,26.975483,29.72,24.85,210.67,86.451614,18.107098,4.3722577
Kalutara,2024,11,26.828667,30.32,24.64,408.32,85.74733,16.384666,4.205
Kalutara,2024,12,26.884838,30.08,23.68,133.34,83.630325,18.898066,3.384516
Kalutara,2025,1,26.088387,29.56,21.84,183.18001,84.69903,15.820322,3.771613
Kalutara,2025,2,26.851786,31.29,21.92,100.57,78.27679,23.160715,2.6557143
Kalutara,2025,3,27.39516,31.34,23.09,348.93,80.51,22.122257,2.175484
Kalutara,2025,4,27.529333,30.05,25.45,317.51,85.708664,21.235332,3.3976667
Kalutara,2025,5,27.80871,29.83,25.95,224.26,86.29742,16.887096,4.8803225
Kalutara,2025,6,27.221334,29.16,25.47,112.86,87.552,19.949667,5.488667
Kalutara,2025,7,26.683872,28.9,24.73,88.92,88.79,19.953548,5.9538713
Kalutara,2025,8,26.430967,28.99,24.74,85.51,87.50259,21.946774,5.3196774
Kalutara,2025,9,26.858667,29.02,24.95,173.0,86.46067,21.112667,5.1600003
Kalutara,2025,10,26.742905,29.37,25.03,465.41,86.104836,17.851934,3.8280644
Kalutara,2025,11,26.434334,29.74,23.93,713.31,85.736,17.326666,4.289
Kalutara,2025,12,26.220646,29.51,22.78,208.70999,83.354515,19.009678,3.4764514
Kandy,2000,1,23.428709,31.18,14.67,25.88,82.95839,16.510967,4.523871
Kandy,2000,2,25.428967,34.3,16.82,67.58,75.89,19.24931,2.862069
Kandy,2000,3,26.886127,36.52,18.58,25.6,68.28806,21.524193,2.6074195
Kandy,2000,4,27.544334,37.51,21.99,87.03,72.16033,21.375,3.2593334
Kandy,2000,5,27.349356,36.49,22.46,54.16,73.727425,20.041613,4.9064517
Kandy,2000,6,25.591667,31.69,22.01,57.1,78.621,17.555332,7.2190003
Kandy,2000,7,25.910645,35.28,21.65,125.65,75.8858,19.620321,6.5138707
Kandy,2000,8,24.990967,31.64,21.38,98.979996,81.42065,17.112904,6.5148387
Kandy,2000,9,25.357334,32.89,21.47,92.21,81.53933,18.848,4.887
Kandy,2000,10,25.013226,33.14,18.76,71.950005,81.57032,18.800646,4.3706455
Kandy,2000,11,24.536001,33.06,18.46,257.03,83.421,15.405,3.6269999
Kandy,2000,12,23.34742,29.4,17.0,114.11,87.36161,14.322258,4.077742
Kandy,2001,1,23.09742,28.75,16.36,148.79,88.25484,15.194193,4.1067743
Kandy,2001,2,22.971786,31.75,12.99,78.82,81.48964,21.195713,2.9785714
Kandy,2001,3,26.565805,37.56,16.23,2.49,68.74549,23.347742,2.84
Kandy,2001,4,27.219667,37.76,21.64,145.43,74.628334,19.866,1.8536667
Kandy,2001,5,26.663872,34.41,22.87,71.62,81.1071,20.67742,4.960645
Kandy,2001,6,25.348,30.89,21.56,122.81,83.69866,18.528666,6.407
Kandy,2001,7,24.863548,31.48,20.79,136.09999,83.55,17.70129,5.923226
Kandy,2001,8,25.436773,32.27,21.49,15.469999,81.14806,19.072903,6.5864515
Kandy,2001,9,25.775333,33.57,21.88,120.31,77.93933,19.444,5.638
Kandy,2001,10,25.095806,31.22,21.69,99.3,84.41968,17.402258,4.378387
Kandy,2001,11,24.344334,31.31,18.99,171.41,86.81433,17.556334,3.1556666
Kandy,2001,12,23.42645,30.21,16.68,133.78,86.89161,16.386774,3.8029032
Kandy,2002,1,23.510645,31.07,15.14,60.39,83.13548,17.27,3.9993548
Kandy,2002,2,24.35,32.02,15.74,83.28,80.6425,19.804998,4.4682145
Kandy,2002,3,26.687096,36.53,17.79,47.53,71.64806,22.445162,3.1612904
Kandy,2002,4,27.358,36.77,21.51,141.33,75.07101,19.949,1.681
Kandy,2002,5,26.420322,32.58,22.78,121.08,83.41452,18.362257,5.0983872
Kandy,2002,6,25.791332,32.78,22.45,62.73,82.75867,18.609335,6.089667
Kandy,2002,7,26.130001,32.48,22.33,21.93,77.19129,18.817421,7.216129
Kandy,2002,8,25.698065,33.56,21.88,77.04,78.30194,18.602903,6.160968
Kandy,2002,9,26.76,34.59,22.25,26.509998,72.654335,22.095333,5.551333
Kandy,2002,10,25.322258,34.87,20.81,245.75,83.26516,18.811935,3.1390321
Kandy,2002,11,24.350334,30.46,18.64,162.14,88.12667,16.645666,2.3406668
Kandy,2002,12,23.369678,29.48,16.21,244.73,90.675156,14.399355,3.919355
Kandy,2003,1,22.76484,29.1,16.36,99.14,89.451614,16.042257,4.142258
Kandy,2003,2,23.864286,30.48,16.85,63.909996,85.44036,20.212143,3.722857
Kandy,2003,3,25.447742,33.58,17.04,99.74,80.47097,21.790646,2.5719357
Kandy,2003,4,27.550999,36.23,20.58,86.16,73.39066,21.739666,1.9743333
Kandy,2003,5,26.694517,32.72,22.82,127.54,82.6029,18.79484,5.458387
Kandy,2003,6,26.011,32.77,22.43,59.27,81.57266,19.161001,5.6480002
Kandy,2003,7,25.641613,32.7,21.82,41.12,81.8871,17.700644,5.4174194
Kandy,2003,8,25.879354,33.22,21.86,28.529999,79.32,18.682259,5.959677
Kandy,2003,9,26.490334,35.22,22.43,53.31,75.53533,20.498333,5.843
Kandy,2003,10,26.228065,34.43,21.58,91.95,76.60871,19.78484,4.599677
Kandy,2003,11,24.466667,32.35,19.23,282.51,87.765,14.613667,3.7313335
Kandy,2003,12,23.64613,29.93,17.16,37.91,85.406136,18.042257,3.8583872
Kandy,2004,1,24.344193,32.27,16.49,53.93,79.90387,18.229677,4.44129
Kandy,2004,2,25.217241,34.83,16.39,50.66,72.397934,20.626896,3.776207
Kandy,2004,3,27.285482,37.27,16.92,48.34,68.40517,22.051935,2.8329031
Kandy,2004,4,28.021667,37.7,21.51,95.19,71.99067,21.485666,1.9606667
Kandy,2004,5,26.470646,33.82,22.89,139.19,80.15355,17.406775,6.0703225
Kandy,2004,6,25.649666,31.7,22.36,73.83,81.704,18.228666,6.5736666
Kandy,2004,7,25.580969,32.13,22.17,38.420002,79.68516,18.063227,6.645161
Kandy,2004,8,26.09645,33.11,22.37,26.05,76.76258,19.611614,6.6741934
Kandy,2004,9,25.543333,31.9,21.01,164.3,80.32934,17.386,4.786333
Kandy,2004,10,24.99258,31.29,21.47,238.94,86.424515,18.052904,3.653226
Kandy,2004,11,24.266666,28.96,20.84,242.24,90.97633,14.687333,3.6683333
Kandy,2004,12,22.996775,29.1,15.75,305.16998,90.00129,15.252582,4.1274195
Kandy,2005,1,22.994837,28.9,16.75,102.68,90.172585,16.542257,3.748387
Kandy,2005,2,23.3725,30.67,16.26,30.84,85.32143,22.316427,3.6875
Kandy,2005,3,25.505161,34.02,17.91,69.33,80.99065,21.609678,2.620645
Kandy,2005,4,26.563334,34.3,21.97,122.54,81.644005,20.292,2.0413334
Kandy,2005,5,27.105808,34.78,23.27,78.97,79.966774,20.141613,4.059355
Kandy,2005,6,26.185,32.26,22.51,57.77,81.45033,18.173,6.787667
Kandy,2005,7,25.585161,32.39,22.38,71.58,81.255806,17.529034,6.713871
Kandy,2005,8,26.292257,33.05,22.27,29.8,77.04645,20.183872,5.687097
Kandy,2005,9,25.789,33.05,22.06,81.35,79.166664,18.342669,6.4706664
Kandy,2005,10,25.261936,33.6,21.61,203.46,84.20709,18.562904,4.1629033
Kandy,2005,11,23.786665,28.79,18.31,339.87,91.29267,14.665,2.9666667
Kandy,2005,12,23.106773,28.65,15.9,115.979996,89.89484,15.630968,3.1403224
Kandy,2006,1,22.230646,27.65,13.61,196.32,90.29032,15.8090315,3.9645162
Kandy,2006,2,23.338215,30.4,17.49,62.35,88.15393,19.57893,3.6671429
Kandy,2006,3,25.014194,32.27,19.45,118.939995,84.11484,21.21613,2.2132258
Kandy,2006,4,26.466,34.27,21.49,59.47,79.00833,21.16,2.5363336
Kandy,2006,5,26.282581,34.45,22.55,109.07,80.65709,19.084839,5.0596776
Kandy,2006,6,26.200335,33.0,22.5,50.2,79.232666,19.623999,5.837333
Kandy,2006,7,25.378386,32.22,20.74,75.42,81.866135,17.59355,6.5341935
Kandy,2006,8,25.485483,33.6,21.06,116.72,80.33388,19.735483,6.0474195
Kandy,2006,9,25.206,30.93,21.94,90.22,82.472664,20.046667,5.199333
Kandy,2006,10,25.099356,32.16,20.78,352.63998,84.3,17.624838,3.6083872
Kandy,2006,11,24.111666,29.16,20.97,370.72,91.433334,17.133333,2.4973333
Kandy,2006,12,22.972902,27.84,15.88,200.55,90.29516,13.713549,4.523871
Kandy,2007,1,22.374193,27.89,15.83,132.77,88.90484,16.48129,4.4241934
Kandy,2007,2,23.292143,29.74,15.68,64.579994,85.042496,21.002142,3.1942859
Kandy,2007,3,24.999031,35.51,16.55,25.74,72.40129,24.376131,2.6709678
Kandy,2007,4,26.100334,34.58,21.88,242.59,83.383,19.511333,1.957
Kandy,2007,5,26.335161,32.8,22.3,36.69,83.21871,20.33258,4.682581
Kandy,2007,6,25.725334,33.51,21.82,98.45,82.933,17.704334,5.6123333
Kandy,2007,7,25.292257,30.98,21.78,78.7,82.68613,17.364515,5.9248385
Kandy,2007,8,25.560646,31.62,21.71,54.67,80.56,18.35484,5.793226
Kandy,2007,9,25.348999,31.6,20.64,102.49,82.80167,17.782665,5.8259997
Kandy,2007,10,24.567421,32.92,21.15,232.76,86.09645,16.986774,4.2116127
Kandy,2007,11,23.663,29.1,16.73,163.8,87.514,19.035334,2.5613332
Kandy,2007,12,22.934515,28.71,15.96,240.65,89.64613,14.102903,3.8603225
Kandy,2008,1,22.845806,28.94,15.49,118.450005,88.72549,16.219355,3.6332257
Kandy,2008,2,23.680344,29.68,15.9,113.69,85.03517,19.75276,3.0165515
Kandy,2008,3,24.423225,31.01,18.02,326.07,87.8971,18.383549,2.6190324
Kandy,2008,4,25.234333,31.61,20.28,215.55,87.654,19.639668,2.2216668
Kandy,2008,5,25.318386,29.71,21.96,26.08,88.355484,20.308064,4.9306455
Kandy,2008,6,24.892668,29.21,21.99,76.32,87.34067,17.753666,5.3733335
Kandy,2008,7,24.868065,30.1,20.97,89.75,85.6829,17.911936,6.0080647
Kandy,2008,8,25.175806,31.0,21.48,49.73,82.231285,18.28,5.2593546
Kandy,2008,9,25.637333,33.71,20.09,35.96,79.87967,21.476,5.051
Kandy,2008,10,25.785482,34.36,18.52,186.56,79.70387,18.589355,2.8529034
Kandy,2008,11,24.521667,31.66,19.08,171.52,84.78634,15.740333,2.9926667
Kandy,2008,12,23.082903,28.88,16.12,113.6,88.52419,16.417097,3.6254838
Kandy,2009,1,22.708387,31.0,16.06,66.28,83.242905,18.47613,4.0387096
Kandy,2009,2,24.677502,36.86,15.74,1.12,69.12,22.5625,3.2339287
Kandy,2009,3,26.143871,37.8,18.87,198.02,72.465805,22.39258,2.163871
Kandy,2009,4,26.098,33.7,21.33,186.19,84.111336,20.070333,3.0466666
Kandy,2009,5,26.18742,32.9,22.47,75.3,84.11903,18.056452,5.1551614
Kandy,2009,6,25.669,30.69,22.33,52.760002,83.19833,18.301666,6.926333
Kandy,2009,7,25.550322,33.38,22.2,35.0,80.671936,18.062904,6.397742
Kandy,2009,8,25.659355,32.28,21.59,107.54,81.13677,17.830969,5.774839
Kandy,2009,9,25.777668,33.87,22.36,67.71,80.51,19.518667,6.1896667
Kandy,2009,10,25.999678,34.51,18.75,144.76001,76.29742,20.385485,3.596774
Kandy,2009,11,24.262333,30.11,18.41,374.35,88.32166,15.498,2.8153334
Kandy,2009,12,23.821291,28.75,18.69,224.06,91.11161,13.971613,3.225484
Kandy,2010,1,22.834839,29.44,15.85,100.27,88.79548,17.923548,3.604516
Kandy,2010,2,23.501072,31.27,16.69,45.16,85.16607,20.964643,3.565
Kandy,2010,3,26.053226,35.5,16.04,87.880005,75.10161,22.21516,2.5858064
Kandy,2010,4,26.831667,34.54,22.2,236.03,81.141335,20.904,2.0283332
Kandy,2010,5,26.071611,31.5,22.48,176.57,88.269356,19.15742,4.299678
Kandy,2010,6,25.353,31.15,21.75,113.52,86.425,18.124666,5.853667
Kandy,2010,7,24.857098,30.68,21.51,120.270004,86.16774,18.070644,5.6467743
Kandy,2010,8,24.821291,29.9,21.46,132.62,85.99516,16.92613,6.013226
Kandy,2010,9,24.704,29.81,21.32,172.28,86.554665,17.942333,4.435667
Kandy,2010,10,24.290323,29.49,20.06,195.47,88.409355,18.506128,4.6454835
Kandy,2010,11,23.838335,29.49,20.08,500.66,90.170006,15.396,2.6563334
Kandy,2010,12,22.938387,27.98,18.57,445.57,92.63677,12.290646,3.5129032
Kandy,2011,1,22.594517,27.9,15.97,507.37,93.02451,12.993548,3.9919355
Kandy,2011,2,23.246786,29.21,17.32,369.71002,90.2975,17.073214,3.0853572
Kandy,2011,3,24.360968,30.71,15.69,121.37,85.64839,21.552904,2.5958066
Kandy,2011,4,25.005667,31.32,18.66,292.42,85.64433,19.918,2.226
Kandy,2011,5,25.541613,31.39,21.51,109.48,88.61064,20.83355,4.4674196
Kandy,2011,6,25.107666,29.96,21.38,40.21,87.372665,19.34,5.6806664
Kandy,2011,7,24.756128,29.66,22.2,48.239998,86.08613,17.659355,5.939032
Kandy,2011,8,25.224516,30.3,21.91,64.3,82.689354,18.140644,5.8209677
Kandy,2011,9,25.369999,32.35,21.32,96.5,82.32333,19.994999,5.6306667
Kandy,2011,10,25.291613,33.14,21.05,308.48,83.44129,19.391935,2.8941936
Kandy,2011,11,24.081333,30.02,18.24,251.70999,88.454666,16.170666,2.9873335
Kandy,2011,12,23.365484,28.94,17.56,193.14,89.88419,15.004193,3.4025807
Kandy,2012,1,22.53,28.81,15.87,51.02,86.54742,19.419355,3.1335483
Kandy,2012,2,23.474138,30.25,17.05,135.66,86.40345,18.760344,3.5134482
Kandy,2012,3,25.456774,32.9,15.52,74.62,75.71,22.760323,2.0080645
Kandy,2012,4,25.76,32.66,20.64,225.21,84.215,19.150667,2.375
Kandy,2012,5,26.098064,33.62,20.42,17.23,80.74,20.836775,5.588064
Kandy,2012,6,25.938,31.86,22.21,53.56,81.006,18.528332,6.6320004
Kandy,2012,7,25.851614,32.85,22.68,64.52,80.51645,19.135485,6.110645
Kandy,2012,8,25.836775,33.55,21.77,61.47,78.270966,19.324194,5.9787097
Kandy,2012,9,25.791332,33.61,21.76,76.48,78.92567,19.857332,5.4866667
Kandy,2012,10,25.31258,35.13,20.7,407.84,83.63,18.410967,3.0248387
Kandy,2012,11,24.311666,30.12,19.52,278.82,87.98966,16.806,2.3226666
Kandy,2012,12,23.437742,28.74,17.67,476.05,91.93613,13.99871,3.6148386
Kandy,2013,1,22.581291,28.26,15.98,299.3,91.3471,16.32742,3.8348389
Kandy,2013,2,23.393572,29.6,17.28,179.03,89.123215,18.87607,3.205
Kandy,2013,3,24.973225,31.57,18.97,147.04,86.57097,20.70129,2.4338708
Kandy,2013,4,26.176,31.91,21.14,145.8,84.456,21.45,1.8603333
Kandy,2013,5,25.749353,30.38,22.89,143.78,88.18,17.662258,4.850968
Kandy,2013,6,24.798,28.78,22.12,136.91,88.421,15.751,6.995333
Kandy,2013,7,24.459032,28.71,22.02,84.51,87.85387,17.236774,6.402258
Kandy,2013,8,24.917097,31.67,21.69,70.71,85.323875,19.088064,5.5441933
Kandy,2013,9,24.890333,31.85,21.13,114.61,84.686005,18.279667,5.9483333
Kandy,2013,10,25.191612,32.22,20.5,142.59,83.439674,19.888386,4.2880645
Kandy,2013,11,24.380667,30.2,18.9,184.87,85.95633,17.53,2.5410001
Kandy,2013,12,23.09355,28.84,17.5,133.23,88.99838,14.141935,3.6954837
Kandy,2014,1,22.972902,28.86,16.54,115.979996,87.30354,16.320322,3.9219356
Kandy,2014,2,24.333216,33.8,15.15,35.06,75.83143,21.6225,3.4767857
Kandy,2014,3,26.22903,37.25,18.03,35.62,69.99903,22.170324,3.6387098
Kandy,2014,4,27.679333,37.67,21.95,188.87,73.163,21.421999,1.5183333
Kandy,2014,5,26.029034,32.3,22.38,159.22,86.0529,19.440323,3.8519356
Kandy,2014,6,26.056,31.24,22.76,49.95,84.511,18.074001,6.5486665
Kandy,2014,7,25.900322,32.1,22.88,30.7,81.65517,18.235483,6.9903226
Kandy,2014,8,25.375807,32.48,21.6,105.58,81.172264,18.209032,5.739677
Kandy,2014,9,25.754,33.58,22.07,142.87,81.454,19.772667,4.9983335
Kandy,2014,10,24.860323,30.41,21.03,384.95,87.732254,17.846775,2.9051611
Kandy,2014,11,23.907665,29.65,18.84,318.43,90.15034,13.297,3.187
Kandy,2014,12,23.66742,28.8,20.4,693.58997,93.22129,11.695484,3.2232258
Kandy,2015,1,22.670967,28.68,16.53,13.54,88.88774,19.637096,3.2425807
Kandy,2015,2,23.257502,29.93,16.28,146.93001,88.07642,19.214285,3.4989285
Kandy,2015,3,24.534193,31.43,17.07,84.55,83.42839,22.66645,2.718387
Kandy,2015,4,25.931334,31.89,21.35,214.45,84.127335,21.099333,1.547
Kandy,2015,5,25.787418,30.47,21.88,135.06,87.26484,19.279676,3.7409678
Kandy,2015,6,25.601002,30.58,21.96,78.2,86.682,18.873667,5.042
Kandy,2015,7,25.747742,31.02,22.44,34.45,82.16129,19.084839,6.1641936
Kandy,2015,8,26.148708,32.95,22.22,74.84,79.550644,19.850323,5.729677
Kandy,2015,9,25.694,33.21,20.47,154.53,81.90034,18.617,4.7070003
Kandy,2015,10,24.998388,31.14,20.49,379.66,87.340645,17.47903,2.7412903
Kandy,2015,11,24.328,29.66,20.98,437.4,90.76333,15.1,2.5603333
Kandy,2015,12,24.174515,28.99,18.48,281.09,91.59226,15.061936,3.264516
Kandy,2016,1,23.148064,28.86,16.71,80.39,89.827415,18.45,3.6390321
Kandy,2016,2,23.951723,30.87,16.38,52.36,87.19069,20.083794,3.451724
Kandy,2016,3,26.30871,35.73,19.07,74.49,77.23678,23.035807,2.3270967
Kandy,2016,4,28.216333,36.56,21.84,83.61,75.687996,23.230001,1.5813333
Kandy,2016,5,26.799032,35.03,22.27,417.05,82.81581,17.064194,4.332258
Kandy,2016,6,25.45,30.08,22.62,53.85,86.25066,17.895666,6.621333
Kandy,2016,7,25.369678,30.75,21.92,43.329998,83.08258,18.410322,5.745484
Kandy,2016,8,25.934515,32.51,22.56,10.04,79.52387,19.279676,6.58871
Kandy,2016,9,26.153666,33.76,21.37,6.19,75.42734,19.583668,6.6803336
Kandy,2016,10,26.436451,35.2,20.85,73.69,73.82613,19.643871,4.2874193
Kandy,2016,11,24.423,31.67,18.63,234.8,86.56266,15.493,2.7796667
Kandy,2016,12,23.859999,30.55,16.19,71.59,83.91323,17.617098,3.2545161
Kandy,2017,1,23.60742,31.94,16.08,45.55,77.94968,17.680645,3.7148385
Kandy,2017,2,24.759644,35.46,16.16,61.56,71.519646,21.127142,3.472857
Kandy,2017,3,25.54484,33.56,18.17,220.76,80.05581,22.112257,2.0554838
Kandy,2017,4,27.366333,36.87,21.46,54.19,76.10667,23.279667,2.531
Kandy,2017,5,27.277098,36.03,22.67,130.3,77.47162,18.824839,4.079355
Kandy,2017,6,26.138666,32.84,23.04,46.43,80.60167,19.629,6.2636666
Kandy,2017,7,26.325161,33.43,22.77,35.96,78.328705,20.357098,5.870322
Kandy,2017,8,25.995483,32.36,21.6,114.11,79.9529,18.716452,5.903871
Kandy,2017,9,25.833668,33.48,22.15,83.82,80.85067,18.490665,4.927
Kandy,2017,10,25.749031,32.77,22.1,204.01,83.063225,17.558064,4.1474195
Kandy,2017,11,24.398998,31.05,18.7,221.5,88.527336,15.162667,3.27
Kandy,2017,12,23.579355,29.24,17.55,166.17,88.008064,17.41613,3.0551612
Kandy,2018,1,22.71613,29.57,15.9,36.12,85.05968,18.349998,3.1093547
Kandy,2018,2,24.273928,33.26,16.35,77.89,80.74036,20.910357,3.6650002
Kandy,2018,3,25.866129,34.52,18.58,94.17,77.649994,21.244516,2.744839
Kandy,2018,4,27.127,35.24,20.81,150.56999,76.63,21.598,1.7523333
Kandy,2018,5,25.869356,33.94,21.64,339.31,86.89033,17.250322,3.2293549
Kandy,2018,6,25.288,29.16,22.36,82.35,87.55933,18.278002,6.455
Kandy,2018,7,25.21226,30.76,22.34,38.71,83.3587,18.768064,6.5058064
Kandy,2018,8,25.172903,32.35,22.02,55.87,81.688065,17.697096,6.6787095
Kandy,2018,9,26.074001,35.47,21.07,84.79,76.61167,21.864,4.264
Kandy,2018,10,24.978065,33.12,20.54,196.51,85.47549,17.490322,2.263226
Kandy,2018,11,24.225668,29.84,18.89,284.11,88.94967,16.425,2.6923335
Kandy,2018,12,23.331291,28.98,16.72,127.34,89.742256,16.53,3.021613
Kandy,2019,1,22.71516,29.31,15.73,40.35,86.73968,19.710646,3.7277422
Kandy,2019,2,24.7925,32.78,17.25,103.74,83.57821,20.34107,3.3600001
Kandy,2019,3,26.873873,37.9,18.53,16.41,68.16129,24.137419,2.7193549
Kandy,2019,4,28.959333,38.69,21.16,90.11,64.438,21.745333,1.7266667
Kandy,2019,5,28.338709,36.93,22.88,17.960001,72.450966,21.861935,4.6867743
Kandy,2019,6,27.494333,35.75,23.75,43.86,75.271996,19.090668,6.549667
Kandy,2019,7,26.766453,35.23,22.29,54.8,75.43355,19.268711,5.9564514
Kandy,2019,8,25.885807,33.23,21.36,126.259995,78.67033,17.206453,6.5348387
Kandy,2019,9,25.591,33.5,20.9,190.0,81.82567,17.546667,4.4943333
Kandy,2019,10,24.738064,31.67,20.84,406.24,88.144196,16.428387,1.9932258
Kandy,2019,11,24.751333,29.94,20.02,314.12,88.86767,18.000668,2.6433334
Kandy,2019,12,23.887743,29.36,18.09,328.88998,91.89742,15.405806,3.560645
Kandy,2020,1,23.264517,29.41,16.56,51.25,88.24806,20.18613,3.673871
Kandy,2020,2,23.698277,30.69,16.29,23.369999,85.185165,21.23862,4.005862
Kandy,2020,3,26.565805,36.34,18.96,26.67,71.19322,23.630968,2.5887096
Kandy,2020,4,28.183666,36.99,18.98,115.45,71.337326,23.074333,2.039
Kandy,2020,5,26.823547,36.0,22.65,221.93,83.4229,18.29871,3.8777418
Kandy,2020,6,25.923668,31.2,21.76,102.6,83.187996,19.196333,5.7200003
Kandy,2020,7,25.215483,30.75,21.6,99.18,84.57935,17.720644,4.608387
Kandy,2020,8,25.661291,33.02,22.16,83.93,82.43839,19.824516,5.5496774
Kandy,2020,9,25.088335,30.96,21.83,162.88,84.36567,16.638,5.601
Kandy,2020,10,25.641935,32.57,20.58,69.96,81.90549,19.518387,5.0919356
Kandy,2020,11,24.911001,31.54,19.97,280.14,88.041336,16.948666,2.6343334
Kandy,2020,12,23.858387,29.71,18.5,319.81,90.228714,14.836452,3.5203226
Kandy,2021,1,23.36742,29.09,16.59,243.61,91.366135,15.866451,3.0706453
Kandy,2021,2,23.416784,30.83,15.93,60.51,87.64678,21.664999,3.5571427
Kandy,2021,3,24.542904,32.13,16.98,106.700005,83.53774,21.260967,2.8719354
Kandy,2021,4,26.135,32.79,20.34,142.76,83.28033,22.301332,2.169
Kandy,2021,5,25.93,31.8,22.42,266.52,87.4129,18.162256,4.066129
Kandy,2021,6,25.303,29.84,21.7,125.82,88.22767,20.312666,5.187
Kandy,2021,7,25.141935,29.35,22.37,152.82,87.87226,19.679356,5.912581
Kandy,2021,8,24.94387,29.99,20.63,105.58,86.48516,18.101292,5.6593547
Kandy,2021,9,25.427,31.0,22.46,130.33,85.61967,18.460667,5.299667
Kandy,2021,10,25.009678,29.98,21.38,327.97,87.43322,17.198065,3.9480646
Kandy,2021,11,24.205666,29.51,19.57,469.06,91.176,14.641666,3.4353333
Kandy,2021,12,23.601614,29.63,16.75,143.33,89.8187,18.668066,3.1954837
Kandy,2022,1,23.514194,29.71,16.39,115.5,87.687096,19.292904,3.3054838
Kandy,2022,2,23.304998,30.62,15.96,222.92,87.21571,20.222141,3.2675
Kandy,2022,3,25.117098,31.93,19.21,66.340004,85.479996,20.83258,2.6093547
Kandy,2022,4,25.893667,31.85,21.63,291.63998,85.82934,20.232,2.0363333
Kandy,2022,5,25.812258,30.45,22.03,131.3,88.01032,18.172903,5.9535484
Kandy,2022,6,25.257666,29.83,22.36,42.59,87.208336,19.083668,5.3543334
Kandy,2022,7,25.255163,30.61,22.01,112.4,83.980316,17.889032,5.268387
Kandy,2022,8,24.935162,31.96,21.62,189.64,85.12,18.10742,5.9241934
Kandy,2022,9,25.130667,31.86,21.29,80.03,84.179,20.026667,5.338667
Kandy,2022,10,24.806452,30.89,19.2,235.59,85.354515,16.647743,3.9964516
Kandy,2022,11,23.694,29.73,18.1,283.27,89.165665,16.948666,2.4796667
Kandy,2022,12,23.361935,29.0,18.21,290.08,90.323875,13.468387,3.5390322
Kandy,2023,1,22.171614,27.88,15.1,108.5,89.95258,17.29387,3.8674192
Kandy,2023,2,22.833927,29.07,15.47,127.22,88.75393,19.838928,3.8635714
Kandy,2023,3,25.055483,31.96,18.98,109.55,84.716125,20.932579,2.6509678
Kandy,2023,4,26.347332,32.38,20.27,159.7,81.628006,22.519999,1.9456667
Kandy,2023,5,25.956453,31.5,21.79,153.75,87.033875,19.676773,3.8741934
Kandy,2023,6,26.138666,31.18,22.11,59.53,84.59866,18.894335,5.881
Kandy,2023,7,26.075161,32.46,22.53,47.11,80.991936,18.506775,6.3170967
Kandy,2023,8,27.094517,35.42,22.48,41.62,75.26354,21.244194,5.548387
Kandy,2023,9,25.886333,33.17,21.99,218.3,81.55533,17.291332,5.5956664
Kandy,2023,10,25.099356,30.51,20.72,420.24,87.82194,17.139677,2.644516
Kandy,2023,11,24.963665,29.75,20.8,470.0,89.88833,17.064667,1.9890001
Kandy,2023,12,24.65355,30.1,20.24,467.58002,92.53161,14.037419,3.6783872
Kandy,2024,1,23.545483,29.66,16.69,295.37,90.94129,17.29613,3.4993548
Kandy,2024,2,24.430344,31.45,17.71,26.57,88.38897,21.16483,4.0868964
Kandy,2024,3,25.314194,34.55,17.36,33.63,80.47097,23.501612,2.8612902
Kandy,2024,4,28.583668,36.89,21.82,85.18,73.76134,21.915,1.8253332
Kandy,2024,5,27.577097,37.3,23.72,203.94,81.26194,16.619678,4.30129
Kandy,2024,6,26.521334,32.51,23.07,61.030003,82.806,17.945333,5.836
Kandy,2024,7,26.390644,32.83,21.67,50.07,80.4729,18.294516,6.230645
Kandy,2024,8,26.08,32.11,21.86,140.21,82.05291,18.494516,4.9467745
Kandy,2024,9,26.619,33.32,22.6,44.48,80.41234,19.499332,5.883333
Kandy,2024,10,25.889677,35.37,21.8,124.15,83.48419,17.772581,3.462258
Kandy,2024,11,24.941668,30.88,20.66,362.4,89.21533,15.133667,3.144
Kandy,2024,12,24.381937,29.33,18.85,145.98,89.64129,16.524517,2.797742
Kandy,2025,1,23.328064,29.07,18.39,287.07,91.61097,13.223548,4.031613
Kandy,2025,2,23.25357,29.44,16.51,62.089996,87.5625,22.242144,3.6632142
Kandy,2025,3,24.973225,31.24,16.57,203.12,85.12839,21.305483,2.601613
Kandy,2025,4,25.909,31.48,21.31,283.52,86.80633,20.048668,2.3673332
Kandy,2025,5,25.883549,31.16,21.73,196.84,87.53677,18.314838,4.6725807
Kandy,2025,6,25.526001,30.43,22.57,83.77,87.875336,19.017,5.935
Kandy,2025,7,25.286451,30.77,22.18,47.7,86.62613,19.017097,6.4219356
Kandy,2025,8,25.23613,31.8,21.79,60.9,84.549675,19.463224,5.514516
Kandy,2025,9,25.643333,31.65,22.47,156.65,83.319,19.234001,5.419667
Kandy,2025,10,25.112257,31.25,21.21,357.8,87.41677,18.225807,3.1051614
Kandy,2025,11,24.185333,30.72,19.83,746.66003,90.93367,14.978333,3.501
Kandy,2025,12,23.256775,29.61,18.17,165.45,91.25065,15.70871,3.4758065
Kegalle,2000,1,23.428709,31.18,14.67,25.88,82.95839,16.510967,4.523871
Kegalle,2000,2,25.428967,34.3,16.82,67.58,75.89,19.24931,2.862069
Kegalle,2000,3,26.886127,36.52,18.58,25.6,68.28806,21.524193,2.6074195
Kegalle,2000,4,27.544334,37.51,21.99,87.03,72.16033,21.375,3.2593334
Kegalle,2000,5,27.349356,36.49,22.46,54.16,73.727425,20.041613,4.9064517
Kegalle,2000,6,25.591667,31.69,22.01,57.1,78.621,17.555332,7.2190003
Kegalle,2000,7,25.910645,35.28,21.65,125.65,75.8858,19.620321,6.5138707
Kegalle,2000,8,24.990967,31.64,21.38,98.979996,81.42065,17.112904,6.5148387
Kegalle,2000,9,25.357334,32.89,21.47,92.21,81.53933,18.848,4.887
Kegalle,2000,10,25.013226,33.14,18.76,71.950005,81.57032,18.800646,4.3706455
Kegalle,2000,11,24.536001,33.06,18.46,257.03,83.421,15.405,3.6269999
Kegalle,2000,12,23.34742,29.4,17.0,114.11,87.36161,14.322258,4.077742
Kegalle,2001,1,23.09742,28.75,16.36,148.79,88.25484,15.194193,4.1067743
Kegalle,2001,2,22.971786,31.75,12.99,78.82,81.48964,21.195713,2.9785714
Kegalle,2001,3,26.565805,37.56,16.23,2.49,68.74549,23.347742,2.84
Kegalle,2001,4,27.219667,37.76,21.64,145.43,74.628334,19.866,1.8536667
Kegalle,2001,5,26.663872,34.41,22.87,71.62,81.1071,20.67742,4.960645
Kegalle,2001,6,25.348,30.89,21.56,122.81,83.69866,18.528666,6.407
Kegalle,2001,7,24.863548,31.48,20.79,136.09999,83.55,17.70129,5.923226
Kegalle,2001,8,25.436773,32.27,21.49,15.469999,81.14806,19.072903,6.5864515
Kegalle,2001,9,25.775333,33.57,21.88,120.31,77.93933,19.444,5.638
Kegalle,2001,10,25.095806,31.22,21.69,99.3,84.41968,17.402258,4.378387
Kegalle,2001,11,24.344334,31.31,18.99,171.41,86.81433,17.556334,3.1556666
Kegalle,2001,12,23.42645,30.21,16.68,133.78,86.89161,16.386774,3.8029032
Kegalle,2002,1,23.510645,31.07,15.14,60.39,83.13548,17.27,3.9993548
Kegalle,2002,2,24.35,32.02,15.74,83.28,80.6425,19.804998,4.4682145
Kegalle,2002,3,26.687096,36.53,17.79,47.53,71.64806,22.445162,3.1612904
Kegalle,2002,4,27.358,36.77,21.51,141.33,75.07101,19.949,1.681
Kegalle,2002,5,26.420322,32.58,22.78,121.08,83.41452,18.362257,5.0983872
Kegalle,2002,6,25.791332,32.78,22.45,62.73,82.75867,18.609335,6.089667
Kegalle,2002,7,26.130001,32.48,22.33,21.93,77.19129,18.817421,7.216129
Kegalle,2002,8,25.698065,33.56,21.88,77.04,78.30194,18.602903,6.160968
Kegalle,2002,9,26.76,34.59,22.25,26.509998,72.654335,22.095333,5.551333
Kegalle,2002,10,25.322258,34.87,20.81,245.75,83.26516,18.811935,3.1390321
Kegalle,2002,11,24.350334,30.46,18.64,162.14,88.12667,16.645666,2.3406668
Kegalle,2002,12,23.369678,29.48,16.21,244.73,90.675156,14.399355,3.919355
Kegalle,2003,1,22.76484,29.1,16.36,99.14,89.451614,16.042257,4.142258
Kegalle,2003,2,23.864286,30.48,16.85,63.909996,85.44036,20.212143,3.722857
Kegalle,2003,3,25.447742,33.58,17.04,99.74,80.47097,21.790646,2.5719357
Kegalle,2003,4,27.550999,36.23,20.58,86.16,73.39066,21.739666,1.9743333
Kegalle,2003,5,26.694517,32.72,22.82,127.54,82.6029,18.79484,5.458387
Kegalle,2003,6,26.011,32.77,22.43,59.27,81.57266,19.161001,5.6480002
Kegalle,2003,7,25.641613,32.7,21.82,41.12,81.8871,17.700644,5.4174194
Kegalle,2003,8,25.879354,33.22,21.86,28.529999,79.32,18.682259,5.959677
Kegalle,2003,9,26.490334,35.22,22.43,53.31,75.53533,20.498333,5.843
Kegalle,2003,10,26.228065,34.43,21.58,91.95,76.60871,19.78484,4.599677
Kegalle,2003,11,24.466667,32.35,19.23,282.51,87.765,14.613667,3.7313335
Kegalle,2003,12,23.64613,29.93,17.16,37.91,85.406136,18.042257,3.8583872
Kegalle,2004,1,24.344193,32.27,16.49,53.93,79.90387,18.229677,4.44129
Kegalle,2004,2,25.217241,34.83,16.39,50.66,72.397934,20.626896,3.776207
Kegalle,2004,3,27.285482,37.27,16.92,48.34,68.40517,22.051935,2.8329031
Kegalle,2004,4,28.021667,37.7,21.51,95.19,71.99067,21.485666,1.9606667
Kegalle,2004,5,26.470646,33.82,22.89,139.19,80.15355,17.406775,6.0703225
Kegalle,2004,6,25.649666,31.7,22.36,73.83,81.704,18.228666,6.5736666
Kegalle,2004,7,25.580969,32.13,22.17,38.420002,79.68516,18.063227,6.645161
Kegalle,2004,8,26.09645,33.11,22.37,26.05,76.76258,19.611614,6.6741934
Kegalle,2004,9,25.543333,31.9,21.01,164.3,80.32934,17.386,4.786333
Kegalle,2004,10,24.99258,31.29,21.47,238.94,86.424515,18.052904,3.653226
Kegalle,2004,11,24.266666,28.96,20.84,242.24,90.97633,14.687333,3.6683333
Kegalle,2004,12,22.996775,29.1,15.75,305.16998,90.00129,15.252582,4.1274195
Kegalle,2005,1,22.994837,28.9,16.75,102.68,90.172585,16.542257,3.748387
Kegalle,2005,2,23.3725,30.67,16.26,30.84,85.32143,22.316427,3.6875
Kegalle,2005,3,25.505161,34.02,17.91,69.33,80.99065,21.609678,2.620645
Kegalle,2005,4,26.563334,34.3,21.97,122.54,81.644005,20.292,2.0413334
Kegalle,2005,5,27.105808,34.78,23.27,78.97,79.966774,20.141613,4.059355
Kegalle,2005,6,26.185,32.26,22.51,57.77,81.45033,18.173,6.787667
Kegalle,2005,7,25.585161,32.39,22.38,71.58,81.255806,17.529034,6.713871
Kegalle,2005,8,26.292257,33.05,22.27,29.8,77.04645,20.183872,5.687097
Kegalle,2005,9,25.789,33.05,22.06,81.35,79.166664,18.342669,6.4706664
Kegalle,2005,10,25.261936,33.6,21.61,203.46,84.20709,18.562904,4.1629033
Kegalle,2005,11,23.786665,28.79,18.31,339.87,91.29267,14.665,2.9666667
Kegalle,2005,12,23.106773,28.65,15.9,115.979996,89.89484,15.630968,3.1403224
Kegalle,2006,1,22.230646,27.65,13.61,196.32,90.29032,15.8090315,3.9645162
Kegalle,2006,2,23.338215,30.4,17.49,62.35,88.15393,19.57893,3.6671429
Kegalle,2006,3,25.014194,32.27,19.45,118.939995,84.11484,21.21613,2.2132258
Kegalle,2006,4,26.466,34.27,21.49,59.47,79.00833,21.16,2.5363336
Kegalle,2006,5,26.282581,34.45,22.55,109.07,80.65709,19.084839,5.0596776
Kegalle,2006,6,26.200335,33.0,22.5,50.2,79.232666,19.623999,5.837333
Kegalle,2006,7,25.378386,32.22,20.74,75.42,81.866135,17.59355,6.5341935
Kegalle,2006,8,25.485483,33.6,21.06,116.72,80.33388,19.735483,6.0474195
Kegalle,2006,9,25.206,30.93,21.94,90.22,82.472664,20.046667,5.199333
Kegalle,2006,10,25.099356,32.16,20.78,352.63998,84.3,17.624838,3.6083872
Kegalle,2006,11,24.111666,29.16,20.97,370.72,91.433334,17.133333,2.4973333
Kegalle,2006,12,22.972902,27.84,15.88,200.55,90.29516,13.713549,4.523871
Kegalle,2007,1,22.374193,27.89,15.83,132.77,88.90484,16.48129,4.4241934
Kegalle,2007,2,23.292143,29.74,15.68,64.579994,85.042496,21.002142,3.1942859
Kegalle,2007,3,24.999031,35.51,16.55,25.74,72.40129,24.376131,2.6709678
Kegalle,2007,4,26.100334,34.58,21.88,242.59,83.383,19.511333,1.957
Kegalle,2007,5,26.335161,32.8,22.3,36.69,83.21871,20.33258,4.682581
Kegalle,2007,6,25.725334,33.51,21.82,98.45,82.933,17.704334,5.6123333
Kegalle,2007,7,25.292257,30.98,21.78,78.7,82.68613,17.364515,5.9248385
Kegalle,2007,8,25.560646,31.62,21.71,54.67,80.56,18.35484,5.793226
Kegalle,2007,9,25.348999,31.6,20.64,102.49,82.80167,17.782665,5.8259997
Kegalle,2007,10,24.567421,32.92,21.15,232.76,86.09645,16.986774,4.2116127
Kegalle,2007,11,23.663,29.1,16.73,163.8,87.514,19.035334,2.5613332
Kegalle,2007,12,22.934515,28.71,15.96,240.65,89.64613,14.102903,3.8603225
Kegalle,2008,1,22.845806,28.94,15.49,118.450005,88.72549,16.219355,3.6332257
Kegalle,2008,2,23.680344,29.68,15.9,113.69,85.03517,19.75276,3.0165515
Kegalle,2008,3,24.423225,31.01,18.02,326.07,87.8971,18.383549,2.6190324
Kegalle,2008,4,25.234333,31.61,20.28,215.55,87.654,19.639668,2.2216668
Kegalle,2008,5,25.318386,29.71,21.96,26.08,88.355484,20.308064,4.9306455
Kegalle,2008,6,24.892668,29.21,21.99,76.32,87.34067,17.753666,5.3733335
Kegalle,2008,7,24.868065,30.1,20.97,89.75,85.6829,17.911936,6.0080647
Kegalle,2008,8,25.175806,31.0,21.48,49.73,82.231285,18.28,5.2593546
Kegalle,2008,9,25.637333,33.71,20.09,35.96,79.87967,21.476,5.051
Kegalle,2008,10,25.785482,34.36,18.52,186.56,79.70387,18.589355,2.8529034
Kegalle,2008,11,24.521667,31.66,19.08,171.52,84.78634,15.740333,2.9926667
Kegalle,2008,12,23.082903,28.88,16.12,113.6,88.52419,16.417097,3.6254838
Kegalle,2009,1,22.708387,31.0,16.06,66.28,83.242905,18.47613,4.0387096
Kegalle,2009,2,24.677502,36.86,15.74,1.12,69.12,22.5625,3.2339287
Kegalle,2009,3,26.143871,37.8,18.87,198.02,72.465805,22.39258,2.163871
Kegalle,2009,4,26.098,33.7,21.33,186.19,84.111336,20.070333,3.0466666
Kegalle,2009,5,26.18742,32.9,22.47,75.3,84.11903,18.056452,5.1551614
Kegalle,2009,6,25.669,30.69,22.33,52.760002,83.19833,18.301666,6.926333
Kegalle,2009,7,25.550322,33.38,22.2,35.0,80.671936,18.062904,6.397742
Kegalle,2009,8,25.659355,32.28,21.59,107.54,81.13677,17.830969,5.774839
Kegalle,2009,9,25.777668,33.87,22.36,67.71,80.51,19.518667,6.1896667
Kegalle,2009,10,25.999678,34.51,18.75,144.76001,76.29742,20.385485,3.596774
Kegalle,2009,11,24.262333,30.11,18.41,374.35,88.32166,15.498,2.8153334
Kegalle,2009,12,23.821291,28.75,18.69,224.06,91.11161,13.971613,3.225484
Kegalle,2010,1,22.834839,29.44,15.85,100.27,88.79548,17.923548,3.604516
Kegalle,2010,2,23.501072,31.27,16.69,45.16,85.16607,20.964643,3.565
Kegalle,2010,3,26.053226,35.5,16.04,87.880005,75.10161,22.21516,2.5858064
Kegalle,2010,4,26.831667,34.54,22.2,236.03,81.141335,20.904,2.0283332
Kegalle,2010,5,26.071611,31.5,22.48,176.57,88.269356,19.15742,4.299678
Kegalle,2010,6,25.353,31.15,21.75,113.52,86.425,18.124666,5.853667
Kegalle,2010,7,24.857098,30.68,21.51,120.270004,86.16774,18.070644,5.6467743
Kegalle,2010,8,24.821291,29.9,21.46,132.62,85.99516,16.92613,6.013226
Kegalle,2010,9,24.704,29.81,21.32,172.28,86.554665,17.942333,4.435667
Kegalle,2010,10,24.290323,29.49,20.06,195.47,88.409355,18.506128,4.6454835
Kegalle,2010,11,23.838335,29.49,20.08,500.66,90.170006,15.396,2.6563334
Kegalle,2010,12,22.938387,27.98,18.57,445.57,92.63677,12.290646,3.5129032
Kegalle,2011,1,22.594517,27.9,15.97,507.37,93.02451,12.993548,3.9919355
Kegalle,2011,2,23.246786,29.21,17.32,369.71002,90.2975,17.073214,3.0853572
Kegalle,2011,3,24.360968,30.71,15.69,121.37,85.64839,21.552904,2.5958066
Kegalle,2011,4,25.005667,31.32,18.66,292.42,85.64433,19.918,2.226
Kegalle,2011,5,25.541613,31.39,21.51,109.48,88.61064,20.83355,4.4674196
Kegalle,2011,6,25.107666,29.96,21.38,40.21,87.372665,19.34,5.6806664
Kegalle,2011,7,24.756128,29.66,22.2,48.239998,86.08613,17.659355,5.939032
Kegalle,2011,8,25.224516,30.3,21.91,64.3,82.689354,18.140644,5.8209677
Kegalle,2011,9,25.369999,32.35,21.32,96.5,82.32333,19.994999,5.6306667
Kegalle,2011,10,25.291613,33.14,21.05,308.48,83.44129,19.391935,2.8941936
Kegalle,2011,11,24.081333,30.02,18.24,251.70999,88.454666,16.170666,2.9873335
Kegalle,2011,12,23.365484,28.94,17.56,193.14,89.88419,15.004193,3.4025807
Kegalle,2012,1,22.53,28.81,15.87,51.02,86.54742,19.419355,3.1335483
Kegalle,2012,2,23.474138,30.25,17.05,135.66,86.40345,18.760344,3.5134482
Kegalle,2012,3,25.456774,32.9,15.52,74.62,75.71,22.760323,2.0080645
Kegalle,2012,4,25.76,32.66,20.64,225.21,84.215,19.150667,2.375
Kegalle,2012,5,26.098064,33.62,20.42,17.23,80.74,20.836775,5.588064
Kegalle,2012,6,25.938,31.86,22.21,53.56,81.006,18.528332,6.6320004
Kegalle,2012,7,25.851614,32.85,22.68,64.52,80.51645,19.135485,6.110645
Kegalle,2012,8,25.836775,33.55,21.77,61.47,78.270966,19.324194,5.9787097
Kegalle,2012,9,25.791332,33.61,21.76,76.48,78.92567,19.857332,5.4866667
Kegalle,2012,10,25.31258,35.13,20.7,407.84,83.63,18.410967,3.0248387
Kegalle,2012,11,24.311666,30.12,19.52,278.82,87.98966,16.806,2.3226666
Kegalle,2012,12,23.437742,28.74,17.67,476.05,91.93613,13.99871,3.6148386
Kegalle,2013,1,22.581291,28.26,15.98,299.3,91.3471,16.32742,3.8348389
Kegalle,2013,2,23.393572,29.6,17.28,179.03,89.123215,18.87607,3.205
Kegalle,2013,3,24.973225,31.57,18.97,147.04,86.57097,20.70129,2.4338708
Kegalle,2013,4,26.176,31.91,21.14,145.8,84.456,21.45,1.8603333
Kegalle,2013,5,25.749353,30.38,22.89,143.78,88.18,17.662258,4.850968
Kegalle,2013,6,24.798,28.78,22.12,136.91,88.421,15.751,6.995333
Kegalle,2013,7,24.459032,28.71,22.02,84.51,87.85387,17.236774,6.402258
Kegalle,2013,8,24.917097,31.67,21.69,70.71,85.323875,19.088064,5.5441933
Kegalle,2013,9,24.890333,31.85,21.13,114.61,84.686005,18.279667,5.9483333
Kegalle,2013,10,25.191612,32.22,20.5,142.59,83.439674,19.888386,4.2880645
Kegalle,2013,11,24.380667,30.2,18.9,184.87,85.95633,17.53,2.5410001
Kegalle,2013,12,23.09355,28.84,17.5,133.23,88.99838,14.141935,3.6954837
Kegalle,2014,1,22.972902,28.86,16.54,115.979996,87.30354,16.320322,3.9219356
Kegalle,2014,2,24.333216,33.8,15.15,35.06,75.83143,21.6225,3.4767857
Kegalle,2014,3,26.22903,37.25,18.03,35.62,69.99903,22.170324,3.6387098
Kegalle,2014,4,27.679333,37.67,21.95,188.87,73.163,21.421999,1.5183333
Kegalle,2014,5,26.029034,32.3,22.38,159.22,86.0529,19.440323,3.8519356
Kegalle,2014,6,26.056,31.24,22.76,49.95,84.511,18.074001,6.5486665
Kegalle,2014,7,25.900322,32.1,22.88,30.7,81.65517,18.235483,6.9903226
Kegalle,2014,8,25.375807,32.48,21.6,105.58,81.172264,18.209032,5.739677
Kegalle,2014,9,25.754,33.58,22.07,142.87,81.454,19.772667,4.9983335
Kegalle,2014,10,24.860323,30.41,21.03,384.95,87.732254,17.846775,2.9051611
Kegalle,2014,11,23.907665,29.65,18.84,318.43,90.15034,13.297,3.187
Kegalle,2014,12,23.66742,28.8,20.4,693.58997,93.22129,11.695484,3.2232258
Kegalle,2015,1,22.670967,28.68,16.53,13.54,88.88774,19.637096,3.2425807
Kegalle,2015,2,23.257502,29.93,16.28,146.93001,88.07642,19.214285,3.4989285
Kegalle,2015,3,24.534193,31.43,17.07,84.55,83.42839,22.66645,2.718387
Kegalle,2015,4,25.931334,31.89,21.35,214.45,84.127335,21.099333,1.547
Kegalle,2015,5,25.787418,30.47,21.88,135.06,87.26484,19.279676,3.7409678
Kegalle,2015,6,25.601002,30.58,21.96,78.2,86.682,18.873667,5.042
Kegalle,2015,7,25.747742,31.02,22.44,34.45,82.16129,19.084839,6.1641936
Kegalle,2015,8,26.148708,32.95,22.22,74.84,79.550644,19.850323,5.729677
Kegalle,2015,9,25.694,33.21,20.47,154.53,81.90034,18.617,4.7070003
Kegalle,2015,10,24.998388,31.14,20.49,379.66,87.340645,17.47903,2.7412903
Kegalle,2015,11,24.328,29.66,20.98,437.4,90.76333,15.1,2.5603333
Kegalle,2015,12,24.174515,28.99,18.48,281.09,91.59226,15.061936,3.264516
Kegalle,2016,1,23.148064,28.86,16.71,80.39,89.827415,18.45,3.6390321
Kegalle,2016,2,23.951723,30.87,16.38,52.36,87.19069,20.083794,3.451724
Kegalle,2016,3,26.30871,35.73,19.07,74.49,77.23678,23.035807,2.3270967
Kegalle,2016,4,28.216333,36.56,21.84,83.61,75.687996,23.230001,1.5813333
Kegalle,2016,5,26.799032,35.03,22.27,417.05,82.81581,17.064194,4.332258
Kegalle,2016,6,25.45,30.08,22.62,53.85,86.25066,17.895666,6.621333
Kegalle,2016,7,25.369678,30.75,21.92,43.329998,83.08258,18.410322,5.745484
Kegalle,2016,8,25.934515,32.51,22.56,10.04,79.52387,19.279676,6.58871
Kegalle,2016,9,26.153666,33.76,21.37,6.19,75.42734,19.583668,6.6803336
Kegalle,2016,10,26.436451,35.2,20.85,73.69,73.82613,19.643871,4.2874193
Kegalle,2016,11,24.423,31.67,18.63,234.8,86.56266,15.493,2.7796667
Kegalle,2016,12,23.859999,30.55,16.19,71.59,83.91323,17.617098,3.2545161
Kegalle,2017,1,23.60742,31.94,16.08,45.55,77.94968,17.680645,3.7148385
Kegalle,2017,2,24.759644,35.46,16.16,61.56,71.519646,21.127142,3.472857
Kegalle,2017,3,25.54484,33.56,18.17,220.76,80.05581,22.112257,2.0554838
Kegalle,2017,4,27.366333,36.87,21.46,54.19,76.10667,23.279667,2.531
Kegalle,2017,5,27.277098,36.03,22.67,130.3,77.47162,18.824839,4.079355
Kegalle,2017,6,26.138666,32.84,23.04,46.43,80.60167,19.629,6.2636666
Kegalle,2017,7,26.325161,33.43,22.77,35.96,78.328705,20.357098,5.870322
Kegalle,2017,8,25.995483,32.36,21.6,114.11,79.9529,18.716452,5.903871
Kegalle,2017,9,25.833668,33.48,22.15,83.82,80.85067,18.490665,4.927
Kegalle,2017,10,25.749031,32.77,22.1,204.01,83.063225,17.558064,4.1474195
Kegalle,2017,11,24.398998,31.05,18.7,221.5,88.527336,15.162667,3.27
Kegalle,2017,12,23.579355,29.24,17.55,166.17,88.008064,17.41613,3.0551612
Kegalle,2018,1,22.71613,29.57,15.9,36.12,85.05968,18.349998,3.1093547
Kegalle,2018,2,24.273928,33.26,16.35,77.89,80.74036,20.910357,3.6650002
Kegalle,2018,3,25.866129,34.52,18.58,94.17,77.649994,21.244516,2.744839
Kegalle,2018,4,27.127,35.24,20.81,150.56999,76.63,21.598,1.7523333
Kegalle,2018,5,25.869356,33.94,21.64,339.31,86.89033,17.250322,3.2293549
Kegalle,2018,6,25.288,29.16,22.36,82.35,87.55933,18.278002,6.455
Kegalle,2018,7,25.21226,30.76,22.34,38.71,83.3587,18.768064,6.5058064
Kegalle,2018,8,25.172903,32.35,22.02,55.87,81.688065,17.697096,6.6787095
Kegalle,2018,9,26.074001,35.47,21.07,84.79,76.61167,21.864,4.264
Kegalle,2018,10,24.978065,33.12,20.54,196.51,85.47549,17.490322,2.263226
Kegalle,2018,11,24.225668,29.84,18.89,284.11,88.94967,16.425,2.6923335
Kegalle,2018,12,23.331291,28.98,16.72,127.34,89.742256,16.53,3.021613
Kegalle,2019,1,22.71516,29.31,15.73,40.35,86.73968,19.710646,3.7277422
Kegalle,2019,2,24.7925,32.78,17.25,103.74,83.57821,20.34107,3.3600001
Kegalle,2019,3,26.873873,37.9,18.53,16.41,68.16129,24.137419,2.7193549
Kegalle,2019,4,28.959333,38.69,21.16,90.11,64.438,21.745333,1.7266667
Kegalle,2019,5,28.338709,36.93,22.88,17.960001,72.450966,21.861935,4.6867743
Kegalle,2019,6,27.494333,35.75,23.75,43.86,75.271996,19.090668,6.549667
Kegalle,2019,7,26.766453,35.23,22.29,54.8,75.43355,19.268711,5.9564514
Kegalle,2019,8,25.885807,33.23,21.36,126.259995,78.67033,17.206453,6.5348387
Kegalle,2019,9,25.591,33.5,20.9,190.0,81.82567,17.546667,4.4943333
Kegalle,2019,10,24.738064,31.67,20.84,406.24,88.144196,16.428387,1.9932258
Kegalle,2019,11,24.751333,29.94,20.02,314.12,88.86767,18.000668,2.6433334
Kegalle,2019,12,23.887743,29.36,18.09,328.88998,91.89742,15.405806,3.560645
Kegalle,2020,1,23.264517,29.41,16.56,51.25,88.24806,20.18613,3.673871
Kegalle,2020,2,23.698277,30.69,16.29,23.369999,85.185165,21.23862,4.005862
Kegalle,2020,3,26.565805,36.34,18.96,26.67,71.19322,23.630968,2.5887096
Kegalle,2020,4,28.183666,36.99,18.98,115.45,71.337326,23.074333,2.039
Kegalle,2020,5,26.823547,36.0,22.65,221.93,83.4229,18.29871,3.8777418
Kegalle,2020,6,25.923668,31.2,21.76,102.6,83.187996,19.196333,5.7200003
Kegalle,2020,7,25.215483,30.75,21.6,99.18,84.57935,17.720644,4.608387
Kegalle,2020,8,25.661291,33.02,22.16,83.93,82.43839,19.824516,5.5496774
Kegalle,2020,9,25.088335,30.96,21.83,162.88,84.36567,16.638,5.601
Kegalle,2020,10,25.641935,32.57,20.58,69.96,81.90549,19.518387,5.0919356
Kegalle,2020,11,24.911001,31.54,19.97,280.14,88.041336,16.948666,2.6343334
Kegalle,2020,12,23.858387,29.71,18.5,319.81,90.228714,14.836452,3.5203226
Kegalle,2021,1,23.36742,29.09,16.59,243.61,91.366135,15.866451,3.0706453
Kegalle,2021,2,23.416784,30.83,15.93,60.51,87.64678,21.664999,3.5571427
Kegalle,2021,3,24.542904,32.13,16.98,106.700005,83.53774,21.260967,2.8719354
Kegalle,2021,4,26.135,32.79,20.34,142.76,83.28033,22.301332,2.169
Kegalle,2021,5,25.93,31.8,22.42,266.52,87.4129,18.162256,4.066129
Kegalle,2021,6,25.303,29.84,21.7,125.82,88.22767,20.312666,5.187
Kegalle,2021,7,25.141935,29.35,22.37,152.82,87.87226,19.679356,5.912581
Kegalle,2021,8,24.94387,29.99,20.63,105.58,86.48516,18.101292,5.6593547
Kegalle,2021,9,25.427,31.0,22.46,130.33,85.61967,18.460667,5.299667
Kegalle,2021,10,25.009678,29.98,21.38,327.97,87.43322,17.198065,3.9480646
Kegalle,2021,11,24.205666,29.51,19.57,469.06,91.176,14.641666,3.4353333
Kegalle,2021,12,23.601614,29.63,16.75,143.33,89.8187,18.668066,3.1954837
Kegalle,2022,1,23.514194,29.71,16.39,115.5,87.687096,19.292904,3.3054838
Kegalle,2022,2,23.304998,30.62,15.96,222.92,87.21571,20.222141,3.2675
Kegalle,2022,3,25.117098,31.93,19.21,66.340004,85.479996,20.83258,2.6093547
Kegalle,2022,4,25.893667,31.85,21.63,291.63998,85.82934,20.232,2.0363333
Kegalle,2022,5,25.812258,30.45,22.03,131.3,88.01032,18.172903,5.9535484
Kegalle,2022,6,25.257666,29.83,22.36,42.59,87.208336,19.083668,5.3543334
Kegalle,2022,7,25.255163,30.61,22.01,112.4,83.980316,17.889032,5.268387
Kegalle,2022,8,24.935162,31.96,21.62,189.64,85.12,18.10742,5.9241934
Kegalle,2022,9,25.130667,31.86,21.29,80.03,84.179,20.026667,5.338667
Kegalle,2022,10,24.806452,30.89,19.2,235.59,85.354515,16.647743,3.9964516
Kegalle,2022,11,23.694,29.73,18.1,283.27,89.165665,16.948666,2.4796667
Kegalle,2022,12,23.361935,29.0,18.21,290.08,90.323875,13.468387,3.5390322
Kegalle,2023,1,22.171614,27.88,15.1,108.5,89.95258,17.29387,3.8674192
Kegalle,2023,2,22.833927,29.07,15.47,127.22,88.75393,19.838928,3.8635714
Kegalle,2023,3,25.055483,31.96,18.98,109.55,84.716125,20.932579,2.6509678
Kegalle,2023,4,26.347332,32.38,20.27,159.7,81.628006,22.519999,1.9456667
Kegalle,2023,5,25.956453,31.5,21.79,153.75,87.033875,19.676773,3.8741934
Kegalle,2023,6,26.138666,31.18,22.11,59.53,84.59866,18.894335,5.881
Kegalle,2023,7,26.075161,32.46,22.53,47.11,80.991936,18.506775,6.3170967
Kegalle,2023,8,27.094517,35.42,22.48,41.62,75.26354,21.244194,5.548387
Kegalle,2023,9,25.886333,33.17,21.99,218.3,81.55533,17.291332,5.5956664
Kegalle,2023,10,25.099356,30.51,20.72,420.24,87.82194,17.139677,2.644516
Kegalle,2023,11,24.963665,29.75,20.8,470.0,89.88833,17.064667,1.9890001
Kegalle,2023,12,24.65355,30.1,20.24,467.58002,92.53161,14.037419,3.6783872
Kegalle,2024,1,23.545483,29.66,16.69,295.37,90.94129,17.29613,3.4993548
Kegalle,2024,2,24.430344,31.45,17.71,26.57,88.38897,21.16483,4.0868964
Kegalle,2024,3,25.314194,34.55,17.36,33.63,80.47097,23.501612,2.8612902
Kegalle,2024,4,28.583668,36.89,21.82,85.18,73.76134,21.915,1.8253332
Kegalle,2024,5,27.577097,37.3,23.72,203.94,81.26194,16.619678,4.30129
Kegalle,2024,6,26.521334,32.51,23.07,61.030003,82.806,17.945333,5.836
Kegalle,2024,7,26.390644,32.83,21.67,50.07,80.4729,18.294516,6.230645
Kegalle,2024,8,26.08,32.11,21.86,140.21,82.05291,18.494516,4.9467745
Kegalle,2024,9,26.619,33.32,22.6,44.48,80.41234,19.499332,5.883333
Kegalle,2024,10,25.889677,35.37,21.8,124.15,83.48419,17.772581,3.462258
Kegalle,2024,11,24.941668,30.88,20.66,362.4,89.21533,15.133667,3.144
Kegalle,2024,12,24.381937,29.33,18.85,145.98,89.64129,16.524517,2.797742
Kegalle,2025,1,23.328064,29.07,18.39,287.07,91.61097,13.223548,4.031613
Kegalle,2025,2,23.25357,29.44,16.51,62.089996,87.5625,22.242144,3.6632142
Kegalle,2025,3,24.973225,31.24,16.57,203.12,85.12839,21.305483,2.601613
Kegalle,2025,4,25.909,31.48,21.31,283.52,86.80633,20.048668,2.3673332
Kegalle,2025,5,25.883549,31.16,21.73,196.84,87.53677,18.314838,4.6725807
Kegalle,2025,6,25.526001,30.43,22.57,83.77,87.875336,19.017,5.935
Kegalle,2025,7,25.286451,30.77,22.18,47.7,86.62613,19.017097,6.4219356
Kegalle,2025,8,25.23613,31.8,21.79,60.9,84.549675,19.463224,5.514516
Kegalle,2025,9,25.643333,31.65,22.47,156.65,83.319,19.234001,5.419667
Kegalle,2025,10,25.112257,31.25,21.21,357.8,87.41677,18.225807,3.1051614
Kegalle,2025,11,24.185333,30.72,19.83,746.66003,90.93367,14.978333,3.501
Kegalle,2025,12,23.256775,29.61,18.17,165.45,91.25065,15.70871,3.4758065
Kilinochchi,2000,1,25.826128,28.29,22.37,30.74,78.88258,16.330322,6.4412904
Kilinochchi,2000,2,26.908619,29.67,24.54,61.52,77.89517,19.824827,5.0406895
Kilinochchi,2000,3,27.98484,31.36,24.87,5.56,73.83097,22.899677,4.3406453
Kilinochchi,2000,4,29.732666,34.23,26.45,37.65,72.295006,22.927,4.477667
Kilinochchi,2000,5,30.08645,33.98,27.45,37.84,72.33839,21.943548,6.2312903
Kilinochchi,2000,6,28.725668,31.94,26.35,26.93,75.520996,19.933332,8.447333
Kilinochchi,2000,7,28.989677,32.57,26.19,106.0,72.27968,20.743225,7.4654837
Kilinochchi,2000,8,27.856773,31.11,25.51,26.68,78.78871,20.01387,8.217096
Kilinochchi,2000,9,28.146667,31.86,25.89,88.99,78.95334,20.215,6.013
Kilinochchi,2000,10,27.785807,31.19,25.71,97.64,78.00548,18.568386,5.5693545
Kilinochchi,2000,11,27.51,29.9,24.83,264.27,77.14333,15.160334,6.2813334
Kilinochchi,2000,12,26.015806,28.91,23.67,104.68,79.22419,14.922903,6.742581
Kilinochchi,2001,1,25.481289,27.38,23.26,69.74,81.422585,14.681935,6.434516
Kilinochchi,2001,2,25.880358,30.64,22.74,49.25,78.09107,21.455,4.0810714
Kilinochchi,2001,3,28.324194,34.44,25.17,0.68,72.24806,23.113873,4.044516
Kilinochchi,2001,4,28.943333,32.32,26.77,161.05,75.957664,20.855001,3.394667
Kilinochchi,2001,5,29.60871,32.94,27.62,31.22,78.98871,22.694195,7.039677
Kilinochchi,2001,6,28.495667,32.02,26.79,101.850006,79.83933,19.861334,8.173333
Kilinochchi,2001,7,28.330969,31.64,26.15,67.3,77.8629,19.589678,7.112581
Kilinochchi,2001,8,28.410322,31.5,26.16,21.07,78.68065,21.561935,7.6706448
Kilinochchi,2001,9,28.442667,32.7,25.74,57.57,76.72099,20.799334,6.8529997
Kilinochchi,2001,10,27.943226,31.44,26.09,157.58,79.62323,17.281935,5.250645
Kilinochchi,2001,11,27.277,30.67,25.5,249.44,80.77367,15.208333,4.7963333
Kilinochchi,2001,12,26.29774,28.63,24.43,250.66,80.21774,14.0170965,6.443548
Kilinochchi,2002,1,25.942259,28.45,23.23,39.9,79.48775,16.779034,5.488387
Kilinochchi,2002,2,26.3775,29.18,23.02,63.32,78.66821,19.865713,5.970357
Kilinochchi,2002,3,27.780968,32.0,24.52,11.77,76.212585,23.359032,4.3041935
Kilinochchi,2002,4,29.056667,32.68,26.57,115.94,77.01667,21.903332,3.2943335
Kilinochchi,2002,5,29.335806,32.65,27.02,57.29,79.66387,21.490969,7.238065
Kilinochchi,2002,6,29.049665,32.76,27.07,37.29,77.867,20.689333,7.514
Kilinochchi,2002,7,29.433226,32.88,26.87,11.05,73.09742,21.071291,8.02258
Kilinochchi,2002,8,28.79871,32.78,26.47,25.81,74.726776,20.873226,7.806774
Kilinochchi,2002,9,29.382,33.25,26.47,19.08,70.576004,22.593666,7.088667
Kilinochchi,2002,10,27.743872,30.88,25.77,311.19,81.51419,18.03387,4.8038707
Kilinochchi,2002,11,26.661001,29.52,24.75,180.04,84.344,15.5130005,4.195667
Kilinochchi,2002,12,26.243872,28.22,23.78,187.39,81.323875,13.641935,6.426774
Kilinochchi,2003,1,25.789354,27.64,23.04,62.66,78.43484,16.588387,6.3112903
Kilinochchi,2003,2,26.6575,29.05,23.96,60.75,79.33857,20.550356,5.2603574
Kilinochchi,2003,3,27.77484,31.55,24.17,33.96,76.63807,21.750969,4.2535486
Kilinochchi,2003,4,29.575666,33.68,26.62,73.89,72.69933,22.540667,3.8583333
Kilinochchi,2003,5,29.310968,32.8,27.08,112.21,79.03065,19.13,7.225161
Kilinochchi,2003,6,28.990334,32.18,27.15,13.21,78.039665,21.876001,7.9166665
Kilinochchi,2003,7,28.696453,31.5,26.87,39.45,77.76516,18.95516,6.8864512
Kilinochchi,2003,8,28.425484,31.55,26.23,53.54,79.17968,19.240322,6.7929034
Kilinochchi,2003,9,28.728,32.37,26.35,43.36,76.11366,22.083668,6.2943335
Kilinochchi,2003,10,28.209354,31.73,26.26,123.57,78.714836,18.993225,5.850645
Kilinochchi,2003,11,27.269001,29.54,24.85,347.59,82.373665,12.488333,6.023333
Kilinochchi,2003,12,26.521612,28.81,23.96,44.489998,78.43387,16.689678,6.239678
Kilinochchi,2004,1,26.125162,28.68,23.09,10.8,76.28935,18.852581,5.941613
Kilinochchi,2004,2,26.35414,29.8,22.68,14.179999,73.34414,21.333794,5.5003448
Kilinochchi,2004,3,28.165161,33.33,23.3,22.1,73.799034,22.455807,4.289677
Kilinochchi,2004,4,29.872334,35.5,27.32,71.38,72.83467,22.932333,3.5123334
Kilinochchi,2004,5,28.851614,31.66,26.79,159.01,80.34645,18.24258,7.023871
Kilinochchi,2004,6,28.646334,32.06,26.73,26.73,77.96433,21.077333,8.511
Kilinochchi,2004,7,28.340322,31.53,26.05,37.86,77.53065,20.161291,7.4329033
Kilinochchi,2004,8,28.700323,32.06,26.63,44.27,75.828384,20.831291,7.422903
Kilinochchi,2004,9,28.003,31.45,25.61,122.52,80.058,17.538334,6.164334
Kilinochchi,2004,10,27.696129,31.31,25.51,262.62,81.67742,17.605484,5.047097
Kilinochchi,2004,11,27.226665,29.02,25.7,289.99,83.10567,13.488,6.278
Kilinochchi,2004,12,26.08742,28.12,23.61,246.48999,79.10807,14.706451,6.656774
Kilinochchi,2005,1,25.999353,27.99,23.88,105.07,78.66258,16.924839,5.6570964
Kilinochchi,2005,2,26.538572,29.11,23.78,2.1399999,77.14715,22.243214,5.1621428
Kilinochchi,2005,3,28.064838,32.48,24.89,41.53,76.978714,22.185806,4.173871
Kilinochchi,2005,4,28.738667,31.94,26.04,180.52,79.64666,19.931,3.7653334
Kilinochchi,2005,5,29.509678,32.91,27.11,57.75,79.61581,21.50258,5.8103223
Kilinochchi,2005,6,29.155333,32.03,26.95,21.37,79.060005,20.567333,8.759667
Kilinochchi,2005,7,28.488064,31.42,26.51,35.56,79.3171,20.268064,8.583871
Kilinochchi,2005,8,28.949032,32.3,26.61,46.96,75.09516,22.185806,6.9145164
Kilinochchi,2005,9,28.548334,31.81,26.28,33.02,77.646996,20.074333,7.7206664
Kilinochchi,2005,10,28.244194,31.8,26.41,197.25,79.131935,17.21516,4.7841935
Kilinochchi,2005,11,26.566668,29.38,24.8,453.06,84.63267,11.940001,5.300333
Kilinochchi,2005,12,26.001612,28.0,23.98,118.7,82.40517,15.5180645,5.745806
Kilinochchi,2006,1,25.254194,27.1,22.51,88.35,81.25548,16.283226,5.6087093
Kilinochchi,2006,2,26.069643,29.14,23.7,16.08,78.51072,20.51393,5.198929
Kilinochchi,2006,3,27.749353,32.09,25.03,84.21,77.39774,21.704838,3.7309678
Kilinochchi,2006,4,29.359001,33.52,26.49,63.45,73.30334,22.514,3.6483333
Kilinochchi,2006,5,29.248388,32.79,26.88,50.43,77.98838,21.494837,7.1712904
Kilinochchi,2006,6,29.199667,32.72,27.06,20.380001,75.586334,21.169668,7.399333
Kilinochchi,2006,7,28.893227,32.53,26.38,18.52,75.25162,19.773548,8.104194
Kilinochchi,2006,8,28.574839,32.61,26.19,68.02,75.86452,22.147097,8.4458065
Kilinochchi,2006,9,27.941,31.68,26.01,89.27,79.95334,20.08,7.0256667
Kilinochchi,2006,10,27.754839,31.47,25.46,295.67,80.71871,17.989677,5.144516
Kilinochchi,2006,11,26.867,28.59,25.5,289.26,84.60367,15.593,4.609
Kilinochchi,2006,12,26.490646,28.51,23.89,70.18,75.53,15.968387,6.778387
Kilinochchi,2007,1,25.846128,28.73,23.62,32.49,75.72065,16.710966,6.377742
Kilinochchi,2007,2,26.515715,30.41,23.45,43.69,74.92179,20.249285,5.1335716
Kilinochchi,2007,3,27.575485,32.35,24.38,5.4300003,71.716774,24.149033,4.4490323
Kilinochchi,2007,4,28.834002,32.35,26.29,83.37,77.060005,22.109999,3.5926666
Kilinochchi,2007,5,29.85742,33.24,27.49,17.71,75.70903,21.654194,6.790323
Kilinochchi,2007,6,29.101332,33.53,26.92,66.4,77.720665,18.341667,7.3830004
Kilinochchi,2007,7,28.558388,31.68,26.1,30.64,77.73968,19.290646,7.783871
Kilinochchi,2007,8,28.352257,31.65,26.59,54.52,77.70903,21.01,7.649032
Kilinochchi,2007,9,28.305666,31.2,26.14,83.93,78.83967,20.394665,7.376
Kilinochchi,2007,10,27.483871,31.58,25.6,328.58,80.881294,17.607098,5.1432257
Kilinochchi,2007,11,26.774666,28.73,24.89,146.9,79.081665,17.394665,4.5536666
Kilinochchi,2007,12,26.087744,28.15,22.6,267.93,80.37,14.650968,6.3880644
Kilinochchi,2008,1,25.628063,28.35,22.94,20.34,78.54484,18.46129,5.2064514
Kilinochchi,2008,2,26.550001,28.82,23.86,75.28,77.44138,19.632757,4.9082756
Kilinochchi,2008,3,27.053547,29.79,24.55,223.77,82.16129,19.404194,4.6641936
Kilinochchi,2008,4,28.245333,31.79,26.1,96.11,79.91167,21.744333,4.0273333
Kilinochchi,2008,5,28.74,31.53,27.03,12.85,82.01419,22.434515,7.81
Kilinochchi,2008,6,28.853666,32.13,26.92,28.130001,77.61567,21.140001,8.135667
Kilinochchi,2008,7,28.623226,32.09,26.34,42.36,76.72097,20.917742,7.419355
Kilinochchi,2008,8,28.307096,31.63,26.08,53.81,77.26225,19.931936,6.6132255
Kilinochchi,2008,9,28.944334,32.62,26.6,16.43,73.59434,21.522,7.0693336
Kilinochchi,2008,10,28.260323,32.77,25.95,173.45,76.64484,19.231936,4.2996774
Kilinochchi,2008,11,27.474333,30.72,25.43,284.71,78.794,14.335667,5.7413335
Kilinochchi,2008,12,26.404194,28.09,24.17,170.66,78.536446,15.388388,5.9364514
Kilinochchi,2009,1,25.899033,27.87,23.71,30.710001,74.53258,17.650322,5.797742
Kilinochchi,2009,2,26.285715,30.92,23.49,0.24000001,71.03393,22.95643,4.497857
Kilinochchi,2009,3,27.721613,31.7,24.51,101.93,75.2671,22.280323,3.8690324
Kilinochchi,2009,4,29.215334,33.18,26.88,95.44,77.31567,21.431,4.3896666
Kilinochchi,2009,5,29.422258,33.51,27.31,32.28,78.83291,20.768064,6.753226
Kilinochchi,2009,6,28.973,32.55,27.02,11.059999,76.135,22.175,9.313666
Kilinochchi,2009,7,28.8,32.27,26.62,20.86,74.868065,19.913872,8.464516
Kilinochchi,2009,8,28.61129,32.07,25.82,93.66,77.20968,20.624838,6.868387
Kilinochchi,2009,9,28.632666,32.65,26.51,35.42,77.597664,21.915,7.574333
Kilinochchi,2009,10,28.466774,32.39,26.1,102.29,73.13903,20.485483,5.1725807
Kilinochchi,2009,11,27.352,29.77,25.86,414.31,82.181,15.810667,4.7556667
Kilinochchi,2009,12,26.610645,28.51,24.6,345.05,82.98741,12.965484,6.023226
Kilinochchi,2010,1,25.951612,27.77,23.45,65.31,78.90452,18.400644,5.7129035
Kilinochchi,2010,2,26.291428,29.59,23.63,2.15,77.57821,20.678572,4.7725
Kilinochchi,2010,3,28.47129,32.98,23.82,24.65,73.02516,23.295483,4.0183873
Kilinochchi,2010,4,30.058,34.09,27.56,107.4,74.84,22.514334,3.7406666
Kilinochchi,2010,5,29.980646,33.97,27.79,87.21,78.21323,20.7,6.4170966
Kilinochchi,2010,6,29.261665,33.2,26.95,46.24,76.82866,20.305666,7.917
Kilinochchi,2010,7,28.960966,32.02,26.59,54.69,73.98161,20.51097,7.14871
Kilinochchi,2010,8,28.661936,32.02,26.29,125.65,77.11,19.106451,6.5903225
Kilinochchi,2010,9,28.046999,31.74,25.77,187.35,78.957,19.107332,5.4566665
Kilinochchi,2010,10,27.729677,31.02,25.89,136.13,82.464836,18.90645,5.9419355
Kilinochchi,2010,11,26.928333,29.94,25.52,451.4,83.37034,14.168667,3.9643333
Kilinochchi,2010,12,26.086128,28.38,23.42,458.61002,84.619354,11.521613,6.0141935
Kilinochchi,2011,1,25.581934,27.25,23.04,241.01,82.29388,14.146773,6.737097
Kilinochchi,2011,2,26.041428,28.42,24.34,186.46,80.34215,17.251785,5.368214
Kilinochchi,2011,3,27.353226,31.06,24.42,14.89,78.089035,22.855484,4.2564516
Kilinochchi,2011,4,28.347332,31.78,25.48,217.21,77.83933,20.692333,3.4483333
Kilinochchi,2011,5,28.914515,32.1,25.99,25.84,81.287415,22.748388,6.6574197
Kilinochchi,2011,6,29.175999,32.62,27.25,15.3,76.60833,21.409334,7.955
Kilinochchi,2011,7,29.056774,32.39,26.14,35.53,73.41129,20.05,7.5496774
Kilinochchi,2011,8,28.557741,31.73,26.3,81.71,76.865166,20.559032,7.466129
Kilinochchi,2011,9,28.809332,32.41,26.67,37.06,75.475334,21.646,7.1646667
Kilinochchi,2011,10,28.166773,31.35,26.18,290.56,78.48258,17.232903,4.3338714
Kilinochchi,2011,11,27.248667,29.4,25.5,425.39,79.977005,15.355,4.9426665
Kilinochchi,2011,12,26.54774,28.55,23.98,235.98,80.2329,13.894194,6.088064
Kilinochchi,2012,1,25.580322,27.83,23.2,26.43,76.769035,19.592258,5.0096774
Kilinochchi,2012,2,26.427588,30.49,24.37,22.19,77.892075,19.768965,5.2865515
Kilinochchi,2012,3,28.240646,32.13,25.04,24.29,73.19419,23.027098,4.019032
Kilinochchi,2012,4,29.335333,33.11,26.64,85.29,74.36767,20.770332,4.0016665
Kilinochchi,2012,5,29.650002,32.97,27.23,9.11,76.10742,21.518387,7.984194
Kilinochchi,2012,6,29.470667,32.85,27.06,21.26,73.22767,20.716333,9.082
Kilinochchi,2012,7,29.309677,32.52,26.91,31.55,73.68193,21.439032,7.31871
Kilinochchi,2012,8,29.046452,32.62,26.79,28.38,73.30419,21.473871,8.171613
Kilinochchi,2012,9,28.983,32.64,26.49,100.28,74.71633,20.478333,6.9346666
Kilinochchi,2012,10,27.800646,32.02,25.31,502.18,81.24355,17.097097,5.3016133
Kilinochchi,2012,11,27.083,29.45,25.18,161.53,81.031,16.798666,4.649
Kilinochchi,2012,12,26.612581,28.45,24.19,418.16,81.89967,14.223871,6.336129
Kilinochchi,2013,1,26.099998,27.83,23.92,160.65,78.939674,16.508064,6.1396775
Kilinochchi,2013,2,26.530355,29.07,24.45,189.8,79.66465,18.81,5.124643
Kilinochchi,2013,3,27.475483,30.69,25.05,135.52,79.45484,21.756775,4.2554836
Kilinochchi,2013,4,29.214333,32.34,26.47,59.02,77.952,22.924334,3.72
Kilinochchi,2013,5,29.138386,32.53,27.23,112.22,81.450325,21.018387,6.747097
Kilinochchi,2013,6,28.732334,31.53,26.84,41.39,78.173,20.005335,8.628666
Kilinochchi,2013,7,28.411613,31.5,26.61,37.989998,76.87677,19.193548,8.026774
Kilinochchi,2013,8,28.559677,32.02,26.23,76.62,76.30839,20.602903,6.1322584
Kilinochchi,2013,9,28.169334,31.69,26.28,114.93,78.87966,20.227,7.7476664
Kilinochchi,2013,10,28.17742,31.82,25.83,98.89,78.05161,19.845806,5.751613
Kilinochchi,2013,11,27.35,29.28,25.38,195.83,80.47966,16.790333,5.077
Kilinochchi,2013,12,26.054838,28.33,24.08,130.73,77.967094,14.064193,6.0758066
Kilinochchi,2014,1,25.67613,27.61,23.93,142.2,78.99968,15.153226,6.7451615
Kilinochchi,2014,2,26.395357,29.51,23.35,19.06,73.54072,20.881786,5.2917857
Kilinochchi,2014,3,27.974516,32.87,25.49,4.48,71.8742,22.90355,5.1509676
Kilinochchi,2014,4,29.619665,33.15,26.44,58.07,72.19067,23.260668,3.5163333
Kilinochchi,2014,5,29.15355,32.35,26.99,146.93001,81.726776,20.54613,6.340968
Kilinochchi,2014,6,29.638334,32.84,27.2,14.02,77.11567,21.130001,7.5586667
Kilinochchi,2014,7,29.407742,32.34,27.21,17.53,73.88548,21.101292,7.853871
Kilinochchi,2014,8,28.589355,31.89,26.1,103.21,76.1813,20.312258,7.031935
Kilinochchi,2014,9,28.683,33.01,26.59,94.25,77.118004,21.351002,6.022333
Kilinochchi,2014,10,27.864515,31.1,25.79,264.1,81.57291,17.882902,4.3887095
Kilinochchi,2014,11,27.142,29.81,24.34,438.78,82.165,12.611667,5.4053335
Kilinochchi,2014,12,26.203226,28.02,24.33,429.69998,86.26548,12.572904,6.455161
Kilinochchi,2015,1,25.61742,27.86,23.99,6.44,79.64033,19.070644,5.1967745
Kilinochchi,2015,2,26.181429,28.95,23.97,85.67,78.26107,19.396427,5.592143
Kilinochchi,2015,3,27.624516,30.68,25.1,49.16,77.43839,22.688065,4.3616133
Kilinochchi,2015,4,28.760334,32.37,26.91,145.59,78.29733,22.455666,3.472
Kilinochchi,2015,5,28.88258,31.26,27.02,195.14,82.631615,19.805162,5.4351616
Kilinochchi,2015,6,28.795666,31.57,26.9,28.67,81.824,21.138334,7.6096663
Kilinochchi,2015,7,28.944195,32.01,26.85,12.47,78.38,21.140644,7.687097
Kilinochchi,2015,8,29.017742,32.33,26.82,69.130005,77.48549,21.423872,6.9900002
Kilinochchi,2015,9,28.532335,32.31,26.03,124.95,79.055664,21.051332,6.6316667
Kilinochchi,2015,10,28.115162,31.22,26.04,293.29,80.95709,17.939354,4.9116125
Kilinochchi,2015,11,27.182333,30.05,25.81,576.08,85.61266,13.799666,4.523333
Kilinochchi,2015,12,27.034517,28.55,25.27,291.66998,82.57967,14.095161,5.610645
Kilinochchi,2016,1,26.369032,28.21,24.28,57.05,77.35871,18.115162,5.4803224
Kilinochchi,2016,2,27.123104,29.89,24.54,13.559999,76.868965,20.73,5.0920687
Kilinochchi,2016,3,28.506128,33.24,25.54,17.5,73.73935,23.525806,4.2635484
Kilinochchi,2016,4,30.699667,34.6,27.13,19.94,71.50267,24.058332,3.7826667
Kilinochchi,2016,5,29.859678,33.82,26.92,361.93,78.18581,19.334839,6.113871
Kilinochchi,2016,6,28.788,31.2,26.82,27.35,80.100334,19.416666,7.8026667
Kilinochchi,2016,7,28.705484,32.02,26.3,33.49,77.68065,19.894192,6.5919356
Kilinochchi,2016,8,29.081614,32.19,26.69,34.61,75.69516,21.262259,6.6087093
Kilinochchi,2016,9,29.175667,32.93,26.6,16.37,73.048,21.908667,6.622
Kilinochchi,2016,10,28.860968,32.57,26.21,85.509995,71.21194,19.32387,4.4629035
Kilinochchi,2016,11,27.345667,30.09,24.72,215.48,78.70733,14.623667,5.0350003
Kilinochchi,2016,12,26.261612,29.43,22.42,129.37,79.09161,16.702902,5.6661286
Kilinochchi,2017,1,25.769676,27.91,23.05,112.68,76.050644,17.013226,6.1629033
Kilinochchi,2017,2,26.125357,29.68,23.17,25.429998,71.53357,21.393572,5.1267858
Kilinochchi,2017,3,27.752905,31.09,25.03,107.53,77.05194,22.244194,3.773871
Kilinochchi,2017,4,29.865665,34.72,26.57,24.039999,73.513664,23.512333,4.133
Kilinochchi,2017,5,30.005484,33.56,27.36,84.73,75.76484,19.965483,5.8287096
Kilinochchi,2017,6,29.397,32.57,27.46,21.39,75.80067,21.548,8.315
Kilinochchi,2017,7,29.59742,32.88,27.22,29.720001,73.077415,20.429356,6.535161
Kilinochchi,2017,8,28.878065,31.83,26.09,106.619995,77.99097,19.869999,6.444194
Kilinochchi,2017,9,28.535,32.03,26.58,66.92,79.15666,19.712334,6.2450004
Kilinochchi,2017,10,28.588709,32.35,26.5,162.71,78.39065,16.947742,5.6712904
Kilinochchi,2017,11,27.264668,29.75,25.09,275.52,84.47,14.300666,5.5123334
Kilinochchi,2017,12,26.58387,28.4,24.49,104.08,78.91709,16.657097,5.232258
Kilinochchi,2018,1,25.649355,27.95,22.96,26.07,76.46419,18.09871,5.460323
Kilinochchi,2018,2,26.255001,29.16,23.5,27.599998,75.61536,21.195713,5.5689282
Kilinochchi,2018,3,27.974838,32.38,24.57,46.03,74.57097,22.30742,4.419355
Kilinochchi,2018,4,29.420666,33.99,26.83,57.22,75.4,22.884666,3.999
Kilinochchi,2018,5,29.200968,32.62,27.1,198.08,79.46194,18.960966,5.0025806
Kilinochchi,2018,6,28.821999,31.95,26.11,28.58,79.99133,20.743334,8.615333
Kilinochchi,2018,7,28.909355,31.82,26.62,26.59,76.30742,19.763226,7.58
Kilinochchi,2018,8,28.67742,31.88,26.29,38.68,75.39097,18.611614,7.3238707
Kilinochchi,2018,9,28.794334,33.28,26.04,45.73,73.798996,21.491,5.1793337
Kilinochchi,2018,10,27.881613,31.39,25.89,247.53,80.67097,15.494194,4.1919355
Kilinochchi,2018,11,27.192667,29.38,25.34,244.46,81.67467,14.544001,5.0993333
Kilinochchi,2018,12,26.543226,28.36,24.39,115.740005,81.15742,14.842581,5.5435486
Kilinochchi,2019,1,25.649355,28.36,23.59,4.54,75.521935,19.439354,5.781613
Kilinochchi,2019,2,27.145357,30.81,24.52,51.36,77.11714,20.649643,5.235357
Kilinochchi,2019,3,28.509033,33.81,25.58,2.6100001,71.95839,24.262903,4.581613
Kilinochchi,2019,4,30.237667,33.43,26.95,46.78,69.763664,22.376001,3.835
Kilinochchi,2019,5,30.648708,34.91,27.76,8.61,73.41452,22.418066,6.229677
Kilinochchi,2019,6,30.241,33.41,28.24,17.74,74.135666,21.089666,8.352
Kilinochchi,2019,7,29.488064,33.07,26.91,42.46,73.92033,20.027742,7.33
Kilinochchi,2019,8,28.758064,32.05,26.62,107.22,76.41871,19.443548,8.606451
Kilinochchi,2019,9,28.385668,32.14,26.11,163.98,79.55234,19.245667,6.3896666
Kilinochchi,2019,10,27.74613,30.76,25.54,387.13,80.98646,17.88129,3.4796774
Kilinochchi,2019,11,27.885334,29.61,26.05,259.77,81.537994,17.619667,4.267667
Kilinochchi,2019,12,27.036451,28.62,25.15,274.26,80.86258,15.440001,5.9625807
Kilinochchi,2020,1,26.669678,28.65,24.13,22.94,76.80645,19.421614,5.1948385
Kilinochchi,2020,2,26.966208,29.48,24.7,13.59,74.32448,21.45862,5.7613792
Kilinochchi,2020,3,28.079676,31.61,25.19,4.83,73.019035,23.670645,4.7525806
Kilinochchi,2020,4,29.842335,33.66,26.19,50.079998,73.09033,23.563334,4.2043333
Kilinochchi,2020,5,30.140001,33.64,27.82,97.65,75.94871,19.612581,5.3448386
Kilinochchi,2020,6,29.535667,32.75,26.81,45.45,75.745674,20.763666,7.335
Kilinochchi,2020,7,28.535482,31.83,25.77,123.81,78.576126,18.27516,6.1880646
Kilinochchi,2020,8,28.850645,32.45,26.54,39.239998,77.36774,20.426773,7.0196776
Kilinochchi,2020,9,28.247667,31.26,26.17,186.42,79.65733,17.756,7.308
Kilinochchi,2020,10,28.32,31.92,26.2,88.08,79.05678,19.05258,5.8567743
Kilinochchi,2020,11,27.797667,30.63,25.37,315.78,82.142,14.397,5.1683335
Kilinochchi,2020,12,26.54774,28.5,25.04,588.35,83.38839,12.471613,6.122258
Kilinochchi,2021,1,26.327097,27.94,24.74,298.06,83.17968,15.980322,5.5061293
Kilinochchi,2021,2,26.1,28.6,23.45,27.73,77.92358,21.308573,5.398214
Kilinochchi,2021,3,27.694517,32.63,24.47,23.06,77.08064,22.612257,4.3474193
Kilinochchi,2021,4,29.291332,33.03,26.07,64.99,75.922,21.817667,3.8160002
Kilinochchi,2021,5,29.346128,32.38,27.49,97.25,79.312256,20.582903,6.295484
Kilinochchi,2021,6,29.114666,32.3,26.88,54.0,78.75167,20.528002,6.989333
Kilinochchi,2021,7,29.046452,32.29,27.09,89.13,77.49452,19.932259,7.236774
Kilinochchi,2021,8,28.711935,31.97,26.08,92.32,77.17709,19.09774,6.6603227
Kilinochchi,2021,9,28.644001,31.66,26.71,97.06,79.00367,20.319668,6.2623334
Kilinochchi,2021,10,27.967419,30.47,26.07,346.93,83.05968,16.391613,5.1109676
Kilinochchi,2021,11,27.069,29.07,25.27,657.61,86.30234,13.080334,5.261667
Kilinochchi,2021,12,26.940323,29.28,24.46,125.17,78.712585,17.074194,5.115806
Kilinochchi,2022,1,26.461935,28.4,23.52,104.24,79.132904,18.299356,5.479677
Kilinochchi,2022,2,26.410357,29.13,23.67,109.11,77.10321,19.732143,5.363571
Kilinochchi,2022,3,28.067741,32.11,25.3,30.32,77.39967,21.899677,4.660968
Kilinochchi,2022,4,28.785667,31.61,26.82,166.34,79.847664,21.360332,3.6796668
Kilinochchi,2022,5,29.10871,31.78,26.87,41.05,81.409355,20.97129,7.6990323
Kilinochchi,2022,6,28.667334,32.02,26.17,41.079998,79.552,20.044668,6.5583334
Kilinochchi,2022,7,28.676773,31.78,26.31,184.48,77.21032,18.272581,6.1174192
Kilinochchi,2022,8,28.206453,31.77,25.94,97.23,79.74032,19.344193,6.4196773
Kilinochchi,2022,9,28.295666,31.58,26.15,56.35,78.98534,20.828001,6.423
Kilinochchi,2022,10,28.024193,31.14,26.0,295.9,78.57226,16.18742,4.29
Kilinochchi,2022,11,26.810333,29.15,24.85,287.64,82.17734,14.717,4.8026667
Kilinochchi,2022,12,26.399355,28.55,21.28,270.23,83.84194,13.933226,6.447419
Kilinochchi,2023,1,25.650002,27.7,23.54,74.97,77.20452,17.10742,6.0677423
Kilinochchi,2023,2,26.065,28.33,23.64,138.75,77.78786,20.544285,5.450357
Kilinochchi,2023,3,27.767418,31.76,25.51,51.31,77.865166,22.051935,4.5909677
Kilinochchi,2023,4,29.528332,33.09,27.0,53.22,73.93433,22.618,3.7333333
Kilinochchi,2023,5,28.920322,32.13,26.45,184.53,82.75097,19.665483,5.5793552
Kilinochchi,2023,6,29.42,32.32,27.51,28.2,79.294334,20.421333,7.2043333
Kilinochchi,2023,7,29.271612,32.56,26.81,23.01,75.58452,18.994194,7.4641933
Kilinochchi,2023,8,29.619999,33.45,26.89,41.47,74.00355,22.289677,6.1851616
Kilinochchi,2023,9,28.976002,32.89,26.46,85.67,76.13133,20.105001,8.176333
Kilinochchi,2023,10,28.32871,31.96,26.47,221.31,78.93097,18.350967,4.3312902
Kilinochchi,2023,11,27.688665,29.66,26.19,482.33,83.71767,14.304999,3.6126666
Kilinochchi,2023,12,27.24,28.89,25.77,454.6,86.56484,13.285806,6.184839
Kilinochchi,2024,1,26.58645,28.33,24.56,150.26,79.47258,16.818386,5.4861293
Kilinochchi,2024,2,27.25,29.44,25.26,4.46,79.3831,21.423792,5.7503448
Kilinochchi,2024,3,28.063547,31.54,25.01,22.619999,74.93871,24.00742,4.403226
Kilinochchi,2024,4,30.256666,33.69,27.42,22.62,74.42734,23.411665,3.8170002
Kilinochchi,2024,5,30.256128,35.46,27.88,142.25,78.17839,18.460644,5.061613
Kilinochchi,2024,6,29.402,32.36,27.41,42.55,78.90967,19.957,7.748
Kilinochchi,2024,7,29.603226,33.22,27.34,22.6,75.08388,19.188389,7.5358067
Kilinochchi,2024,8,29.00258,32.53,26.76,123.53,78.95968,19.990967,6.10129
Kilinochchi,2024,9,29.360666,32.33,27.26,41.44,77.298996,20.962667,6.911333
Kilinochchi,2024,10,28.470966,31.98,25.97,172.22,80.80516,17.110645,4.1703224
Kilinochchi,2024,11,27.942999,29.96,26.14,454.59,83.34434,12.904,6.1516666
Kilinochchi,2024,12,26.997742,29.35,25.0,146.53,84.97387,14.699354,5.531613
Kilinochchi,2025,1,26.158709,27.9,24.75,138.68001,81.29,14.536451,6.3112903
Kilinochchi,2025,2,26.65893,29.24,23.83,64.69,76.73143,21.569643,5.2014284
Kilinochchi,2025,3,28.100967,30.88,25.31,53.79,77.605484,22.925806,4.025484
Kilinochchi,2025,4,29.382666,32.85,26.41,83.61,76.212006,22.503666,3.5303335
Kilinochchi,2025,5,29.73903,32.89,27.52,133.0,78.60935,20.295162,6.4622583
Kilinochchi,2025,6,29.368,32.32,27.59,34.37,79.26433,21.316668,7.4996667
Kilinochchi,2025,7,29.395485,32.55,26.78,21.18,75.70968,20.432903,7.089355
Kilinochchi,2025,8,28.81,32.39,26.5,63.41,77.37807,20.149355,6.3329034
Kilinochchi,2025,9,28.929667,32.21,26.8,101.520004,77.464,18.948668,6.3413334
Kilinochchi,2025,10,28.236452,31.88,26.45,291.03,80.96226,17.618387,4.1419353
Kilinochchi,2025,11,27.475334,31.12,25.23,626.99,83.04766,12.614,5.8073335
Kilinochchi,2025,12,26.32355,28.46,24.38,170.23,80.99581,15.082581,5.6951613
Kurunegala,2000,1,23.428709,31.18,14.67,25.88,82.95839,16.510967,4.523871
Kurunegala,2000,2,25.428967,34.3,16.82,67.58,75.89,19.24931,2.862069
Kurunegala,2000,3,26.886127,36.52,18.58,25.6,68.28806,21.524193,2.6074195
Kurunegala,2000,4,27.544334,37.51,21.99,87.03,72.16033,21.375,3.2593334
Kurunegala,2000,5,27.349356,36.49,22.46,54.16,73.727425,20.041613,4.9064517
Kurunegala,2000,6,25.591667,31.69,22.01,57.1,78.621,17.555332,7.2190003
Kurunegala,2000,7,25.910645,35.28,21.65,125.65,75.8858,19.620321,6.5138707
Kurunegala,2000,8,24.990967,31.64,21.38,98.979996,81.42065,17.112904,6.5148387
Kurunegala,2000,9,25.357334,32.89,21.47,92.21,81.53933,18.848,4.887
Kurunegala,2000,10,25.013226,33.14,18.76,71.950005,81.57032,18.800646,4.3706455
Kurunegala,2000,11,24.536001,33.06,18.46,257.03,83.421,15.405,3.6269999
Kurunegala,2000,12,23.34742,29.4,17.0,114.11,87.36161,14.322258,4.077742
Kurunegala,2001,1,23.09742,28.75,16.36,148.79,88.25484,15.194193,4.1067743
Kurunegala,2001,2,22.971786,31.75,12.99,78.82,81.48964,21.195713,2.9785714
Kurunegala,2001,3,26.565805,37.56,16.23,2.49,68.74549,23.347742,2.84
Kurunegala,2001,4,27.219667,37.76,21.64,145.43,74.628334,19.866,1.8536667
Kurunegala,2001,5,26.663872,34.41,22.87,71.62,81.1071,20.67742,4.960645
Kurunegala,2001,6,25.348,30.89,21.56,122.81,83.69866,18.528666,6.407
Kurunegala,2001,7,24.863548,31.48,20.79,136.09999,83.55,17.70129,5.923226
Kurunegala,2001,8,25.436773,32.27,21.49,15.469999,81.14806,19.072903,6.5864515
Kurunegala,2001,9,25.775333,33.57,21.88,120.31,77.93933,19.444,5.638
Kurunegala,2001,10,25.095806,31.22,21.69,99.3,84.41968,17.402258,4.378387
Kurunegala,2001,11,24.344334,31.31,18.99,171.41,86.81433,17.556334,3.1556666
Kurunegala,2001,12,23.42645,30.21,16.68,133.78,86.89161,16.386774,3.8029032
Kurunegala,2002,1,23.510645,31.07,15.14,60.39,83.13548,17.27,3.9993548
Kurunegala,2002,2,24.35,32.02,15.74,83.28,80.6425,19.804998,4.4682145
Kurunegala,2002,3,26.687096,36.53,17.79,47.53,71.64806,22.445162,3.1612904
Kurunegala,2002,4,27.358,36.77,21.51,141.33,75.07101,19.949,1.681
Kurunegala,2002,5,26.420322,32.58,22.78,121.08,83.41452,18.362257,5.0983872
Kurunegala,2002,6,25.791332,32.78,22.45,62.73,82.75867,18.609335,6.089667
Kurunegala,2002,7,26.130001,32.48,22.33,21.93,77.19129,18.817421,7.216129
Kurunegala,2002,8,25.698065,33.56,21.88,77.04,78.30194,18.602903,6.160968
Kurunegala,2002,9,26.76,34.59,22.25,26.509998,72.654335,22.095333,5.551333
Kurunegala,2002,10,25.322258,34.87,20.81,245.75,83.26516,18.811935,3.1390321
Kurunegala,2002,11,24.350334,30.46,18.64,162.14,88.12667,16.645666,2.3406668
Kurunegala,2002,12,23.369678,29.48,16.21,244.73,90.675156,14.399355,3.919355
Kurunegala,2003,1,22.76484,29.1,16.36,99.14,89.451614,16.042257,4.142258
Kurunegala,2003,2,23.864286,30.48,16.85,63.909996,85.44036,20.212143,3.722857
Kurunegala,2003,3,25.447742,33.58,17.04,99.74,80.47097,21.790646,2.5719357
Kurunegala,2003,4,27.550999,36.23,20.58,86.16,73.39066,21.739666,1.9743333
Kurunegala,2003,5,26.694517,32.72,22.82,127.54,82.6029,18.79484,5.458387
Kurunegala,2003,6,26.011,32.77,22.43,59.27,81.57266,19.161001,5.6480002
Kurunegala,2003,7,25.641613,32.7,21.82,41.12,81.8871,17.700644,5.4174194
Kurunegala,2003,8,25.879354,33.22,21.86,28.529999,79.32,18.682259,5.959677
Kurunegala,2003,9,26.490334,35.22,22.43,53.31,75.53533,20.498333,5.843
Kurunegala,2003,10,26.228065,34.43,21.58,91.95,76.60871,19.78484,4.599677
Kurunegala,2003,11,24.466667,32.35,19.23,282.51,87.765,14.613667,3.7313335
Kurunegala,2003,12,23.64613,29.93,17.16,37.91,85.406136,18.042257,3.8583872
Kurunegala,2004,1,24.344193,32.27,16.49,53.93,79.90387,18.229677,4.44129
Kurunegala,2004,2,25.217241,34.83,16.39,50.66,72.397934,20.626896,3.776207
Kurunegala,2004,3,27.285482,37.27,16.92,48.34,68.40517,22.051935,2.8329031
Kurunegala,2004,4,28.021667,37.7,21.51,95.19,71.99067,21.485666,1.9606667
Kurunegala,2004,5,26.470646,33.82,22.89,139.19,80.15355,17.406775,6.0703225
Kurunegala,2004,6,25.649666,31.7,22.36,73.83,81.704,18.228666,6.5736666
Kurunegala,2004,7,25.580969,32.13,22.17,38.420002,79.68516,18.063227,6.645161
Kurunegala,2004,8,26.09645,33.11,22.37,26.05,76.76258,19.611614,6.6741934
Kurunegala,2004,9,25.543333,31.9,21.01,164.3,80.32934,17.386,4.786333
Kurunegala,2004,10,24.99258,31.29,21.47,238.94,86.424515,18.052904,3.653226
Kurunegala,2004,11,24.266666,28.96,20.84,242.24,90.97633,14.687333,3.6683333
Kurunegala,2004,12,22.996775,29.1,15.75,305.16998,90.00129,15.252582,4.1274195
Kurunegala,2005,1,22.994837,28.9,16.75,102.68,90.172585,16.542257,3.748387
Kurunegala,2005,2,23.3725,30.67,16.26,30.84,85.32143,22.316427,3.6875
Kurunegala,2005,3,25.505161,34.02,17.91,69.33,80.99065,21.609678,2.620645
Kurunegala,2005,4,26.563334,34.3,21.97,122.54,81.644005,20.292,2.0413334
Kurunegala,2005,5,27.105808,34.78,23.27,78.97,79.966774,20.141613,4.059355
Kurunegala,2005,6,26.185,32.26,22.51,57.77,81.45033,18.173,6.787667
Kurunegala,2005,7,25.585161,32.39,22.38,71.58,81.255806,17.529034,6.713871
Kurunegala,2005,8,26.292257,33.05,22.27,29.8,77.04645,20.183872,5.687097
Kurunegala,2005,9,25.789,33.05,22.06,81.35,79.166664,18.342669,6.4706664
Kurunegala,2005,10,25.261936,33.6,21.61,203.46,84.20709,18.562904,4.1629033
Kurunegala,2005,11,23.786665,28.79,18.31,339.87,91.29267,14.665,2.9666667
Kurunegala,2005,12,23.106773,28.65,15.9,115.979996,89.89484,15.630968,3.1403224
Kurunegala,2006,1,22.230646,27.65,13.61,196.32,90.29032,15.8090315,3.9645162
Kurunegala,2006,2,23.338215,30.4,17.49,62.35,88.15393,19.57893,3.6671429
Kurunegala,2006,3,25.014194,32.27,19.45,118.939995,84.11484,21.21613,2.2132258
Kurunegala,2006,4,26.466,34.27,21.49,59.47,79.00833,21.16,2.5363336
Kurunegala,2006,5,26.282581,34.45,22.55,109.07,80.65709,19.084839,5.0596776
Kurunegala,2006,6,26.200335,33.0,22.5,50.2,79.232666,19.623999,5.837333
Kurunegala,2006,7,25.378386,32.22,20.74,75.42,81.866135,17.59355,6.5341935
Kurunegala,2006,8,25.485483,33.6,21.06,116.72,80.33388,19.735483,6.0474195
Kurunegala,2006,9,25.206,30.93,21.94,90.22,82.472664,20.046667,5.199333
Kurunegala,2006,10,25.099356,32.16,20.78,352.63998,84.3,17.624838,3.6083872
Kurunegala,2006,11,24.111666,29.16,20.97,370.72,91.433334,17.133333,2.4973333
Kurunegala,2006,12,22.972902,27.84,15.88,200.55,90.29516,13.713549,4.523871
Kurunegala,2007,1,22.374193,27.89,15.83,132.77,88.90484,16.48129,4.4241934
Kurunegala,2007,2,23.292143,29.74,15.68,64.579994,85.042496,21.002142,3.1942859
Kurunegala,2007,3,24.999031,35.51,16.55,25.74,72.40129,24.376131,2.6709678
Kurunegala,2007,4,26.100334,34.58,21.88,242.59,83.383,19.511333,1.957
Kurunegala,2007,5,26.335161,32.8,22.3,36.69,83.21871,20.33258,4.682581
Kurunegala,2007,6,25.725334,33.51,21.82,98.45,82.933,17.704334,5.6123333
Kurunegala,2007,7,25.292257,30.98,21.78,78.7,82.68613,17.364515,5.9248385
Kurunegala,2007,8,25.560646,31.62,21.71,54.67,80.56,18.35484,5.793226
Kurunegala,2007,9,25.348999,31.6,20.64,102.49,82.80167,17.782665,5.8259997
Kurunegala,2007,10,24.567421,32.92,21.15,232.76,86.09645,16.986774,4.2116127
Kurunegala,2007,11,23.663,29.1,16.73,163.8,87.514,19.035334,2.5613332
Kurunegala,2007,12,22.934515,28.71,15.96,240.65,89.64613,14.102903,3.8603225
Kurunegala,2008,1,22.845806,28.94,15.49,118.450005,88.72549,16.219355,3.6332257
Kurunegala,2008,2,23.680344,29.68,15.9,113.69,85.03517,19.75276,3.0165515
Kurunegala,2008,3,24.423225,31.01,18.02,326.07,87.8971,18.383549,2.6190324
Kurunegala,2008,4,25.234333,31.61,20.28,215.55,87.654,19.639668,2.2216668
Kurunegala,2008,5,25.318386,29.71,21.96,26.08,88.355484,20.308064,4.9306455
Kurunegala,2008,6,24.892668,29.21,21.99,76.32,87.34067,17.753666,5.3733335
Kurunegala,2008,7,24.868065,30.1,20.97,89.75,85.6829,17.911936,6.0080647
Kurunegala,2008,8,25.175806,31.0,21.48,49.73,82.231285,18.28,5.2593546
Kurunegala,2008,9,25.637333,33.71,20.09,35.96,79.87967,21.476,5.051
Kurunegala,2008,10,25.785482,34.36,18.52,186.56,79.70387,18.589355,2.8529034
Kurunegala,2008,11,24.521667,31.66,19.08,171.52,84.78634,15.740333,2.9926667
Kurunegala,2008,12,23.082903,28.88,16.12,113.6,88.52419,16.417097,3.6254838
Kurunegala,2009,1,22.708387,31.0,16.06,66.28,83.242905,18.47613,4.0387096
Kurunegala,2009,2,24.677502,36.86,15.74,1.12,69.12,22.5625,3.2339287
Kurunegala,2009,3,26.143871,37.8,18.87,198.02,72.465805,22.39258,2.163871
Kurunegala,2009,4,26.098,33.7,21.33,186.19,84.111336,20.070333,3.0466666
Kurunegala,2009,5,26.18742,32.9,22.47,75.3,84.11903,18.056452,5.1551614
Kurunegala,2009,6,25.669,30.69,22.33,52.760002,83.19833,18.301666,6.926333
Kurunegala,2009,7,25.550322,33.38,22.2,35.0,80.671936,18.062904,6.397742
Kurunegala,2009,8,25.659355,32.28,21.59,107.54,81.13677,17.830969,5.774839
Kurunegala,2009,9,25.777668,33.87,22.36,67.71,80.51,19.518667,6.1896667
Kurunegala,2009,10,25.999678,34.51,18.75,144.76001,76.29742,20.385485,3.596774
Kurunegala,2009,11,24.262333,30.11,18.41,374.35,88.32166,15.498,2.8153334
Kurunegala,2009,12,23.821291,28.75,18.69,224.06,91.11161,13.971613,3.225484
Kurunegala,2010,1,22.834839,29.44,15.85,100.27,88.79548,17.923548,3.604516
Kurunegala,2010,2,23.501072,31.27,16.69,45.16,85.16607,20.964643,3.565
Kurunegala,2010,3,26.053226,35.5,16.04,87.880005,75.10161,22.21516,2.5858064
Kurunegala,2010,4,26.831667,34.54,22.2,236.03,81.141335,20.904,2.0283332
Kurunegala,2010,5,26.071611,31.5,22.48,176.57,88.269356,19.15742,4.299678
Kurunegala,2010,6,25.353,31.15,21.75,113.52,86.425,18.124666,5.853667
Kurunegala,2010,7,24.857098,30.68,21.51,120.270004,86.16774,18.070644,5.6467743
Kurunegala,2010,8,24.821291,29.9,21.46,132.62,85.99516,16.92613,6.013226
Kurunegala,2010,9,24.704,29.81,21.32,172.28,86.554665,17.942333,4.435667
Kurunegala,2010,10,24.290323,29.49,20.06,195.47,88.409355,18.506128,4.6454835
Kurunegala,2010,11,23.838335,29.49,20.08,500.66,90.170006,15.396,2.6563334
Kurunegala,2010,12,22.938387,27.98,18.57,445.57,92.63677,12.290646,3.5129032
Kurunegala,2011,1,22.594517,27.9,15.97,507.37,93.02451,12.993548,3.9919355
Kurunegala,2011,2,23.246786,29.21,17.32,369.71002,90.2975,17.073214,3.0853572
Kurunegala,2011,3,24.360968,30.71,15.69,121.37,85.64839,21.552904,2.5958066
Kurunegala,2011,4,25.005667,31.32,18.66,292.42,85.64433,19.918,2.226
Kurunegala,2011,5,25.541613,31.39,21.51,109.48,88.61064,20.83355,4.4674196
Kurunegala,2011,6,25.107666,29.96,21.38,40.21,87.372665,19.34,5.6806664
Kurunegala,2011,7,24.756128,29.66,22.2,48.239998,86.08613,17.659355,5.939032
Kurunegala,2011,8,25.224516,30.3,21.91,64.3,82.689354,18.140644,5.8209677
Kurunegala,2011,9,25.369999,32.35,21.32,96.5,82.32333,19.994999,5.6306667
Kurunegala,2011,10,25.291613,33.14,21.05,308.48,83.44129,19.391935,2.8941936
Kurunegala,2011,11,24.081333,30.02,18.24,251.70999,88.454666,16.170666,2.9873335
Kurunegala,2011,12,23.365484,28.94,17.56,193.14,89.88419,15.004193,3.4025807
Kurunegala,2012,1,22.53,28.81,15.87,51.02,86.54742,19.419355,3.1335483
Kurunegala,2012,2,23.474138,30.25,17.05,135.66,86.40345,18.760344,3.5134482
Kurunegala,2012,3,25.456774,32.9,15.52,74.62,75.71,22.760323,2.0080645
Kurunegala,2012,4,25.76,32.66,20.64,225.21,84.215,19.150667,2.375
Kurunegala,2012,5,26.098064,33.62,20.42,17.23,80.74,20.836775,5.588064
Kurunegala,2012,6,25.938,31.86,22.21,53.56,81.006,18.528332,6.6320004
Kurunegala,2012,7,25.851614,32.85,22.68,64.52,80.51645,19.135485,6.110645
Kurunegala,2012,8,25.836775,33.55,21.77,61.47,78.270966,19.324194,5.9787097
Kurunegala,2012,9,25.791332,33.61,21.76,76.48,78.92567,19.857332,5.4866667
Kurunegala,2012,10,25.31258,35.13,20.7,407.84,83.63,18.410967,3.0248387
Kurunegala,2012,11,24.311666,30.12,19.52,278.82,87.98966,16.806,2.3226666
Kurunegala,2012,12,23.437742,28.74,17.67,476.05,91.93613,13.99871,3.6148386
Kurunegala,2013,1,22.581291,28.26,15.98,299.3,91.3471,16.32742,3.8348389
Kurunegala,2013,2,23.393572,29.6,17.28,179.03,89.123215,18.87607,3.205
Kurunegala,2013,3,24.973225,31.57,18.97,147.04,86.57097,20.70129,2.4338708
Kurunegala,2013,4,26.176,31.91,21.14,145.8,84.456,21.45,1.8603333
Kurunegala,2013,5,25.749353,30.38,22.89,143.78,88.18,17.662258,4.850968
Kurunegala,2013,6,24.798,28.78,22.12,136.91,88.421,15.751,6.995333
Kurunegala,2013,7,24.459032,28.71,22.02,84.51,87.85387,17.236774,6.402258
Kurunegala,2013,8,24.917097,31.67,21.69,70.71,85.323875,19.088064,5.5441933
Kurunegala,2013,9,24.890333,31.85,21.13,114.61,84.686005,18.279667,5.9483333
Kurunegala,2013,10,25.191612,32.22,20.5,142.59,83.439674,19.888386,4.2880645
Kurunegala,2013,11,24.380667,30.2,18.9,184.87,85.95633,17.53,2.5410001
Kurunegala,2013,12,23.09355,28.84,17.5,133.23,88.99838,14.141935,3.6954837
Kurunegala,2014,1,22.972902,28.86,16.54,115.979996,87.30354,16.320322,3.9219356
Kurunegala,2014,2,24.333216,33.8,15.15,35.06,75.83143,21.6225,3.4767857
Kurunegala,2014,3,26.22903,37.25,18.03,35.62,69.99903,22.170324,3.6387098
Kurunegala,2014,4,27.679333,37.67,21.95,188.87,73.163,21.421999,1.5183333
Kurunegala,2014,5,26.029034,32.3,22.38,159.22,86.0529,19.440323,3.8519356
Kurunegala,2014,6,26.056,31.24,22.76,49.95,84.511,18.074001,6.5486665
Kurunegala,2014,7,25.900322,32.1,22.88,30.7,81.65517,18.235483,6.9903226
Kurunegala,2014,8,25.375807,32.48,21.6,105.58,81.172264,18.209032,5.739677
Kurunegala,2014,9,25.754,33.58,22.07,142.87,81.454,19.772667,4.9983335
Kurunegala,2014,10,24.860323,30.41,21.03,384.95,87.732254,17.846775,2.9051611
Kurunegala,2014,11,23.907665,29.65,18.84,318.43,90.15034,13.297,3.187
Kurunegala,2014,12,23.66742,28.8,20.4,693.58997,93.22129,11.695484,3.2232258
Kurunegala,2015,1,22.670967,28.68,16.53,13.54,88.88774,19.637096,3.2425807
Kurunegala,2015,2,23.257502,29.93,16.28,146.93001,88.07642,19.214285,3.4989285
Kurunegala,2015,3,24.534193,31.43,17.07,84.55,83.42839,22.66645,2.718387
Kurunegala,2015,4,25.931334,31.89,21.35,214.45,84.127335,21.099333,1.547
Kurunegala,2015,5,25.787418,30.47,21.88,135.06,87.26484,19.279676,3.7409678
Kurunegala,2015,6,25.601002,30.58,21.96,78.2,86.682,18.873667,5.042
Kurunegala,2015,7,25.747742,31.02,22.44,34.45,82.16129,19.084839,6.1641936
Kurunegala,2015,8,26.148708,32.95,22.22,74.84,79.550644,19.850323,5.729677
Kurunegala,2015,9,25.694,33.21,20.47,154.53,81.90034,18.617,4.7070003
Kurunegala,2015,10,24.998388,31.14,20.49,379.66,87.340645,17.47903,2.7412903
Kurunegala,2015,11,24.328,29.66,20.98,437.4,90.76333,15.1,2.5603333
Kurunegala,2015,12,24.174515,28.99,18.48,281.09,91.59226,15.061936,3.264516
Kurunegala,2016,1,23.148064,28.86,16.71,80.39,89.827415,18.45,3.6390321
Kurunegala,2016,2,23.951723,30.87,16.38,52.36,87.19069,20.083794,3.451724
Kurunegala,2016,3,26.30871,35.73,19.07,74.49,77.23678,23.035807,2.3270967
Kurunegala,2016,4,28.216333,36.56,21.84,83.61,75.687996,23.230001,1.5813333
Kurunegala,2016,5,26.799032,35.03,22.27,417.05,82.81581,17.064194,4.332258
Kurunegala,2016,6,25.45,30.08,22.62,53.85,86.25066,17.895666,6.621333
Kurunegala,2016,7,25.369678,30.75,21.92,43.329998,83.08258,18.410322,5.745484
Kurunegala,2016,8,25.934515,32.51,22.56,10.04,79.52387,19.279676,6.58871
Kurunegala,2016,9,26.153666,33.76,21.37,6.19,75.42734,19.583668,6.6803336
Kurunegala,2016,10,26.436451,35.2,20.85,73.69,73.82613,19.643871,4.2874193
Kurunegala,2016,11,24.423,31.67,18.63,234.8,86.56266,15.493,2.7796667
Kurunegala,2016,12,23.859999,30.55,16.19,71.59,83.91323,17.617098,3.2545161
Kurunegala,2017,1,23.60742,31.94,16.08,45.55,77.94968,17.680645,3.7148385
Kurunegala,2017,2,24.759644,35.46,16.16,61.56,71.519646,21.127142,3.472857
Kurunegala,2017,3,25.54484,33.56,18.17,220.76,80.05581,22.112257,2.0554838
Kurunegala,2017,4,27.366333,36.87,21.46,54.19,76.10667,23.279667,2.531
Kurunegala,2017,5,27.277098,36.03,22.67,130.3,77.47162,18.824839,4.079355
Kurunegala,2017,6,26.138666,32.84,23.04,46.43,80.60167,19.629,6.2636666
Kurunegala,2017,7,26.325161,33.43,22.77,35.96,78.328705,20.357098,5.870322
Kurunegala,2017,8,25.995483,32.36,21.6,114.11,79.9529,18.716452,5.903871
Kurunegala,2017,9,25.833668,33.48,22.15,83.82,80.85067,18.490665,4.927
Kurunegala,2017,10,25.749031,32.77,22.1,204.01,83.063225,17.558064,4.1474195
Kurunegala,2017,11,24.398998,31.05,18.7,221.5,88.527336,15.162667,3.27
Kurunegala,2017,12,23.579355,29.24,17.55,166.17,88.008064,17.41613,3.0551612
Kurunegala,2018,1,22.71613,29.57,15.9,36.12,85.05968,18.349998,3.1093547
Kurunegala,2018,2,24.273928,33.26,16.35,77.89,80.74036,20.910357,3.6650002
Kurunegala,2018,3,25.866129,34.52,18.58,94.17,77.649994,21.244516,2.744839
Kurunegala,2018,4,27.127,35.24,20.81,150.56999,76.63,21.598,1.7523333
Kurunegala,2018,5,25.869356,33.94,21.64,339.31,86.89033,17.250322,3.2293549
Kurunegala,2018,6,25.288,29.16,22.36,82.35,87.55933,18.278002,6.455
Kurunegala,2018,7,25.21226,30.76,22.34,38.71,83.3587,18.768064,6.5058064
Kurunegala,2018,8,25.172903,32.35,22.02,55.87,81.688065,17.697096,6.6787095
Kurunegala,2018,9,26.074001,35.47,21.07,84.79,76.61167,21.864,4.264
Kurunegala,2018,10,24.978065,33.12,20.54,196.51,85.47549,17.490322,2.263226
Kurunegala,2018,11,24.225668,29.84,18.89,284.11,88.94967,16.425,2.6923335
Kurunegala,2018,12,23.331291,28.98,16.72,127.34,89.742256,16.53,3.021613
Kurunegala,2019,1,22.71516,29.31,15.73,40.35,86.73968,19.710646,3.7277422
Kurunegala,2019,2,24.7925,32.78,17.25,103.74,83.57821,20.34107,3.3600001
Kurunegala,2019,3,26.873873,37.9,18.53,16.41,68.16129,24.137419,2.7193549
Kurunegala,2019,4,28.959333,38.69,21.16,90.11,64.438,21.745333,1.7266667
Kurunegala,2019,5,28.338709,36.93,22.88,17.960001,72.450966,21.861935,4.6867743
Kurunegala,2019,6,27.494333,35.75,23.75,43.86,75.271996,19.090668,6.549667
Kurunegala,2019,7,26.766453,35.23,22.29,54.8,75.43355,19.268711,5.9564514
Kurunegala,2019,8,25.885807,33.23,21.36,126.259995,78.67033,17.206453,6.5348387
Kurunegala,2019,9,25.591,33.5,20.9,190.0,81.82567,17.546667,4.4943333
Kurunegala,2019,10,24.738064,31.67,20.84,406.24,88.144196,16.428387,1.9932258
Kurunegala,2019,11,24.751333,29.94,20.02,314.12,88.86767,18.000668,2.6433334
Kurunegala,2019,12,23.887743,29.36,18.09,328.88998,91.89742,15.405806,3.560645
Kurunegala,2020,1,23.264517,29.41,16.56,51.25,88.24806,20.18613,3.673871
Kurunegala,2020,2,23.698277,30.69,16.29,23.369999,85.185165,21.23862,4.005862
Kurunegala,2020,3,26.565805,36.34,18.96,26.67,71.19322,23.630968,2.5887096
Kurunegala,2020,4,28.183666,36.99,18.98,115.45,71.337326,23.074333,2.039
Kurunegala,2020,5,26.823547,36.0,22.65,221.93,83.4229,18.29871,3.8777418
Kurunegala,2020,6,25.923668,31.2,21.76,102.6,83.187996,19.196333,5.7200003
Kurunegala,2020,7,25.215483,30.75,21.6,99.18,84.57935,17.720644,4.608387
Kurunegala,2020,8,25.661291,33.02,22.16,83.93,82.43839,19.824516,5.5496774
Kurunegala,2020,9,25.088335,30.96,21.83,162.88,84.36567,16.638,5.601
Kurunegala,2020,10,25.641935,32.57,20.58,69.96,81.90549,19.518387,5.0919356
Kurunegala,2020,11,24.911001,31.54,19.97,280.14,88.041336,16.948666,2.6343334
Kurunegala,2020,12,23.858387,29.71,18.5,319.81,90.228714,14.836452,3.5203226
Kurunegala,2021,1,23.36742,29.09,16.59,243.61,91.366135,15.866451,3.0706453
Kurunegala,2021,2,23.416784,30.83,15.93,60.51,87.64678,21.664999,3.5571427
Kurunegala,2021,3,24.542904,32.13,16.98,106.700005,83.53774,21.260967,2.8719354
Kurunegala,2021,4,26.135,32.79,20.34,142.76,83.28033,22.301332,2.169
Kurunegala,2021,5,25.93,31.8,22.42,266.52,87.4129,18.162256,4.066129
Kurunegala,2021,6,25.303,29.84,21.7,125.82,88.22767,20.312666,5.187
Kurunegala,2021,7,25.141935,29.35,22.37,152.82,87.87226,19.679356,5.912581
Kurunegala,2021,8,24.94387,29.99,20.63,105.58,86.48516,18.101292,5.6593547
Kurunegala,2021,9,25.427,31.0,22.46,130.33,85.61967,18.460667,5.299667
Kurunegala,2021,10,25.009678,29.98,21.38,327.97,87.43322,17.198065,3.9480646
Kurunegala,2021,11,24.205666,29.51,19.57,469.06,91.176,14.641666,3.4353333
Kurunegala,2021,12,23.601614,29.63,16.75,143.33,89.8187,18.668066,3.1954837
Kurunegala,2022,1,23.514194,29.71,16.39,115.5,87.687096,19.292904,3.3054838
Kurunegala,2022,2,23.304998,30.62,15.96,222.92,87.21571,20.222141,3.2675
Kurunegala,2022,3,25.117098,31.93,19.21,66.340004,85.479996,20.83258,2.6093547
Kurunegala,2022,4,25.893667,31.85,21.63,291.63998,85.82934,20.232,2.0363333
Kurunegala,2022,5,25.812258,30.45,22.03,131.3,88.01032,18.172903,5.9535484
Kurunegala,2022,6,25.257666,29.83,22.36,42.59,87.208336,19.083668,5.3543334
Kurunegala,2022,7,25.255163,30.61,22.01,112.4,83.980316,17.889032,5.268387
Kurunegala,2022,8,24.935162,31.96,21.62,189.64,85.12,18.10742,5.9241934
Kurunegala,2022,9,25.130667,31.86,21.29,80.03,84.179,20.026667,5.338667
Kurunegala,2022,10,24.806452,30.89,19.2,235.59,85.354515,16.647743,3.9964516
Kurunegala,2022,11,23.694,29.73,18.1,283.27,89.165665,16.948666,2.4796667
Kurunegala,2022,12,23.361935,29.0,18.21,290.08,90.323875,13.468387,3.5390322
Kurunegala,2023,1,22.171614,27.88,15.1,108.5,89.95258,17.29387,3.8674192
Kurunegala,2023,2,22.833927,29.07,15.47,127.22,88.75393,19.838928,3.8635714
Kurunegala,2023,3,25.055483,31.96,18.98,109.55,84.716125,20.932579,2.6509678
Kurunegala,2023,4,26.347332,32.38,20.27,159.7,81.628006,22.519999,1.9456667
Kurunegala,2023,5,25.956453,31.5,21.79,153.75,87.033875,19.676773,3.8741934
Kurunegala,2023,6,26.138666,31.18,22.11,59.53,84.59866,18.894335,5.881
Kurunegala,2023,7,26.075161,32.46,22.53,47.11,80.991936,18.506775,6.3170967
Kurunegala,2023,8,27.094517,35.42,22.48,41.62,75.26354,21.244194,5.548387
Kurunegala,2023,9,25.886333,33.17,21.99,218.3,81.55533,17.291332,5.5956664
Kurunegala,2023,10,25.099356,30.51,20.72,420.24,87.82194,17.139677,2.644516
Kurunegala,2023,11,24.963665,29.75,20.8,470.0,89.88833,17.064667,1.9890001
Kurunegala,2023,12,24.65355,30.1,20.24,467.58002,92.53161,14.037419,3.6783872
Kurunegala,2024,1,23.545483,29.66,16.69,295.37,90.94129,17.29613,3.4993548
Kurunegala,2024,2,24.430344,31.45,17.71,26.57,88.38897,21.16483,4.0868964
Kurunegala,2024,3,25.314194,34.55,17.36,33.63,80.47097,23.501612,2.8612902
Kurunegala,2024,4,28.583668,36.89,21.82,85.18,73.76134,21.915,1.8253332
Kurunegala,2024,5,27.577097,37.3,23.72,203.94,81.26194,16.619678,4.30129
Kurunegala,2024,6,26.521334,32.51,23.07,61.030003,82.806,17.945333,5.836
Kurunegala,2024,7,26.390644,32.83,21.67,50.07,80.4729,18.294516,6.230645
Kurunegala,2024,8,26.08,32.11,21.86,140.21,82.05291,18.494516,4.9467745
Kurunegala,2024,9,26.619,33.32,22.6,44.48,80.41234,19.499332,5.883333
Kurunegala,2024,10,25.889677,35.37,21.8,124.15,83.48419,17.772581,3.462258
Kurunegala,2024,11,24.941668,30.88,20.66,362.4,89.21533,15.133667,3.144
Kurunegala,2024,12,24.381937,29.33,18.85,145.98,89.64129,16.524517,2.797742
Kurunegala,2025,1,23.328064,29.07,18.39,287.07,91.61097,13.223548,4.031613
Kurunegala,2025,2,23.25357,29.44,16.51,62.089996,87.5625,22.242144,3.6632142
Kurunegala,2025,3,24.973225,31.24,16.57,203.12,85.12839,21.305483,2.601613
Kurunegala,2025,4,25.909,31.48,21.31,283.52,86.80633,20.048668,2.3673332
Kurunegala,2025,5,25.883549,31.16,21.73,196.84,87.53677,18.314838,4.6725807
Kurunegala,2025,6,25.526001,30.43,22.57,83.77,87.875336,19.017,5.935
Kurunegala,2025,7,25.286451,30.77,22.18,47.7,86.62613,19.017097,6.4219356
Kurunegala,2025,8,25.23613,31.8,21.79,60.9,84.549675,19.463224,5.514516
Kurunegala,2025,9,25.643333,31.65,22.47,156.65,83.319,19.234001,5.419667
Kurunegala,2025,10,25.112257,31.25,21.21,357.8,87.41677,18.225807,3.1051614
Kurunegala,2025,11,24.185333,30.72,19.83,746.66003,90.93367,14.978333,3.501
Kurunegala,2025,12,23.256775,29.61,18.17,165.45,91.25065,15.70871,3.4758065
Mannar,2000,1,25.815163,30.6,20.31,31.119999,78.049355,17.91,6.236774
Mannar,2000,2,27.40931,32.21,22.63,53.1,73.76655,20.586897,4.3086205
Mannar,2000,3,28.723871,34.73,22.87,3.9099998,67.51451,22.621937,3.9593549
Mannar,2000,4,29.511332,34.66,26.07,43.02,72.792336,22.805,5.100667
Mannar,2000,5,29.53387,34.1,26.97,57.54,73.90452,22.664515,6.5270967
Mannar,2000,6,28.115,31.24,25.7,21.25,76.863,20.226,8.231667
Mannar,2000,7,28.241936,32.43,25.77,108.31,74.395164,21.553871,7.475161
Mannar,2000,8,27.291935,30.35,25.26,29.5,79.870964,20.021612,7.9409676
Mannar,2000,9,27.552,31.39,25.01,96.31,80.500336,21.104668,6.101
Mannar,2000,10,27.398708,31.63,24.13,71.72,78.394196,20.36742,5.5022583
Mannar,2000,11,27.312334,31.8,23.8,231.62,77.15566,16.225666,5.6936665
Mannar,2000,12,25.613226,29.1,22.08,89.2,80.35387,16.840322,6.2477417
Mannar,2001,1,25.445162,28.99,21.94,56.44,81.02484,16.450323,6.1587095
Mannar,2001,2,25.886429,32.45,19.79,69.979996,76.925354,22.017141,3.8360715
Mannar,2001,3,28.671614,34.62,23.36,0.04,68.61484,23.696129,4.3293552
Mannar,2001,4,28.887667,35.17,25.45,174.49,74.81067,21.815,2.7633333
Mannar,2001,5,29.165161,31.97,26.74,23.93,78.94387,22.613226,6.789032
Mannar,2001,6,28.098667,32.21,26.29,80.52,80.02634,19.934666,7.736
Mannar,2001,7,27.75129,31.3,25.43,48.11,79.05354,20.372904,6.9548388
Mannar,2001,8,27.730967,31.24,25.66,6.86,80.200325,21.982903,7.488387
Mannar,2001,9,27.831667,32.23,25.62,23.76,78.29867,22.223667,7.0023336
Mannar,2001,10,27.630322,31.59,24.86,129.29001,79.61161,19.084517,5.2129035
Mannar,2001,11,26.870333,31.56,24.37,246.72,81.993004,16.791666,4.3603334
Mannar,2001,12,25.762259,29.25,23.3,209.43,83.05742,16.008064,5.9103227
Mannar,2002,1,25.549032,29.34,21.42,25.960001,81.45355,18.245161,5.290968
Mannar,2002,2,26.292858,31.95,20.98,71.4,78.55143,21.580715,5.861786
Mannar,2002,3,28.316452,33.85,22.34,13.77,71.79484,24.116129,4.1741934
Mannar,2002,4,29.420666,34.6,25.43,143.31,73.002,23.456333,2.5413332
Mannar,2002,5,29.136774,33.37,26.64,51.57,79.327736,21.619032,7.042258
Mannar,2002,6,28.595,32.04,26.63,22.289999,78.40666,21.270666,7.4950004
Mannar,2002,7,28.616451,32.26,26.09,1.72,75.66129,21.660967,8.045484
Mannar,2002,8,28.078386,32.23,25.94,9.99,76.812256,21.877743,7.4829035
Mannar,2002,9,28.729334,32.6,26.01,7.85,71.99934,23.865,7.3970003
Mannar,2002,10,27.48613,31.95,25.04,293.82,81.32291,18.995806,4.3535485
Mannar,2002,11,26.426666,29.4,23.38,120.19,85.13,16.262667,3.8486667
Mannar,2002,12,25.669678,29.01,21.75,128.5,84.16742,14.783548,6.0380645
Mannar,2003,1,25.397743,29.07,21.33,73.060005,80.61452,18.00871,6.0625806
Mannar,2003,2,26.750715,31.58,22.04,46.809998,77.95179,21.649286,5.035
Mannar,2003,3,28.289034,34.3,22.0,26.58,72.11064,23.645807,3.7329032
Mannar,2003,4,30.092335,36.04,25.29,86.45,68.31266,22.920666,3.3523333
Mannar,2003,5,29.071291,32.71,26.49,119.48,79.298065,19.89129,7.0222583
Mannar,2003,6,28.581,31.48,26.68,16.42,78.46967,21.822332,7.7409997
Mannar,2003,7,28.40613,31.45,26.58,19.130001,77.39,20.305162,6.8196774
Mannar,2003,8,28.15742,31.67,25.98,34.91,78.9029,20.90129,6.8932257
Mannar,2003,9,28.338665,32.82,26.27,32.32,76.68467,23.436,6.7850003
Mannar,2003,10,27.910322,32.42,25.77,122.03,79.00259,20.258387,5.662258
Mannar,2003,11,26.856667,30.89,23.91,308.03,83.836334,14.987667,5.6546664
Mannar,2003,12,26.039354,29.56,23.4,29.3,80.58291,18.414194,5.860645
Mannar,2004,1,26.309355,31.54,21.38,4.74,74.93194,20.732582,5.9583874
Mannar,2004,2,26.768965,32.67,20.73,9.11,69.89655,22.895174,5.554138
Mannar,2004,3,28.818386,34.17,21.17,21.69,68.79258,23.143549,3.9445162
Mannar,2004,4,29.955,35.98,26.49,55.72,71.11167,23.143667,3.4653332
Mannar,2004,5,28.699678,31.17,26.4,144.39,79.55225,19.67129,7.107097
Mannar,2004,6,28.292334,31.75,26.47,8.56,77.75,21.173334,8.224333
Mannar,2004,7,28.047098,31.18,25.64,15.940001,77.13613,21.417742,7.5980644
Mannar,2004,8,28.259678,32.27,26.18,22.22,76.021286,22.037098,7.3654838
Mannar,2004,9,27.632666,30.98,25.41,85.53,80.16134,20.036999,6.0386667
Mannar,2004,10,27.456774,31.02,24.66,245.88,82.14839,19.637419,4.7974195
Mannar,2004,11,26.605665,29.33,24.91,260.65,86.029335,15.645334,5.7693334
Mannar,2004,12,25.472582,28.76,21.52,202.3,82.59161,15.807742,6.3367743
Mannar,2005,1,25.508387,28.9,22.33,88.61,81.906456,18.800968,5.319032
Mannar,2005,2,26.143572,31.12,21.47,5.06,78.68428,23.300001,4.9414287
Mannar,2005,3,28.29871,34.17,23.06,51.77,74.78774,23.29484,3.887742
Mannar,2005,4,28.528002,33.24,25.55,176.16,80.103004,21.272667,3.2540002
Mannar,2005,5,29.220966,32.71,26.61,46.88,79.54161,21.788065,5.988065
Mannar,2005,6,28.726002,31.53,26.51,4.36,79.22733,20.714666,8.472667
Mannar,2005,7,27.958065,31.0,25.98,9.69,79.85742,20.460001,8.261291
Mannar,2005,8,28.431936,32.42,26.04,26.32,76.078064,23.09742,7.05
Mannar,2005,9,28.050667,31.62,25.88,7.73,78.182335,21.693333,7.885667
Mannar,2005,10,27.76387,32.36,25.75,162.12,80.578705,19.795162,5.0664515
Mannar,2005,11,26.074333,28.88,23.58,393.06,86.22233,13.597,4.8313336
Mannar,2005,12,25.629679,28.58,22.22,92.340004,83.3642,16.933872,4.8206453
Mannar,2006,1,24.882902,28.02,19.95,68.68,83.1929,17.412256,5.4858065
Mannar,2006,2,26.03143,31.12,22.19,11.97,78.47785,21.633213,5.0942855
Mannar,2006,3,27.810968,32.59,23.02,105.86,76.04258,22.749678,3.1564515
Mannar,2006,4,29.299334,33.8,25.42,56.079998,73.10367,22.479,4.100667
Mannar,2006,5,28.899033,32.23,26.66,25.970001,78.285484,21.901936,7.273226
Mannar,2006,6,28.751667,32.58,26.75,2.3,76.07567,21.921999,7.377667
Mannar,2006,7,28.267418,32.24,26.0,5.2599998,77.1571,20.005806,7.843871
Mannar,2006,8,27.928709,31.82,25.7,61.26,77.83516,22.76516,7.985484
Mannar,2006,9,27.542334,30.7,25.54,66.99,80.65566,21.135334,6.997
Mannar,2006,10,27.477741,31.19,24.66,295.2,80.730965,19.448387,4.944516
Mannar,2006,11,26.513334,29.32,24.46,254.2,86.11633,17.139668,4.1256666
Mannar,2006,12,25.859356,28.79,22.07,58.8,79.10613,16.38129,6.384839
Mannar,2007,1,25.490967,30.07,22.05,30.02,77.52548,18.422903,6.096774
Mannar,2007,2,26.583927,31.68,21.56,38.2,73.07393,22.341785,4.947143
Mannar,2007,3,28.139355,35.79,22.19,4.2400002,66.89903,25.04613,3.8693547
Mannar,2007,4,29.272,35.57,25.9,71.19,73.625336,23.366,3.1186666
Mannar,2007,5,29.56387,32.91,27.17,7.2799997,76.22161,22.445807,6.9574194
Mannar,2007,6,28.673668,33.14,26.32,36.35,78.069336,19.050333,7.403
Mannar,2007,7,28.02097,31.37,25.42,11.67,78.65871,20.40355,7.674516
Mannar,2007,8,27.862257,31.35,26.1,30.65,78.71645,21.872904,7.5764513
Mannar,2007,9,28.042334,31.31,25.65,57.92,78.644005,21.847666,7.455
Mannar,2007,10,27.18742,31.47,24.82,284.1,81.08129,18.768064,5.14
Mannar,2007,11,26.398,29.28,22.86,130.45,80.52967,18.742334,4.2783337
Mannar,2007,12,25.561611,28.65,20.81,191.24,83.19355,15.429678,5.960645
Mannar,2008,1,25.271612,29.48,21.18,12.7300005,79.95484,19.288387,5.0419354
Mannar,2008,2,26.478966,31.04,22.03,68.44,77.16552,20.742414,4.5589657
Mannar,2008,3,26.883871,31.23,22.81,190.95,82.3171,20.222582,4.357742
Mannar,2008,4,27.945667,31.31,24.98,110.73,80.868004,22.226665,3.718
Mannar,2008,5,28.574194,31.33,27.01,7.4199996,81.0171,23.017418,7.663871
Mannar,2008,6,28.622334,32.08,26.66,6.97,76.71433,21.621334,7.8873334
Mannar,2008,7,28.274193,32.03,26.25,17.93,76.24806,21.168066,7.6206455
Mannar,2008,8,27.910324,31.39,25.61,35.32,77.62936,20.79484,6.782258
Mannar,2008,9,28.506666,32.57,26.43,5.59,74.326004,23.481667,7.179
Mannar,2008,10,28.085161,33.5,24.38,145.32,76.17806,19.310968,4.6580644
Mannar,2008,11,27.264,31.51,24.78,211.48,78.485,15.8793335,5.1466665
Mannar,2008,12,25.820322,29.19,22.8,145.04,81.703224,16.775484,5.5680647
Mannar,2009,1,25.500322,29.65,21.87,22.720001,76.63645,18.921614,5.535484
Mannar,2009,2,26.430357,33.86,20.85,0.08,68.67143,23.801428,4.491786
Mannar,2009,3,28.196129,35.14,22.6,84.35,70.881615,23.647743,3.3348386
Mannar,2009,4,29.43,34.9,25.82,78.02,74.76566,21.663334,4.477667
Mannar,2009,5,29.19258,33.2,26.89,9.46,78.605804,21.19871,7.044516
Mannar,2009,6,28.569,31.98,26.61,5.35,76.975,22.345333,9.009999
Mannar,2009,7,28.25387,32.32,26.22,8.17,76.11226,20.77484,8.188065
Mannar,2009,8,28.135807,31.59,25.23,60.8,78.2771,21.322258,6.917097
Mannar,2009,9,28.207335,32.75,26.08,12.02,78.112335,23.098999,7.697
Mannar,2009,10,28.331291,32.69,24.4,101.78,71.98935,21.514517,5.1229033
Mannar,2009,11,26.905333,31.07,24.44,346.8,83.534004,16.357666,4.2503333
Mannar,2009,12,26.161291,28.86,23.6,279.77,85.368706,15.180967,5.584839
Mannar,2010,1,25.469355,28.62,21.6,46.07,81.52484,19.362257,5.4848385
Mannar,2010,2,26.046785,32.14,21.8,1.76,78.15071,21.823572,4.642857
Mannar,2010,3,28.745161,34.37,21.27,13.83,69.89774,24.091614,3.8270967
Mannar,2010,4,30.034666,35.26,26.59,74.39,73.68033,22.766333,3.6613336
Mannar,2010,5,29.750322,33.74,26.94,55.88,78.31516,21.129354,6.6551614
Mannar,2010,6,28.984335,33.15,26.64,8.61,75.932,21.137333,7.9976664
Mannar,2010,7,28.707418,32.96,26.05,18.230001,72.68484,21.121614,7.3983874
Mannar,2010,8,28.116129,31.57,25.51,72.130005,77.98775,20.176773,6.8312902
Mannar,2010,9,27.59,31.1,25.05,151.0,79.710335,20.942,5.582
Mannar,2010,10,27.210323,30.2,25.23,134.86,83.01225,20.617098,5.777742
Mannar,2010,11,26.626333,30.53,24.41,404.04,84.114,15.564333,3.6123335
Mannar,2010,12,25.54774,28.15,23.09,336.81,86.563545,13.023226,5.39871
Mannar,2011,1,25.05258,27.66,21.2,163.14,85.80871,15.813226,6.061613
Mannar,2011,2,25.583927,29.57,22.57,112.29,82.96001,18.741428,4.8953576
Mannar,2011,3,27.060322,31.43,21.82,10.09,78.98935,24.070322,3.7341936
Mannar,2011,4,28.142668,32.35,23.77,199.99,78.69467,21.004333,3.2506666
Mannar,2011,5,28.60484,31.45,25.8,5.77,80.87355,23.173225,6.7751613
Mannar,2011,6,28.816668,32.32,26.95,2.24,76.63,22.227,7.9006667
Mannar,2011,7,28.540646,32.22,25.98,10.34,73.88,21.504517,7.647742
Mannar,2011,8,28.118063,31.51,25.63,52.78,77.230965,22.14129,7.5709677
Mannar,2011,9,28.498333,32.14,26.26,10.530001,74.903336,23.297667,7.511667
Mannar,2011,10,27.75871,31.64,25.14,233.48001,79.50935,19.741613,4.440645
Mannar,2011,11,26.726002,29.35,24.12,410.38,82.55867,15.448334,4.6576667
Mannar,2011,12,25.917097,29.1,22.73,191.52,83.4042,16.144516,5.305484
Mannar,2012,1,25.041292,28.71,20.9,34.04,79.80161,21.041288,4.8719354
Mannar,2012,2,26.105171,30.87,22.25,13.9,79.56931,20.951723,5.126207
Mannar,2012,3,28.485806,34.37,23.25,22.84,71.08742,23.609999,3.4203227
Mannar,2012,4,29.101332,33.59,25.48,76.63,74.982,21.376001,4.061
Mannar,2012,5,29.24742,32.6,27.09,2.33,76.465485,21.747742,8.028709
Mannar,2012,6,28.927668,32.31,26.68,1.9,74.63534,20.947666,8.7890005
Mannar,2012,7,28.870321,33.48,26.61,12.47,74.56548,21.89258,7.5574193
Mannar,2012,8,28.53129,32.44,26.41,5.59,74.477745,22.729355,8.295807
Mannar,2012,9,28.616,32.13,26.3,58.89,75.117,22.228,7.4783335
Mannar,2012,10,27.42129,31.9,25.14,398.98,82.31516,18.386452,4.9261293
Mannar,2012,11,26.712667,29.94,23.67,134.47,81.84866,17.784334,4.271333
Mannar,2012,12,26.075161,28.97,22.44,387.62,85.37483,14.400323,5.813871
Mannar,2013,1,25.493225,28.18,22.52,120.96001,82.4771,18.089033,5.7874193
Mannar,2013,2,26.065357,29.8,22.6,134.8,81.9975,20.150358,4.8060718
Mannar,2013,3,27.141935,31.04,22.66,140.17,81.14129,22.739033,3.8138711
Mannar,2013,4,28.882666,32.16,25.36,44.760002,79.097,23.669334,3.6209998
Mannar,2013,5,28.829676,31.83,27.1,64.3,81.65355,20.68129,6.8648386
Mannar,2013,6,28.492,31.71,26.65,3.06,77.01667,20.079334,8.83
Mannar,2013,7,28.177742,31.47,26.23,10.79,76.01678,20.29613,8.138388
Mannar,2013,8,28.195484,32.74,26.14,47.32,76.521286,21.42613,6.302903
Mannar,2013,9,27.779667,31.19,25.6,83.82,78.865,21.560667,7.8553333
Mannar,2013,10,27.840645,31.59,25.25,92.03,78.021614,21.483547,5.8
Mannar,2013,11,26.986,30.19,23.57,183.82,81.405,17.557335,4.4903336
Mannar,2013,12,25.700645,28.56,22.9,138.91,80.32097,15.334839,5.577742
Mannar,2014,1,25.386452,29.13,22.64,114.83,80.79161,17.86484,6.3032255
Mannar,2014,2,26.521786,32.0,21.0,17.65,72.15071,22.54893,5.0517855
Mannar,2014,3,28.596775,36.06,23.93,2.79,67.25871,23.497095,5.014516
Mannar,2014,4,29.983,35.54,25.65,59.61,70.06133,23.487667,2.8996665
Mannar,2014,5,28.90613,32.19,26.25,135.09,81.73419,21.648708,6.2274194
Mannar,2014,6,29.266333,32.46,27.12,2.4799998,77.65401,21.935333,7.8046665
Mannar,2014,7,28.947096,32.17,26.88,3.49,74.92548,22.147743,8.083549
Mannar,2014,8,28.135807,32.11,25.26,69.38,76.757744,21.602903,7.343226
Mannar,2014,9,28.245333,32.61,26.05,95.48,78.058,22.705332,6.26
Mannar,2014,10,27.57,31.15,24.94,240.33,81.88839,19.264194,4.1496773
Mannar,2014,11,26.702667,30.26,24.61,358.27,83.767334,13.645,4.9026666
Mannar,2014,12,25.799677,28.78,23.99,352.06,88.38807,13.582904,5.6309676
Mannar,2015,1,25.223871,28.61,22.46,3.26,81.8187,20.702902,4.966129
Mannar,2015,2,25.715359,29.74,21.7,76.49,80.9425,20.784286,5.231786
Mannar,2015,3,27.442904,32.58,22.94,60.18,77.365486,23.937742,3.9206452
Mannar,2015,4,28.634666,32.93,25.69,171.17,77.891,22.996,2.7976668
Mannar,2015,5,28.575806,31.23,26.2,180.7,83.10516,20.00871,5.3141937
Mannar,2015,6,28.510334,31.09,26.59,14.51,81.34533,21.682333,7.252333
Mannar,2015,7,28.594517,31.85,26.57,4.64,78.55548,21.658709,7.752903
Mannar,2015,8,28.595806,32.39,26.17,41.620003,77.92387,22.361614,7.110645
Mannar,2015,9,28.048,32.02,25.56,110.55,80.27133,21.481333,6.760333
Mannar,2015,10,27.824839,31.67,25.09,220.53,81.08323,19.08387,4.6306453
Mannar,2015,11,26.850668,29.69,25.03,499.01,86.63767,15.405667,4.129333
Mannar,2015,12,26.53742,29.23,23.64,244.67,85.93742,15.972259,5.1154838
Mannar,2016,1,25.739355,28.98,22.17,42.07,80.85194,19.324839,5.253226
Mannar,2016,2,26.574482,31.14,22.42,14.77,79.61483,21.569311,4.725862
Mannar,2016,3,28.83,34.74,23.71,12.12,71.394516,24.270645,3.5574193
Mannar,2016,4,30.821001,35.14,26.17,19.48,69.916664,24.216667,3.3763335
Mannar,2016,5,29.678387,34.24,26.84,312.8,77.69903,19.77871,5.7487097
Mannar,2016,6,28.648,31.05,26.57,10.75,78.78533,20.266666,7.760667
Mannar,2016,7,28.321936,31.89,26.01,19.75,78.03032,21.373226,6.7687097
Mannar,2016,8,28.673548,32.34,26.45,17.6,75.86452,22.535482,6.873226
Mannar,2016,9,28.498999,32.4,26.21,5.06,74.46567,22.979334,7.0683336
Mannar,2016,10,28.43613,32.96,25.35,63.42,72.55678,20.7,4.9848385
Mannar,2016,11,26.932667,30.44,22.98,189.42,80.170334,15.4,4.653
Mannar,2016,12,25.992905,30.01,21.13,85.35,79.324844,17.692904,5.0948386
Mannar,2017,1,25.614515,29.7,21.0,105.65,76.01548,18.530968,5.89871
Mannar,2017,2,26.063215,32.0,20.99,18.810001,71.32286,22.003214,5.0607142
Mannar,2017,3,27.91742,34.36,22.62,90.03,75.10774,23.42,3.4287097
Mannar,2017,4,29.919666,35.09,25.25,26.01,72.774666,23.765333,4.246333
Mannar,2017,5,29.681614,33.51,26.66,66.77,76.40581,20.603226,5.9990325
Mannar,2017,6,29.027,32.18,27.26,12.639999,76.524666,21.567,8.200666
Mannar,2017,7,29.260323,33.93,27.04,13.18,73.40549,21.81129,6.933226
Mannar,2017,8,28.520323,31.65,25.73,68.13,78.18065,20.805162,6.601613
Mannar,2017,9,28.048668,32.36,26.05,63.89,80.46233,21.512333,6.5653334
Mannar,2017,10,28.260645,31.85,25.54,96.69,78.92903,18.651613,5.598065
Mannar,2017,11,26.906,30.11,24.79,215.08,84.639,15.416333,4.8783336
Mannar,2017,12,26.22516,29.41,22.97,71.01,80.74968,17.960646,4.9741936
Mannar,2018,1,25.58258,29.41,21.48,27.75,75.89871,18.746452,5.3838706
Mannar,2018,2,26.625357,31.75,22.05,19.119999,73.189285,22.40607,5.6571426
Mannar,2018,3,28.479677,34.51,22.76,42.15,71.482254,22.618387,4.2841935
Mannar,2018,4,29.851002,35.45,25.47,53.579998,71.691,23.413,3.3326669
Mannar,2018,5,28.820969,32.87,26.74,148.23,80.67871,18.24129,5.173871
Mannar,2018,6,28.459665,31.72,25.69,10.55,80.30234,21.081,8.347667
Mannar,2018,7,28.485806,32.04,26.32,8.89,76.564514,20.676773,7.5970964
Mannar,2018,8,28.086128,32.01,25.81,20.24,76.89033,19.733225,7.311613
Mannar,2018,9,28.314333,33.16,25.59,33.65,74.85934,22.470667,5.8313336
Mannar,2018,10,27.618387,32.26,25.2,231.49,81.03065,17.90613,3.7919357
Mannar,2018,11,26.750334,29.9,23.93,232.35,83.090996,16.105999,4.449
Mannar,2018,12,26.106129,29.05,22.85,85.97,83.18,16.491291,5.065161
Mannar,2019,1,25.41355,30.5,21.95,0.93,76.53,20.388065,5.590968
Mannar,2019,2,27.371784,32.37,22.8,51.62,75.66679,21.5725,4.776786
Mannar,2019,3,29.330322,35.74,24.04,2.31,65.87645,24.847742,4.219032
Mannar,2019,4,30.85,35.94,26.27,37.78,64.61266,22.454668,2.9473333
Mannar,2019,5,30.106129,33.85,27.73,4.67,74.799675,22.603226,7.0532255
Mannar,2019,6,29.804333,33.0,27.89,7.56,75.079666,21.135334,8.364667
Mannar,2019,7,29.097097,33.54,26.71,16.31,74.27387,20.911613,7.476774
Mannar,2019,8,28.434195,31.74,26.46,62.91,76.44322,19.866451,8.327097
Mannar,2019,9,28.074,32.8,25.23,132.93,79.47767,20.296,6.462
Mannar,2019,10,27.43,31.79,25.18,412.87,82.36452,17.856451,3.2729032
Mannar,2019,11,27.452,30.05,25.31,205.56,83.47667,18.387,3.9653332
Mannar,2019,12,26.475483,29.17,23.89,252.11,84.62936,15.38129,5.464839
Mannar,2020,1,26.100323,29.54,22.56,17.97,79.93033,20.688065,4.9780645
Mannar,2020,2,26.690346,31.69,22.88,13.64,75.46379,22.469654,5.4627585
Mannar,2020,3,28.703226,34.68,23.59,4.34,68.45774,23.977097,4.247097
Mannar,2020,4,30.417,35.98,24.18,51.79,69.039665,24.199,3.4396667
Mannar,2020,5,29.962904,35.02,27.11,93.54,75.89355,20.329033,5.362903
Mannar,2020,6,29.270332,33.02,26.65,31.18,75.48534,21.089333,7.5296664
Mannar,2020,7,28.183872,31.6,25.81,79.72,78.82581,19.048063,6.223548
Mannar,2020,8,28.43,32.14,26.17,28.49,77.67936,20.83,7.3645163
Mannar,2020,9,27.907665,30.98,25.67,112.740005,79.837006,19.805,7.324333
Mannar,2020,10,28.100323,31.88,25.63,78.7,78.4471,20.43129,5.9116125
Mannar,2020,11,27.451332,31.81,24.87,272.82,83.137665,16.390001,4.562667
Mannar,2020,12,26.060322,28.78,23.35,433.24,86.10516,13.723226,5.5722585
Mannar,2021,1,25.908388,28.87,23.21,294.71,85.43839,16.745483,5.06871
Mannar,2021,2,25.65893,29.4,21.73,21.43,80.391785,22.659641,5.176429
Mannar,2021,3,27.415483,32.33,22.47,27.08,77.64967,22.952902,4.1661286
Mannar,2021,4,29.042,33.68,24.88,84.14,76.59866,22.929667,3.774
Mannar,2021,5,29.051935,32.37,26.45,85.13,79.46903,20.449032,6.040968
Mannar,2021,6,28.796333,32.08,26.73,34.44,78.81834,21.657665,7.0693336
Mannar,2021,7,28.758064,32.23,26.71,37.829998,77.03129,21.147419,7.4225807
Mannar,2021,8,28.306452,31.87,25.56,40.73,77.50903,20.256453,6.9770966
Mannar,2021,9,28.328333,31.88,26.18,92.46,79.36567,21.665667,6.52
Mannar,2021,10,27.610968,30.26,25.48,308.41,83.60807,17.996775,5.1280646
Mannar,2021,11,26.685333,29.23,24.88,557.19,87.369,14.811,4.997
Mannar,2021,12,26.35387,29.46,22.67,104.84,81.91323,18.300646,4.797742
Mannar,2022,1,26.045483,29.5,21.19,78.69,81.79226,19.640001,5.087419
Mannar,2022,2,25.916784,29.69,21.13,60.45,79.659645,21.153214,5.1010714
Mannar,2022,3,28.032581,33.05,23.87,25.43,76.57258,22.666773,4.3967743
Mannar,2022,4,28.651333,32.85,25.95,211.98,79.717,22.111,3.1656668
Mannar,2022,5,28.896128,31.47,26.85,22.81,81.13548,20.875484,7.7003226
Mannar,2022,6,28.33,31.95,26.11,28.060001,79.538994,20.418,6.7426667
Mannar,2022,7,28.28387,31.6,25.41,124.729996,77.47322,18.87258,5.975161
Mannar,2022,8,27.849678,31.81,25.24,75.29,79.57323,19.939678,6.6064515
Mannar,2022,9,27.853333,32.36,25.52,29.73,79.325,21.831333,6.6693335
Mannar,2022,10,27.59355,31.33,24.93,240.96,80.19322,17.989033,4.530967
Mannar,2022,11,26.335,29.41,23.63,210.58,82.97667,16.162333,4.3436666
Mannar,2022,12,26.067097,29.15,21.92,250.93,84.85677,14.824839,5.7119355
Mannar,2023,1,25.076775,27.98,21.87,56.94,80.21645,18.20129,5.7403226
Mannar,2023,2,25.517141,29.07,21.64,131.47,80.762856,21.319643,5.312143
Mannar,2023,3,27.73484,33.17,24.23,35.88,77.62161,23.040323,3.983871
Mannar,2023,4,29.635,34.89,25.58,59.71,72.646,23.800999,3.419
Mannar,2023,5,28.805483,31.79,26.21,158.69,82.20839,19.84,5.6190324
Mannar,2023,6,29.286001,32.54,27.29,12.7,78.120995,21.637,7.3086667
Mannar,2023,7,28.933226,32.8,26.15,9.53,75.85967,20.63516,7.456774
Mannar,2023,8,29.186773,33.8,26.7,24.14,74.65032,23.17613,6.702903
Mannar,2023,9,28.605999,32.44,26.04,54.03,76.714,21.276333,8.039
Mannar,2023,10,27.85871,31.55,25.14,210.39,80.70129,17.98613,4.397419
Mannar,2023,11,27.319334,30.46,25.13,428.28,85.19967,15.980333,3.2866666
Mannar,2023,12,26.894838,29.55,24.84,418.84,88.55548,14.18387,5.870322
Mannar,2024,1,26.049355,29.07,22.7,93.15,82.89871,17.910967,5.290645
Mannar,2024,2,26.933449,30.58,23.59,5.2799997,81.048615,22.639309,5.5210347
Mannar,2024,3,28.267418,34.31,23.04,20.86,72.34516,24.26484,4.18129
Mannar,2024,4,30.928333,37.07,26.26,27.25,69.80867,23.362667,3.1346667
Mannar,2024,5,30.067421,35.09,27.19,124.72,77.62807,17.50129,5.239677
Mannar,2024,6,29.073,31.89,27.26,24.75,79.27034,20.058332,7.660333
Mannar,2024,7,29.290323,33.09,26.93,6.77,75.145164,20.034193,7.587742
Mannar,2024,8,28.728065,32.22,26.57,81.72,78.89936,21.06871,6.2003226
Mannar,2024,9,29.25,33.46,26.44,21.0,76.601,22.275333,7.127333
Mannar,2024,10,28.097742,33.04,25.56,187.7,81.91452,18.099033,4.3893547
Mannar,2024,11,27.442665,30.35,24.55,365.9,84.547,14.285,5.3653336
Mannar,2024,12,26.738388,29.54,24.24,113.82,85.47322,16.606451,4.832258
Mannar,2025,1,25.722582,28.83,23.58,136.01,84.05419,14.777097,5.992258
Mannar,2025,2,26.137857,30.01,21.51,50.65,79.34821,22.524643,5.0139284
Mannar,2025,3,27.898386,33.4,22.53,56.920002,77.54355,23.145485,3.6303227
Mannar,2025,4,29.240334,32.8,24.85,84.2,76.59733,22.829668,3.5673332
Mannar,2025,5,29.552258,33.22,27.09,99.61,78.61226,20.280968,6.5751615
Mannar,2025,6,29.167667,32.24,27.34,13.83,79.294334,21.786999,7.590667
Mannar,2025,7,29.135807,32.79,26.56,5.3,75.62839,21.218065,7.440645
Mannar,2025,8,28.476452,32.49,26.22,25.84,77.784515,21.326775,6.6058064
Mannar,2025,9,28.662666,32.66,26.64,42.1,77.832664,21.399332,6.7223334
Mannar,2025,10,28.114515,33.06,25.97,271.51,81.131294,18.121937,4.096774
Mannar,2025,11,27.041332,31.02,24.91,578.1,84.698,13.698667,5.5123334
Mannar,2025,12,25.722904,28.93,22.86,130.83,84.01516,16.680323,5.2958064
Matale,2000,1,23.428709,31.18,14.67,25.88,82.95839,16.510967,4.523871
Matale,2000,2,25.428967,34.3,16.82,67.58,75.89,19.24931,2.862069
Matale,2000,3,26.886127,36.52,18.58,25.6,68.28806,21.524193,2.6074195
Matale,2000,4,27.544334,37.51,21.99,87.03,72.16033,21.375,3.2593334
Matale,2000,5,27.349356,36.49,22.46,54.16,73.727425,20.041613,4.9064517
Matale,2000,6,25.591667,31.69,22.01,57.1,78.621,17.555332,7.2190003
Matale,2000,7,25.910645,35.28,21.65,125.65,75.8858,19.620321,6.5138707
Matale,2000,8,24.990967,31.64,21.38,98.979996,81.42065,17.112904,6.5148387
Matale,2000,9,25.357334,32.89,21.47,92.21,81.53933,18.848,4.887
Matale,2000,10,25.013226,33.14,18.76,71.950005,81.57032,18.800646,4.3706455
Matale,2000,11,24.536001,33.06,18.46,257.03,83.421,15.405,3.6269999
Matale,2000,12,23.34742,29.4,17.0,114.11,87.36161,14.322258,4.077742
Matale,2001,1,23.09742,28.75,16.36,148.79,88.25484,15.194193,4.1067743
Matale,2001,2,22.971786,31.75,12.99,78.82,81.48964,21.195713,2.9785714
Matale,2001,3,26.565805,37.56,16.23,2.49,68.74549,23.347742,2.84
Matale,2001,4,27.219667,37.76,21.64,145.43,74.628334,19.866,1.8536667
Matale,2001,5,26.663872,34.41,22.87,71.62,81.1071,20.67742,4.960645
Matale,2001,6,25.348,30.89,21.56,122.81,83.69866,18.528666,6.407
Matale,2001,7,24.863548,31.48,20.79,136.09999,83.55,17.70129,5.923226
Matale,2001,8,25.436773,32.27,21.49,15.469999,81.14806,19.072903,6.5864515
Matale,2001,9,25.775333,33.57,21.88,120.31,77.93933,19.444,5.638
Matale,2001,10,25.095806,31.22,21.69,99.3,84.41968,17.402258,4.378387
Matale,2001,11,24.344334,31.31,18.99,171.41,86.81433,17.556334,3.1556666
Matale,2001,12,23.42645,30.21,16.68,133.78,86.89161,16.386774,3.8029032
Matale,2002,1,23.510645,31.07,15.14,60.39,83.13548,17.27,3.9993548
Matale,2002,2,24.35,32.02,15.74,83.28,80.6425,19.804998,4.4682145
Matale,2002,3,26.687096,36.53,17.79,47.53,71.64806,22.445162,3.1612904
Matale,2002,4,27.358,36.77,21.51,141.33,75.07101,19.949,1.681
Matale,2002,5,26.420322,32.58,22.78,121.08,83.41452,18.362257,5.0983872
Matale,2002,6,25.791332,32.78,22.45,62.73,82.75867,18.609335,6.089667
Matale,2002,7,26.130001,32.48,22.33,21.93,77.19129,18.817421,7.216129
Matale,2002,8,25.698065,33.56,21.88,77.04,78.30194,18.602903,6.160968
Matale,2002,9,26.76,34.59,22.25,26.509998,72.654335,22.095333,5.551333
Matale,2002,10,25.322258,34.87,20.81,245.75,83.26516,18.811935,3.1390321
Matale,2002,11,24.350334,30.46,18.64,162.14,88.12667,16.645666,2.3406668
Matale,2002,12,23.369678,29.48,16.21,244.73,90.675156,14.399355,3.919355
Matale,2003,1,22.76484,29.1,16.36,99.14,89.451614,16.042257,4.142258
Matale,2003,2,23.864286,30.48,16.85,63.909996,85.44036,20.212143,3.722857
Matale,2003,3,25.447742,33.58,17.04,99.74,80.47097,21.790646,2.5719357
Matale,2003,4,27.550999,36.23,20.58,86.16,73.39066,21.739666,1.9743333
Matale,2003,5,26.694517,32.72,22.82,127.54,82.6029,18.79484,5.458387
Matale,2003,6,26.011,32.77,22.43,59.27,81.57266,19.161001,5.6480002
Matale,2003,7,25.641613,32.7,21.82,41.12,81.8871,17.700644,5.4174194
Matale,2003,8,25.879354,33.22,21.86,28.529999,79.32,18.682259,5.959677
Matale,2003,9,26.490334,35.22,22.43,53.31,75.53533,20.498333,5.843
Matale,2003,10,26.228065,34.43,21.58,91.95,76.60871,19.78484,4.599677
Matale,2003,11,24.466667,32.35,19.23,282.51,87.765,14.613667,3.7313335
Matale,2003,12,23.64613,29.93,17.16,37.91,85.406136,18.042257,3.8583872
Matale,2004,1,24.344193,32.27,16.49,53.93,79.90387,18.229677,4.44129
Matale,2004,2,25.217241,34.83,16.39,50.66,72.397934,20.626896,3.776207
Matale,2004,3,27.285482,37.27,16.92,48.34,68.40517,22.051935,2.8329031
Matale,2004,4,28.021667,37.7,21.51,95.19,71.99067,21.485666,1.9606667
Matale,2004,5,26.470646,33.82,22.89,139.19,80.15355,17.406775,6.0703225
Matale,2004,6,25.649666,31.7,22.36,73.83,81.704,18.228666,6.5736666
Matale,2004,7,25.580969,32.13,22.17,38.420002,79.68516,18.063227,6.645161
Matale,2004,8,26.09645,33.11,22.37,26.05,76.76258,19.611614,6.6741934
Matale,2004,9,25.543333,31.9,21.01,164.3,80.32934,17.386,4.786333
Matale,2004,10,24.99258,31.29,21.47,238.94,86.424515,18.052904,3.653226
Matale,2004,11,24.266666,28.96,20.84,242.24,90.97633,14.687333,3.6683333
Matale,2004,12,22.996775,29.1,15.75,305.16998,90.00129,15.252582,4.1274195
Matale,2005,1,22.994837,28.9,16.75,102.68,90.172585,16.542257,3.748387
Matale,2005,2,23.3725,30.67,16.26,30.84,85.32143,22.316427,3.6875
Matale,2005,3,25.505161,34.02,17.91,69.33,80.99065,21.609678,2.620645
Matale,2005,4,26.563334,34.3,21.97,122.54,81.644005,20.292,2.0413334
Matale,2005,5,27.105808,34.78,23.27,78.97,79.966774,20.141613,4.059355
Matale,2005,6,26.185,32.26,22.51,57.77,81.45033,18.173,6.787667
Matale,2005,7,25.585161,32.39,22.38,71.58,81.255806,17.529034,6.713871
Matale,2005,8,26.292257,33.05,22.27,29.8,77.04645,20.183872,5.687097
Matale,2005,9,25.789,33.05,22.06,81.35,79.166664,18.342669,6.4706664
Matale,2005,10,25.261936,33.6,21.61,203.46,84.20709,18.562904,4.1629033
Matale,2005,11,23.786665,28.79,18.31,339.87,91.29267,14.665,2.9666667
Matale,2005,12,23.106773,28.65,15.9,115.979996,89.89484,15.630968,3.1403224
Matale,2006,1,22.230646,27.65,13.61,196.32,90.29032,15.8090315,3.9645162
Matale,2006,2,23.338215,30.4,17.49,62.35,88.15393,19.57893,3.6671429
Matale,2006,3,25.014194,32.27,19.45,118.939995,84.11484,21.21613,2.2132258
Matale,2006,4,26.466,34.27,21.49,59.47,79.00833,21.16,2.5363336
Matale,2006,5,26.282581,34.45,22.55,109.07,80.65709,19.084839,5.0596776
Matale,2006,6,26.200335,33.0,22.5,50.2,79.232666,19.623999,5.837333
Matale,2006,7,25.378386,32.22,20.74,75.42,81.866135,17.59355,6.5341935
Matale,2006,8,25.485483,33.6,21.06,116.72,80.33388,19.735483,6.0474195
Matale,2006,9,25.206,30.93,21.94,90.22,82.472664,20.046667,5.199333
Matale,2006,10,25.099356,32.16,20.78,352.63998,84.3,17.624838,3.6083872
Matale,2006,11,24.111666,29.16,20.97,370.72,91.433334,17.133333,2.4973333
Matale,2006,12,22.972902,27.84,15.88,200.55,90.29516,13.713549,4.523871
Matale,2007,1,22.374193,27.89,15.83,132.77,88.90484,16.48129,4.4241934
Matale,2007,2,23.292143,29.74,15.68,64.579994,85.042496,21.002142,3.1942859
Matale,2007,3,24.999031,35.51,16.55,25.74,72.40129,24.376131,2.6709678
Matale,2007,4,26.100334,34.58,21.88,242.59,83.383,19.511333,1.957
Matale,2007,5,26.335161,32.8,22.3,36.69,83.21871,20.33258,4.682581
Matale,2007,6,25.725334,33.51,21.82,98.45,82.933,17.704334,5.6123333
Matale,2007,7,25.292257,30.98,21.78,78.7,82.68613,17.364515,5.9248385
Matale,2007,8,25.560646,31.62,21.71,54.67,80.56,18.35484,5.793226
Matale,2007,9,25.348999,31.6,20.64,102.49,82.80167,17.782665,5.8259997
Matale,2007,10,24.567421,32.92,21.15,232.76,86.09645,16.986774,4.2116127
Matale,2007,11,23.663,29.1,16.73,163.8,87.514,19.035334,2.5613332
Matale,2007,12,22.934515,28.71,15.96,240.65,89.64613,14.102903,3.8603225
Matale,2008,1,22.845806,28.94,15.49,118.450005,88.72549,16.219355,3.6332257
Matale,2008,2,23.680344,29.68,15.9,113.69,85.03517,19.75276,3.0165515
Matale,2008,3,24.423225,31.01,18.02,326.07,87.8971,18.383549,2.6190324
Matale,2008,4,25.234333,31.61,20.28,215.55,87.654,19.639668,2.2216668
Matale,2008,5,25.318386,29.71,21.96,26.08,88.355484,20.308064,4.9306455
Matale,2008,6,24.892668,29.21,21.99,76.32,87.34067,17.753666,5.3733335
Matale,2008,7,24.868065,30.1,20.97,89.75,85.6829,17.911936,6.0080647
Matale,2008,8,25.175806,31.0,21.48,49.73,82.231285,18.28,5.2593546
Matale,2008,9,25.637333,33.71,20.09,35.96,79.87967,21.476,5.051
Matale,2008,10,25.785482,34.36,18.52,186.56,79.70387,18.589355,2.8529034
Matale,2008,11,24.521667,31.66,19.08,171.52,84.78634,15.740333,2.9926667
Matale,2008,12,23.082903,28.88,16.12,113.6,88.52419,16.417097,3.6254838
Matale,2009,1,22.708387,31.0,16.06,66.28,83.242905,18.47613,4.0387096
Matale,2009,2,24.677502,36.86,15.74,1.12,69.12,22.5625,3.2339287
Matale,2009,3,26.143871,37.8,18.87,198.02,72.465805,22.39258,2.163871
Matale,2009,4,26.098,33.7,21.33,186.19,84.111336,20.070333,3.0466666
Matale,2009,5,26.18742,32.9,22.47,75.3,84.11903,18.056452,5.1551614
Matale,2009,6,25.669,30.69,22.33,52.760002,83.19833,18.301666,6.926333
Matale,2009,7,25.550322,33.38,22.2,35.0,80.671936,18.062904,6.397742
Matale,2009,8,25.659355,32.28,21.59,107.54,81.13677,17.830969,5.774839
Matale,2009,9,25.777668,33.87,22.36,67.71,80.51,19.518667,6.1896667
Matale,2009,10,25.999678,34.51,18.75,144.76001,76.29742,20.385485,3.596774
Matale,2009,11,24.262333,30.11,18.41,374.35,88.32166,15.498,2.8153334
Matale,2009,12,23.821291,28.75,18.69,224.06,91.11161,13.971613,3.225484
Matale,2010,1,22.834839,29.44,15.85,100.27,88.79548,17.923548,3.604516
Matale,2010,2,23.501072,31.27,16.69,45.16,85.16607,20.964643,3.565
Matale,2010,3,26.053226,35.5,16.04,87.880005,75.10161,22.21516,2.5858064
Matale,2010,4,26.831667,34.54,22.2,236.03,81.141335,20.904,2.0283332
Matale,2010,5,26.071611,31.5,22.48,176.57,88.269356,19.15742,4.299678
Matale,2010,6,25.353,31.15,21.75,113.52,86.425,18.124666,5.853667
Matale,2010,7,24.857098,30.68,21.51,120.270004,86.16774,18.070644,5.6467743
Matale,2010,8,24.821291,29.9,21.46,132.62,85.99516,16.92613,6.013226
Matale,2010,9,24.704,29.81,21.32,172.28,86.554665,17.942333,4.435667
Matale,2010,10,24.290323,29.49,20.06,195.47,88.409355,18.506128,4.6454835
Matale,2010,11,23.838335,29.49,20.08,500.66,90.170006,15.396,2.6563334
Matale,2010,12,22.938387,27.98,18.57,445.57,92.63677,12.290646,3.5129032
Matale,2011,1,22.594517,27.9,15.97,507.37,93.02451,12.993548,3.9919355
Matale,2011,2,23.246786,29.21,17.32,369.71002,90.2975,17.073214,3.0853572
Matale,2011,3,24.360968,30.71,15.69,121.37,85.64839,21.552904,2.5958066
Matale,2011,4,25.005667,31.32,18.66,292.42,85.64433,19.918,2.226
Matale,2011,5,25.541613,31.39,21.51,109.48,88.61064,20.83355,4.4674196
Matale,2011,6,25.107666,29.96,21.38,40.21,87.372665,19.34,5.6806664
Matale,2011,7,24.756128,29.66,22.2,48.239998,86.08613,17.659355,5.939032
Matale,2011,8,25.224516,30.3,21.91,64.3,82.689354,18.140644,5.8209677
Matale,2011,9,25.369999,32.35,21.32,96.5,82.32333,19.994999,5.6306667
Matale,2011,10,25.291613,33.14,21.05,308.48,83.44129,19.391935,2.8941936
Matale,2011,11,24.081333,30.02,18.24,251.70999,88.454666,16.170666,2.9873335
Matale,2011,12,23.365484,28.94,17.56,193.14,89.88419,15.004193,3.4025807
Matale,2012,1,22.53,28.81,15.87,51.02,86.54742,19.419355,3.1335483
Matale,2012,2,23.474138,30.25,17.05,135.66,86.40345,18.760344,3.5134482
Matale,2012,3,25.456774,32.9,15.52,74.62,75.71,22.760323,2.0080645
Matale,2012,4,25.76,32.66,20.64,225.21,84.215,19.150667,2.375
Matale,2012,5,26.098064,33.62,20.42,17.23,80.74,20.836775,5.588064
Matale,2012,6,25.938,31.86,22.21,53.56,81.006,18.528332,6.6320004
Matale,2012,7,25.851614,32.85,22.68,64.52,80.51645,19.135485,6.110645
Matale,2012,8,25.836775,33.55,21.77,61.47,78.270966,19.324194,5.9787097
Matale,2012,9,25.791332,33.61,21.76,76.48,78.92567,19.857332,5.4866667
Matale,2012,10,25.31258,35.13,20.7,407.84,83.63,18.410967,3.0248387
Matale,2012,11,24.311666,30.12,19.52,278.82,87.98966,16.806,2.3226666
Matale,2012,12,23.437742,28.74,17.67,476.05,91.93613,13.99871,3.6148386
Matale,2013,1,22.581291,28.26,15.98,299.3,91.3471,16.32742,3.8348389
Matale,2013,2,23.393572,29.6,17.28,179.03,89.123215,18.87607,3.205
Matale,2013,3,24.973225,31.57,18.97,147.04,86.57097,20.70129,2.4338708
Matale,2013,4,26.176,31.91,21.14,145.8,84.456,21.45,1.8603333
Matale,2013,5,25.749353,30.38,22.89,143.78,88.18,17.662258,4.850968
Matale,2013,6,24.798,28.78,22.12,136.91,88.421,15.751,6.995333
Matale,2013,7,24.459032,28.71,22.02,84.51,87.85387,17.236774,6.402258
Matale,2013,8,24.917097,31.67,21.69,70.71,85.323875,19.088064,5.5441933
Matale,2013,9,24.890333,31.85,21.13,114.61,84.686005,18.279667,5.9483333
Matale,2013,10,25.191612,32.22,20.5,142.59,83.439674,19.888386,4.2880645
Matale,2013,11,24.380667,30.2,18.9,184.87,85.95633,17.53,2.5410001
Matale,2013,12,23.09355,28.84,17.5,133.23,88.99838,14.141935,3.6954837
Matale,2014,1,22.972902,28.86,16.54,115.979996,87.30354,16.320322,3.9219356
Matale,2014,2,24.333216,33.8,15.15,35.06,75.83143,21.6225,3.4767857
Matale,2014,3,26.22903,37.25,18.03,35.62,69.99903,22.170324,3.6387098
Matale,2014,4,27.679333,37.67,21.95,188.87,73.163,21.421999,1.5183333
Matale,2014,5,26.029034,32.3,22.38,159.22,86.0529,19.440323,3.8519356
Matale,2014,6,26.056,31.24,22.76,49.95,84.511,18.074001,6.5486665
Matale,2014,7,25.900322,32.1,22.88,30.7,81.65517,18.235483,6.9903226
Matale,2014,8,25.375807,32.48,21.6,105.58,81.172264,18.209032,5.739677
Matale,2014,9,25.754,33.58,22.07,142.87,81.454,19.772667,4.9983335
Matale,2014,10,24.860323,30.41,21.03,384.95,87.732254,17.846775,2.9051611
Matale,2014,11,23.907665,29.65,18.84,318.43,90.15034,13.297,3.187
Matale,2014,12,23.66742,28.8,20.4,693.58997,93.22129,11.695484,3.2232258
Matale,2015,1,22.670967,28.68,16.53,13.54,88.88774,19.637096,3.2425807
Matale,2015,2,23.257502,29.93,16.28,146.93001,88.07642,19.214285,3.4989285
Matale,2015,3,24.534193,31.43,17.07,84.55,83.42839,22.66645,2.718387
Matale,2015,4,25.931334,31.89,21.35,214.45,84.127335,21.099333,1.547
Matale,2015,5,25.787418,30.47,21.88,135.06,87.26484,19.279676,3.7409678
Matale,2015,6,25.601002,30.58,21.96,78.2,86.682,18.873667,5.042
Matale,2015,7,25.747742,31.02,22.44,34.45,82.16129,19.084839,6.1641936
Matale,2015,8,26.148708,32.95,22.22,74.84,79.550644,19.850323,5.729677
Matale,2015,9,25.694,33.21,20.47,154.53,81.90034,18.617,4.7070003
Matale,2015,10,24.998388,31.14,20.49,379.66,87.340645,17.47903,2.7412903
Matale,2015,11,24.328,29.66,20.98,437.4,90.76333,15.1,2.5603333
Matale,2015,12,24.174515,28.99,18.48,281.09,91.59226,15.061936,3.264516
Matale,2016,1,23.148064,28.86,16.71,80.39,89.827415,18.45,3.6390321
Matale,2016,2,23.951723,30.87,16.38,52.36,87.19069,20.083794,3.451724
Matale,2016,3,26.30871,35.73,19.07,74.49,77.23678,23.035807,2.3270967
Matale,2016,4,28.216333,36.56,21.84,83.61,75.687996,23.230001,1.5813333
Matale,2016,5,26.799032,35.03,22.27,417.05,82.81581,17.064194,4.332258
Matale,2016,6,25.45,30.08,22.62,53.85,86.25066,17.895666,6.621333
Matale,2016,7,25.369678,30.75,21.92,43.329998,83.08258,18.410322,5.745484
Matale,2016,8,25.934515,32.51,22.56,10.04,79.52387,19.279676,6.58871
Matale,2016,9,26.153666,33.76,21.37,6.19,75.42734,19.583668,6.6803336
Matale,2016,10,26.436451,35.2,20.85,73.69,73.82613,19.643871,4.2874193
Matale,2016,11,24.423,31.67,18.63,234.8,86.56266,15.493,2.7796667
Matale,2016,12,23.859999,30.55,16.19,71.59,83.91323,17.617098,3.2545161
Matale,2017,1,23.60742,31.94,16.08,45.55,77.94968,17.680645,3.7148385
Matale,2017,2,24.759644,35.46,16.16,61.56,71.519646,21.127142,3.472857
Matale,2017,3,25.54484,33.56,18.17,220.76,80.05581,22.112257,2.0554838
Matale,2017,4,27.366333,36.87,21.46,54.19,76.10667,23.279667,2.531
Matale,2017,5,27.277098,36.03,22.67,130.3,77.47162,18.824839,4.079355
Matale,2017,6,26.138666,32.84,23.04,46.43,80.60167,19.629,6.2636666
Matale,2017,7,26.325161,33.43,22.77,35.96,78.328705,20.357098,5.870322
Matale,2017,8,25.995483,32.36,21.6,114.11,79.9529,18.716452,5.903871
Matale,2017,9,25.833668,33.48,22.15,83.82,80.85067,18.490665,4.927
Matale,2017,10,25.749031,32.77,22.1,204.01,83.063225,17.558064,4.1474195
Matale,2017,11,24.398998,31.05,18.7,221.5,88.527336,15.162667,3.27
Matale,2017,12,23.579355,29.24,17.55,166.17,88.008064,17.41613,3.0551612
Matale,2018,1,22.71613,29.57,15.9,36.12,85.05968,18.349998,3.1093547
Matale,2018,2,24.273928,33.26,16.35,77.89,80.74036,20.910357,3.6650002
Matale,2018,3,25.866129,34.52,18.58,94.17,77.649994,21.244516,2.744839
Matale,2018,4,27.127,35.24,20.81,150.56999,76.63,21.598,1.7523333
Matale,2018,5,25.869356,33.94,21.64,339.31,86.89033,17.250322,3.2293549
Matale,2018,6,25.288,29.16,22.36,82.35,87.55933,18.278002,6.455
Matale,2018,7,25.21226,30.76,22.34,38.71,83.3587,18.768064,6.5058064
Matale,2018,8,25.172903,32.35,22.02,55.87,81.688065,17.697096,6.6787095
Matale,2018,9,26.074001,35.47,21.07,84.79,76.61167,21.864,4.264
Matale,2018,10,24.978065,33.12,20.54,196.51,85.47549,17.490322,2.263226
Matale,2018,11,24.225668,29.84,18.89,284.11,88.94967,16.425,2.6923335
Matale,2018,12,23.331291,28.98,16.72,127.34,89.742256,16.53,3.021613
Matale,2019,1,22.71516,29.31,15.73,40.35,86.73968,19.710646,3.7277422
Matale,2019,2,24.7925,32.78,17.25,103.74,83.57821,20.34107,3.3600001
Matale,2019,3,26.873873,37.9,18.53,16.41,68.16129,24.137419,2.7193549
Matale,2019,4,28.959333,38.69,21.16,90.11,64.438,21.745333,1.7266667
Matale,2019,5,28.338709,36.93,22.88,17.960001,72.450966,21.861935,4.6867743
Matale,2019,6,27.494333,35.75,23.75,43.86,75.271996,19.090668,6.549667
Matale,2019,7,26.766453,35.23,22.29,54.8,75.43355,19.268711,5.9564514
Matale,2019,8,25.885807,33.23,21.36,126.259995,78.67033,17.206453,6.5348387
Matale,2019,9,25.591,33.5,20.9,190.0,81.82567,17.546667,4.4943333
Matale,2019,10,24.738064,31.67,20.84,406.24,88.144196,16.428387,1.9932258
Matale,2019,11,24.751333,29.94,20.02,314.12,88.86767,18.000668,2.6433334
Matale,2019,12,23.887743,29.36,18.09,328.88998,91.89742,15.405806,3.560645
Matale,2020,1,23.264517,29.41,16.56,51.25,88.24806,20.18613,3.673871
Matale,2020,2,23.698277,30.69,16.29,23.369999,85.185165,21.23862,4.005862
Matale,2020,3,26.565805,36.34,18.96,26.67,71.19322,23.630968,2.5887096
Matale,2020,4,28.183666,36.99,18.98,115.45,71.337326,23.074333,2.039
Matale,2020,5,26.823547,36.0,22.65,221.93,83.4229,18.29871,3.8777418
Matale,2020,6,25.923668,31.2,21.76,102.6,83.187996,19.196333,5.7200003
Matale,2020,7,25.215483,30.75,21.6,99.18,84.57935,17.720644,4.608387
Matale,2020,8,25.661291,33.02,22.16,83.93,82.43839,19.824516,5.5496774
Matale,2020,9,25.088335,30.96,21.83,162.88,84.36567,16.638,5.601
Matale,2020,10,25.641935,32.57,20.58,69.96,81.90549,19.518387,5.0919356
Matale,2020,11,24.911001,31.54,19.97,280.14,88.041336,16.948666,2.6343334
Matale,2020,12,23.858387,29.71,18.5,319.81,90.228714,14.836452,3.5203226
Matale,2021,1,23.36742,29.09,16.59,243.61,91.366135,15.866451,3.0706453
Matale,2021,2,23.416784,30.83,15.93,60.51,87.64678,21.664999,3.5571427
Matale,2021,3,24.542904,32.13,16.98,106.700005,83.53774,21.260967,2.8719354
Matale,2021,4,26.135,32.79,20.34,142.76,83.28033,22.301332,2.169
Matale,2021,5,25.93,31.8,22.42,266.52,87.4129,18.162256,4.066129
Matale,2021,6,25.303,29.84,21.7,125.82,88.22767,20.312666,5.187
Matale,2021,7,25.141935,29.35,22.37,152.82,87.87226,19.679356,5.912581
Matale,2021,8,24.94387,29.99,20.63,105.58,86.48516,18.101292,5.6593547
Matale,2021,9,25.427,31.0,22.46,130.33,85.61967,18.460667,5.299667
Matale,2021,10,25.009678,29.98,21.38,327.97,87.43322,17.198065,3.9480646
Matale,2021,11,24.205666,29.51,19.57,469.06,91.176,14.641666,3.4353333
Matale,2021,12,23.601614,29.63,16.75,143.33,89.8187,18.668066,3.1954837
Matale,2022,1,23.514194,29.71,16.39,115.5,87.687096,19.292904,3.3054838
Matale,2022,2,23.304998,30.62,15.96,222.92,87.21571,20.222141,3.2675
Matale,2022,3,25.117098,31.93,19.21,66.340004,85.479996,20.83258,2.6093547
Matale,2022,4,25.893667,31.85,21.63,291.63998,85.82934,20.232,2.0363333
Matale,2022,5,25.812258,30.45,22.03,131.3,88.01032,18.172903,5.9535484
Matale,2022,6,25.257666,29.83,22.36,42.59,87.208336,19.083668,5.3543334
Matale,2022,7,25.255163,30.61,22.01,112.4,83.980316,17.889032,5.268387
Matale,2022,8,24.935162,31.96,21.62,189.64,85.12,18.10742,5.9241934
Matale,2022,9,25.130667,31.86,21.29,80.03,84.179,20.026667,5.338667
Matale,2022,10,24.806452,30.89,19.2,235.59,85.354515,16.647743,3.9964516
Matale,2022,11,23.694,29.73,18.1,283.27,89.165665,16.948666,2.4796667
Matale,2022,12,23.361935,29.0,18.21,290.08,90.323875,13.468387,3.5390322
Matale,2023,1,22.171614,27.88,15.1,108.5,89.95258,17.29387,3.8674192
Matale,2023,2,22.833927,29.07,15.47,127.22,88.75393,19.838928,3.8635714
Matale,2023,3,25.055483,31.96,18.98,109.55,84.716125,20.932579,2.6509678
Matale,2023,4,26.347332,32.38,20.27,159.7,81.628006,22.519999,1.9456667
Matale,2023,5,25.956453,31.5,21.79,153.75,87.033875,19.676773,3.8741934
Matale,2023,6,26.138666,31.18,22.11,59.53,84.59866,18.894335,5.881
Matale,2023,7,26.075161,32.46,22.53,47.11,80.991936,18.506775,6.3170967
Matale,2023,8,27.094517,35.42,22.48,41.62,75.26354,21.244194,5.548387
Matale,2023,9,25.886333,33.17,21.99,218.3,81.55533,17.291332,5.5956664
Matale,2023,10,25.099356,30.51,20.72,420.24,87.82194,17.139677,2.644516
Matale,2023,11,24.963665,29.75,20.8,470.0,89.88833,17.064667,1.9890001
Matale,2023,12,24.65355,30.1,20.24,467.58002,92.53161,14.037419,3.6783872
Matale,2024,1,23.545483,29.66,16.69,295.37,90.94129,17.29613,3.4993548
Matale,2024,2,24.430344,31.45,17.71,26.57,88.38897,21.16483,4.0868964
Matale,2024,3,25.314194,34.55,17.36,33.63,80.47097,23.501612,2.8612902
Matale,2024,4,28.583668,36.89,21.82,85.18,73.76134,21.915,1.8253332
Matale,2024,5,27.577097,37.3,23.72,203.94,81.26194,16.619678,4.30129
Matale,2024,6,26.521334,32.51,23.07,61.030003,82.806,17.945333,5.836
Matale,2024,7,26.390644,32.83,21.67,50.07,80.4729,18.294516,6.230645
Matale,2024,8,26.08,32.11,21.86,140.21,82.05291,18.494516,4.9467745
Matale,2024,9,26.619,33.32,22.6,44.48,80.41234,19.499332,5.883333
Matale,2024,10,25.889677,35.37,21.8,124.15,83.48419,17.772581,3.462258
Matale,2024,11,24.941668,30.88,20.66,362.4,89.21533,15.133667,3.144
Matale,2024,12,24.381937,29.33,18.85,145.98,89.64129,16.524517,2.797742
Matale,2025,1,23.328064,29.07,18.39,287.07,91.61097,13.223548,4.031613
Matale,2025,2,23.25357,29.44,16.51,62.089996,87.5625,22.242144,3.6632142
Matale,2025,3,24.973225,31.24,16.57,203.12,85.12839,21.305483,2.601613
Matale,2025,4,25.909,31.48,21.31,283.52,86.80633,20.048668,2.3673332
Matale,2025,5,25.883549,31.16,21.73,196.84,87.53677,18.314838,4.6725807
Matale,2025,6,25.526001,30.43,22.57,83.77,87.875336,19.017,5.935
Matale,2025,7,25.286451,30.77,22.18,47.7,86.62613,19.017097,6.4219356
Matale,2025,8,25.23613,31.8,21.79,60.9,84.549675,19.463224,5.514516
Matale,2025,9,25.643333,31.65,22.47,156.65,83.319,19.234001,5.419667
Matale,2025,10,25.112257,31.25,21.21,357.8,87.41677,18.225807,3.1051614
Matale,2025,11,24.185333,30.72,19.83,746.66003,90.93367,14.978333,3.501
Matale,2025,12,23.256775,29.61,18.17,165.45,91.25065,15.70871,3.4758065
Matara,2000,1,26.409355,31.68,22.77,9.86,77.24613,18.440968,4.464516
Matara,2000,2,26.99931,31.68,24.18,61.430004,76.84793,20.205519,3.247931
Matara,2000,3,27.667742,31.91,24.61,63.75,75.618385,20.838387,2.91
Matara,2000,4,27.802668,32.0,25.65,97.54,80.27233,21.208334,5.2573333
Matara,2000,5,28.10871,31.74,25.56,27.95,79.80161,20.365807,6.3170967
Matara,2000,6,26.983,29.56,24.44,92.86,82.44866,18.872667,7.7653337
Matara,2000,7,26.923225,30.45,25.15,76.259995,81.1271,21.087742,7.1603227
Matara,2000,8,26.584839,29.93,24.91,164.47,83.29129,18.845484,7.2658067
Matara,2000,9,26.873667,29.77,24.99,79.81,82.78001,20.31,6.2570004
Matara,2000,10,27.053226,30.93,24.68,44.38,80.129036,21.047098,5.9945164
Matara,2000,11,27.067667,31.95,23.44,163.27,79.24733,17.574,4.364333
Matara,2000,12,26.859356,31.41,23.47,52.27,77.61129,17.845484,3.6048386
Matara,2001,1,26.276129,30.49,22.86,193.77,80.018715,18.408066,3.3916128
Matara,2001,2,26.1775,30.82,21.52,34.94,76.714645,22.225714,2.6453571
Matara,2001,3,28.290323,32.75,23.77,18.35,71.37742,23.928709,3.7141936
Matara,2001,4,27.894335,32.74,25.69,117.44,79.452,20.211334,2.8
Matara,2001,5,28.170967,31.88,26.29,64.45,82.73774,21.238064,6.427419
Matara,2001,6,27.527,30.39,25.33,47.04,81.170334,21.073668,7.264
Matara,2001,7,26.696453,30.19,23.98,53.95,82.59161,19.740969,6.936129
Matara,2001,8,27.206453,30.53,24.88,14.07,80.78097,21.883549,7.283871
Matara,2001,9,27.285,30.98,25.19,99.77,79.53333,21.374332,6.872
Matara,2001,10,26.928709,30.0,25.06,55.31,83.145485,20.700323,6.563871
Matara,2001,11,27.002666,30.46,23.8,140.72,80.787,19.480333,3.827
Matara,2001,12,26.86,31.73,23.09,57.76,77.1829,19.411291,4.0012903
Matara,2002,1,27.254839,32.5,22.6,26.54,73.45258,19.884838,4.0709677
Matara,2002,2,27.804998,32.91,23.64,53.059998,72.975,23.060715,5.3285713
Matara,2002,3,28.510645,33.02,24.23,22.88,71.11323,22.575485,4.1029034
Matara,2002,4,28.164333,32.47,25.97,94.53,77.788994,22.364666,2.5779998
Matara,2002,5,27.92,30.51,26.02,178.27,83.6929,20.947742,6.060645
Matara,2002,6,27.496334,31.08,25.63,51.2,82.26833,19.302,6.987
Matara,2002,7,27.19,30.79,25.13,43.45,80.703224,20.65129,7.700645
Matara,2002,8,26.77484,30.26,24.21,67.04,83.43193,21.391613,6.3970966
Matara,2002,9,27.671667,30.62,25.81,40.87,77.983665,22.955666,6.5066667
Matara,2002,10,26.893549,31.2,24.87,221.97,83.534195,20.718388,5.072581
Matara,2002,11,26.703667,30.2,24.71,211.44,83.79766,16.498,3.5083334
Matara,2002,12,26.297419,29.96,22.26,173.49,82.72387,16.75387,3.6200001
Matara,2003,1,26.195162,30.1,22.52,41.7,80.31678,20.281935,4.0545163
Matara,2003,2,27.250357,31.61,23.43,39.78,77.369644,21.701786,3.7489285
Matara,2003,3,27.756775,32.23,24.38,72.1,76.99871,23.009678,3.0364516
Matara,2003,4,28.104334,32.46,25.48,155.45001,79.215996,22.194,3.32
Matara,2003,5,27.913872,29.97,26.06,212.29001,85.3858,18.825485,6.3019357
Matara,2003,6,27.329668,29.37,25.56,86.19,84.673996,18.951332,6.2289996
Matara,2003,7,27.172903,29.36,24.63,51.57,84.189995,18.97516,6.5022583
Matara,2003,8,27.162903,29.87,24.87,50.44,82.53194,21.27,6.753226
Matara,2003,9,27.117334,29.89,25.05,68.35,82.932335,22.028332,6.7763333
Matara,2003,10,27.49129,30.6,25.05,85.06,79.79516,22.15258,5.7558064
Matara,2003,11,26.597332,30.96,24.55,265.56,84.84866,15.731,3.9856668
Matara,2003,12,26.762259,30.78,23.23,15.91,77.007416,21.164515,3.8390324
Matara,2004,1,27.31871,31.8,23.51,30.14,75.452255,20.849678,4.7303224
Matara,2004,2,27.755516,32.56,23.8,67.979996,72.080345,22.418966,3.4731035
Matara,2004,3,28.083227,32.4,23.83,23.82,74.41871,23.922903,3.4745162
Matara,2004,4,28.141666,32.18,24.91,116.95,80.104,21.642,3.342
Matara,2004,5,27.950323,31.01,25.88,152.41,82.41226,18.453226,7.219033
Matara,2004,6,27.527,30.27,25.25,59.11,81.954666,21.103333,7.149667
Matara,2004,7,26.961935,29.63,25.2,55.22,82.15452,20.471613,7.6629033
Matara,2004,8,27.394838,30.49,25.01,55.649998,80.14936,21.653225,7.5022583
Matara,2004,9,26.898,30.11,24.98,208.39,82.72466,19.869333,6.2886667
Matara,2004,10,26.65645,29.46,24.79,232.75,85.53678,20.233225,4.8641934
Matara,2004,11,26.759,30.13,24.92,196.68,84.96967,17.188,3.5556667
Matara,2004,12,26.248388,29.5,22.61,185.95999,81.83742,17.638386,4.1922584
Matara,2005,1,26.33258,29.63,22.71,69.03,81.28838,17.665483,3.9125807
Matara,2005,2,26.938572,31.41,23.0,27.89,77.27893,23.749643,4.5475
Matara,2005,3,27.811935,31.9,23.96,120.02,78.51354,22.786129,3.847097
Matara,2005,4,27.866,31.33,25.75,92.44,81.474335,22.373999,3.0373335
Matara,2005,5,28.054516,30.94,26.23,112.07,83.53774,20.362904,5.798387
Matara,2005,6,27.469334,29.73,25.35,80.43,84.18467,19.809666,7.322
Matara,2005,7,26.921614,29.99,24.93,106.630005,84.8642,19.937742,7.0332255
Matara,2005,8,27.387419,30.21,25.53,22.7,81.45774,22.397097,6.6967745
Matara,2005,9,26.987667,30.13,25.26,67.119995,82.746666,22.093332,7.089333
Matara,2005,10,26.958065,30.16,25.22,213.08,84.050644,20.348387,6.0970964
Matara,2005,11,26.442667,29.45,23.41,247.51,84.727005,17.280666,4.537
Matara,2005,12,26.24613,29.9,22.24,113.07,81.18162,20.772259,4.027419
Matara,2006,1,25.519354,29.19,20.98,168.39,81.742584,18.501936,3.8348389
Matara,2006,2,26.641071,30.18,23.46,57.989998,79.425354,21.163572,3.7539287
Matara,2006,3,27.426773,31.21,24.85,79.38,79.99097,22.058064,3.2390323
Matara,2006,4,27.886332,31.07,25.72,51.91,80.461334,21.210667,4.4403334
Matara,2006,5,27.749031,30.97,25.74,115.99,82.172905,19.281935,6.0577416
Matara,2006,6,27.486666,30.17,25.31,68.64,82.661,19.458668,6.7516665
Matara,2006,7,26.746775,29.61,24.46,99.17,84.78968,20.148066,6.915484
Matara,2006,8,26.834839,29.92,24.67,133.43,84.09516,20.736774,6.1335483
Matara,2006,9,26.874666,29.1,25.33,185.09,83.906334,19.044,6.1569996
Matara,2006,10,26.685162,29.82,24.95,327.23,83.64613,20.10871,4.206774
Matara,2006,11,26.541332,29.27,24.75,269.4,85.017334,17.201666,3.0279999
Matara,2006,12,26.334517,29.41,21.34,274.94,82.97387,13.934194,4.9290323
Matara,2007,1,25.919678,29.49,21.95,193.44,80.480965,19.042904,4.786774
Matara,2007,2,26.177143,29.34,22.32,17.83,79.522865,23.696787,3.8053572
Matara,2007,3,26.973549,30.86,22.81,16.52,76.77645,24.581614,2.984516
Matara,2007,4,27.392668,30.33,25.46,281.31,84.18567,20.688665,3.3626666
Matara,2007,5,27.737741,30.22,25.83,52.4,84.978714,22.576128,5.722258
Matara,2007,6,27.305666,30.03,25.36,134.51,84.90967,18.296667,6.3403335
Matara,2007,7,26.724516,29.14,24.74,64.909996,85.33871,19.473549,6.584516
Matara,2007,8,26.798388,29.03,25.25,162.6,84.16677,19.792582,6.280645
Matara,2007,9,26.862,28.94,24.62,146.57,84.66333,18.883,6.4543333
Matara,2007,10,26.424515,29.17,24.73,302.5,85.55645,17.370968,6.0487094
Matara,2007,11,26.612667,30.22,23.87,148.56,80.90867,19.915335,3.048
Matara,2007,12,26.054516,29.45,22.75,178.65,82.56774,18.149355,4.0612903
Matara,2008,1,26.035807,29.28,22.45,74.27,81.4871,19.540968,3.7725806
Matara,2008,2,26.556208,29.95,23.07,61.89,78.51069,21.509312,3.3106897
Matara,2008,3,26.666773,29.66,23.75,219.81,82.98322,20.448065,3.2658064
Matara,2008,4,27.009,29.75,25.07,260.01,84.694336,20.158333,4.1966667
Matara,2008,5,27.265806,29.21,25.39,54.620003,84.56581,20.885807,6.0590324
Matara,2008,6,26.939667,28.86,25.3,123.94,85.259,17.848333,6.123
Matara,2008,7,26.609999,29.24,25.17,136.95999,85.952255,18.564516,6.52871
Matara,2008,8,26.608065,28.7,25.16,73.39,84.58129,19.28387,6.016129
Matara,2008,9,27.092669,30.05,25.38,51.72,82.213,23.904667,5.575667
Matara,2008,10,27.149033,30.16,24.87,176.71,80.73322,20.258387,4.015806
Matara,2008,11,26.899332,30.11,24.1,204.8,80.88833,18.318666,3.6396668
Matara,2008,12,26.275484,29.44,22.26,125.579994,80.42548,19.663872,3.580645
Matara,2009,1,26.08258,29.86,22.05,23.109999,75.980965,21.367743,4.5264516
Matara,2009,2,26.819286,31.68,22.36,2.83,72.273575,23.91857,3.1828573
Matara,2009,3,27.577742,32.74,24.67,125.36,77.29516,24.254194,2.5716128
Matara,2009,4,27.928333,31.78,25.5,130.02,81.538666,21.952667,4.280667
Matara,2009,5,27.824194,30.5,26.04,193.61,85.01194,19.589678,6.569032
Matara,2009,6,27.149666,29.65,25.22,158.11,85.186005,19.689,7.252
Matara,2009,7,26.87871,29.27,25.17,73.99,84.24065,20.924194,6.653871
Matara,2009,8,26.873873,29.5,24.78,146.15,84.38645,19.860968,6.810968
Matara,2009,9,27.090666,29.54,25.57,140.41,83.566,21.775,6.881
Matara,2009,10,27.042257,30.19,24.41,135.74,80.21,22.270323,4.125484
Matara,2009,11,26.658333,29.9,23.98,423.08002,83.64933,14.636667,3.980333
Matara,2009,12,26.520323,29.97,24.27,150.59,83.8458,17.973549,3.3293548
Matara,2010,1,26.233871,29.74,22.58,105.72,79.91774,20.446774,3.893226
Matara,2010,2,26.81,30.57,23.5,57.75,79.215355,21.532145,4.2364287
Matara,2010,3,27.832258,32.38,23.45,116.95,75.89806,23.490646,3.338387
Matara,2010,4,28.032331,30.59,25.93,262.38,82.67266,21.538,3.3843334
Matara,2010,5,28.026451,30.76,26.27,368.31,85.50032,18.01516,5.578387
Matara,2010,6,27.165668,29.92,25.57,156.63,85.48233,19.158333,6.438333
Matara,2010,7,26.634193,28.87,25.32,136.65,86.04388,19.872257,6.4016128
Matara,2010,8,26.618387,28.58,24.93,127.27,86.17839,19.88129,7.0099998
Matara,2010,9,26.576,28.66,24.83,161.0,85.511,20.552,5.928
Matara,2010,10,26.647097,28.87,24.48,158.41,83.507095,21.194838,6.475161
Matara,2010,11,26.342669,28.96,24.55,484.75,84.54533,16.961666,4.236
Matara,2010,12,25.836775,28.53,23.55,372.31,84.17323,16.840322,4.0819354
Matara,2011,1,25.582258,28.56,21.79,353.37,85.4142,18.072258,3.9996774
Matara,2011,2,25.985714,29.16,23.35,213.71,83.648926,20.116787,2.7767856
Matara,2011,3,27.018711,29.98,24.01,245.8,81.41742,22.75871,2.9325807
Matara,2011,4,27.032331,29.98,25.07,287.58,83.2,21.470667,3.8476667
Matara,2011,5,27.348064,29.42,26.04,155.88,86.48806,22.140968,5.7019353
Matara,2011,6,27.129,29.21,25.62,76.479996,86.09434,21.694,6.2446666
Matara,2011,7,26.57742,28.61,25.17,91.25,86.537415,18.231613,6.390645
Matara,2011,8,26.75129,28.58,25.23,162.82,85.20677,20.707418,6.423226
Matara,2011,9,26.862,29.4,25.2,119.24,84.03367,21.771,6.0583334
Matara,2011,10,26.791935,29.35,24.95,214.72,83.017746,21.150002,4.02
Matara,2011,11,26.852,29.88,24.47,309.96,82.79867,17.014,3.7086668
Matara,2011,12,26.364193,29.57,23.12,143.26,81.756775,17.531935,3.6251614
Matara,2012,1,25.868063,29.06,21.85,59.21,78.7058,21.51129,3.110645
Matara,2012,2,26.199654,29.63,22.57,130.29001,81.150345,19.235518,3.9165518
Matara,2012,3,27.213224,30.11,24.1,124.88,78.28161,23.71516,2.8290322
Matara,2012,4,27.498333,30.0,25.47,315.62,82.663994,21.363335,3.7803335
Matara,2012,5,27.40258,30.23,25.58,64.3,82.97581,22.23516,6.2445164
Matara,2012,6,26.915998,28.84,25.05,94.76,86.010666,18.845,6.594333
Matara,2012,7,27.01097,29.37,25.61,76.05,84.31581,21.435162,6.658387
Matara,2012,8,26.920324,29.09,25.25,205.51,83.421936,19.502905,6.1896777
Matara,2012,9,26.954334,29.26,24.95,227.84,83.71366,18.775667,6.022333
Matara,2012,10,26.658709,29.24,24.79,383.92,84.25259,19.386127,4.346774
Matara,2012,11,26.685333,30.04,24.65,372.94,82.67867,18.424,2.3653333
Matara,2012,12,26.149677,28.66,23.08,286.67,84.67419,17.079678,3.9203227
Matara,2013,1,26.068064,29.48,22.64,163.61,81.36387,19.037418,3.5235484
Matara,2013,2,26.463572,29.89,23.34,177.27,80.39,20.624643,3.3535714
Matara,2013,3,27.562258,30.32,24.56,183.92,80.95,22.889677,2.9619355
Matara,2013,4,28.157001,30.51,26.37,198.41,81.059,23.036001,3.1203334
Matara,2013,5,27.400002,29.72,26.16,212.2,87.411934,19.658709,6.4329033
Matara,2013,6,26.648668,28.34,25.03,199.29001,87.51333,18.235332,7.2826667
Matara,2013,7,26.307096,28.21,24.94,164.8,87.91709,20.18742,6.527742
Matara,2013,8,26.26516,28.32,24.78,50.5,87.15581,21.385485,6.2841935
Matara,2013,9,26.546667,28.82,25.16,173.86,85.15267,20.881334,6.425667
Matara,2013,10,26.651936,28.89,24.58,168.20999,85.43194,18.624516,5.6222577
Matara,2013,11,26.863335,30.04,24.45,205.17,80.749664,20.536335,2.6086667
Matara,2013,12,26.042904,29.1,22.82,100.65,83.04064,16.762259,3.913871
Matara,2014,1,26.026129,29.23,22.4,58.27,81.12516,20.993547,3.8180645
Matara,2014,2,26.630358,30.57,21.91,25.27,76.15821,23.833572,3.9046428
Matara,2014,3,27.430645,31.66,23.56,88.99,76.60129,23.42258,4.5412903
Matara,2014,4,27.858667,31.03,25.37,137.83,80.854996,22.782001,3.368
Matara,2014,5,27.697742,30.37,26.09,153.15,84.98807,19.567741,5.1112905
Matara,2014,6,27.626667,29.64,26.37,128.21,85.142334,19.672333,7.325667
Matara,2014,7,27.127743,29.43,25.55,50.260002,85.133865,20.876774,7.222258
Matara,2014,8,26.70387,29.33,24.88,219.19,83.99097,20.117743,6.5383873
Matara,2014,9,26.963999,28.96,25.51,182.27,83.885666,20.720333,6.186333
Matara,2014,10,26.730646,29.29,24.95,417.51,84.6829,20.045162,4.395161
Matara,2014,11,26.479,29.31,24.3,293.06,84.48866,17.105333,4.2353334
Matara,2014,12,26.355806,29.18,24.46,407.0,85.476456,17.04484,3.1064517
Matara,2015,1,25.99129,28.99,22.7,41.59,79.8858,21.227419,3.1935484
Matara,2015,2,26.265715,29.59,22.38,142.78,80.98536,22.596071,3.805
Matara,2015,3,27.196453,30.31,24.09,136.29,79.68258,23.925806,3.5351613
Matara,2015,4,27.707666,30.05,25.32,307.43,81.411,23.730001,2.674
Matara,2015,5,27.68871,29.76,25.84,152.57,85.73646,20.567421,5.1593547
Matara,2015,6,27.640333,29.81,25.98,143.59,85.039665,20.894335,5.74
Matara,2015,7,27.181614,29.53,25.15,103.2,85.22419,19.682903,6.467097
Matara,2015,8,27.177097,29.26,25.23,165.66,84.451614,19.657742,6.431613
Matara,2015,9,26.922667,29.34,24.75,361.69,85.403,18.099667,5.655667
Matara,2015,10,26.924194,29.25,24.3,350.34,85.10903,20.171936,3.8303225
Matara,2015,11,26.811666,29.58,25.13,395.36002,84.45,18.232,3.5206668
Matara,2015,12,26.805805,29.54,24.33,257.52,84.88968,17.272581,3.9035485
Matara,2016,1,26.84,29.97,23.39,62.46,80.48549,20.409678,3.8583872
Matara,2016,2,27.12345,30.41,22.7,123.85,80.56724,20.18724,3.9272413
Matara,2016,3,27.969677,31.56,25.09,94.49,79.212585,24.703548,3.2806451
Matara,2016,4,28.766333,30.96,26.8,131.99,80.979996,23.966667,2.882
Matara,2016,5,28.18613,31.88,26.17,498.05,84.24516,17.923548,5.2400002
Matara,2016,6,27.307667,29.62,25.38,82.36,85.293,20.243334,7.18
Matara,2016,7,26.713224,29.37,24.95,78.94,86.32161,20.023548,6.3448386
Matara,2016,8,26.829033,29.36,25.06,37.05,85.05194,21.433872,7.2848387
Matara,2016,9,26.756334,29.56,24.57,27.79,83.07067,22.671333,7.2023335
Matara,2016,10,26.919678,29.69,24.91,172.47,82.56774,21.339355,5.9196773
Matara,2016,11,26.670666,30.17,24.65,297.93,82.268,16.627,3.0836668
Matara,2016,12,26.653225,30.04,23.18,113.08,79.35645,19.34258,3.113226
Matara,2017,1,26.183548,30.33,21.73,75.48,75.09774,20.15129,3.1567743
Matara,2017,2,26.65,30.88,22.63,90.94,75.07786,21.35607,3.7489285
Matara,2017,3,27.273548,30.88,24.38,161.93001,79.54484,23.873549,2.8777418
Matara,2017,4,28.120667,31.0,25.28,163.3,81.39467,23.155,4.397667
Matara,2017,5,27.858065,30.67,25.91,329.88,83.76613,19.791292,5.413871
Matara,2017,6,27.122002,29.1,25.82,76.61,85.960335,21.051332,6.552
Matara,2017,7,27.33258,29.73,25.47,45.52,84.172905,20.98,6.615161
Matara,2017,8,27.170324,29.59,25.55,126.93,83.94355,21.01516,6.806452
Matara,2017,9,26.966,29.59,25.36,148.57,84.07333,21.050333,6.1273336
Matara,2017,10,27.252905,29.96,25.48,220.51,84.33774,20.932903,5.4525805
Matara,2017,11,26.820333,29.69,24.73,385.45,83.30933,15.8,3.5333333
Matara,2017,12,26.580322,29.43,23.85,270.18,81.30322,19.826128,3.2480645
Matara,2018,1,26.08387,29.1,21.64,41.68,77.34516,20.047098,2.6725805
Matara,2018,2,26.458572,30.15,22.7,84.99,80.69108,22.741787,3.982857
Matara,2018,3,27.356451,30.54,24.11,174.18001,80.702255,21.400967,3.826129
Matara,2018,4,27.768333,30.79,25.76,237.18001,82.177666,20.947,3.049333
Matara,2018,5,27.46129,30.68,25.53,403.38998,85.89742,15.99,5.000645
Matara,2018,6,26.913666,28.57,24.95,142.87,87.78267,20.005335,6.635
Matara,2018,7,26.603226,28.84,24.99,88.64,87.05871,20.194838,6.7158065
Matara,2018,8,26.193226,28.59,24.5,89.5,87.34613,20.174515,6.656774
Matara,2018,9,26.732332,29.47,24.81,133.14,83.072334,21.368666,5.2450004
Matara,2018,10,26.623226,29.59,24.77,234.0,84.59742,18.528387,3.9174194
Matara,2018,11,26.745333,29.6,24.68,234.86,83.670006,17.897333,3.1626666
Matara,2018,12,26.54871,29.59,23.44,113.86,79.63807,18.662903,2.9454837
Matara,2019,1,26.530645,30.37,22.46,49.3,77.28871,21.387419,3.298387
Matara,2019,2,27.196428,31.08,23.27,135.09,79.90643,22.20107,3.9946427
Matara,2019,3,27.871614,32.16,24.17,75.17,75.28613,23.080322,3.5948389
Matara,2019,4,28.559,32.03,25.57,135.34,76.583336,21.058,2.8413332
Matara,2019,5,28.343225,30.86,26.46,94.16,82.62387,20.539034,5.5551615
Matara,2019,6,28.307333,30.76,26.87,82.67,81.56067,19.048,6.8676667
Matara,2019,7,27.592903,30.21,25.53,97.87,82.21032,20.440323,6.1564517
Matara,2019,8,27.195807,29.7,24.6,260.5,82.935486,17.276775,6.831613
Matara,2019,9,26.917334,29.87,24.8,413.82,84.941,16.202,5.1506667
Matara,2019,10,26.508387,29.18,24.65,434.9,85.04451,16.125807,3.432903
Matara,2019,11,26.933,29.56,24.58,332.83,85.19133,18.825,3.6773334
Matara,2019,12,26.67613,29.35,23.93,311.45,85.34129,16.786451,4.2687097
Matara,2020,1,26.77,29.81,23.14,56.81,80.70516,21.500969,4.422258
Matara,2020,2,26.925518,30.65,22.71,34.54,79.60965,22.651035,4.7410345
Matara,2020,3,27.70387,31.44,24.32,44.83,77.71129,24.347097,3.4825807
Matara,2020,4,28.312334,31.69,24.34,154.58,80.085335,23.610666,3.5279999
Matara,2020,5,28.274193,31.4,26.61,312.02,84.28484,17.332903,5.620968
Matara,2020,6,27.715334,30.03,25.46,120.21,83.63367,19.341,6.4943333
Matara,2020,7,27.006775,29.38,24.65,156.13,84.634514,17.817741,5.8838706
Matara,2020,8,27.075161,29.64,25.5,134.87,84.40387,20.074194,5.7722583
Matara,2020,9,26.890665,28.96,24.86,272.23,84.97867,18.726332,6.397333
Matara,2020,10,27.046452,29.61,25.22,122.58,84.89193,20.820969,6.1580644
Matara,2020,11,27.142,30.27,25.15,288.07,83.31367,18.609001,3.292
Matara,2020,12,26.708708,29.57,23.82,214.41,82.672585,19.727097,3.5148387
Matara,2021,1,26.283224,29.49,23.48,211.26001,82.76065,16.516129,3.2735484
Matara,2021,2,26.870358,30.18,22.89,51.23,80.05464,22.698929,3.5224998
Matara,2021,3,26.953226,30.48,23.24,219.95999,79.67839,21.017096,3.6403224
Matara,2021,4,27.892668,30.67,25.52,147.4,81.11466,23.724667,3.5683334
Matara,2021,5,28.005484,30.31,26.41,280.14,83.32194,20.18032,5.2390323
Matara,2021,6,27.413334,29.52,25.92,162.68,84.711334,20.097332,6.587
Matara,2021,7,27.10355,29.3,25.64,183.23,85.895485,19.508387,7.025484
Matara,2021,8,26.655483,29.0,24.85,194.51,86.65774,19.858065,6.3309674
Matara,2021,9,27.036335,29.18,25.59,191.71,85.91867,21.365667,6.4059997
Matara,2021,10,27.00387,29.12,24.98,324.48,85.746124,19.210323,5.412258
Matara,2021,11,26.813334,29.35,24.45,386.45,84.37434,16.15,5.1070004
Matara,2021,12,26.722258,29.58,22.91,181.84,82.11355,19.817097,3.5787098
Matara,2022,1,26.636127,29.59,23.17,126.25,80.976776,21.633549,3.2696774
Matara,2022,2,26.581072,29.92,22.85,139.0,79.20643,21.446787,3.0157144
Matara,2022,3,27.44,30.64,24.3,112.3,80.230965,22.317741,3.4632258
Matara,2022,4,27.795332,30.83,26.0,288.68,82.881996,22.261665,3.3370001
Matara,2022,5,27.670645,30.12,25.87,268.21,86.53226,17.76484,6.87871
Matara,2022,6,27.144999,29.3,25.48,125.3,85.91,18.164333,6.674333
Matara,2022,7,26.717096,29.03,25.08,152.72,85.92936,18.564516,6.6074195
Matara,2022,8,26.281612,28.56,24.69,174.69,87.07935,20.634838,6.799678
Matara,2022,9,26.739332,29.66,25.07,81.39,84.71467,22.735332,6.374
Matara,2022,10,26.849678,30.27,25.07,325.74002,83.48258,18.169678,5.942903
Matara,2022,11,26.665668,29.78,24.14,296.72,81.75733,18.678999,3.2903333
Matara,2022,12,26.310968,29.48,23.22,191.23,82.686775,16.112259,4.126129
Matara,2023,1,25.832258,29.07,22.03,115.7,79.924515,18.406775,4.1145163
Matara,2023,2,26.361786,29.7,21.76,208.95,80.97035,20.454285,4.0214286
Matara,2023,3,27.39,30.72,24.49,174.05,80.98452,21.869032,3.6125805
Matara,2023,4,28.236,30.98,25.56,196.98,79.262,21.966,2.843
Matara,2023,5,27.966452,30.38,26.18,225.16,85.00129,19.53774,5.4816127
Matara,2023,6,27.806334,29.59,26.37,146.70999,85.17033,20.339666,6.9593334
Matara,2023,7,27.215807,29.41,25.72,97.11,86.909676,20.019354,6.4841933
Matara,2023,8,27.687742,30.26,26.13,110.42,83.35677,21.890644,6.3654838
Matara,2023,9,27.296667,29.24,25.72,522.25,84.68166,16.139668,6.2446666
Matara,2023,10,26.886452,29.02,25.18,702.95,85.35677,16.469355,3.765484
Matara,2023,11,27.165667,29.85,25.24,430.58002,83.991,17.532999,2.468
Matara,2023,12,27.13871,30.17,24.96,441.77002,86.421295,16.184517,4.1793547
Matara,2024,1,26.703548,30.09,22.92,319.58,82.73258,19.616129,3.7274194
Matara,2024,2,27.32793,30.67,23.23,34.97,82.60896,22.567587,4.9
Matara,2024,3,28.025806,31.44,24.32,48.45,78.38419,23.439678,3.236129
Matara,2024,4,28.889,32.28,26.47,128.22,81.265335,22.175,2.976
Matara,2024,5,28.631613,31.81,27.0,214.8,84.27032,16.745483,5.9900002
Matara,2024,6,27.965334,29.76,26.35,106.64,85.05666,18.957,6.583
Matara,2024,7,27.780645,30.23,25.51,109.37,84.90129,18.82355,6.0864515
Matara,2024,8,27.480324,29.87,25.78,150.91,84.17033,18.203226,5.9012904
Matara,2024,9,27.808666,30.42,25.74,92.48,83.88233,20.199,6.688667
Matara,2024,10,27.475483,30.04,25.5,162.81,84.51839,18.81258,5.2729034
Matara,2024,11,27.325666,30.39,24.87,306.64,83.92567,16.751333,4.1973333
Matara,2024,12,27.245806,30.13,24.43,152.09,82.77678,18.887743,3.2870967
Matara,2025,1,26.385807,29.55,23.08,247.98,83.66645,14.836774,3.7803226
Matara,2025,2,27.059284,30.85,23.52,137.8,78.292854,22.694286,4.0339284
Matara,2025,3,27.535807,30.92,23.74,398.80002,81.24741,21.352257,2.941613
Matara,2025,4,27.836666,29.99,25.67,324.5,84.557335,21.692,4.074
Matara,2025,5,27.962582,30.37,25.97,205.56,85.87774,18.408709,5.6135488
Matara,2025,6,27.434666,29.35,25.9,102.73,86.90733,19.200666,6.33
Matara,2025,7,26.858065,29.03,25.14,76.15,88.01645,19.556774,6.6958065
Matara,2025,8,26.85484,29.66,24.94,66.35,85.425156,21.498064,6.3341937
Matara,2025,9,27.369667,29.82,24.63,179.84,84.00633,20.805332,6.3056664
Matara,2025,10,27.179356,30.39,25.27,310.37,84.33871,18.563227,4.7277417
Matara,2025,11,26.908333,29.73,24.68,703.24,84.017334,17.589333,4.3173337
Matara,2025,12,26.495161,29.51,23.71,251.54,82.86097,18.675484,3.3806453
Monaragala,2000,1,22.882257,29.64,14.58,14.87,84.93613,16.770645,4.004839
Monaragala,2000,2,24.362759,32.27,16.29,74.99,80.421036,19.09931,2.6310346
Monaragala,2000,3,25.67,35.02,18.22,47.22,74.47613,20.18871,2.3919356
Monaragala,2000,4,27.742668,37.96,20.81,51.58,67.06267,22.715,2.451
Monaragala,2000,5,28.705807,37.91,22.67,19.24,60.279354,21.658386,3.6651614
Monaragala,2000,6,26.724333,34.53,21.71,35.47,64.853,18.964666,5.8539996
Monaragala,2000,7,27.279354,37.38,21.79,58.120003,60.537098,21.228065,5.543226
Monaragala,2000,8,25.840322,33.97,21.23,60.01,69.89129,19.031612,5.37129
Monaragala,2000,9,26.596998,35.87,21.25,49.45,69.77133,20.44,3.8833334
Monaragala,2000,10,26.270323,35.26,20.15,47.55,68.783875,19.945807,3.3622582
Monaragala,2000,11,24.460333,33.95,17.3,219.44,82.25,16.08,3.3093333
Monaragala,2000,12,23.404516,29.65,17.25,119.58,86.272255,15.089032,3.9258063
Monaragala,2001,1,22.77,28.64,16.47,230.56,88.98775,16.19387,3.602258
Monaragala,2001,2,22.262499,29.06,12.99,83.29,84.92643,20.589285,2.462857
Monaragala,2001,3,25.447742,36.99,16.47,4.6800003,73.269356,23.372257,2.150645
Monaragala,2001,4,26.114,35.49,21.23,121.67,78.296,19.292,2.049
Monaragala,2001,5,27.258387,36.01,22.23,46.71,72.94161,21.36129,3.6261292
Monaragala,2001,6,26.399332,34.37,21.71,41.28,68.79967,20.499666,5.3943334
Monaragala,2001,7,26.738388,36.0,21.49,64.08,64.39806,19.484194,4.7880645
Monaragala,2001,8,27.399355,36.13,21.46,10.76,61.939354,21.277742,5.4096775
Monaragala,2001,9,26.901333,36.8,21.48,96.27,66.12933,20.902668,4.3846664
Monaragala,2001,10,25.735483,33.66,20.88,64.1,75.8171,19.410967,3.298387
Monaragala,2001,11,24.341,32.92,18.74,191.06,84.461334,17.453667,2.646
Monaragala,2001,12,22.849356,29.93,15.82,137.64,88.6429,17.0,3.2454839
Monaragala,2002,1,22.938389,30.54,14.49,54.85,85.15678,17.429356,3.3906453
Monaragala,2002,2,23.66,30.86,16.05,81.72,83.244995,20.053928,3.662857
Monaragala,2002,3,25.829033,35.96,17.62,44.239998,74.80936,22.149033,2.8458066
Monaragala,2002,4,26.446999,35.32,21.51,136.41,77.82433,20.507666,1.8973333
Monaragala,2002,5,26.37742,34.2,21.81,105.97,79.12871,20.227741,3.932903
Monaragala,2002,6,26.546667,35.85,20.72,41.07,71.52033,19.854668,4.5193334
Monaragala,2002,7,27.635485,35.75,21.89,22.24,61.878063,20.924839,5.914839
Monaragala,2002,8,26.60355,35.15,21.74,54.38,65.9071,20.675484,5.0590324
Monaragala,2002,9,27.784666,37.07,21.6,18.85,61.53633,22.648335,4.445
Monaragala,2002,10,25.469032,34.74,20.62,178.86,79.36161,19.580645,2.6787097
Monaragala,2002,11,24.098999,30.53,18.54,193.29,87.428,16.728,2.119
Monaragala,2002,12,22.934837,29.05,15.63,245.92,91.49129,14.187097,3.4519355
Monaragala,2003,1,22.37,27.58,15.84,112.32,90.55161,17.186451,3.5554838
Monaragala,2003,2,23.150713,29.01,16.6,66.73,88.31714,20.138214,3.0889285
Monaragala,2003,3,24.388065,31.78,16.94,96.98,85.28903,21.341934,2.3129032
Monaragala,2003,4,26.119999,34.23,20.37,147.20999,78.96067,20.803001,1.9216667
Monaragala,2003,5,26.085806,32.65,21.6,88.7,81.94161,19.420967,4.333548
Monaragala,2003,6,26.123667,33.19,21.8,36.38,76.513664,20.654,4.3423333
Monaragala,2003,7,26.190645,33.73,21.23,32.28,73.52935,19.143227,4.1387095
Monaragala,2003,8,26.537098,35.26,21.16,30.89,68.88258,20.748064,4.529355
Monaragala,2003,9,27.570667,36.75,21.83,33.42,63.205334,22.032999,4.654
Monaragala,2003,10,26.408386,36.11,20.78,97.3,72.40678,21.039354,3.5609677
Monaragala,2003,11,23.7,30.6,19.52,295.63,89.81367,14.438001,3.053
Monaragala,2003,12,23.069355,29.3,16.93,34.43,86.727425,19.126451,3.4974194
Monaragala,2004,1,23.733225,30.66,16.27,57.190002,83.29258,18.130968,3.8651612
Monaragala,2004,2,24.341381,33.29,15.79,64.72,77.23448,19.963102,3.2675862
Monaragala,2004,3,26.347097,37.15,16.57,36.81,72.149994,22.451612,2.4929032
Monaragala,2004,4,27.202333,37.78,21.06,96.8,73.820335,21.002666,1.979
Monaragala,2004,5,26.589355,34.43,21.8,107.69,73.92709,19.614515,4.813226
Monaragala,2004,6,26.394001,34.56,21.36,41.760002,69.974335,20.886333,5.413333
Monaragala,2004,7,26.707096,35.12,21.55,22.09,65.46645,20.950968,5.530645
Monaragala,2004,8,27.495806,35.97,21.94,22.050001,61.614193,21.86129,5.416452
Monaragala,2004,9,26.036335,34.35,20.05,168.5,73.608665,19.444334,3.512667
Monaragala,2004,10,24.852581,33.15,20.73,217.49,83.78129,18.903225,2.7974193
Monaragala,2004,11,23.743666,27.99,20.79,241.88,91.685005,15.174334,3.1643333
Monaragala,2004,12,22.578386,28.16,14.28,333.74,91.11129,15.464839,3.66
Monaragala,2005,1,22.620321,27.67,16.8,92.659996,91.4871,15.644194,3.5661292
Monaragala,2005,2,22.831785,29.01,16.82,19.84,87.28715,22.363928,3.0928571
Monaragala,2005,3,24.335485,31.72,17.74,74.840004,85.84613,21.34871,2.207742
Monaragala,2005,4,25.661335,32.9,20.93,118.21,84.20533,20.609333,2.0133333
Monaragala,2005,5,26.795805,34.92,22.57,85.21,79.36097,20.54613,2.9796774
Monaragala,2005,6,26.449667,34.68,21.15,39.46,73.77233,20.708,5.1716666
Monaragala,2005,7,26.163872,34.57,21.43,54.7,71.71323,20.161613,5.1303225
Monaragala,2005,8,27.339355,35.65,21.86,18.47,63.575806,21.673872,4.405484
Monaragala,2005,9,26.881334,35.89,21.47,56.55,66.86967,21.008333,5.0643334
Monaragala,2005,10,25.912256,36.42,21.22,145.4,76.19225,18.707743,2.8348386
Monaragala,2005,11,23.792,29.14,17.01,358.38,89.013664,16.471333,2.6946666
Monaragala,2005,12,22.989355,29.63,15.29,139.84,88.49774,18.00129,2.7832258
Monaragala,2006,1,21.76516,26.81,13.18,251.72,91.379036,17.224194,3.4651613
Monaragala,2006,2,22.8375,28.72,16.49,69.63,89.64036,18.6625,3.25
Monaragala,2006,3,24.373549,30.91,19.2,106.32,86.42968,20.641613,1.9935484
Monaragala,2006,4,25.643333,34.03,20.06,63.8,81.40533,20.943666,2.025
Monaragala,2006,5,26.064838,34.54,21.42,86.39,78.604515,20.779354,3.8919356
Monaragala,2006,6,26.546,34.73,21.55,33.52,71.82867,20.664667,4.4566665
Monaragala,2006,7,26.66613,34.94,21.06,36.28,65.67806,19.71226,5.5387096
Monaragala,2006,8,26.359678,36.2,21.28,66.66,68.93193,20.84742,5.032258
Monaragala,2006,9,25.389,32.6,21.51,116.78,76.96467,19.480001,4.311
Monaragala,2006,10,24.932579,34.64,20.0,308.13998,81.55775,18.578064,2.961613
Monaragala,2006,11,23.568,28.09,20.42,321.52,91.741,16.6,2.2526667
Monaragala,2006,12,22.658066,27.15,15.09,228.67,91.25645,12.764838,4.0441937
Monaragala,2007,1,22.026129,27.03,15.37,181.03,90.100975,17.004839,3.8790324
Monaragala,2007,2,22.742502,29.91,15.61,48.71,87.23964,21.371784,2.7685714
Monaragala,2007,3,23.726452,32.66,16.65,36.46,78.73968,24.037098,2.1299999
Monaragala,2007,4,25.261,31.71,21.24,215.88,86.00633,19.572,1.8463333
Monaragala,2007,5,26.354515,33.28,21.49,28.95,78.91968,22.709032,3.599355
Monaragala,2007,6,26.105999,34.17,21.45,71.83,75.454666,18.826666,4.219
Monaragala,2007,7,26.04774,33.37,21.33,39.92,72.34904,20.316452,4.5209675
Monaragala,2007,8,26.232258,34.18,21.37,75.98,71.00419,20.832903,4.584839
Monaragala,2007,9,25.596334,33.02,20.0,90.34,76.28267,19.454668,4.6436667
Monaragala,2007,10,24.69129,32.14,20.51,209.93,81.482254,17.760323,3.35
Monaragala,2007,11,23.373667,29.08,17.29,134.89,86.974335,18.797333,2.437
Monaragala,2007,12,22.610645,28.08,15.59,232.45,89.74355,14.776129,3.5819354
Monaragala,2008,1,22.498388,28.39,15.39,145.0,89.78935,16.743547,3.169355
Monaragala,2008,2,22.941034,28.48,15.39,123.66,87.51862,19.46138,2.6627586
Monaragala,2008,3,23.83645,29.86,18.16,308.89,89.300644,18.793226,2.521613
Monaragala,2008,4,24.761665,30.92,20.66,221.47,86.947,19.325666,1.927
Monaragala,2008,5,25.02871,30.38,21.32,40.86,86.503555,21.586128,3.7803226
Monaragala,2008,6,24.542667,30.16,20.82,66.86,84.226,19.383333,4.001333
Monaragala,2008,7,24.795805,31.24,20.46,60.219997,80.95936,20.479355,4.480645
Monaragala,2008,8,25.445807,32.99,20.77,51.440002,75.56742,20.56258,4.101613
Monaragala,2008,9,26.135668,35.74,19.62,39.61,71.40566,22.865,3.8846667
Monaragala,2008,10,25.59871,34.93,19.65,154.9,78.10033,18.720646,2.4474194
Monaragala,2008,11,24.331,32.32,18.51,185.94,84.146996,16.520666,2.6756668
Monaragala,2008,12,22.677097,28.22,15.6,124.07,89.156456,17.52129,3.220645
Monaragala,2009,1,22.175484,29.22,15.5,64.15,84.755806,19.061935,3.5864515
Monaragala,2009,2,23.784286,34.79,15.5,3.87,73.46001,22.29143,2.8657143
Monaragala,2009,3,25.432259,35.16,18.93,151.65,75.56516,22.80258,2.0141935
Monaragala,2009,4,25.520666,32.23,20.38,197.05,84.032,20.559334,2.4476666
Monaragala,2009,5,26.419355,34.0,21.45,79.19,77.74355,20.047419,3.7780645
Monaragala,2009,6,26.021334,33.41,21.64,49.489998,74.88066,21.423,5.3333335
Monaragala,2009,7,26.326775,33.95,21.76,21.01,68.80419,21.321613,5.1564517
Monaragala,2009,8,26.351292,34.72,21.49,83.98,71.06774,20.437096,4.642258
Monaragala,2009,9,26.536001,36.06,21.61,54.2,70.393,21.562666,4.79
Monaragala,2009,10,26.04871,36.3,18.07,161.22,73.18516,20.548063,2.9945161
Monaragala,2009,11,23.654667,29.44,17.75,412.94,89.316666,14.343333,2.6203334
Monaragala,2009,12,23.193548,28.45,18.12,289.11,92.367424,14.698065,2.9203227
Monaragala,2010,1,22.442259,27.99,15.87,132.04,90.05613,17.980646,3.350968
Monaragala,2010,2,22.862143,28.95,17.03,51.22,88.25786,20.770716,2.9057143
Monaragala,2010,3,24.439032,32.19,15.92,98.39,82.41387,22.51097,2.2948387
Monaragala,2010,4,25.768,31.48,21.04,252.48,83.71633,21.543667,1.8223335
Monaragala,2010,5,25.934837,31.61,21.85,198.93001,86.16677,19.541613,3.1100001
Monaragala,2010,6,25.012333,31.95,20.91,104.99,83.37,19.892668,4.4773335
Monaragala,2010,7,24.548063,30.91,20.27,70.2,81.10226,20.05613,4.459677
Monaragala,2010,8,25.277098,32.54,20.45,90.68,76.54388,20.384516,4.504194
Monaragala,2010,9,25.369,33.3,20.63,135.95,77.80234,19.430332,3.2373335
Monaragala,2010,10,24.726452,32.93,19.25,154.31999,81.61355,20.630644,3.408387
Monaragala,2010,11,23.581333,29.8,19.62,511.1,88.314995,16.398,2.2056665
Monaragala,2010,12,22.592903,28.53,18.31,505.81,91.660324,14.638064,3.0280645
Monaragala,2011,1,22.237741,26.82,15.77,639.91,93.45387,15.021613,3.7445161
Monaragala,2011,2,22.630358,28.17,17.12,439.17,91.75072,16.773928,2.8678572
Monaragala,2011,3,23.792582,29.99,16.18,194.47,87.160324,20.72,2.2770967
Monaragala,2011,4,24.476665,30.02,18.56,246.85,85.31266,21.181667,1.9826666
Monaragala,2011,5,25.241936,30.88,20.53,103.23,86.08774,22.214518,3.4880645
Monaragala,2011,6,24.601332,30.37,20.18,30.54,83.532,21.392334,4.3326664
Monaragala,2011,7,24.57387,31.26,20.74,37.35,80.06935,19.347097,4.475161
Monaragala,2011,8,25.437742,32.1,20.61,70.68,77.18871,20.51484,4.3287096
Monaragala,2011,9,25.764334,35.04,20.52,78.19,75.32166,21.873,4.085
Monaragala,2011,10,25.465483,35.07,20.96,270.44,79.70774,19.478388,2.0593548
Monaragala,2011,11,23.804667,29.31,18.53,312.9,88.770996,16.087334,2.5796666
Monaragala,2011,12,22.92645,28.98,15.7,218.96,90.48903,14.833549,3.09
Monaragala,2012,1,22.087742,27.72,15.52,57.91,88.31516,19.643227,2.7545161
Monaragala,2012,2,22.653103,29.04,16.69,169.88,89.475174,18.64276,2.923793
Monaragala,2012,3,24.09355,30.5,16.55,83.03999,81.30936,22.47613,1.7703226
Monaragala,2012,4,25.181,31.11,21.22,255.18,84.77367,20.468332,2.0276668
Monaragala,2012,5,25.478388,33.23,19.0,31.16,80.227745,22.02097,4.2287097
Monaragala,2012,6,25.546,32.51,21.09,43.25,77.59966,19.878332,4.996333
Monaragala,2012,7,26.195484,34.21,21.7,37.63,72.18419,21.453226,4.6412907
Monaragala,2012,8,26.055485,34.75,21.22,69.36,71.965485,20.748388,4.746129
Monaragala,2012,9,25.568666,34.23,20.67,120.31,75.848335,20.774666,4.2313333
Monaragala,2012,10,24.778065,34.95,20.41,307.83002,83.59483,19.102257,2.5896773
Monaragala,2012,11,23.921,30.27,19.59,274.25,88.557335,16.787333,2.0483334
Monaragala,2012,12,22.89129,29.15,17.14,473.33,92.34936,14.890645,3.042258
Monaragala,2013,1,22.214193,27.07,16.04,337.14,92.00194,16.56129,3.3664517
Monaragala,2013,2,22.913214,29.73,17.08,197.99,90.36072,18.618214,2.7357142
Monaragala,2013,3,24.29742,30.41,18.7,159.66,88.28968,20.936453,2.2703226
Monaragala,2013,4,25.776333,31.66,20.56,187.15,84.13667,21.810667,1.6173333
Monaragala,2013,5,25.33742,30.97,22.02,138.81,86.146454,18.88129,3.612903
Monaragala,2013,6,24.476332,29.9,21.03,78.77,83.03733,18.341667,5.363333
Monaragala,2013,7,24.319677,30.41,20.82,68.86,80.92677,19.620968,5.029355
Monaragala,2013,8,25.55129,33.46,20.9,39.36,74.69549,21.708712,4.44
Monaragala,2013,9,25.567999,34.52,20.39,90.15,75.08766,20.351,4.737
Monaragala,2013,10,25.429678,34.82,20.27,142.02,77.78774,20.636774,3.306129
Monaragala,2013,11,23.997667,30.78,18.4,169.17,85.655,18.670666,2.1923335
Monaragala,2013,12,22.840322,29.38,18.19,165.85,89.93903,13.8716135,3.354516
Monaragala,2014,1,22.552904,28.33,16.17,123.93,88.8458,18.122904,3.4496775
Monaragala,2014,2,23.403929,32.6,14.37,37.55,79.9425,21.522501,2.9989285
Monaragala,2014,3,24.878386,34.6,17.66,54.649998,75.99774,22.071936,3.0496774
Monaragala,2014,4,26.837334,35.88,20.22,129.31,74.10334,21.703001,1.7546667
Monaragala,2014,5,26.069033,33.28,21.92,146.86,81.25,20.362581,3.113226
Monaragala,2014,6,26.689667,34.31,22.39,38.91,71.74534,20.531668,5.499
Monaragala,2014,7,27.131613,35.71,22.38,14.0,64.74613,21.115807,6.1148386
Monaragala,2014,8,26.148066,34.39,21.07,83.27,70.47322,20.50387,4.5706453
Monaragala,2014,9,26.245333,35.11,21.05,102.35,73.20067,21.326,4.1376667
Monaragala,2014,10,24.802258,31.49,20.81,408.13,84.619675,19.412258,2.3232257
Monaragala,2014,11,23.584665,29.82,18.15,322.55,89.184,15.274667,2.6836667
Monaragala,2014,12,23.245161,28.51,19.8,649.82,93.41903,13.530968,2.7977421
Monaragala,2015,1,22.311935,29.1,15.98,32.06,89.560005,19.948387,2.916129
Monaragala,2015,2,22.744287,28.48,16.21,191.67,89.59535,19.807499,3.0135713
Monaragala,2015,3,23.71226,29.35,16.42,113.71,86.40839,22.687096,2.32
Monaragala,2015,4,25.108334,30.64,20.41,233.42,85.766335,22.305,1.69
Monaragala,2015,5,25.317097,30.62,21.83,147.6,86.98838,19.467419,2.9325807
Monaragala,2015,6,24.995667,30.82,20.43,151.56,85.81367,20.943333,3.792
Monaragala,2015,7,24.72871,30.3,20.59,71.22,83.73678,20.73516,4.456774
Monaragala,2015,8,25.026129,31.8,20.69,97.22,82.13839,20.964193,4.3725805
Monaragala,2015,9,24.787333,31.7,19.39,282.38,84.845,19.742668,3.641
Monaragala,2015,10,24.493225,30.44,20.19,449.59,88.66612,18.272903,2.402903
Monaragala,2015,11,23.855001,30.03,20.56,461.99,90.864,16.002666,2.2389998
Monaragala,2015,12,23.634516,28.59,17.95,299.63,92.36387,15.648387,2.8229034
Monaragala,2016,1,22.879032,27.87,16.33,80.32,90.47225,19.023226,3.235484
Monaragala,2016,2,23.405518,29.27,17.13,91.57,88.783104,19.910345,3.0337932
Monaragala,2016,3,24.838387,33.14,17.68,70.51,82.21129,23.255484,2.1941934
Monaragala,2016,4,26.912666,33.67,21.63,76.37,79.86266,23.475,1.984
Monaragala,2016,5,26.099678,34.42,21.22,341.2,82.753555,18.832903,3.6112902
Monaragala,2016,6,24.929667,30.71,21.07,45.21,82.13167,20.385668,5.1506667
Monaragala,2016,7,25.526129,33.04,20.87,52.86,74.79355,20.843225,4.605484
Monaragala,2016,8,26.728065,35.84,21.63,16.19,68.506775,21.75258,5.1112905
Monaragala,2016,9,27.260668,36.67,20.46,18.130001,63.198666,22.253,5.050667
Monaragala,2016,10,26.527098,36.94,20.4,137.98999,70.45742,20.325485,2.853871
Monaragala,2016,11,23.917,29.7,18.91,207.96,87.20133,13.935667,2.411
Monaragala,2016,12,23.217741,29.97,14.72,107.69,86.00387,18.541613,2.9603224
Monaragala,2017,1,22.575485,29.87,14.55,81.42,82.8729,18.145807,3.4038708
Monaragala,2017,2,23.586073,32.26,15.85,115.1,78.82536,19.623928,3.0503573
Monaragala,2017,3,24.335808,31.06,18.34,219.01,84.6358,21.621614,2.0683873
Monaragala,2017,4,26.476,34.96,20.15,56.71,76.44067,22.733,1.9713333
Monaragala,2017,5,26.378063,34.29,21.65,171.6,78.44452,19.790646,3.3248386
Monaragala,2017,6,25.636,33.18,21.37,63.309998,78.692665,20.722666,4.6376667
Monaragala,2017,7,26.391613,34.63,21.82,40.11,72.508064,21.048388,4.322903
Monaragala,2017,8,26.267097,34.97,21.25,115.66,74.12613,20.47903,4.3503227
Monaragala,2017,9,25.457666,33.92,20.68,124.45,79.17433,20.127666,3.7263334
Monaragala,2017,10,25.289677,34.09,20.94,337.34,82.68162,19.206453,2.9719355
Monaragala,2017,11,23.896334,30.26,17.85,328.39,89.00566,15.228,2.844
Monaragala,2017,12,23.191936,28.59,17.81,214.98,89.92645,17.104193,2.8000002
Monaragala,2018,1,22.025484,29.05,13.96,66.0,88.57581,17.866774,2.8154838
Monaragala,2018,2,22.832142,28.79,15.84,94.91,88.60285,20.545715,3.0182145
Monaragala,2018,3,24.138386,31.05,17.81,142.44,85.649994,20.849998,2.326129
Monaragala,2018,4,25.195667,31.48,20.62,168.15,85.21267,19.806667,1.88
Monaragala,2018,5,25.23,32.02,21.31,384.68,87.675804,17.762903,2.67
Monaragala,2018,6,24.555,29.7,20.36,96.88,86.652336,20.491333,4.696
Monaragala,2018,7,24.511936,31.01,20.2,53.530003,81.44903,20.387743,5.0054836
Monaragala,2018,8,24.925161,33.49,20.52,55.03,77.1829,20.034193,5.121613
Monaragala,2018,9,25.910334,34.66,20.31,106.98,74.84866,21.143667,3.2516665
Monaragala,2018,10,24.349998,30.87,20.17,183.24,86.45709,17.61129,2.236774
Monaragala,2018,11,23.812,30.1,18.11,224.13,88.72933,16.323,2.3513334
Monaragala,2018,12,22.94387,28.72,15.94,122.93,89.58613,15.954839,2.8667743
Monaragala,2019,1,22.454517,28.5,15.72,52.9,87.8871,19.162256,3.4767742
Monaragala,2019,2,24.043215,31.08,17.06,132.77,86.9125,18.930357,3.0075
Monaragala,2019,3,25.516775,36.21,18.36,19.92,74.43387,22.811611,2.4725807
Monaragala,2019,4,27.627,36.62,20.0,63.41,68.59534,21.298,2.1406667
Monaragala,2019,5,28.101614,37.54,22.4,43.95,70.422585,21.611614,3.6032257
Monaragala,2019,6,27.365665,36.07,22.55,57.85,70.452,20.031,5.1256666
Monaragala,2019,7,26.836128,36.62,21.38,69.99,70.537094,20.30129,4.549355
Monaragala,2019,8,25.780323,34.65,20.66,143.67,74.87193,17.602257,5.1990323
Monaragala,2019,9,24.929667,34.51,20.21,318.85,82.842,17.119999,3.501
Monaragala,2019,10,24.265484,30.49,20.18,413.09,88.32581,15.749032,1.9290322
Monaragala,2019,11,24.227,30.0,19.51,322.97,89.70234,16.973333,2.2333333
Monaragala,2019,12,23.285482,27.86,17.92,359.33,93.003876,14.872258,2.9787095
Monaragala,2020,1,22.817741,27.67,16.07,86.82,89.55516,19.516453,3.2029033
Monaragala,2020,2,23.047241,29.36,16.28,38.22,87.841034,20.318275,3.4003448
Monaragala,2020,3,24.830322,33.7,18.96,19.12,79.10677,23.491613,2.3509676
Monaragala,2020,4,26.678001,35.21,18.54,105.18,76.96433,22.080666,2.1706667
Monaragala,2020,5,26.431936,35.0,20.89,184.19,81.214836,18.607098,3.2193549
Monaragala,2020,6,25.905666,32.73,20.6,112.479996,78.05967,20.293333,4.314333
Monaragala,2020,7,24.914839,32.0,20.69,121.91,82.8187,18.33387,3.577742
Monaragala,2020,8,25.625484,34.36,20.91,92.66,77.60097,20.446453,4.0841937
Monaragala,2020,9,24.849667,32.27,20.64,191.14,80.86967,17.839666,4.240333
Monaragala,2020,10,25.54774,32.99,19.11,87.57,77.384834,20.381613,3.8135483
Monaragala,2020,11,24.321001,30.11,19.27,309.2,88.46266,16.898,2.2546666
Monaragala,2020,12,23.442904,29.13,18.02,348.98,90.741936,16.70516,2.9719355
Monaragala,2021,1,22.82742,28.16,16.46,265.48,92.367096,14.956451,2.8190322
Monaragala,2021,2,23.155355,30.41,16.33,91.82,89.141426,20.1875,3.170357
Monaragala,2021,3,23.540323,31.77,16.65,162.22,87.22419,19.84258,2.263871
Monaragala,2021,4,25.451,32.22,20.63,126.22,83.922,22.219667,1.8333334
Monaragala,2021,5,25.400644,30.56,21.78,250.01,86.41226,18.821936,3.3451612
Monaragala,2021,6,24.881666,30.98,20.7,154.62,85.77901,21.245667,3.7986667
Monaragala,2021,7,24.818064,30.57,20.85,132.52,84.8187,20.113226,4.438387
Monaragala,2021,8,24.653872,31.15,19.81,167.75,83.19516,19.525806,4.250645
Monaragala,2021,9,25.044,30.72,20.98,236.24,84.55633,20.428333,3.7976668
Monaragala,2021,10,24.597097,30.19,20.55,296.26,86.812256,18.71129,3.1319356
Monaragala,2021,11,23.899666,29.72,18.81,560.05,89.33033,16.066,2.775
Monaragala,2021,12,23.12258,29.04,16.57,175.59,90.981285,18.308064,2.822258
Monaragala,2022,1,23.027742,28.65,15.38,161.06,89.298386,18.826128,2.9580643
Monaragala,2022,2,22.7525,29.47,15.5,177.03,89.10643,19.514645,2.8589287
Monaragala,2022,3,24.458387,31.2,18.41,94.810005,86.91258,20.504194,2.4848387
Monaragala,2022,4,25.531334,31.29,21.35,410.07,85.68033,21.509335,1.8146666
Monaragala,2022,5,25.367098,31.22,20.95,212.47,86.75516,19.74613,4.4116125
Monaragala,2022,6,24.650333,29.78,21.3,88.03,86.82933,19.901333,3.8693335
Monaragala,2022,7,24.687742,30.93,20.43,138.82,83.30645,18.590967,3.956129
Monaragala,2022,8,24.53,31.04,20.27,240.28,83.438065,20.178064,4.5519357
Monaragala,2022,9,24.747667,31.63,20.14,75.51,83.52133,22.149332,3.8043332
Monaragala,2022,10,24.463224,30.35,18.7,321.91,84.61,17.543226,2.9745162
Monaragala,2022,11,23.438665,29.02,18.11,354.42,88.878006,16.707333,2.2253335
Monaragala,2022,12,22.734838,28.43,17.7,356.0,90.76032,13.85,3.4348385
Monaragala,2023,1,21.816774,27.18,15.59,125.57,90.92903,16.62871,3.6516128
Monaragala,2023,2,22.47143,27.52,15.43,177.2,90.215004,19.211071,3.542857
Monaragala,2023,3,24.201612,31.55,19.64,103.97,87.61129,20.166452,2.423871
Monaragala,2023,4,25.467335,31.56,20.26,144.99,83.902,21.552,1.9086666
Monaragala,2023,5,25.65129,32.05,21.09,243.17001,85.327736,19.817741,3.1058064
Monaragala,2023,6,25.427334,30.7,20.64,119.14,85.09,21.239,4.271333
Monaragala,2023,7,25.197096,32.03,21.14,72.67,81.59097,20.420645,4.69129
Monaragala,2023,8,26.196774,34.83,20.94,90.8,77.536446,22.562258,4.2129035
Monaragala,2023,9,24.93,30.87,21.11,423.33,85.262665,17.085333,4.2496667
Monaragala,2023,10,24.567097,29.55,21.06,738.53,89.38613,16.835485,2.3151612
Monaragala,2023,11,24.378,29.18,20.45,395.53,90.472664,16.862,1.914
Monaragala,2023,12,24.134516,28.42,19.72,555.24,93.17806,14.413871,3.1170967
Monaragala,2024,1,23.168066,29.04,16.6,348.9,91.547745,16.950644,3.0429032
Monaragala,2024,2,23.995173,30.44,17.5,32.03,89.51897,20.897242,3.4496553
Monaragala,2024,3,24.562258,32.61,17.94,33.7,84.55291,22.420967,2.4790323
Monaragala,2024,4,27.330334,35.03,21.66,86.2,78.15566,21.669334,1.976
Monaragala,2024,5,27.149033,35.36,22.78,186.2,80.65323,18.272903,3.587742
Monaragala,2024,6,26.007,33.21,22.03,74.64,80.937996,19.183332,4.5216665
Monaragala,2024,7,26.475483,34.71,21.22,57.66,73.19774,20.000322,5.055806
Monaragala,2024,8,26.244516,33.68,21.66,125.34,77.226776,19.710001,3.8709676
Monaragala,2024,9,26.472332,34.92,22.08,77.52,75.16134,21.363667,4.602667
Monaragala,2024,10,25.469032,33.35,20.95,218.62,84.021614,18.402903,2.414516
Monaragala,2024,11,24.471,30.14,19.93,390.13,89.430664,15.754666,3.0783334
Monaragala,2024,12,24.02871,29.78,19.18,227.17,89.26258,16.960323,2.4425807
Monaragala,2025,1,22.888063,28.06,17.92,296.01,92.81613,12.897741,3.6238708
Monaragala,2025,2,22.824644,28.43,16.53,118.85,88.67857,21.307142,3.215357
Monaragala,2025,3,24.290323,30.83,16.25,193.49,87.495804,20.419031,2.3441935
Monaragala,2025,4,25.522667,30.88,21.12,319.07,86.709335,20.250334,1.9413333
Monaragala,2025,5,25.395485,31.18,20.46,197.62,84.91677,18.825485,3.521613
Monaragala,2025,6,24.896334,30.71,20.26,64.18,85.176,20.227,4.5336666
Monaragala,2025,7,24.954195,31.89,21.09,35.28,81.05839,19.806774,5.264516
Monaragala,2025,8,25.246775,33.7,20.54,67.9,78.72484,21.699032,4.074516
Monaragala,2025,9,25.821001,33.89,21.08,134.86,76.57333,21.225334,4.133333
Monaragala,2025,10,24.918709,32.68,20.35,378.41,84.37645,19.173225,2.556129
Monaragala,2025,11,24.017,30.43,18.11,615.43,89.392,15.886999,2.5983331
Monaragala,2025,12,22.983225,29.04,18.28,203.13,91.40096,16.260323,3.1648388
Mullaitivu,2000,1,25.826128,28.29,22.37,30.74,78.88258,16.330322,6.4412904
Mullaitivu,2000,2,26.908619,29.67,24.54,61.52,77.89517,19.824827,5.0406895
Mullaitivu,2000,3,27.98484,31.36,24.87,5.56,73.83097,22.899677,4.3406453
Mullaitivu,2000,4,29.732666,34.23,26.45,37.65,72.295006,22.927,4.477667
Mullaitivu,2000,5,30.08645,33.98,27.45,37.84,72.33839,21.943548,6.2312903
Mullaitivu,2000,6,28.725668,31.94,26.35,26.93,75.520996,19.933332,8.447333
Mullaitivu,2000,7,28.989677,32.57,26.19,106.0,72.27968,20.743225,7.4654837
Mullaitivu,2000,8,27.856773,31.11,25.51,26.68,78.78871,20.01387,8.217096
Mullaitivu,2000,9,28.146667,31.86,25.89,88.99,78.95334,20.215,6.013
Mullaitivu,2000,10,27.785807,31.19,25.71,97.64,78.00548,18.568386,5.5693545
Mullaitivu,2000,11,27.51,29.9,24.83,264.27,77.14333,15.160334,6.2813334
Mullaitivu,2000,12,26.015806,28.91,23.67,104.68,79.22419,14.922903,6.742581
Mullaitivu,2001,1,25.481289,27.38,23.26,69.74,81.422585,14.681935,6.434516
Mullaitivu,2001,2,25.880358,30.64,22.74,49.25,78.09107,21.455,4.0810714
Mullaitivu,2001,3,28.324194,34.44,25.17,0.68,72.24806,23.113873,4.044516
Mullaitivu,2001,4,28.943333,32.32,26.77,161.05,75.957664,20.855001,3.394667
Mullaitivu,2001,5,29.60871,32.94,27.62,31.22,78.98871,22.694195,7.039677
Mullaitivu,2001,6,28.495667,32.02,26.79,101.850006,79.83933,19.861334,8.173333
Mullaitivu,2001,7,28.330969,31.64,26.15,67.3,77.8629,19.589678,7.112581
Mullaitivu,2001,8,28.410322,31.5,26.16,21.07,78.68065,21.561935,7.6706448
Mullaitivu,2001,9,28.442667,32.7,25.74,57.57,76.72099,20.799334,6.8529997
Mullaitivu,2001,10,27.943226,31.44,26.09,157.58,79.62323,17.281935,5.250645
Mullaitivu,2001,11,27.277,30.67,25.5,249.44,80.77367,15.208333,4.7963333
Mullaitivu,2001,12,26.29774,28.63,24.43,250.66,80.21774,14.0170965,6.443548
Mullaitivu,2002,1,25.942259,28.45,23.23,39.9,79.48775,16.779034,5.488387
Mullaitivu,2002,2,26.3775,29.18,23.02,63.32,78.66821,19.865713,5.970357
Mullaitivu,2002,3,27.780968,32.0,24.52,11.77,76.212585,23.359032,4.3041935
Mullaitivu,2002,4,29.056667,32.68,26.57,115.94,77.01667,21.903332,3.2943335
Mullaitivu,2002,5,29.335806,32.65,27.02,57.29,79.66387,21.490969,7.238065
Mullaitivu,2002,6,29.049665,32.76,27.07,37.29,77.867,20.689333,7.514
Mullaitivu,2002,7,29.433226,32.88,26.87,11.05,73.09742,21.071291,8.02258
Mullaitivu,2002,8,28.79871,32.78,26.47,25.81,74.726776,20.873226,7.806774
Mullaitivu,2002,9,29.382,33.25,26.47,19.08,70.576004,22.593666,7.088667
Mullaitivu,2002,10,27.743872,30.88,25.77,311.19,81.51419,18.03387,4.8038707
Mullaitivu,2002,11,26.661001,29.52,24.75,180.04,84.344,15.5130005,4.195667
Mullaitivu,2002,12,26.243872,28.22,23.78,187.39,81.323875,13.641935,6.426774
Mullaitivu,2003,1,25.789354,27.64,23.04,62.66,78.43484,16.588387,6.3112903
Mullaitivu,2003,2,26.6575,29.05,23.96,60.75,79.33857,20.550356,5.2603574
Mullaitivu,2003,3,27.77484,31.55,24.17,33.96,76.63807,21.750969,4.2535486
Mullaitivu,2003,4,29.575666,33.68,26.62,73.89,72.69933,22.540667,3.8583333
Mullaitivu,2003,5,29.310968,32.8,27.08,112.21,79.03065,19.13,7.225161
Mullaitivu,2003,6,28.990334,32.18,27.15,13.21,78.039665,21.876001,7.9166665
Mullaitivu,2003,7,28.696453,31.5,26.87,39.45,77.76516,18.95516,6.8864512
Mullaitivu,2003,8,28.425484,31.55,26.23,53.54,79.17968,19.240322,6.7929034
Mullaitivu,2003,9,28.728,32.37,26.35,43.36,76.11366,22.083668,6.2943335
Mullaitivu,2003,10,28.209354,31.73,26.26,123.57,78.714836,18.993225,5.850645
Mullaitivu,2003,11,27.269001,29.54,24.85,347.59,82.373665,12.488333,6.023333
Mullaitivu,2003,12,26.521612,28.81,23.96,44.489998,78.43387,16.689678,6.239678
Mullaitivu,2004,1,26.125162,28.68,23.09,10.8,76.28935,18.852581,5.941613
Mullaitivu,2004,2,26.35414,29.8,22.68,14.179999,73.34414,21.333794,5.5003448
Mullaitivu,2004,3,28.165161,33.33,23.3,22.1,73.799034,22.455807,4.289677
Mullaitivu,2004,4,29.872334,35.5,27.32,71.38,72.83467,22.932333,3.5123334
Mullaitivu,2004,5,28.851614,31.66,26.79,159.01,80.34645,18.24258,7.023871
Mullaitivu,2004,6,28.646334,32.06,26.73,26.73,77.96433,21.077333,8.511
Mullaitivu,2004,7,28.340322,31.53,26.05,37.86,77.53065,20.161291,7.4329033
Mullaitivu,2004,8,28.700323,32.06,26.63,44.27,75.828384,20.831291,7.422903
Mullaitivu,2004,9,28.003,31.45,25.61,122.52,80.058,17.538334,6.164334
Mullaitivu,2004,10,27.696129,31.31,25.51,262.62,81.67742,17.605484,5.047097
Mullaitivu,2004,11,27.226665,29.02,25.7,289.99,83.10567,13.488,6.278
Mullaitivu,2004,12,26.08742,28.12,23.61,246.48999,79.10807,14.706451,6.656774
Mullaitivu,2005,1,25.999353,27.99,23.88,105.07,78.66258,16.924839,5.6570964
Mullaitivu,2005,2,26.538572,29.11,23.78,2.1399999,77.14715,22.243214,5.1621428
Mullaitivu,2005,3,28.064838,32.48,24.89,41.53,76.978714,22.185806,4.173871
Mullaitivu,2005,4,28.738667,31.94,26.04,180.52,79.64666,19.931,3.7653334
Mullaitivu,2005,5,29.509678,32.91,27.11,57.75,79.61581,21.50258,5.8103223
Mullaitivu,2005,6,29.155333,32.03,26.95,21.37,79.060005,20.567333,8.759667
Mullaitivu,2005,7,28.488064,31.42,26.51,35.56,79.3171,20.268064,8.583871
Mullaitivu,2005,8,28.949032,32.3,26.61,46.96,75.09516,22.185806,6.9145164
Mullaitivu,2005,9,28.548334,31.81,26.28,33.02,77.646996,20.074333,7.7206664
Mullaitivu,2005,10,28.244194,31.8,26.41,197.25,79.131935,17.21516,4.7841935
Mullaitivu,2005,11,26.566668,29.38,24.8,453.06,84.63267,11.940001,5.300333
Mullaitivu,2005,12,26.001612,28.0,23.98,118.7,82.40517,15.5180645,5.745806
Mullaitivu,2006,1,25.254194,27.1,22.51,88.35,81.25548,16.283226,5.6087093
Mullaitivu,2006,2,26.069643,29.14,23.7,16.08,78.51072,20.51393,5.198929
Mullaitivu,2006,3,27.749353,32.09,25.03,84.21,77.39774,21.704838,3.7309678
Mullaitivu,2006,4,29.359001,33.52,26.49,63.45,73.30334,22.514,3.6483333
Mullaitivu,2006,5,29.248388,32.79,26.88,50.43,77.98838,21.494837,7.1712904
Mullaitivu,2006,6,29.199667,32.72,27.06,20.380001,75.586334,21.169668,7.399333
Mullaitivu,2006,7,28.893227,32.53,26.38,18.52,75.25162,19.773548,8.104194
Mullaitivu,2006,8,28.574839,32.61,26.19,68.02,75.86452,22.147097,8.4458065
Mullaitivu,2006,9,27.941,31.68,26.01,89.27,79.95334,20.08,7.0256667
Mullaitivu,2006,10,27.754839,31.47,25.46,295.67,80.71871,17.989677,5.144516
Mullaitivu,2006,11,26.867,28.59,25.5,289.26,84.60367,15.593,4.609
Mullaitivu,2006,12,26.490646,28.51,23.89,70.18,75.53,15.968387,6.778387
Mullaitivu,2007,1,25.846128,28.73,23.62,32.49,75.72065,16.710966,6.377742
Mullaitivu,2007,2,26.515715,30.41,23.45,43.69,74.92179,20.249285,5.1335716
Mullaitivu,2007,3,27.575485,32.35,24.38,5.4300003,71.716774,24.149033,4.4490323
Mullaitivu,2007,4,28.834002,32.35,26.29,83.37,77.060005,22.109999,3.5926666
Mullaitivu,2007,5,29.85742,33.24,27.49,17.71,75.70903,21.654194,6.790323
Mullaitivu,2007,6,29.101332,33.53,26.92,66.4,77.720665,18.341667,7.3830004
Mullaitivu,2007,7,28.558388,31.68,26.1,30.64,77.73968,19.290646,7.783871
Mullaitivu,2007,8,28.352257,31.65,26.59,54.52,77.70903,21.01,7.649032
Mullaitivu,2007,9,28.305666,31.2,26.14,83.93,78.83967,20.394665,7.376
Mullaitivu,2007,10,27.483871,31.58,25.6,328.58,80.881294,17.607098,5.1432257
Mullaitivu,2007,11,26.774666,28.73,24.89,146.9,79.081665,17.394665,4.5536666
Mullaitivu,2007,12,26.087744,28.15,22.6,267.93,80.37,14.650968,6.3880644
Mullaitivu,2008,1,25.628063,28.35,22.94,20.34,78.54484,18.46129,5.2064514
Mullaitivu,2008,2,26.550001,28.82,23.86,75.28,77.44138,19.632757,4.9082756
Mullaitivu,2008,3,27.053547,29.79,24.55,223.77,82.16129,19.404194,4.6641936
Mullaitivu,2008,4,28.245333,31.79,26.1,96.11,79.91167,21.744333,4.0273333
Mullaitivu,2008,5,28.74,31.53,27.03,12.85,82.01419,22.434515,7.81
Mullaitivu,2008,6,28.853666,32.13,26.92,28.130001,77.61567,21.140001,8.135667
Mullaitivu,2008,7,28.623226,32.09,26.34,42.36,76.72097,20.917742,7.419355
Mullaitivu,2008,8,28.307096,31.63,26.08,53.81,77.26225,19.931936,6.6132255
Mullaitivu,2008,9,28.944334,32.62,26.6,16.43,73.59434,21.522,7.0693336
Mullaitivu,2008,10,28.260323,32.77,25.95,173.45,76.64484,19.231936,4.2996774
Mullaitivu,2008,11,27.474333,30.72,25.43,284.71,78.794,14.335667,5.7413335
Mullaitivu,2008,12,26.404194,28.09,24.17,170.66,78.536446,15.388388,5.9364514
Mullaitivu,2009,1,25.899033,27.87,23.71,30.710001,74.53258,17.650322,5.797742
Mullaitivu,2009,2,26.285715,30.92,23.49,0.24000001,71.03393,22.95643,4.497857
Mullaitivu,2009,3,27.721613,31.7,24.51,101.93,75.2671,22.280323,3.8690324
Mullaitivu,2009,4,29.215334,33.18,26.88,95.44,77.31567,21.431,4.3896666
Mullaitivu,2009,5,29.422258,33.51,27.31,32.28,78.83291,20.768064,6.753226
Mullaitivu,2009,6,28.973,32.55,27.02,11.059999,76.135,22.175,9.313666
Mullaitivu,2009,7,28.8,32.27,26.62,20.86,74.868065,19.913872,8.464516
Mullaitivu,2009,8,28.61129,32.07,25.82,93.66,77.20968,20.624838,6.868387
Mullaitivu,2009,9,28.632666,32.65,26.51,35.42,77.597664,21.915,7.574333
Mullaitivu,2009,10,28.466774,32.39,26.1,102.29,73.13903,20.485483,5.1725807
Mullaitivu,2009,11,27.352,29.77,25.86,414.31,82.181,15.810667,4.7556667
Mullaitivu,2009,12,26.610645,28.51,24.6,345.05,82.98741,12.965484,6.023226
Mullaitivu,2010,1,25.951612,27.77,23.45,65.31,78.90452,18.400644,5.7129035
Mullaitivu,2010,2,26.291428,29.59,23.63,2.15,77.57821,20.678572,4.7725
Mullaitivu,2010,3,28.47129,32.98,23.82,24.65,73.02516,23.295483,4.0183873
Mullaitivu,2010,4,30.058,34.09,27.56,107.4,74.84,22.514334,3.7406666
Mullaitivu,2010,5,29.980646,33.97,27.79,87.21,78.21323,20.7,6.4170966
Mullaitivu,2010,6,29.261665,33.2,26.95,46.24,76.82866,20.305666,7.917
Mullaitivu,2010,7,28.960966,32.02,26.59,54.69,73.98161,20.51097,7.14871
Mullaitivu,2010,8,28.661936,32.02,26.29,125.65,77.11,19.106451,6.5903225
Mullaitivu,2010,9,28.046999,31.74,25.77,187.35,78.957,19.107332,5.4566665
Mullaitivu,2010,10,27.729677,31.02,25.89,136.13,82.464836,18.90645,5.9419355
Mullaitivu,2010,11,26.928333,29.94,25.52,451.4,83.37034,14.168667,3.9643333
Mullaitivu,2010,12,26.086128,28.38,23.42,458.61002,84.619354,11.521613,6.0141935
Mullaitivu,2011,1,25.581934,27.25,23.04,241.01,82.29388,14.146773,6.737097
Mullaitivu,2011,2,26.041428,28.42,24.34,186.46,80.34215,17.251785,5.368214
Mullaitivu,2011,3,27.353226,31.06,24.42,14.89,78.089035,22.855484,4.2564516
Mullaitivu,2011,4,28.347332,31.78,25.48,217.21,77.83933,20.692333,3.4483333
Mullaitivu,2011,5,28.914515,32.1,25.99,25.84,81.287415,22.748388,6.6574197
Mullaitivu,2011,6,29.175999,32.62,27.25,15.3,76.60833,21.409334,7.955
Mullaitivu,2011,7,29.056774,32.39,26.14,35.53,73.41129,20.05,7.5496774
Mullaitivu,2011,8,28.557741,31.73,26.3,81.71,76.865166,20.559032,7.466129
Mullaitivu,2011,9,28.809332,32.41,26.67,37.06,75.475334,21.646,7.1646667
Mullaitivu,2011,10,28.166773,31.35,26.18,290.56,78.48258,17.232903,4.3338714
Mullaitivu,2011,11,27.248667,29.4,25.5,425.39,79.977005,15.355,4.9426665
Mullaitivu,2011,12,26.54774,28.55,23.98,235.98,80.2329,13.894194,6.088064
Mullaitivu,2012,1,25.580322,27.83,23.2,26.43,76.769035,19.592258,5.0096774
Mullaitivu,2012,2,26.427588,30.49,24.37,22.19,77.892075,19.768965,5.2865515
Mullaitivu,2012,3,28.240646,32.13,25.04,24.29,73.19419,23.027098,4.019032
Mullaitivu,2012,4,29.335333,33.11,26.64,85.29,74.36767,20.770332,4.0016665
Mullaitivu,2012,5,29.650002,32.97,27.23,9.11,76.10742,21.518387,7.984194
Mullaitivu,2012,6,29.470667,32.85,27.06,21.26,73.22767,20.716333,9.082
Mullaitivu,2012,7,29.309677,32.52,26.91,31.55,73.68193,21.439032,7.31871
Mullaitivu,2012,8,29.046452,32.62,26.79,28.38,73.30419,21.473871,8.171613
Mullaitivu,2012,9,28.983,32.64,26.49,100.28,74.71633,20.478333,6.9346666
Mullaitivu,2012,10,27.800646,32.02,25.31,502.18,81.24355,17.097097,5.3016133
Mullaitivu,2012,11,27.083,29.45,25.18,161.53,81.031,16.798666,4.649
Mullaitivu,2012,12,26.612581,28.45,24.19,418.16,81.89967,14.223871,6.336129
Mullaitivu,2013,1,26.099998,27.83,23.92,160.65,78.939674,16.508064,6.1396775
Mullaitivu,2013,2,26.530355,29.07,24.45,189.8,79.66465,18.81,5.124643
Mullaitivu,2013,3,27.475483,30.69,25.05,135.52,79.45484,21.756775,4.2554836
Mullaitivu,2013,4,29.214333,32.34,26.47,59.02,77.952,22.924334,3.72
Mullaitivu,2013,5,29.138386,32.53,27.23,112.22,81.450325,21.018387,6.747097
Mullaitivu,2013,6,28.732334,31.53,26.84,41.39,78.173,20.005335,8.628666
Mullaitivu,2013,7,28.411613,31.5,26.61,37.989998,76.87677,19.193548,8.026774
Mullaitivu,2013,8,28.559677,32.02,26.23,76.62,76.30839,20.602903,6.1322584
Mullaitivu,2013,9,28.169334,31.69,26.28,114.93,78.87966,20.227,7.7476664
Mullaitivu,2013,10,28.17742,31.82,25.83,98.89,78.05161,19.845806,5.751613
Mullaitivu,2013,11,27.35,29.28,25.38,195.83,80.47966,16.790333,5.077
Mullaitivu,2013,12,26.054838,28.33,24.08,130.73,77.967094,14.064193,6.0758066
Mullaitivu,2014,1,25.67613,27.61,23.93,142.2,78.99968,15.153226,6.7451615
Mullaitivu,2014,2,26.395357,29.51,23.35,19.06,73.54072,20.881786,5.2917857
Mullaitivu,2014,3,27.974516,32.87,25.49,4.48,71.8742,22.90355,5.1509676
Mullaitivu,2014,4,29.619665,33.15,26.44,58.07,72.19067,23.260668,3.5163333
Mullaitivu,2014,5,29.15355,32.35,26.99,146.93001,81.726776,20.54613,6.340968
Mullaitivu,2014,6,29.638334,32.84,27.2,14.02,77.11567,21.130001,7.5586667
Mullaitivu,2014,7,29.407742,32.34,27.21,17.53,73.88548,21.101292,7.853871
Mullaitivu,2014,8,28.589355,31.89,26.1,103.21,76.1813,20.312258,7.031935
Mullaitivu,2014,9,28.683,33.01,26.59,94.25,77.118004,21.351002,6.022333
Mullaitivu,2014,10,27.864515,31.1,25.79,264.1,81.57291,17.882902,4.3887095
Mullaitivu,2014,11,27.142,29.81,24.34,438.78,82.165,12.611667,5.4053335
Mullaitivu,2014,12,26.203226,28.02,24.33,429.69998,86.26548,12.572904,6.455161
Mullaitivu,2015,1,25.61742,27.86,23.99,6.44,79.64033,19.070644,5.1967745
Mullaitivu,2015,2,26.181429,28.95,23.97,85.67,78.26107,19.396427,5.592143
Mullaitivu,2015,3,27.624516,30.68,25.1,49.16,77.43839,22.688065,4.3616133
Mullaitivu,2015,4,28.760334,32.37,26.91,145.59,78.29733,22.455666,3.472
Mullaitivu,2015,5,28.88258,31.26,27.02,195.14,82.631615,19.805162,5.4351616
Mullaitivu,2015,6,28.795666,31.57,26.9,28.67,81.824,21.138334,7.6096663
Mullaitivu,2015,7,28.944195,32.01,26.85,12.47,78.38,21.140644,7.687097
Mullaitivu,2015,8,29.017742,32.33,26.82,69.130005,77.48549,21.423872,6.9900002
Mullaitivu,2015,9,28.532335,32.31,26.03,124.95,79.055664,21.051332,6.6316667
Mullaitivu,2015,10,28.115162,31.22,26.04,293.29,80.95709,17.939354,4.9116125
Mullaitivu,2015,11,27.182333,30.05,25.81,576.08,85.61266,13.799666,4.523333
Mullaitivu,2015,12,27.034517,28.55,25.27,291.66998,82.57967,14.095161,5.610645
Mullaitivu,2016,1,26.369032,28.21,24.28,57.05,77.35871,18.115162,5.4803224
Mullaitivu,2016,2,27.123104,29.89,24.54,13.559999,76.868965,20.73,5.0920687
Mullaitivu,2016,3,28.506128,33.24,25.54,17.5,73.73935,23.525806,4.2635484
Mullaitivu,2016,4,30.699667,34.6,27.13,19.94,71.50267,24.058332,3.7826667
Mullaitivu,2016,5,29.859678,33.82,26.92,361.93,78.18581,19.334839,6.113871
Mullaitivu,2016,6,28.788,31.2,26.82,27.35,80.100334,19.416666,7.8026667
Mullaitivu,2016,7,28.705484,32.02,26.3,33.49,77.68065,19.894192,6.5919356
Mullaitivu,2016,8,29.081614,32.19,26.69,34.61,75.69516,21.262259,6.6087093
Mullaitivu,2016,9,29.175667,32.93,26.6,16.37,73.048,21.908667,6.622
Mullaitivu,2016,10,28.860968,32.57,26.21,85.509995,71.21194,19.32387,4.4629035
Mullaitivu,2016,11,27.345667,30.09,24.72,215.48,78.70733,14.623667,5.0350003
Mullaitivu,2016,12,26.261612,29.43,22.42,129.37,79.09161,16.702902,5.6661286
Mullaitivu,2017,1,25.769676,27.91,23.05,112.68,76.050644,17.013226,6.1629033
Mullaitivu,2017,2,26.125357,29.68,23.17,25.429998,71.53357,21.393572,5.1267858
Mullaitivu,2017,3,27.752905,31.09,25.03,107.53,77.05194,22.244194,3.773871
Mullaitivu,2017,4,29.865665,34.72,26.57,24.039999,73.513664,23.512333,4.133
Mullaitivu,2017,5,30.005484,33.56,27.36,84.73,75.76484,19.965483,5.8287096
Mullaitivu,2017,6,29.397,32.57,27.46,21.39,75.80067,21.548,8.315
Mullaitivu,2017,7,29.59742,32.88,27.22,29.720001,73.077415,20.429356,6.535161
Mullaitivu,2017,8,28.878065,31.83,26.09,106.619995,77.99097,19.869999,6.444194
Mullaitivu,2017,9,28.535,32.03,26.58,66.92,79.15666,19.712334,6.2450004
Mullaitivu,2017,10,28.588709,32.35,26.5,162.71,78.39065,16.947742,5.6712904
Mullaitivu,2017,11,27.264668,29.75,25.09,275.52,84.47,14.300666,5.5123334
Mullaitivu,2017,12,26.58387,28.4,24.49,104.08,78.91709,16.657097,5.232258
Mullaitivu,2018,1,25.649355,27.95,22.96,26.07,76.46419,18.09871,5.460323
Mullaitivu,2018,2,26.255001,29.16,23.5,27.599998,75.61536,21.195713,5.5689282
Mullaitivu,2018,3,27.974838,32.38,24.57,46.03,74.57097,22.30742,4.419355
Mullaitivu,2018,4,29.420666,33.99,26.83,57.22,75.4,22.884666,3.999
Mullaitivu,2018,5,29.200968,32.62,27.1,198.08,79.46194,18.960966,5.0025806
Mullaitivu,2018,6,28.821999,31.95,26.11,28.58,79.99133,20.743334,8.615333
Mullaitivu,2018,7,28.909355,31.82,26.62,26.59,76.30742,19.763226,7.58
Mullaitivu,2018,8,28.67742,31.88,26.29,38.68,75.39097,18.611614,7.3238707
Mullaitivu,2018,9,28.794334,33.28,26.04,45.73,73.798996,21.491,5.1793337
Mullaitivu,2018,10,27.881613,31.39,25.89,247.53,80.67097,15.494194,4.1919355
Mullaitivu,2018,11,27.192667,29.38,25.34,244.46,81.67467,14.544001,5.0993333
Mullaitivu,2018,12,26.543226,28.36,24.39,115.740005,81.15742,14.842581,5.5435486
Mullaitivu,2019,1,25.649355,28.36,23.59,4.54,75.521935,19.439354,5.781613
Mullaitivu,2019,2,27.145357,30.81,24.52,51.36,77.11714,20.649643,5.235357
Mullaitivu,2019,3,28.509033,33.81,25.58,2.6100001,71.95839,24.262903,4.581613
Mullaitivu,2019,4,30.237667,33.43,26.95,46.78,69.763664,22.376001,3.835
Mullaitivu,2019,5,30.648708,34.91,27.76,8.61,73.41452,22.418066,6.229677
Mullaitivu,2019,6,30.241,33.41,28.24,17.74,74.135666,21.089666,8.352
Mullaitivu,2019,7,29.488064,33.07,26.91,42.46,73.92033,20.027742,7.33
Mullaitivu,2019,8,28.758064,32.05,26.62,107.22,76.41871,19.443548,8.606451
Mullaitivu,2019,9,28.385668,32.14,26.11,163.98,79.55234,19.245667,6.3896666
Mullaitivu,2019,10,27.74613,30.76,25.54,387.13,80.98646,17.88129,3.4796774
Mullaitivu,2019,11,27.885334,29.61,26.05,259.77,81.537994,17.619667,4.267667
Mullaitivu,2019,12,27.036451,28.62,25.15,274.26,80.86258,15.440001,5.9625807
Mullaitivu,2020,1,26.669678,28.65,24.13,22.94,76.80645,19.421614,5.1948385
Mullaitivu,2020,2,26.966208,29.48,24.7,13.59,74.32448,21.45862,5.7613792
Mullaitivu,2020,3,28.079676,31.61,25.19,4.83,73.019035,23.670645,4.7525806
Mullaitivu,2020,4,29.842335,33.66,26.19,50.079998,73.09033,23.563334,4.2043333
Mullaitivu,2020,5,30.140001,33.64,27.82,97.65,75.94871,19.612581,5.3448386
Mullaitivu,2020,6,29.535667,32.75,26.81,45.45,75.745674,20.763666,7.335
Mullaitivu,2020,7,28.535482,31.83,25.77,123.81,78.576126,18.27516,6.1880646
Mullaitivu,2020,8,28.850645,32.45,26.54,39.239998,77.36774,20.426773,7.0196776
Mullaitivu,2020,9,28.247667,31.26,26.17,186.42,79.65733,17.756,7.308
Mullaitivu,2020,10,28.32,31.92,26.2,88.08,79.05678,19.05258,5.8567743
Mullaitivu,2020,11,27.797667,30.63,25.37,315.78,82.142,14.397,5.1683335
Mullaitivu,2020,12,26.54774,28.5,25.04,588.35,83.38839,12.471613,6.122258
Mullaitivu,2021,1,26.327097,27.94,24.74,298.06,83.17968,15.980322,5.5061293
Mullaitivu,2021,2,26.1,28.6,23.45,27.73,77.92358,21.308573,5.398214
Mullaitivu,2021,3,27.694517,32.63,24.47,23.06,77.08064,22.612257,4.3474193
Mullaitivu,2021,4,29.291332,33.03,26.07,64.99,75.922,21.817667,3.8160002
Mullaitivu,2021,5,29.346128,32.38,27.49,97.25,79.312256,20.582903,6.295484
Mullaitivu,2021,6,29.114666,32.3,26.88,54.0,78.75167,20.528002,6.989333
Mullaitivu,2021,7,29.046452,32.29,27.09,89.13,77.49452,19.932259,7.236774
Mullaitivu,2021,8,28.711935,31.97,26.08,92.32,77.17709,19.09774,6.6603227
Mullaitivu,2021,9,28.644001,31.66,26.71,97.06,79.00367,20.319668,6.2623334
Mullaitivu,2021,10,27.967419,30.47,26.07,346.93,83.05968,16.391613,5.1109676
Mullaitivu,2021,11,27.069,29.07,25.27,657.61,86.30234,13.080334,5.261667
Mullaitivu,2021,12,26.940323,29.28,24.46,125.17,78.712585,17.074194,5.115806
Mullaitivu,2022,1,26.461935,28.4,23.52,104.24,79.132904,18.299356,5.479677
Mullaitivu,2022,2,26.410357,29.13,23.67,109.11,77.10321,19.732143,5.363571
Mullaitivu,2022,3,28.067741,32.11,25.3,30.32,77.39967,21.899677,4.660968
Mullaitivu,2022,4,28.785667,31.61,26.82,166.34,79.847664,21.360332,3.6796668
Mullaitivu,2022,5,29.10871,31.78,26.87,41.05,81.409355,20.97129,7.6990323
Mullaitivu,2022,6,28.667334,32.02,26.17,41.079998,79.552,20.044668,6.5583334
Mullaitivu,2022,7,28.676773,31.78,26.31,184.48,77.21032,18.272581,6.1174192
Mullaitivu,2022,8,28.206453,31.77,25.94,97.23,79.74032,19.344193,6.4196773
Mullaitivu,2022,9,28.295666,31.58,26.15,56.35,78.98534,20.828001,6.423
Mullaitivu,2022,10,28.024193,31.14,26.0,295.9,78.57226,16.18742,4.29
Mullaitivu,2022,11,26.810333,29.15,24.85,287.64,82.17734,14.717,4.8026667
Mullaitivu,2022,12,26.399355,28.55,21.28,270.23,83.84194,13.933226,6.447419
Mullaitivu,2023,1,25.650002,27.7,23.54,74.97,77.20452,17.10742,6.0677423
Mullaitivu,2023,2,26.065,28.33,23.64,138.75,77.78786,20.544285,5.450357
Mullaitivu,2023,3,27.767418,31.76,25.51,51.31,77.865166,22.051935,4.5909677
Mullaitivu,2023,4,29.528332,33.09,27.0,53.22,73.93433,22.618,3.7333333
Mullaitivu,2023,5,28.920322,32.13,26.45,184.53,82.75097,19.665483,5.5793552
Mullaitivu,2023,6,29.42,32.32,27.51,28.2,79.294334,20.421333,7.2043333
Mullaitivu,2023,7,29.271612,32.56,26.81,23.01,75.58452,18.994194,7.4641933
Mullaitivu,2023,8,29.619999,33.45,26.89,41.47,74.00355,22.289677,6.1851616
Mullaitivu,2023,9,28.976002,32.89,26.46,85.67,76.13133,20.105001,8.176333
Mullaitivu,2023,10,28.32871,31.96,26.47,221.31,78.93097,18.350967,4.3312902
Mullaitivu,2023,11,27.688665,29.66,26.19,482.33,83.71767,14.304999,3.6126666
Mullaitivu,2023,12,27.24,28.89,25.77,454.6,86.56484,13.285806,6.184839
Mullaitivu,2024,1,26.58645,28.33,24.56,150.26,79.47258,16.818386,5.4861293
Mullaitivu,2024,2,27.25,29.44,25.26,4.46,79.3831,21.423792,5.7503448
Mullaitivu,2024,3,28.063547,31.54,25.01,22.619999,74.93871,24.00742,4.403226
Mullaitivu,2024,4,30.256666,33.69,27.42,22.62,74.42734,23.411665,3.8170002
Mullaitivu,2024,5,30.256128,35.46,27.88,142.25,78.17839,18.460644,5.061613
Mullaitivu,2024,6,29.402,32.36,27.41,42.55,78.90967,19.957,7.748
Mullaitivu,2024,7,29.603226,33.22,27.34,22.6,75.08388,19.188389,7.5358067
Mullaitivu,2024,8,29.00258,32.53,26.76,123.53,78.95968,19.990967,6.10129
Mullaitivu,2024,9,29.360666,32.33,27.26,41.44,77.298996,20.962667,6.911333
Mullaitivu,2024,10,28.470966,31.98,25.97,172.22,80.80516,17.110645,4.1703224
Mullaitivu,2024,11,27.942999,29.96,26.14,454.59,83.34434,12.904,6.1516666
Mullaitivu,2024,12,26.997742,29.35,25.0,146.53,84.97387,14.699354,5.531613
Mullaitivu,2025,1,26.158709,27.9,24.75,138.68001,81.29,14.536451,6.3112903
Mullaitivu,2025,2,26.65893,29.24,23.83,64.69,76.73143,21.569643,5.2014284
Mullaitivu,2025,3,28.100967,30.88,25.31,53.79,77.605484,22.925806,4.025484
Mullaitivu,2025,4,29.382666,32.85,26.41,83.61,76.212006,22.503666,3.5303335
Mullaitivu,2025,5,29.73903,32.89,27.52,133.0,78.60935,20.295162,6.4622583
Mullaitivu,2025,6,29.368,32.32,27.59,34.37,79.26433,21.316668,7.4996667
Mullaitivu,2025,7,29.395485,32.55,26.78,21.18,75.70968,20.432903,7.089355
Mullaitivu,2025,8,28.81,32.39,26.5,63.41,77.37807,20.149355,6.3329034
Mullaitivu,2025,9,28.929667,32.21,26.8,101.520004,77.464,18.948668,6.3413334
Mullaitivu,2025,10,28.236452,31.88,26.45,291.03,80.96226,17.618387,4.1419353
Mullaitivu,2025,11,27.475334,31.12,25.23,626.99,83.04766,12.614,5.8073335
Mullaitivu,2025,12,26.32355,28.46,24.38,170.23,80.99581,15.082581,5.6951613
Nuwara Eliya,2000,1,21.16613,28.12,11.58,17.33,85.5129,17.40226,3.9967742
Nuwara Eliya,2000,2,22.87655,30.14,15.73,61.69,81.37414,18.89069,2.11
Nuwara Eliya,2000,3,24.005161,32.67,17.4,38.16,75.09807,20.230646,1.9164516
Nuwara Eliya,2000,4,24.396334,33.47,19.23,97.43,79.61167,20.310667,2.7213333
Nuwara Eliya,2000,5,24.389677,32.72,20.19,48.120003,80.11258,18.675161,4.360645
Nuwara Eliya,2000,6,22.636,27.65,19.42,71.84,85.56467,15.840333,6.411667
Nuwara Eliya,2000,7,22.935806,31.62,19.24,121.259995,82.40517,18.463549,5.8429036
Nuwara Eliya,2000,8,22.234516,27.7,19.24,139.22,87.1029,16.234838,5.7890325
Nuwara Eliya,2000,9,22.709002,28.76,19.42,85.85,86.957,17.696667,4.410667
Nuwara Eliya,2000,10,22.411936,29.85,16.77,73.4,86.16903,17.356451,3.9767742
Nuwara Eliya,2000,11,22.415335,29.97,15.75,204.27,85.574,16.229334,3.2003334
Nuwara Eliya,2000,12,21.898708,28.24,15.6,83.76,86.1629,15.743226,3.8725808
Nuwara Eliya,2001,1,21.675484,28.11,14.6,167.75,86.23935,15.815806,3.5180645
Nuwara Eliya,2001,2,21.548214,29.97,12.14,63.46,78.836426,20.452143,2.1557143
Nuwara Eliya,2001,3,24.279034,34.41,15.73,8.32,71.73806,22.075161,2.1058064
Nuwara Eliya,2001,4,24.631666,34.81,19.94,133.12,79.732666,18.41,1.6726667
Nuwara Eliya,2001,5,24.013226,31.21,20.48,84.04,86.18322,18.863226,4.296774
Nuwara Eliya,2001,6,22.775333,27.88,19.27,91.700005,87.278336,19.184334,5.7956667
Nuwara Eliya,2001,7,22.257095,27.91,18.21,129.8,87.548065,16.997097,5.3912907
Nuwara Eliya,2001,8,22.792904,28.81,19.0,18.22,85.67033,18.24,5.8032255
Nuwara Eliya,2001,9,22.971,30.16,19.43,148.14,83.703995,18.961334,5.088667
Nuwara Eliya,2001,10,22.614193,28.16,19.13,79.87,88.45,17.24258,4.083871
Nuwara Eliya,2001,11,22.295,27.66,16.85,156.33,88.215,17.299334,2.8613334
Nuwara Eliya,2001,12,21.650644,28.42,14.36,98.07,86.49065,17.325806,3.1674194
Nuwara Eliya,2002,1,22.095806,29.9,13.63,42.67,80.99581,17.988388,3.2916129
Nuwara Eliya,2002,2,22.86107,30.89,15.11,65.61,78.81572,20.238571,3.5610714
Nuwara Eliya,2002,3,24.715483,33.85,16.19,45.34,71.96806,21.383549,2.3922582
Nuwara Eliya,2002,4,24.809,33.92,19.52,135.11,79.377,19.437,1.3546666
Nuwara Eliya,2002,5,23.909033,30.39,20.32,151.49,87.713875,17.451612,4.55129
Nuwara Eliya,2002,6,23.151667,29.17,18.88,66.85,87.377335,17.898335,5.421
Nuwara Eliya,2002,7,23.280645,29.13,19.7,34.059998,83.0929,17.245806,6.529355
Nuwara Eliya,2002,8,22.70613,29.61,19.44,84.270004,85.05516,18.203226,5.282258
Nuwara Eliya,2002,9,23.76,30.79,19.89,35.16,79.57067,20.555332,4.8146667
Nuwara Eliya,2002,10,22.82,31.29,18.67,244.64,87.25032,18.049677,2.9512904
Nuwara Eliya,2002,11,22.363668,27.85,16.84,168.59,88.89167,15.923,2.1786666
Nuwara Eliya,2002,12,21.648386,28.11,13.66,197.68,89.656136,15.406129,3.4306452
Nuwara Eliya,2003,1,21.242903,27.56,14.08,71.29,88.33355,17.91645,3.5125806
Nuwara Eliya,2003,2,22.17393,28.68,14.55,55.04,84.69714,20.256786,2.9657142
Nuwara Eliya,2003,3,23.43,30.55,15.23,92.77,82.27935,20.450323,1.8496774
Nuwara Eliya,2003,4,24.731333,32.8,19.44,118.869995,79.11067,20.046667,1.5853333
Nuwara Eliya,2003,5,23.930323,28.6,20.6,156.95,88.91452,16.992903,4.7409678
Nuwara Eliya,2003,6,23.173,28.43,20.08,80.78,88.194,17.888,4.8580003
Nuwara Eliya,2003,7,22.819355,28.09,19.66,50.91,88.39226,16.701612,4.7606454
Nuwara Eliya,2003,8,22.858065,28.34,19.41,38.5,86.64226,17.902903,5.213871
Nuwara Eliya,2003,9,23.302,30.77,20.04,61.629997,83.79367,18.675667,5.161333
Nuwara Eliya,2003,10,23.40742,30.63,19.13,93.55,82.87193,19.137743,4.084516
Nuwara Eliya,2003,11,22.373,28.33,17.99,260.99,88.64,15.256,3.1366665
Nuwara Eliya,2003,12,21.703548,28.39,15.11,27.3,85.14258,19.212902,3.545484
Nuwara Eliya,2004,1,22.786776,30.33,15.77,44.79,79.64226,18.717419,3.6687098
Nuwara Eliya,2004,2,23.52207,32.22,14.64,54.68,73.36793,20.215172,2.73
Nuwara Eliya,2004,3,24.939032,34.62,16.38,34.760002,71.649025,21.194517,2.1425805
Nuwara Eliya,2004,4,25.153666,33.95,19.63,110.0,77.51299,19.276667,1.7183334
Nuwara Eliya,2004,5,23.755484,29.6,20.47,149.33,85.38903,16.52387,5.7035484
Nuwara Eliya,2004,6,22.946001,28.12,19.8,88.2,86.847,18.291332,5.9413333
Nuwara Eliya,2004,7,22.641613,28.78,19.71,47.11,86.28903,17.952902,5.9570966
Nuwara Eliya,2004,8,23.085161,28.94,19.72,39.79,83.589355,19.081291,5.9703226
Nuwara Eliya,2004,9,22.833,28.71,18.95,181.40001,86.15034,16.804333,4.291
Nuwara Eliya,2004,10,22.80129,28.48,19.33,220.77,88.17387,17.008064,3.2651613
Nuwara Eliya,2004,11,22.455,27.39,19.07,231.3,90.20334,15.523334,3.1763334
Nuwara Eliya,2004,12,21.286129,27.69,12.51,240.9,89.40581,16.265806,3.6709678
Nuwara Eliya,2005,1,21.460966,27.33,15.62,81.06,89.51387,16.851934,3.4222581
Nuwara Eliya,2005,2,21.725,29.04,15.38,29.29,84.597145,22.42393,3.1192858
Nuwara Eliya,2005,3,23.278065,30.12,15.28,80.270004,83.6658,20.59258,1.986129
Nuwara Eliya,2005,4,23.998,30.91,19.62,106.31,85.69633,19.991667,1.841
Nuwara Eliya,2005,5,24.19258,30.17,21.2,111.67,87.17871,18.73871,3.5706453
Nuwara Eliya,2005,6,23.303001,27.96,20.05,81.43,88.193,17.563334,6.0793333
Nuwara Eliya,2005,7,22.637096,28.06,19.95,95.56,88.40387,16.717741,5.8148384
Nuwara Eliya,2005,8,23.073547,28.77,19.9,30.78,85.34871,19.763548,4.957742
Nuwara Eliya,2005,9,22.796667,28.54,19.58,93.1,86.62566,18.271667,5.662667
Nuwara Eliya,2005,10,22.697096,29.05,19.63,207.11,88.467094,16.95129,3.7554839
Nuwara Eliya,2005,11,21.900333,27.03,15.07,333.78,91.77267,15.106334,2.9506667
Nuwara Eliya,2005,12,21.285482,26.9,14.02,115.4,90.03935,16.862581,2.9612904
Nuwara Eliya,2006,1,20.557741,26.71,10.6,195.01,89.382576,17.495806,3.4951613
Nuwara Eliya,2006,2,21.762144,28.45,15.21,57.399998,87.40107,19.543573,3.0553572
Nuwara Eliya,2006,3,23.040646,29.34,17.86,106.62,85.22258,20.031935,1.7993548
Nuwara Eliya,2006,4,23.680334,29.86,19.18,60.46,85.15967,19.847332,2.0986667
Nuwara Eliya,2006,5,23.374838,30.06,19.99,128.01,87.71419,17.977741,4.3970966
Nuwara Eliya,2006,6,23.151001,28.64,20.12,68.95,87.02433,18.556,5.0583334
Nuwara Eliya,2006,7,22.407097,28.05,17.41,99.03,88.91709,16.960323,5.753226
Nuwara Eliya,2006,8,22.488064,28.71,18.87,142.03,87.552574,18.214838,5.1616125
Nuwara Eliya,2006,9,22.376667,27.34,19.62,133.35,88.90767,17.555666,4.6283336
Nuwara Eliya,2006,10,22.545805,28.45,18.97,347.72,88.54258,17.204195,3.040968
Nuwara Eliya,2006,11,22.270332,27.16,18.76,376.91,91.56467,16.405,2.0453334
Nuwara Eliya,2006,12,21.30613,26.64,13.03,219.7,90.88645,13.670646,4.139355
Nuwara Eliya,2007,1,20.717741,26.78,13.41,172.16,89.299034,18.107098,4.035484
Nuwara Eliya,2007,2,21.4725,27.8,13.87,43.19,85.58607,21.020716,2.5789285
Nuwara Eliya,2007,3,22.520323,30.15,14.53,30.619999,77.230965,23.147419,1.8312904
Nuwara Eliya,2007,4,23.656334,29.89,19.49,256.91,86.82767,18.693333,1.6733334
Nuwara Eliya,2007,5,23.65355,28.5,19.49,54.94,88.73484,19.780323,4.012903
Nuwara Eliya,2007,6,22.885,28.7,19.33,124.06,89.64433,16.522,4.8560004
Nuwara Eliya,2007,7,22.408709,27.09,19.47,79.12,89.479996,17.540968,5.1248384
Nuwara Eliya,2007,8,22.52484,27.2,19.51,96.72,88.44516,17.443548,4.920968
Nuwara Eliya,2007,9,22.528666,27.28,18.38,123.06,89.114,17.058666,5.1076665
Nuwara Eliya,2007,10,22.05258,27.57,19.12,261.9,90.4558,15.426775,3.9545162
Nuwara Eliya,2007,11,21.809332,27.44,15.17,158.58,88.31967,18.390665,2.2816665
Nuwara Eliya,2007,12,21.19129,27.09,13.94,201.06,89.53355,15.447419,3.3832257
Nuwara Eliya,2008,1,21.193226,27.39,14.22,108.97,88.800644,17.066128,3.040968
Nuwara Eliya,2008,2,21.772758,27.95,13.52,98.93,85.93793,19.258276,2.3189654
Nuwara Eliya,2008,3,22.385485,29.01,16.06,304.12,89.27645,17.695484,2.3764515
Nuwara Eliya,2008,4,23.137667,29.15,18.82,279.01,89.05,17.748,1.865
Nuwara Eliya,2008,5,23.002905,26.89,19.94,59.72,91.616455,18.242903,4.315161
Nuwara Eliya,2008,6,22.397333,26.21,19.83,121.380005,91.17166,16.375666,4.745333
Nuwara Eliya,2008,7,22.218388,26.74,18.86,129.89,91.00226,17.309032,5.252903
Nuwara Eliya,2008,8,22.219677,26.6,18.87,72.56,89.66226,17.370968,4.4332256
Nuwara Eliya,2008,9,22.477667,28.61,18.1,56.75,88.30334,21.221998,4.142667
Nuwara Eliya,2008,10,22.957096,28.67,17.16,174.75,86.25871,17.500969,2.5858064
Nuwara Eliya,2008,11,22.203001,28.56,16.34,168.52,87.93833,16.089,2.6699998
Nuwara Eliya,2008,12,21.220966,27.13,13.51,100.909996,89.24871,17.456776,2.9735484
Nuwara Eliya,2009,1,20.55258,28.07,13.49,48.93,85.800644,19.428709,3.48
Nuwara Eliya,2009,2,21.75357,31.94,13.75,3.5,77.205,21.9725,2.3867857
Nuwara Eliya,2009,3,23.473871,32.63,17.79,197.1,78.15871,21.149677,1.5077418
Nuwara Eliya,2009,4,23.647667,29.98,18.84,191.19,87.316666,19.714666,2.5726666
Nuwara Eliya,2009,5,23.526775,28.96,20.18,127.47,89.522255,16.731936,4.589355
Nuwara Eliya,2009,6,22.879333,27.15,19.4,111.619995,89.74566,17.018,6.0926666
Nuwara Eliya,2009,7,22.436773,27.65,19.8,60.11,88.78581,18.010645,5.3867745
Nuwara Eliya,2009,8,22.600967,27.09,19.47,131.02,88.80161,17.52,5.0603223
Nuwara Eliya,2009,9,22.786001,29.28,19.76,105.01,87.96567,18.661999,5.3566666
Nuwara Eliya,2009,10,23.083227,29.69,15.68,159.32,83.44549,19.440968,2.9864516
Nuwara Eliya,2009,11,22.092001,27.32,15.51,357.72,89.586334,14.242666,2.6533332
Nuwara Eliya,2009,12,21.950323,27.74,16.7,184.19,90.73484,15.411935,2.8296773
Nuwara Eliya,2010,1,21.142258,27.33,13.8,110.12,88.482254,18.527418,3.351613
Nuwara Eliya,2010,2,21.824286,28.84,15.34,48.97,84.9125,20.664642,2.9475
Nuwara Eliya,2010,3,23.137743,30.56,14.9,118.43,81.02935,21.522903,2.146129
Nuwara Eliya,2010,4,24.093666,30.26,19.72,277.75,85.713,19.385334,1.7706666
Nuwara Eliya,2010,5,23.760323,29.28,20.52,281.11002,91.600006,16.429678,3.7919357
Nuwara Eliya,2010,6,22.782999,28.27,19.44,168.31,90.90134,17.563,5.2306666
Nuwara Eliya,2010,7,22.17258,27.23,19.72,145.31,90.96129,16.958387,5.045484
Nuwara Eliya,2010,8,22.143871,26.27,19.14,129.15,91.04226,16.639355,5.269032
Nuwara Eliya,2010,9,22.190666,26.64,19.2,161.72,90.62333,16.730333,3.9246666
Nuwara Eliya,2010,10,21.990646,26.74,18.04,205.36,91.19646,18.408066,4.2722583
Nuwara Eliya,2010,11,21.761332,27.38,18.16,502.24,91.312996,15.7630005,2.1736667
Nuwara Eliya,2010,12,21.04387,26.22,17.05,391.76,92.83451,14.004839,3.1696775
Nuwara Eliya,2011,1,20.963549,26.96,14.0,423.11,92.73258,15.085807,3.6703227
Nuwara Eliya,2011,2,21.620358,27.31,15.72,327.25,90.41679,17.184643,2.605357
Nuwara Eliya,2011,3,22.45387,28.53,15.82,159.47,85.73452,19.98742,2.1832259
Nuwara Eliya,2011,4,22.728666,28.72,17.07,307.57,88.28533,18.971998,2.0110002
Nuwara Eliya,2011,5,23.212902,29.06,19.84,148.17,91.47065,19.484516,3.9735484
Nuwara Eliya,2011,6,22.615334,27.09,18.74,67.39,90.98233,18.781,5.0186667
Nuwara Eliya,2011,7,22.087744,26.46,19.81,74.77,90.81871,16.831934,5.0783873
Nuwara Eliya,2011,8,22.37871,26.28,19.17,96.74,89.59226,17.609032,4.957419
Nuwara Eliya,2011,9,22.494,27.94,19.41,120.83,89.149666,19.009335,4.715667
Nuwara Eliya,2011,10,22.64613,28.39,18.99,276.04,88.480316,18.352581,2.397742
Nuwara Eliya,2011,11,22.177334,28.3,16.95,247.62,89.13033,16.227333,2.6353333
Nuwara Eliya,2011,12,21.463871,27.63,15.17,162.66,89.98,15.52871,3.1174192
Nuwara Eliya,2012,1,20.954838,27.04,13.88,57.53,85.97065,19.681936,2.48
Nuwara Eliya,2012,2,21.573103,27.83,14.57,131.81999,86.79345,18.55793,2.8324137
Nuwara Eliya,2012,3,22.911936,29.32,14.53,95.87,80.49838,21.921614,1.4680645
Nuwara Eliya,2012,4,23.305,28.95,19.34,278.61,88.13966,18.050667,2.2173336
Nuwara Eliya,2012,5,23.19387,29.23,18.22,46.18,87.70968,20.08742,4.687742
Nuwara Eliya,2012,6,22.824667,27.1,19.93,75.88,89.541,17.41,5.6330004
Nuwara Eliya,2012,7,22.700323,27.56,20.29,78.69,88.91612,18.43742,5.2596774
Nuwara Eliya,2012,8,22.536129,27.74,19.21,116.13,87.88807,18.134193,5.0067744
Nuwara Eliya,2012,9,22.524332,28.06,19.05,127.69,88.223,17.485666,4.5903335
Nuwara Eliya,2012,10,22.650967,29.51,18.61,377.2,88.55742,17.958065,2.6770966
Nuwara Eliya,2012,11,22.423334,28.4,18.45,316.83,89.07967,16.431667,1.8953334
Nuwara Eliya,2012,12,21.63871,27.13,15.18,374.02002,90.962906,15.454194,2.9974194
Nuwara Eliya,2013,1,20.974194,26.46,14.71,261.12,90.951614,17.245483,3.3651612
Nuwara Eliya,2013,2,21.615002,28.06,15.08,184.76,88.17322,18.824999,2.730357
Nuwara Eliya,2013,3,23.165483,29.56,16.56,153.53,86.54194,19.746775,1.8645161
Nuwara Eliya,2013,4,23.920332,29.59,19.78,195.71,86.903,20.852333,1.6596667
Nuwara Eliya,2013,5,23.347097,27.5,20.81,194.26,91.824844,16.053549,4.354193
Nuwara Eliya,2013,6,22.239,25.78,19.84,203.28,92.35,15.166667,6.2696667
Nuwara Eliya,2013,7,21.855484,25.56,19.62,128.11,92.22549,16.664839,5.578387
Nuwara Eliya,2013,8,22.19129,28.12,19.53,73.71,90.66742,18.752258,4.939032
Nuwara Eliya,2013,9,22.162333,27.77,18.96,145.21,90.413666,17.245667,5.204
Nuwara Eliya,2013,10,22.383871,27.35,18.42,175.52,89.91355,18.072903,3.726129
Nuwara Eliya,2013,11,22.388,28.09,16.93,188.4,87.02367,17.852333,2.0846667
Nuwara Eliya,2013,12,21.368063,27.08,16.16,121.2,90.13419,15.390323,3.2729032
Nuwara Eliya,2014,1,21.194838,27.35,14.59,99.8,88.51839,18.23742,3.2335484
Nuwara Eliya,2014,2,21.664642,29.4,11.77,34.34,82.1325,21.576786,2.7107143
Nuwara Eliya,2014,3,22.980646,31.19,15.53,58.5,78.535805,21.899355,2.7064517
Nuwara Eliya,2014,4,24.230665,32.14,18.75,202.17,82.462006,20.010668,1.3196666
Nuwara Eliya,2014,5,23.554838,28.87,20.11,167.16,89.714516,18.169678,3.4935484
Nuwara Eliya,2014,6,23.255667,27.33,20.79,109.54,90.038994,16.98,5.823
Nuwara Eliya,2014,7,22.77871,27.13,20.14,51.53,89.52516,18.018387,6.137419
Nuwara Eliya,2014,8,22.34,27.48,18.7,161.53,88.86323,17.309032,5.017742
Nuwara Eliya,2014,9,22.737,28.04,19.47,174.97,89.00466,18.313665,4.3696666
Nuwara Eliya,2014,10,22.557741,27.53,18.71,440.14,90.78355,16.640001,2.4570968
Nuwara Eliya,2014,11,21.890999,27.39,17.35,278.5,90.744,15.0373335,2.7843332
Nuwara Eliya,2014,12,21.897743,26.99,18.16,573.12,92.547745,13.630645,2.6796775
Nuwara Eliya,2015,1,21.084517,27.3,14.31,24.82,88.12129,19.443548,2.6548388
Nuwara Eliya,2015,2,21.400713,28.01,13.66,156.97,88.038574,19.705357,2.865
Nuwara Eliya,2015,3,22.697096,28.84,15.43,110.82,83.467094,21.82355,2.0264516
Nuwara Eliya,2015,4,23.655,29.43,18.57,261.91,87.139,20.805332,1.3886666
Nuwara Eliya,2015,5,23.345161,27.3,19.96,133.78,90.81548,17.580645,3.4296775
Nuwara Eliya,2015,6,23.061335,27.22,19.15,129.45999,91.011,17.934,4.321
Nuwara Eliya,2015,7,22.770323,26.93,19.62,62.23,89.72322,18.021935,5.2599998
Nuwara Eliya,2015,8,22.92258,27.55,19.36,99.49,88.62258,17.94129,4.9261293
Nuwara Eliya,2015,9,22.709002,27.77,17.89,219.52,89.571,16.883,4.1610003
Nuwara Eliya,2015,10,22.692259,28.13,18.56,381.45,91.12161,16.814516,2.3506453
Nuwara Eliya,2015,11,22.342669,27.74,18.63,391.95,91.27367,15.925334,2.2753334
Nuwara Eliya,2015,12,22.359356,27.05,16.0,262.48,91.30161,16.04613,2.7648387
Nuwara Eliya,2016,1,21.714518,27.57,14.07,66.57,89.103226,18.527098,3.0341935
Nuwara Eliya,2016,2,22.297932,28.83,14.02,75.93,86.53863,19.974829,2.8527584
Nuwara Eliya,2016,3,23.900644,30.61,17.83,81.33,82.01225,22.366774,1.6035484
Nuwara Eliya,2016,4,25.004333,31.18,20.47,103.04,84.10367,22.112667,1.5613333
Nuwara Eliya,2016,5,24.050322,30.52,19.35,414.41,88.30936,15.29129,3.9770968
Nuwara Eliya,2016,6,22.863667,27.46,20.05,67.55,90.30933,18.073668,6.027
Nuwara Eliya,2016,7,22.513548,27.45,19.66,62.81,89.12936,18.240646,5.0325804
Nuwara Eliya,2016,8,22.75871,27.69,19.57,18.42,87.91903,18.575161,5.8209677
Nuwara Eliya,2016,9,22.713335,28.34,18.64,16.26,85.80167,19.484001,5.6716666
Nuwara Eliya,2016,10,23.059677,29.52,18.4,94.41,83.5671,19.162903,3.7293549
Nuwara Eliya,2016,11,22.374666,28.52,16.84,222.8,87.90666,15.012,2.2776668
Nuwara Eliya,2016,12,21.75,27.99,13.05,83.59,85.51451,17.869032,2.9435484
Nuwara Eliya,2017,1,21.263226,29.07,12.48,43.83,81.216774,18.518064,3.1312902
Nuwara Eliya,2017,2,22.431787,31.79,14.35,71.43,76.5875,20.324999,2.7189288
Nuwara Eliya,2017,3,23.228388,29.98,15.33,221.17,83.47516,21.045805,1.7309678
Nuwara Eliya,2017,4,24.374332,32.34,19.65,73.94,82.39933,21.934,2.1813333
Nuwara Eliya,2017,5,24.21226,31.43,19.79,211.69,84.673546,17.049032,3.5887096
Nuwara Eliya,2017,6,23.123,28.34,20.36,67.76,88.33233,18.500334,5.3693333
Nuwara Eliya,2017,7,23.180323,28.29,19.95,39.06,86.70258,18.71871,5.0948386
Nuwara Eliya,2017,8,23.029676,28.1,19.24,110.32,87.09323,17.326452,5.217742
Nuwara Eliya,2017,9,23.029,29.42,19.51,107.299995,86.927,17.889,4.4926667
Nuwara Eliya,2017,10,23.130968,28.79,19.57,232.94,87.83677,16.651613,3.747742
Nuwara Eliya,2017,11,22.364,28.59,17.52,262.29,89.23133,15.407333,2.9259999
Nuwara Eliya,2017,12,21.77871,27.47,15.91,215.49,88.61064,17.06,2.7364516
Nuwara Eliya,2018,1,20.766129,27.12,12.52,45.95,86.04258,18.898066,2.6812904
Nuwara Eliya,2018,2,22.029644,28.89,14.45,72.56,84.96607,20.78143,2.7392857
Nuwara Eliya,2018,3,23.141935,29.87,15.84,125.06,83.232254,20.105808,2.1222582
Nuwara Eliya,2018,4,24.059666,30.53,18.79,188.12,83.44367,19.683666,1.5746667
Nuwara Eliya,2018,5,23.421614,29.99,19.52,348.23,90.33774,15.508388,3.1758063
Nuwara Eliya,2018,6,22.778666,26.17,19.61,117.479996,91.57533,16.862333,5.798667
Nuwara Eliya,2018,7,22.375484,26.79,19.47,67.45,89.619675,17.599678,5.733871
Nuwara Eliya,2018,8,22.178709,28.0,19.14,74.8,89.088066,17.230967,5.757742
Nuwara Eliya,2018,9,22.834665,29.83,18.7,110.69,86.076004,20.268667,3.5906668
Nuwara Eliya,2018,10,22.55613,28.71,18.74,196.12,89.18387,16.372904,2.0880647
Nuwara Eliya,2018,11,22.284,27.84,17.3,248.24,89.52233,16.975666,2.3333333
Nuwara Eliya,2018,12,21.467741,27.05,13.67,120.07,88.78935,17.28387,2.7493548
Nuwara Eliya,2019,1,21.223871,27.71,14.4,41.460003,87.24516,19.76129,3.2351613
Nuwara Eliya,2019,2,22.629286,29.38,14.56,122.03,86.413216,20.153929,2.714643
Nuwara Eliya,2019,3,23.540968,32.01,14.88,29.570002,77.15258,22.907742,1.9187096
Nuwara Eliya,2019,4,25.115,33.58,17.94,100.67,75.84,19.692999,1.576
Nuwara Eliya,2019,5,24.720324,31.57,19.92,45.35,83.62484,19.75,3.897742
Nuwara Eliya,2019,6,24.122667,30.28,20.57,63.69,84.884,17.542,5.601
Nuwara Eliya,2019,7,23.512259,30.66,19.45,84.47,84.50065,18.79774,4.9387097
Nuwara Eliya,2019,8,22.834517,28.95,18.58,177.74,86.672905,15.289032,5.671613
Nuwara Eliya,2019,9,22.797333,29.0,18.64,267.78,87.93166,15.558667,3.9563334
Nuwara Eliya,2019,10,22.606129,28.76,18.36,408.49,89.75097,15.257097,1.9551613
Nuwara Eliya,2019,11,22.796667,28.01,17.87,312.9,89.60367,16.946333,2.132
Nuwara Eliya,2019,12,22.13871,26.99,16.36,305.49,91.01742,15.367419,2.843871
Nuwara Eliya,2020,1,21.752905,27.59,14.23,61.32,87.88742,20.243547,3.0951612
Nuwara Eliya,2020,2,22.04345,28.75,14.53,26.85,86.235176,21.27138,3.2262068
Nuwara Eliya,2020,3,23.661291,31.03,16.43,33.58,78.88226,22.764517,1.7680646
Nuwara Eliya,2020,4,24.806,31.66,15.71,120.909996,79.736,21.325666,1.6036667
Nuwara Eliya,2020,5,24.13516,31.13,19.56,271.38998,88.29645,16.674194,3.6290324
Nuwara Eliya,2020,6,23.181334,28.06,18.93,116.63,88.61201,18.517,5.096
Nuwara Eliya,2020,7,22.562258,27.22,19.08,124.04,89.99549,16.610323,4.1990323
Nuwara Eliya,2020,8,22.845806,28.69,19.9,122.07,88.45806,19.21484,4.6961293
Nuwara Eliya,2020,9,22.434334,27.07,19.41,189.63,89.46,15.508333,4.9956665
Nuwara Eliya,2020,10,22.8,28.52,18.75,98.81,88.172585,19.131937,4.5658064
Nuwara Eliya,2020,11,22.704668,28.47,17.84,291.22,89.30633,17.577,2.2843332
Nuwara Eliya,2020,12,22.065163,28.02,16.1,238.28,90.00645,16.93613,2.9319355
Nuwara Eliya,2021,1,21.605808,27.58,14.81,193.36,90.48741,15.462581,2.5641935
Nuwara Eliya,2021,2,21.970356,28.41,14.91,57.67,87.06,21.064642,3.1082141
Nuwara Eliya,2021,3,22.33,28.93,13.84,158.45,84.80839,20.134516,2.2474194
Nuwara Eliya,2021,4,23.659332,29.69,18.68,153.07,86.919,21.151333,1.882
Nuwara Eliya,2021,5,23.594193,29.42,20.27,302.61,90.49581,17.409033,3.7806451
Nuwara Eliya,2021,6,22.885668,27.0,19.7,167.83,91.543,19.178,4.6786666
Nuwara Eliya,2021,7,22.717096,26.82,19.38,164.98,91.55548,17.55613,5.345161
Nuwara Eliya,2021,8,22.377096,27.06,18.76,166.73,90.951935,17.124516,5.072581
Nuwara Eliya,2021,9,22.844,26.93,20.26,173.06,90.723,17.270332,4.7496667
Nuwara Eliya,2021,10,22.650322,27.15,19.42,339.29,91.15549,16.506773,3.6090324
Nuwara Eliya,2021,11,22.052668,27.43,17.56,406.09,92.642,14.940001,3.3106666
Nuwara Eliya,2021,12,21.79484,27.27,14.46,149.59,89.92323,18.804838,2.7570968
Nuwara Eliya,2022,1,21.863873,28.06,15.46,107.25,87.118065,19.822903,2.81
Nuwara Eliya,2022,2,21.625,28.63,14.14,168.95,86.65179,19.8475,2.6335714
Nuwara Eliya,2022,3,22.886452,29.54,15.99,84.08,87.35967,20.019354,2.4290323
Nuwara Eliya,2022,4,23.598,29.43,19.58,398.71,88.65666,18.993666,1.8296666
Nuwara Eliya,2022,5,23.39258,27.61,20.08,202.24,91.953224,15.9,5.395161
Nuwara Eliya,2022,6,22.742668,26.62,20.06,78.64,91.712326,17.689333,4.8683333
Nuwara Eliya,2022,7,22.508064,27.33,19.59,129.54001,89.84904,16.967419,4.709677
Nuwara Eliya,2022,8,22.295805,27.96,19.38,215.82,90.576126,17.49258,5.418387
Nuwara Eliya,2022,9,22.518667,28.36,19.06,79.7,89.724,19.466,4.7216663
Nuwara Eliya,2022,10,22.307741,28.22,17.18,288.63,89.75903,15.230645,3.7258065
Nuwara Eliya,2022,11,21.758,27.31,16.21,278.02,89.83233,17.108,2.2916667
Nuwara Eliya,2022,12,21.3,26.38,15.67,245.43,91.019035,14.847742,3.513226
Nuwara Eliya,2023,1,20.505806,26.76,13.39,94.15,89.7942,17.42613,3.6764517
Nuwara Eliya,2023,2,21.225,27.13,13.72,125.78,88.41714,19.647142,3.4692857
Nuwara Eliya,2023,3,23.025806,29.73,16.93,125.9,86.03484,19.86387,2.274516
Nuwara Eliya,2023,4,23.946667,30.07,18.14,174.06999,84.363,20.026001,1.704
Nuwara Eliya,2023,5,23.600323,29.13,19.7,189.56,90.18097,17.761612,3.5006452
Nuwara Eliya,2023,6,23.472332,27.2,19.29,119.59,90.395004,17.434334,5.2673335
Nuwara Eliya,2023,7,23.006128,28.08,20.11,83.39,89.33129,17.86484,5.3909674
Nuwara Eliya,2023,8,23.508064,29.03,20.07,80.22,86.97581,20.135485,4.6748385
Nuwara Eliya,2023,9,22.911665,27.77,19.6,340.31,89.53533,14.477667,4.910667
Nuwara Eliya,2023,10,22.816128,28.22,19.25,523.58,91.12258,15.209678,2.4219356
Nuwara Eliya,2023,11,22.993,28.19,18.41,441.68,90.369,16.415333,1.686
Nuwara Eliya,2023,12,22.739677,27.57,18.5,428.26,92.65096,15.206128,3.242581
Nuwara Eliya,2024,1,21.945807,28.14,14.18,267.85,90.22355,18.150002,2.8938708
Nuwara Eliya,2024,2,22.727242,29.6,15.45,27.35,88.05897,21.638277,3.68
Nuwara Eliya,2024,3,23.41,30.92,15.59,41.73,82.564514,22.275484,2.0287097
Nuwara Eliya,2024,4,25.273998,31.61,19.14,105.44,82.366,20.289,1.5016667
Nuwara Eliya,2024,5,24.76,31.36,21.69,201.96,87.772255,15.392903,4.1103225
Nuwara Eliya,2024,6,23.683332,28.66,20.65,95.5,89.23067,16.860666,5.238
Nuwara Eliya,2024,7,23.364193,28.51,19.32,78.38,87.89903,17.204515,5.3470964
Nuwara Eliya,2024,8,23.23613,28.08,19.71,134.6,88.59516,17.03871,4.338064
Nuwara Eliya,2024,9,23.571333,29.29,19.99,65.94,87.55967,18.237,5.1313334
Nuwara Eliya,2024,10,23.192259,29.72,19.65,134.78,89.04742,16.91742,3.1725805
Nuwara Eliya,2024,11,22.949333,28.48,18.39,330.69998,89.83766,15.273,3.0133333
Nuwara Eliya,2024,12,22.472258,27.66,17.54,144.75,89.58839,17.609678,2.506129
Nuwara Eliya,2025,1,21.656775,27.32,16.42,243.23,90.96645,13.897097,3.7529032
Nuwara Eliya,2025,2,21.693213,28.09,14.51,81.630005,86.685715,21.914286,3.125714
Nuwara Eliya,2025,3,23.084517,28.97,14.15,251.28,84.70387,19.858387,2.0680645
Nuwara Eliya,2025,4,23.556,28.43,19.83,312.54,90.173,18.628332,2.1996665
Nuwara Eliya,2025,5,23.396774,28.81,19.66,198.52,91.06516,16.24613,4.147419
Nuwara Eliya,2025,6,23.020332,27.29,19.6,92.89,91.37434,18.648,5.23
Nuwara Eliya,2025,7,22.719032,26.99,19.8,64.61,90.773544,17.749031,5.8399997
Nuwara Eliya,2025,8,22.537418,28.08,19.22,75.62,89.824844,19.085485,4.77871
Nuwara Eliya,2025,9,22.851665,27.46,19.99,157.21,89.23866,18.591,4.635333
Nuwara Eliya,2025,10,22.726452,28.63,18.94,352.6,90.03677,17.42613,2.8064516
Nuwara Eliya,2025,11,22.261333,29.11,17.73,685.56,91.57866,15.767667,2.7446666
Nuwara Eliya,2025,12,21.53387,27.28,16.75,174.1,90.797745,16.861937,3.1490324
Polonnaruwa,2000,1,25.029676,30.06,20.21,39.0,83.17839,15.386129,4.8141937
Polonnaruwa,2000,2,26.325518,31.96,21.54,93.55,78.74518,18.45345,3.6362069
Polonnaruwa,2000,3,27.956453,35.04,22.58,18.28,70.89193,20.471613,3.337742
Polonnaruwa,2000,4,29.709002,37.88,23.67,63.41,67.90666,22.487,3.227
Polonnaruwa,2000,5,30.228065,38.3,25.39,43.48,65.6358,22.146774,4.9974194
Polonnaruwa,2000,6,28.352,34.81,24.55,36.920002,70.074,20.104334,7.6823335
Polonnaruwa,2000,7,28.744516,37.56,23.9,114.74,67.354195,22.168066,6.8729033
Polonnaruwa,2000,8,27.730324,34.0,23.81,42.86,72.757744,19.714193,6.6787095
Polonnaruwa,2000,9,28.125,35.56,23.44,90.27,73.345,20.350334,4.5716662
Polonnaruwa,2000,10,27.479355,34.61,21.82,62.079998,74.50451,20.132257,4.64
Polonnaruwa,2000,11,26.572332,33.02,21.56,337.95,80.08733,14.394,4.246
Polonnaruwa,2000,12,25.214838,29.97,21.93,150.33,85.51678,12.563871,4.6616125
Polonnaruwa,2001,1,24.742258,28.77,20.92,160.7,87.244194,14.690968,4.4651613
Polonnaruwa,2001,2,24.587858,30.6,19.04,79.13,83.21751,20.737501,3.0742857
Polonnaruwa,2001,3,28.10484,38.12,22.03,0.33,69.60516,23.545483,2.9112904
Polonnaruwa,2001,4,28.298668,35.92,24.35,123.869995,75.5,20.716667,2.6733332
Polonnaruwa,2001,5,29.279034,36.43,25.03,29.199999,74.33548,22.675161,5.495806
Polonnaruwa,2001,6,27.754333,34.61,24.2,114.86,77.57533,21.001001,6.904
Polonnaruwa,2001,7,27.792582,35.28,23.74,120.159996,74.16323,19.883226,6.771936
Polonnaruwa,2001,8,28.153225,35.28,23.34,12.79,73.05613,22.127096,7.0948386
Polonnaruwa,2001,9,28.409,36.26,23.52,66.92,70.691666,21.116,5.391667
Polonnaruwa,2001,10,27.448065,33.93,23.88,116.4,78.13774,19.410645,4.5545163
Polonnaruwa,2001,11,26.539,33.12,22.95,200.3,81.93833,16.753,3.5556667
Polonnaruwa,2001,12,25.361614,30.05,21.76,236.69,84.81419,15.450001,4.2109675
Polonnaruwa,2002,1,25.105162,29.37,20.01,92.29,83.70774,16.07355,4.0587096
Polonnaruwa,2002,2,25.672144,30.5,20.31,111.950005,81.968925,17.4075,4.5475
Polonnaruwa,2002,3,27.709677,35.47,22.59,31.369999,73.77775,21.536776,3.5290322
Polonnaruwa,2002,4,28.778332,35.92,23.94,84.42,74.077,20.928333,2.5996666
Polonnaruwa,2002,5,28.991613,35.87,24.83,73.98,76.1258,20.95129,5.4403224
Polonnaruwa,2002,6,28.837,36.59,24.52,49.079998,72.74633,20.468332,6.5863333
Polonnaruwa,2002,7,29.28,36.1,25.1,9.13,66.978714,21.629032,7.9377418
Polonnaruwa,2002,8,28.678064,36.11,24.59,46.31,68.32323,21.408709,6.882903
Polonnaruwa,2002,9,29.848,37.34,24.29,27.8,63.009335,23.313,5.5299997
Polonnaruwa,2002,10,27.402903,34.95,22.76,195.48,79.11161,19.609678,3.7083871
Polonnaruwa,2002,11,26.094667,30.66,22.54,220.22,86.43533,16.616001,2.854
Polonnaruwa,2002,12,25.477419,29.89,20.94,388.93,87.12839,12.408064,4.449355
Polonnaruwa,2003,1,24.841291,28.45,20.59,159.78,85.95871,14.461936,4.4583874
Polonnaruwa,2003,2,25.678928,29.77,21.75,89.54,84.19572,18.138214,3.820357
Polonnaruwa,2003,3,26.644838,33.0,22.47,81.61,81.81064,20.173872,3.0893548
Polonnaruwa,2003,4,28.705332,35.93,23.65,43.25,74.43667,21.123,2.887
Polonnaruwa,2003,5,29.274193,36.25,24.37,84.56,74.4129,20.057096,5.6603227
Polonnaruwa,2003,6,28.958668,36.29,24.61,19.89,72.06234,21.768667,5.5863333
Polonnaruwa,2003,7,28.566128,34.87,24.09,28.34,72.5529,19.785807,5.773871
Polonnaruwa,2003,8,28.71516,36.39,24.24,21.02,70.36355,21.177742,6.37129
Polonnaruwa,2003,9,29.153002,37.02,24.13,55.42,67.87933,22.675,5.9036665
Polonnaruwa,2003,10,28.538065,36.68,23.65,78.409996,71.57129,21.25,4.5138707
Polonnaruwa,2003,11,26.209333,31.5,21.54,416.48,86.575,12.933667,4.096667
Polonnaruwa,2003,12,25.569033,30.2,21.57,58.489998,84.04258,17.05742,4.257419
Polonnaruwa,2004,1,25.531935,30.16,20.22,75.74,81.659355,16.316774,4.5712905
Polonnaruwa,2004,2,26.019655,32.59,20.67,64.979996,75.33379,19.447586,4.103103
Polonnaruwa,2004,3,28.173548,36.88,21.06,55.420002,71.87871,22.40355,3.3074193
Polonnaruwa,2004,4,29.596,38.34,23.66,62.0,70.471664,21.563,2.5633333
Polonnaruwa,2004,5,28.782904,35.93,24.85,114.55,74.659996,19.861935,5.807097
Polonnaruwa,2004,6,28.531,35.41,23.92,29.050001,71.944336,21.609335,7.1903334
Polonnaruwa,2004,7,28.33,34.91,24.15,42.14,71.160324,21.04871,7.0051613
Polonnaruwa,2004,8,29.057741,36.42,24.84,25.2,67.41258,22.109678,7.3425803
Polonnaruwa,2004,9,28.217335,35.18,23.14,184.33,72.82366,19.396667,4.7763333
Polonnaruwa,2004,10,26.82387,33.61,23.56,279.13,84.20419,18.381613,4.0203223
Polonnaruwa,2004,11,26.144999,29.48,23.55,276.37,88.74533,14.394667,4.236
Polonnaruwa,2004,12,25.140322,29.04,19.86,480.23,85.88839,14.194839,4.488065
Polonnaruwa,2005,1,25.130001,28.52,22.0,173.8,86.19452,14.583549,4.3293552
Polonnaruwa,2005,2,25.413929,29.67,20.52,19.64,82.62536,21.464285,3.8307145
Polonnaruwa,2005,3,26.952902,33.33,22.67,51.54,81.2729,20.48871,2.982258
Polonnaruwa,2005,4,27.826666,34.21,24.0,137.84999,82.59733,20.731333,2.4186666
Polonnaruwa,2005,5,29.501612,36.48,24.87,44.7,74.61129,21.282259,3.6845162
Polonnaruwa,2005,6,29.024332,36.02,24.43,17.84,72.566666,21.407665,7.2113333
Polonnaruwa,2005,7,28.628063,36.02,24.5,32.34,71.08064,20.340322,7.4616127
Polonnaruwa,2005,8,29.37871,37.08,24.77,28.2,66.866776,22.308064,6.2980647
Polonnaruwa,2005,9,28.746,36.86,24.29,51.75,69.80867,20.296667,6.807
Polonnaruwa,2005,10,27.765162,36.26,24.09,165.61,77.812256,19.27484,4.08
Polonnaruwa,2005,11,25.763666,30.65,21.26,370.49,88.277336,15.553333,3.6
Polonnaruwa,2005,12,25.04742,29.79,20.53,124.19,86.68452,15.9429035,3.9290323
Polonnaruwa,2006,1,24.375484,27.88,20.03,203.27,86.77548,14.675807,4.146129
Polonnaruwa,2006,2,25.283215,29.58,21.48,70.799995,84.626785,17.5975,3.9042857
Polonnaruwa,2006,3,26.92,33.39,22.33,79.98,81.20387,21.69742,2.722258
Polonnaruwa,2006,4,28.897333,37.2,23.78,44.28,72.59533,21.630333,2.6543334
Polonnaruwa,2006,5,28.878065,36.67,24.86,63.17,73.741936,21.39645,4.8880644
Polonnaruwa,2006,6,29.149666,36.29,24.64,15.96,69.971664,21.605333,6.186
Polonnaruwa,2006,7,28.618065,35.45,23.7,30.31,69.6471,20.15355,7.4458065
Polonnaruwa,2006,8,28.735483,37.3,23.83,65.4,68.81129,22.14613,6.3812904
Polonnaruwa,2006,9,28.290335,34.79,24.31,52.07,72.029335,20.568333,4.8836665
Polonnaruwa,2006,10,27.520323,35.85,23.28,265.13,77.94871,19.204517,3.826129
Polonnaruwa,2006,11,25.996334,29.99,23.23,308.97,87.77133,15.605,2.9199998
Polonnaruwa,2006,12,25.31742,28.58,20.71,221.95,84.161934,12.45258,4.873226
Polonnaruwa,2007,1,24.782581,28.51,20.68,117.619995,83.1129,15.13742,4.7393546
Polonnaruwa,2007,2,25.378927,30.85,20.03,89.13,81.66821,19.2975,3.6185715
Polonnaruwa,2007,3,26.567421,34.88,20.83,15.290001,73.0687,24.266453,3.2035482
Polonnaruwa,2007,4,27.713335,34.94,24.36,211.13,81.80033,19.672333,2.6126666
Polonnaruwa,2007,5,29.09645,36.57,24.19,19.17,74.97484,22.874193,4.7935486
Polonnaruwa,2007,6,28.591667,36.7,24.45,53.949997,73.813995,18.641333,5.949667
Polonnaruwa,2007,7,28.356129,34.76,23.69,65.759995,72.090004,19.972904,6.5722585
Polonnaruwa,2007,8,28.364193,35.29,23.57,41.92,72.119675,20.870646,5.9141936
Polonnaruwa,2007,9,28.196333,34.48,23.44,60.29,73.76466,19.965334,5.939
Polonnaruwa,2007,10,26.910324,34.12,23.38,201.98,80.4142,18.352581,4.354193
Polonnaruwa,2007,11,25.966,30.19,21.9,142.18,81.99833,18.141666,3.064
Polonnaruwa,2007,12,25.324194,30.23,20.15,298.09,83.84613,13.008064,4.645807
Polonnaruwa,2008,1,24.84484,29.52,20.58,131.62,84.94064,15.150645,3.9374192
Polonnaruwa,2008,2,25.504827,29.59,20.93,127.32,82.78725,19.047586,3.4765518
Polonnaruwa,2008,3,26.048063,30.93,21.74,319.32,86.94452,18.892902,3.2758067
Polonnaruwa,2008,4,26.980665,32.34,23.31,119.1,84.414665,19.396667,2.6136665
Polonnaruwa,2008,5,27.204517,31.65,23.84,3.66,86.08129,22.772259,4.904839
Polonnaruwa,2008,6,27.147,32.78,23.61,67.87,82.081,19.991333,5.581
Polonnaruwa,2008,7,27.887743,34.26,23.42,31.69,74.962906,21.090322,6.2551613
Polonnaruwa,2008,8,28.277742,34.77,23.8,36.03,71.46194,21.109356,5.1951613
Polonnaruwa,2008,9,28.908667,37.23,22.7,19.27,68.22,23.182001,5.0426664
Polonnaruwa,2008,10,28.010323,37.17,21.79,138.53,74.57032,19.10355,3.187742
Polonnaruwa,2008,11,26.680332,33.37,22.49,255.37,81.43567,15.999,3.861
Polonnaruwa,2008,12,25.294516,29.2,21.05,177.36,84.58516,14.919678,4.3383875
Polonnaruwa,2009,1,24.807741,29.37,21.04,112.21,80.68452,16.57258,4.3364515
Polonnaruwa,2009,2,25.91857,34.34,20.68,0.32,70.69893,21.560715,3.537143
Polonnaruwa,2009,3,27.123549,35.19,20.79,163.45999,75.979034,22.15645,2.812258
Polonnaruwa,2009,4,27.954334,33.6,23.51,218.33,81.67134,20.646667,3.2543335
Polonnaruwa,2009,5,28.575485,35.49,23.7,22.67,77.58194,20.714193,5.2658067
Polonnaruwa,2009,6,28.640001,35.01,24.8,9.26,72.67867,21.707333,7.5429997
Polonnaruwa,2009,7,28.809353,36.79,24.75,12.12,68.70968,20.820322,7.417742
Polonnaruwa,2009,8,28.596128,36.05,23.82,67.85,71.33129,20.23516,6.12
Polonnaruwa,2009,9,28.796999,36.91,24.43,28.6,70.206,21.807667,6.4319997
Polonnaruwa,2009,10,28.512903,37.17,23.83,129.78,68.60194,20.649677,4.0712905
Polonnaruwa,2009,11,26.174334,30.49,22.03,446.29,86.260666,14.48,3.405
Polonnaruwa,2009,12,25.66613,28.95,22.6,318.6,88.63516,12.095161,4.0574193
Polonnaruwa,2010,1,25.078064,28.99,20.94,87.47,84.6087,16.379677,4.2200003
Polonnaruwa,2010,2,25.504286,30.23,20.98,46.629997,82.755714,19.442858,3.6364286
Polonnaruwa,2010,3,27.672258,34.87,20.52,41.16,74.89742,22.254194,3.0683873
Polonnaruwa,2010,4,29.119333,35.62,24.19,152.44,75.92233,21.480999,2.4333334
Polonnaruwa,2010,5,28.462582,33.99,24.84,99.01,82.16774,21.719355,4.3580647
Polonnaruwa,2010,6,28.380667,35.0,24.25,49.12,75.75867,20.162666,6.1579995
Polonnaruwa,2010,7,27.936773,34.12,23.38,73.93,74.921295,20.188389,6.366774
Polonnaruwa,2010,8,27.770645,35.25,23.27,132.48,75.964836,20.295483,6.358387
Polonnaruwa,2010,9,27.226665,34.11,23.63,184.13,79.585335,20.034,4.5813336
Polonnaruwa,2010,10,26.588064,32.5,22.26,149.67,83.54484,20.226452,4.910968
Polonnaruwa,2010,11,25.754667,30.55,22.33,461.78,87.15967,15.681667,3.126
Polonnaruwa,2010,12,24.877743,29.21,21.93,591.11,90.04,12.0874195,4.051613
Polonnaruwa,2011,1,24.55258,27.93,20.64,757.21,89.966774,11.845161,4.791613
Polonnaruwa,2011,2,25.084642,29.55,21.69,481.74,86.622856,15.442857,3.6178572
Polonnaruwa,2011,3,26.265806,31.51,21.79,113.86,83.73387,20.75258,2.9632258
Polonnaruwa,2011,4,26.976002,31.71,21.21,257.68,81.90767,22.030333,2.3686666
Polonnaruwa,2011,5,27.529034,32.31,23.03,53.83,85.80032,22.48484,4.4583874
Polonnaruwa,2011,6,27.408333,33.99,23.13,12.79,81.85833,21.878332,6.012
Polonnaruwa,2011,7,27.814516,33.78,24.36,30.27,75.04548,20.207418,6.676774
Polonnaruwa,2011,8,28.160967,34.46,23.67,74.51,73.26387,20.772581,6.050645
Polonnaruwa,2011,9,28.341,36.16,23.45,71.82,72.819336,21.757332,5.6806664
Polonnaruwa,2011,10,27.48903,36.33,23.93,416.82,79.214836,19.442259,3.0319355
Polonnaruwa,2011,11,26.17,30.12,22.53,368.26,85.195335,15.772666,3.3593333
Polonnaruwa,2011,12,25.45129,29.83,20.31,295.38,86.84742,13.796129,4.0080647
Polonnaruwa,2012,1,24.581614,29.14,19.7,48.97,83.08258,17.928709,3.5512903
Polonnaruwa,2012,2,25.331034,29.77,21.56,143.67,84.28827,17.626207,3.793793
Polonnaruwa,2012,3,26.52129,32.44,20.65,56.2,79.18387,22.502258,2.763871
Polonnaruwa,2012,4,27.838335,33.86,23.48,151.57,79.629326,20.745667,2.4236667
Polonnaruwa,2012,5,29.193226,37.35,21.83,3.17,71.25291,22.529034,5.7780643
Polonnaruwa,2012,6,28.984335,35.78,24.59,18.05,70.45167,20.522333,7.1806664
Polonnaruwa,2012,7,28.928389,35.98,24.56,45.75,69.72419,21.373869,6.4496775
Polonnaruwa,2012,8,29.153225,37.51,24.57,21.91,66.34871,21.302904,6.1509676
Polonnaruwa,2012,9,28.820333,36.48,24.25,85.0,69.11,21.207,5.385667
Polonnaruwa,2012,10,27.27516,37.1,23.53,472.24,80.66839,18.42645,3.1812904
Polonnaruwa,2012,11,26.047333,31.05,22.45,275.94,85.68766,16.430668,2.7266667
Polonnaruwa,2012,12,25.454517,29.52,21.62,638.25,88.42033,13.472903,4.124839
Polonnaruwa,2013,1,24.848064,28.06,20.53,343.78,86.39064,14.75,4.2164516
Polonnaruwa,2013,2,25.493214,30.53,22.12,268.56,85.54679,17.777857,3.545
Polonnaruwa,2013,3,26.684837,31.7,23.15,189.32,84.270966,20.390322,3.0641935
Polonnaruwa,2013,4,28.087334,32.65,23.74,83.62,81.129326,22.363667,2.1093333
Polonnaruwa,2013,5,27.66258,31.99,24.2,111.67,84.90871,19.921936,4.709677
Polonnaruwa,2013,6,27.317,32.61,24.08,43.0,80.434,19.092999,7.446
Polonnaruwa,2013,7,27.426773,33.76,24.13,56.18,76.18419,20.181614,7.2129035
Polonnaruwa,2013,8,28.053871,34.99,23.65,71.42,73.99968,21.879354,5.9203224
Polonnaruwa,2013,9,27.974333,36.14,23.83,59.8,73.94067,20.931,5.971
Polonnaruwa,2013,10,28.246452,35.85,23.02,75.79,72.76548,21.13129,4.1364512
Polonnaruwa,2013,11,26.524332,31.88,22.77,190.0,81.818,17.654667,3.1843333
Polonnaruwa,2013,12,25.124516,29.88,21.59,186.04,85.076126,12.189032,4.322581
Polonnaruwa,2014,1,24.92258,28.59,21.75,175.7,84.48549,14.099355,4.620322
Polonnaruwa,2014,2,25.993214,32.7,20.22,54.17,74.42857,19.835714,3.9814286
Polonnaruwa,2014,3,27.722582,36.09,21.98,15.39,69.74549,21.92742,4.106129
Polonnaruwa,2014,4,29.479668,36.65,23.06,85.81,69.23434,21.852333,2.477
Polonnaruwa,2014,5,28.269676,33.87,24.38,145.62,81.03258,21.223549,4.0874195
Polonnaruwa,2014,6,29.054333,35.84,24.81,7.7999997,73.69367,21.105999,7.272333
Polonnaruwa,2014,7,28.942259,35.37,25.46,12.4,70.323875,21.2,8.004193
Polonnaruwa,2014,8,28.227741,35.35,23.87,87.4,72.01678,20.73903,5.8590326
Polonnaruwa,2014,9,28.676666,36.76,24.03,105.03,71.662674,21.199001,4.9936666
Polonnaruwa,2014,10,27.011936,33.46,22.96,258.72,82.20774,18.792582,2.9870968
Polonnaruwa,2014,11,25.833668,30.84,20.07,428.72,87.47,13.882334,3.6990001
Polonnaruwa,2014,12,25.431936,29.31,22.5,827.62,91.46194,10.91,3.9503226
Polonnaruwa,2015,1,24.786776,29.44,21.23,19.96,84.87774,18.26258,3.5493548
Polonnaruwa,2015,2,25.330715,29.88,21.31,195.94,84.50322,17.539642,3.9614284
Polonnaruwa,2015,3,26.385807,30.95,21.83,88.55,82.367096,21.93,3.1464517
Polonnaruwa,2015,4,27.397667,32.15,24.07,203.61,83.29367,21.983667,2.354
Polonnaruwa,2015,5,27.70516,31.93,24.38,238.26,84.73484,20.686773,3.3512902
Polonnaruwa,2015,6,27.43,32.49,23.82,34.23,84.733665,21.253,5.1679997
Polonnaruwa,2015,7,28.245161,34.66,24.25,9.31,75.47162,21.286451,6.4467745
Polonnaruwa,2015,8,28.824516,35.61,24.57,62.76,71.97516,21.630322,5.7709675
Polonnaruwa,2015,9,27.891333,36.58,22.59,174.91,77.528,21.062,4.081
Polonnaruwa,2015,10,27.074516,32.72,23.0,406.53,83.94225,17.369356,3.2751613
Polonnaruwa,2015,11,26.209333,30.17,23.96,548.11,88.36034,14.674666,2.8823333
Polonnaruwa,2015,12,26.03,29.0,22.96,336.41,88.89323,14.227419,3.9619355
Polonnaruwa,2016,1,25.398708,28.93,21.72,127.1,84.75387,17.20387,3.972258
Polonnaruwa,2016,2,26.10138,30.46,21.71,40.13,83.26104,18.930344,3.8565516
Polonnaruwa,2016,3,27.443548,35.99,20.78,58.8,77.36581,22.946129,3.1861289
Polonnaruwa,2016,4,29.816,36.51,24.29,74.12,73.96433,23.209333,2.5513334
Polonnaruwa,2016,5,28.657097,36.16,24.08,401.1,80.0442,19.124193,4.5538707
Polonnaruwa,2016,6,27.796999,32.77,24.71,16.89,80.19566,19.939,6.6653337
Polonnaruwa,2016,7,28.393227,34.52,24.04,25.52,72.618065,20.689032,6.2419353
Polonnaruwa,2016,8,29.15258,36.37,25.07,5.36,68.37161,22.28774,7.118387
Polonnaruwa,2016,9,29.553333,37.09,24.03,1.49,63.867,22.649332,7.1056666
Polonnaruwa,2016,10,29.104193,37.75,23.67,104.2,66.39387,20.719032,4.14871
Polonnaruwa,2016,11,26.235332,31.07,22.54,314.99,84.627335,13.838667,3.338
Polonnaruwa,2016,12,25.500647,30.29,20.45,82.96,83.73646,17.01097,3.7912903
Polonnaruwa,2017,1,25.207743,30.16,20.21,96.85,78.01129,16.845161,4.339355
Polonnaruwa,2017,2,25.96607,32.49,21.2,92.15,72.98214,19.731428,3.8867857
Polonnaruwa,2017,3,26.619356,32.23,22.1,227.28,81.94968,22.185484,2.707742
Polonnaruwa,2017,4,28.967999,36.69,22.57,55.789997,74.45033,23.050333,2.6399999
Polonnaruwa,2017,5,29.109678,36.41,24.22,113.68,74.92355,20.75,4.6322584
Polonnaruwa,2017,6,28.991667,35.75,24.83,13.71,71.545006,21.001001,6.5516667
Polonnaruwa,2017,7,29.312258,36.79,24.74,14.14,68.55097,21.433872,6.1003227
Polonnaruwa,2017,8,28.934837,35.56,23.72,85.43,70.84839,21.470966,6.0377417
Polonnaruwa,2017,9,28.32,35.34,23.71,83.86,74.58667,19.924665,4.5716662
Polonnaruwa,2017,10,28.182903,35.46,24.17,250.83,76.21419,20.075485,4.029032
Polonnaruwa,2017,11,26.153002,31.23,21.18,360.05,87.684,15.283999,4.02
Polonnaruwa,2017,12,25.56387,30.01,21.11,147.83,84.82967,16.473549,3.513871
Polonnaruwa,2018,1,24.664194,29.51,19.82,51.32,83.297745,16.944195,3.610645
Polonnaruwa,2018,2,25.689642,31.47,21.07,131.34,80.413574,18.075,4.0053573
Polonnaruwa,2018,3,26.860323,33.52,22.07,96.74,80.18033,20.98613,3.2012904
Polonnaruwa,2018,4,28.122,34.57,23.33,133.68001,79.653,21.392334,2.758
Polonnaruwa,2018,5,27.772903,34.96,23.99,297.16,84.00162,19.424194,2.9187098
Polonnaruwa,2018,6,27.316334,32.43,23.63,29.03,83.501,20.860332,6.2956667
Polonnaruwa,2018,7,27.97871,34.51,24.03,11.14,74.37226,20.602257,7.0303226
Polonnaruwa,2018,8,28.329676,35.39,24.47,18.56,70.160965,20.568386,7.209032
Polonnaruwa,2018,9,29.124666,37.88,23.05,52.32,66.69433,21.682335,4.0656667
Polonnaruwa,2018,10,26.749353,32.62,22.77,300.07,83.310974,17.987097,2.7835484
Polonnaruwa,2018,11,26.104,30.83,21.53,306.63,86.68967,15.080667,3.367
Polonnaruwa,2018,12,25.41645,29.06,20.43,119.63,87.33064,14.755161,3.6635485
Polonnaruwa,2019,1,24.830969,29.14,21.01,38.33,83.10613,16.982903,4.1335483
Polonnaruwa,2019,2,26.312143,32.57,22.45,125.24,82.91429,18.015001,3.8907144
Polonnaruwa,2019,3,28.15645,37.02,22.18,10.86,69.65709,23.95,3.5235486
Polonnaruwa,2019,4,29.886,37.01,23.33,79.47,67.44566,21.945667,3.033
Polonnaruwa,2019,5,31.098064,38.76,25.44,9.66,64.67581,22.58742,3.7838712
Polonnaruwa,2019,6,30.486666,37.5,26.31,12.48,65.31133,20.631666,6.685
Polonnaruwa,2019,7,30.048388,37.94,24.51,15.96,64.34322,20.57387,6.0151615
Polonnaruwa,2019,8,28.685806,36.82,23.55,72.61,70.01322,18.677742,6.568387
Polonnaruwa,2019,9,28.217999,36.96,23.7,126.0,74.363,19.657331,4.251
Polonnaruwa,2019,10,26.681936,32.9,23.24,394.32,84.368385,16.551935,2.4909678
Polonnaruwa,2019,11,26.779,31.12,23.12,347.16,84.613,17.073668,2.9226668
Polonnaruwa,2019,12,25.92258,29.47,22.62,611.38,88.03097,13.796452,4.067742
Polonnaruwa,2020,1,25.589033,29.47,20.94,59.97,83.54581,18.98871,3.9729033
Polonnaruwa,2020,2,25.687586,30.04,21.46,29.83,81.687584,19.755861,4.2693105
Polonnaruwa,2020,3,27.515806,34.28,21.92,19.25,73.10967,23.400644,3.5032258
Polonnaruwa,2020,4,29.446001,36.07,22.85,86.03,71.67867,22.504333,3.256
Polonnaruwa,2020,5,28.845161,35.91,24.87,185.31999,79.53258,19.087097,3.9358065
Polonnaruwa,2020,6,28.428999,34.57,24.08,94.64,76.576004,20.259666,5.7330003
Polonnaruwa,2020,7,27.59871,33.73,23.43,80.72,78.25194,19.07,4.5280643
Polonnaruwa,2020,8,28.740967,36.71,23.97,24.5,71.86484,20.777098,5.5390325
Polonnaruwa,2020,9,27.786665,35.19,23.63,113.020004,75.917,18.391333,5.5490003
Polonnaruwa,2020,10,28.449678,36.07,22.93,39.03,72.97162,20.773548,5.325484
Polonnaruwa,2020,11,26.794,33.94,22.89,385.46,85.50767,16.375334,3.1746666
Polonnaruwa,2020,12,25.711935,29.4,22.68,483.77002,88.08097,14.076451,3.835484
Polonnaruwa,2021,1,25.28387,28.97,21.37,382.07,88.899994,13.755484,3.7074194
Polonnaruwa,2021,2,25.353928,30.24,20.29,54.420002,84.29822,19.33143,3.8942857
Polonnaruwa,2021,3,26.443548,33.36,22.2,63.399998,82.21129,19.99,3.1093547
Polonnaruwa,2021,4,27.966667,34.06,23.1,129.72,80.06234,22.663334,2.5483334
Polonnaruwa,2021,5,27.83355,32.34,24.47,127.12,83.87807,19.084192,4.339032
Polonnaruwa,2021,6,27.896,33.99,23.91,59.11,80.832,21.798334,5.3326664
Polonnaruwa,2021,7,27.852581,33.85,24.07,89.17,79.20612,20.570969,6.126129
Polonnaruwa,2021,8,28.030645,34.44,23.08,40.65,75.008385,19.295162,6.0274196
Polonnaruwa,2021,9,28.270666,34.61,24.46,94.53,76.015335,20.494,5.2776666
Polonnaruwa,2021,10,27.213224,33.26,23.69,422.73,82.42033,18.103226,4.0374193
Polonnaruwa,2021,11,25.924665,30.26,21.71,509.74,89.75833,15.884667,3.8163333
Polonnaruwa,2021,12,25.803547,30.34,21.48,179.85,84.94903,17.000322,3.534516
Polonnaruwa,2022,1,25.408709,29.5,19.06,200.24,85.619675,17.736452,3.8119354
Polonnaruwa,2022,2,25.402143,30.39,20.81,198.22,84.1275,18.939285,3.7389286
Polonnaruwa,2022,3,26.835485,31.67,23.11,52.42,83.87484,20.817741,3.3074193
Polonnaruwa,2022,4,27.638,32.6,23.94,263.46,83.56167,21.799665,2.3346667
Polonnaruwa,2022,5,27.730967,32.44,24.19,60.95,85.2271,20.890001,5.530968
Polonnaruwa,2022,6,27.642,33.45,24.09,29.59,80.67367,20.201,5.3953333
Polonnaruwa,2022,7,28.02,34.23,24.26,92.93,75.312904,18.582258,5.6661286
Polonnaruwa,2022,8,27.858387,34.96,23.68,117.5,75.50935,20.085485,6.089355
Polonnaruwa,2022,9,27.775667,35.04,23.58,60.02,76.67467,21.851002,5.319
Polonnaruwa,2022,10,27.129679,34.45,23.28,367.78,80.148705,18.159678,4.074516
Polonnaruwa,2022,11,25.699333,29.86,20.39,265.31,86.205666,16.700666,3.1293333
Polonnaruwa,2022,12,25.337097,29.72,21.03,334.72,87.72065,12.881614,4.427419
Polonnaruwa,2023,1,24.532904,28.11,19.92,174.16,85.16612,16.092258,4.4074197
Polonnaruwa,2023,2,25.041784,29.35,20.14,353.87,84.54643,18.040358,4.106786
Polonnaruwa,2023,3,26.647097,32.15,22.82,101.25,83.802574,20.381935,3.2009678
Polonnaruwa,2023,4,28.014668,33.1,23.75,129.15,80.79867,22.409,2.492
Polonnaruwa,2023,5,27.83258,33.27,23.21,122.82,84.57935,20.133549,3.8809676
Polonnaruwa,2023,6,28.543333,34.11,23.54,19.74,77.88167,21.220667,5.813
Polonnaruwa,2023,7,29.19742,36.88,24.62,10.37,69.6413,20.23613,6.8167744
Polonnaruwa,2023,8,30.344517,38.01,24.27,24.779999,64.25645,22.810646,5.1358066
Polonnaruwa,2023,9,28.694666,36.7,23.66,123.1,73.18867,18.843666,5.322667
Polonnaruwa,2023,10,27.270323,33.4,24.15,533.02,82.83032,18.151613,2.7806451
Polonnaruwa,2023,11,26.737333,30.36,24.4,723.6,87.097664,16.956667,2.4513333
Polonnaruwa,2023,12,26.508387,30.59,23.92,734.63,90.10613,13.1958065,4.093871
Polonnaruwa,2024,1,25.683548,29.5,21.75,360.94,86.56645,15.825161,3.8687098
Polonnaruwa,2024,2,26.39069,31.33,23.01,23.62,84.664825,19.997585,4.3155174
Polonnaruwa,2024,3,27.077097,33.95,22.52,42.92,79.75645,22.604193,3.2916129
Polonnaruwa,2024,4,30.020332,36.86,25.35,51.09,73.15367,22.603333,2.9173331
Polonnaruwa,2024,5,29.286129,37.84,25.42,225.89,79.77806,18.992905,4.0212903
Polonnaruwa,2024,6,28.626333,35.04,25.13,31.21,78.881996,19.566,5.4703336
Polonnaruwa,2024,7,29.295162,36.45,24.59,13.04,70.39193,20.583227,7.039355
Polonnaruwa,2024,8,28.639355,34.86,23.98,136.3,75.74581,20.215483,4.710645
Polonnaruwa,2024,9,29.151001,36.02,25.04,27.740002,73.224335,21.566668,6.200333
Polonnaruwa,2024,10,27.720966,36.19,23.58,198.59,81.89935,18.345806,3.2267742
Polonnaruwa,2024,11,26.738,30.56,23.92,599.16003,87.403336,15.3306675,4.0673337
Polonnaruwa,2024,12,26.177097,30.3,21.14,195.52,88.171936,16.505161,3.370645
Polonnaruwa,2025,1,25.279034,29.0,21.95,378.09,88.828384,11.748065,4.3203225
Polonnaruwa,2025,2,25.620358,29.76,21.94,90.22,82.961784,20.710358,3.845
Polonnaruwa,2025,3,26.930967,31.34,22.33,148.91,83.22452,21.14258,3.0500002
Polonnaruwa,2025,4,27.833334,32.17,24.08,234.28,83.400665,21.208,2.4396667
Polonnaruwa,2025,5,27.912903,34.64,22.84,109.46,83.50484,20.130322,4.566129
Polonnaruwa,2025,6,27.587667,33.27,24.32,19.73,83.081,21.153666,6.1523337
Polonnaruwa,2025,7,28.292904,36.07,24.71,10.0,75.18161,20.183872,7.3038707
Polonnaruwa,2025,8,28.459354,35.94,23.88,33.81,72.55678,22.101292,5.8954835
Polonnaruwa,2025,9,28.807335,36.11,24.32,65.06,71.572,20.961334,5.6253333
Polonnaruwa,2025,10,27.59387,34.68,22.88,274.42,80.965485,19.384516,3.1770966
Polonnaruwa,2025,11,26.223,31.96,21.82,848.33,87.475334,15.318,4.1613336
Polonnaruwa,2025,12,25.339033,29.35,21.33,248.56,88.020004,14.26871,3.8993547
Puttalam,2000,1,25.84484,32.57,18.51,18.99,76.49968,17.91,5.8719354
Puttalam,2000,2,27.418966,33.55,20.95,63.12,72.05449,20.586897,3.6086206
Puttalam,2000,3,28.961935,36.65,21.92,20.86,64.021935,22.621937,3.3964517
Puttalam,2000,4,28.821999,35.07,25.23,76.38,73.84133,22.805,4.9036665
Puttalam,2000,5,28.811935,34.02,25.77,51.62,74.81903,22.664515,6.265484
Puttalam,2000,6,27.092669,31.16,24.38,61.6,79.850334,20.226,8.01
Puttalam,2000,7,27.224194,32.51,24.45,71.95,77.982254,21.553871,7.2958064
Puttalam,2000,8,26.706774,31.34,24.04,82.39,80.4071,20.021612,7.586129
Puttalam,2000,9,27.062334,32.03,24.36,87.53,80.531,21.104668,6.0576663
Puttalam,2000,10,26.960001,32.52,23.01,58.7,79.03484,20.36742,5.384194
Puttalam,2000,11,26.818666,33.74,21.94,212.34,77.593666,16.225666,4.9436665
Puttalam,2000,12,25.40129,30.12,20.35,117.48,81.31774,16.840322,5.6858068
Puttalam,2001,1,25.044516,29.89,19.84,77.29,83.57226,16.450323,5.6564517
Puttalam,2001,2,25.585358,33.34,17.39,53.87,77.181786,22.017141,3.7060714
Puttalam,2001,3,28.731613,35.76,21.15,1.16,66.02936,23.696129,3.9906452
Puttalam,2001,4,28.605665,36.47,24.33,202.76001,74.43833,21.815,2.4186666
Puttalam,2001,5,28.207418,32.07,25.83,60.2,81.745476,22.613226,6.2154837
Puttalam,2001,6,27.137667,31.3,24.62,131.11,83.264,19.934666,7.1913333
Puttalam,2001,7,26.631613,31.39,23.95,73.33,82.80839,20.372904,6.655484
Puttalam,2001,8,26.88871,31.67,24.17,11.58,82.18903,21.982903,7.3080645
Puttalam,2001,9,27.202,32.62,24.74,80.56,78.767,22.223667,6.725333
Puttalam,2001,10,27.017097,31.31,24.51,107.39,81.231285,19.084517,5.257097
Puttalam,2001,11,26.317333,32.45,22.43,141.87,83.192665,16.791666,4.139
Puttalam,2001,12,25.594193,30.78,20.79,95.35,82.395805,16.008064,5.488065
Puttalam,2002,1,26.006775,32.96,19.08,27.21,76.9158,18.245161,5.3480644
Puttalam,2002,2,26.9575,34.2,20.07,56.96,73.07821,21.580715,5.8642855
Puttalam,2002,3,28.744516,36.12,21.92,43.989998,67.51322,24.116129,4.2129035
Puttalam,2002,4,28.737333,35.81,24.71,182.14,74.43967,23.456333,2.0053334
Puttalam,2002,5,28.170324,32.54,25.81,104.979996,82.72419,21.619032,6.302581
Puttalam,2002,6,27.560333,32.06,25.26,39.19,82.34533,21.270666,7.039
Puttalam,2002,7,27.535807,31.91,24.7,10.6,78.633545,21.660967,8.052258
Puttalam,2002,8,27.099676,32.12,24.53,39.920002,79.86774,21.877743,7.0341935
Puttalam,2002,9,28.345,33.64,24.83,18.07,71.733,23.865,6.964667
Puttalam,2002,10,26.768064,32.9,23.6,325.8,83.77451,18.995806,4.201613
Puttalam,2002,11,26.066668,29.93,21.45,170.66,86.09733,16.262667,3.4259999
Puttalam,2002,12,25.280323,30.06,19.43,166.77,86.58194,14.783548,5.487742
Puttalam,2003,1,24.941936,29.72,19.09,72.5,83.94484,18.00871,5.661936
Puttalam,2003,2,26.232143,32.42,20.69,43.649998,80.387505,21.649286,4.765714
Puttalam,2003,3,27.74742,34.24,20.65,101.6,74.44871,23.645807,3.4012904
Puttalam,2003,4,29.084665,36.09,24.14,100.43,72.30766,22.920666,2.7443335
Puttalam,2003,5,28.432259,32.06,25.52,107.03001,81.45387,19.89129,6.5738707
Puttalam,2003,6,27.769001,31.47,25.04,60.45,81.086334,21.822332,7.0156665
Puttalam,2003,7,27.48742,31.62,24.89,40.48,80.11161,20.305162,6.453226
Puttalam,2003,8,27.414515,31.88,24.96,38.989998,80.39935,20.90129,6.7635484
Puttalam,2003,9,27.737667,33.13,25.14,42.07,77.45334,23.436,6.788
Puttalam,2003,10,27.398386,33.08,24.2,143.95,79.77678,20.258387,5.519355
Puttalam,2003,11,26.577,32.37,22.83,188.52,83.49467,14.987667,5.129667
Puttalam,2003,12,25.984516,31.86,21.34,32.38,79.82291,18.414194,5.3996773
Puttalam,2004,1,26.843225,33.94,20.01,13.54,71.726456,20.732582,5.834839
Puttalam,2004,2,27.761724,34.84,20.19,14.36,64.10241,22.895174,5.3186207
Puttalam,2004,3,29.029034,36.6,20.26,41.36,66.632576,23.143549,3.9687097
Puttalam,2004,4,29.226002,35.45,25.11,79.22,73.20133,23.143667,3.0963333
Puttalam,2004,5,28.179678,32.46,25.47,148.63,80.1071,19.67129,7.059355
Puttalam,2004,6,27.588665,31.62,25.28,56.3,79.427,21.173334,7.590333
Puttalam,2004,7,27.28774,31.07,24.65,30.93,78.78194,21.417742,7.5812902
Puttalam,2004,8,27.62129,32.05,25.09,19.76,77.01258,22.037098,7.460645
Puttalam,2004,9,27.097666,31.23,24.08,118.35,80.225,20.036999,5.9306664
Puttalam,2004,10,26.766453,30.9,23.99,221.79001,84.49355,19.637419,4.589355
Puttalam,2004,11,26.199333,30.19,23.48,179.83,87.171,15.645334,5.0823336
Puttalam,2004,12,25.089355,29.74,18.8,134.29,84.76839,15.807742,5.714839
Puttalam,2005,1,25.300646,30.26,20.12,74.409996,83.02387,18.800968,5.1277423
Puttalam,2005,2,26.300356,33.3,20.41,25.4,76.90035,23.300001,4.893214
Puttalam,2005,3,28.371937,35.19,21.51,71.28,72.90581,23.29484,3.7629032
Puttalam,2005,4,28.223,33.44,24.63,157.58,79.65034,21.272667,3.0040002
Puttalam,2005,5,28.741613,32.83,25.95,56.93,79.34226,21.788065,5.668064
Puttalam,2005,6,27.917667,31.55,25.61,43.57,80.93567,20.714666,7.963333
Puttalam,2005,7,27.144516,31.71,24.74,50.8,81.87936,20.460001,7.7335486
Puttalam,2005,8,27.814194,32.31,25.08,21.54,77.07,23.09742,6.69
Puttalam,2005,9,27.437666,32.57,24.68,36.5,78.475334,21.693333,7.551
Puttalam,2005,10,26.942904,32.6,24.92,244.45,83.492584,19.795162,5.219355
Puttalam,2005,11,25.622334,29.15,21.98,331.76,87.59599,13.597,4.361
Puttalam,2005,12,25.244194,29.28,19.32,101.22,84.61323,16.933872,4.2387094
Puttalam,2006,1,24.482258,28.95,17.85,112.32,85.2771,17.412256,5.200968
Puttalam,2006,2,25.617498,31.27,20.21,31.839998,81.589645,21.633213,4.7507143
Puttalam,2006,3,26.923225,31.95,21.21,160.28,80.78484,22.749678,2.9709678
Puttalam,2006,4,28.321001,32.94,24.68,62.11,76.305664,22.479,3.719
Puttalam,2006,5,27.987741,32.65,25.57,95.58,80.30387,21.901936,6.562903
Puttalam,2006,6,27.807667,32.0,25.22,31.470001,79.526,21.921999,6.7373333
Puttalam,2006,7,27.159678,31.38,24.42,34.98,81.023544,20.005806,7.3464518
Puttalam,2006,8,27.223871,32.39,24.5,85.41,79.85677,22.76516,7.0974193
Puttalam,2006,9,27.015001,31.04,24.72,107.32,81.671,21.135334,6.5686665
Puttalam,2006,10,26.721935,31.53,24.01,439.56,83.34742,19.448387,4.4948387
Puttalam,2006,11,25.953001,29.6,23.41,308.72,88.24833,17.139668,3.606
Puttalam,2006,12,25.119999,29.26,19.25,95.96,84.0858,16.38129,5.9248385
Puttalam,2007,1,24.709677,29.64,19.25,48.5,82.48161,18.422903,5.7770967
Puttalam,2007,2,25.928928,31.98,18.75,22.099998,76.766785,22.341785,4.44
Puttalam,2007,3,28.299677,37.18,20.51,11.34,64.10709,25.04613,3.2996774
Puttalam,2007,4,28.325335,35.61,24.61,191.09999,77.525665,23.366,2.7336667
Puttalam,2007,5,28.492903,32.52,25.85,27.880001,79.84097,22.445807,6.318387
Puttalam,2007,6,27.757666,33.24,24.89,47.18,80.36034,19.050333,6.8473334
Puttalam,2007,7,27.032904,31.26,24.19,43.21,81.70452,20.40355,7.095161
Puttalam,2007,8,27.220646,31.52,24.9,37.58,80.228065,21.872904,6.9729033
Puttalam,2007,9,27.303999,31.56,24.14,106.770004,80.44633,21.847666,7.021333
Puttalam,2007,10,26.509354,31.65,23.78,260.5,82.91774,18.768064,5.030645
Puttalam,2007,11,25.760334,29.72,20.13,168.11,83.309,18.742334,3.7786667
Puttalam,2007,12,25.003225,29.67,19.23,200.11,85.40258,15.429678,5.5093546
Puttalam,2008,1,24.926773,30.07,19.06,27.63,82.712906,19.288387,4.8687096
Puttalam,2008,2,26.103104,31.56,19.7,79.35,78.8331,20.742414,4.204138
Puttalam,2008,3,26.496775,31.61,21.1,261.1,83.2371,20.222582,3.8722582
Puttalam,2008,4,27.114,30.81,23.67,185.02,84.13433,22.226665,3.2156668
Puttalam,2008,5,27.53742,30.28,25.73,16.76,84.95452,23.017418,6.7438707
Puttalam,2008,6,27.313665,30.48,25.13,24.12,82.041664,21.621334,6.895
Puttalam,2008,7,27.13258,31.56,24.42,57.38,80.63613,21.168066,7.371613
Puttalam,2008,8,27.095484,31.08,24.33,48.78,80.16677,20.79484,6.460645
Puttalam,2008,9,27.623,32.54,24.54,32.23,77.21433,23.481667,6.2506666
Puttalam,2008,10,27.326775,33.0,21.23,250.06999,78.962585,19.310968,4.0990324
Puttalam,2008,11,26.448668,31.29,21.55,186.92,81.53467,15.8793335,4.3233333
Puttalam,2008,12,25.310646,30.17,19.93,106.47,83.81967,16.775484,5.178387
Puttalam,2009,1,25.153872,31.45,19.39,35.24,77.96419,18.921614,5.477097
Puttalam,2009,2,26.613214,35.84,18.81,0.049999997,66.47822,23.801428,4.3560715
Puttalam,2009,3,27.97516,36.85,21.69,161.24,70.786446,23.647743,2.726129
Puttalam,2009,4,28.299334,34.29,24.69,131.88,79.347664,21.663334,4.1516666
Puttalam,2009,5,28.23903,32.5,25.79,35.02,81.65806,21.19871,6.524194
Puttalam,2009,6,27.531668,31.51,25.27,39.350002,81.057,22.345333,8.09
Puttalam,2009,7,27.254194,33.07,24.82,24.74,79.45936,20.77484,7.399355
Puttalam,2009,8,27.355484,31.91,24.32,105.05,80.46323,21.322258,6.902258
Puttalam,2009,9,27.418333,32.26,24.92,42.45,79.717,23.098999,7.371333
Puttalam,2009,10,27.855806,34.17,22.46,78.39,73.0,21.514517,4.6564517
Puttalam,2009,11,26.442333,32.28,21.84,333.95,84.19067,16.357666,3.943
Puttalam,2009,12,25.911936,29.94,21.42,183.64,86.33483,15.180967,4.9667745
Puttalam,2010,1,25.116451,29.86,19.76,49.43,82.923546,19.362257,5.1603227
Puttalam,2010,2,26.290358,34.23,20.21,9.0,76.92643,21.823572,4.685357
Puttalam,2010,3,28.95226,36.65,19.76,47.97,67.09419,24.091614,3.6138709
Puttalam,2010,4,28.966,34.99,25.41,180.45,77.253334,22.766333,3.2763333
Puttalam,2010,5,28.324194,32.24,24.93,103.9,83.9071,21.129354,5.9996777
Puttalam,2010,6,27.771667,31.86,25.08,42.0,80.89933,21.137333,7.3809996
Puttalam,2010,7,27.196774,31.49,24.84,62.8,80.34677,21.121614,6.779355
Puttalam,2010,8,26.788065,31.11,24.12,94.73,83.33388,20.176773,6.8696775
Puttalam,2010,9,26.784,31.35,23.74,211.17,82.447,20.942,5.6153336
Puttalam,2010,10,26.340645,29.61,23.88,167.9,85.26742,20.617098,5.6645164
Puttalam,2010,11,25.962334,30.37,23.17,402.5,85.849335,15.564333,3.5336668
Puttalam,2010,12,25.076452,28.65,21.72,304.11,87.85129,13.023226,4.892903
Puttalam,2011,1,24.65516,28.75,19.43,180.01,88.06387,15.813226,5.5619354
Puttalam,2011,2,25.238928,29.98,20.68,175.2,85.38786,18.741428,4.4725
Puttalam,2011,3,26.552904,31.62,18.69,41.2,81.64935,24.070322,3.3551614
Puttalam,2011,4,27.253332,31.72,23.31,256.49,81.93133,21.004333,3.0863333
Puttalam,2011,5,27.738388,31.26,24.95,52.89,84.092255,23.173225,6.161936
Puttalam,2011,6,27.435333,31.14,25.06,22.27,83.045334,22.227,7.052333
Puttalam,2011,7,27.100645,31.08,24.96,32.97,80.74452,21.504517,7.159032
Puttalam,2011,8,27.22613,31.12,24.67,53.57,79.71194,22.14129,7.1790323
Puttalam,2011,9,27.710333,32.48,24.72,43.51,76.99067,23.297667,7.1306667
Puttalam,2011,10,27.266129,32.76,23.69,235.91,79.828384,19.741613,4.253871
Puttalam,2011,11,26.189,30.22,21.73,250.17,83.912,15.448334,4.2496667
Puttalam,2011,12,25.495483,29.81,21.04,108.26,84.96162,16.144516,4.7341933
Puttalam,2012,1,24.78,30.05,19.54,30.5,80.689674,21.041288,4.592258
Puttalam,2012,2,26.053793,32.41,20.85,51.64,78.909996,20.951723,4.8851724
Puttalam,2012,3,28.364193,35.24,20.27,73.44,70.105484,23.609999,2.8758066
Puttalam,2012,4,27.982666,33.39,24.59,158.49,79.22733,21.376001,3.5626667
Puttalam,2012,5,28.390968,33.09,25.62,11.44,77.44032,21.747742,7.2525806
Puttalam,2012,6,27.906,31.77,25.0,29.949999,78.707664,20.947666,7.97
Puttalam,2012,7,27.872257,33.04,25.46,31.47,77.72581,21.89258,7.4041934
Puttalam,2012,8,27.733871,32.55,25.26,41.1,76.34194,22.729355,7.4403224
Puttalam,2012,9,27.899666,32.93,25.27,49.91,76.502335,22.228,6.976333
Puttalam,2012,10,27.040323,32.98,23.25,427.03,82.17,18.386452,4.2351613
Puttalam,2012,11,26.275,30.98,22.28,196.56,83.70033,17.784334,3.5066667
Puttalam,2012,12,25.52129,29.43,20.78,381.43,87.85774,14.400323,5.1425805
Puttalam,2013,1,24.866774,28.88,20.06,150.99,85.77807,18.089033,5.41129
Puttalam,2013,2,25.59393,30.64,20.66,97.75,84.19786,20.150358,4.4267855
Puttalam,2013,3,26.877743,31.38,21.5,161.81999,82.64096,22.739033,3.3922582
Puttalam,2013,4,28.203333,32.25,24.37,72.49,80.42134,23.669334,3.0519998
Puttalam,2013,5,27.920324,31.29,25.81,90.64,84.23775,20.68129,6.452258
Puttalam,2013,6,27.107666,30.09,25.11,54.25,83.270996,20.079334,8.2213335
Puttalam,2013,7,26.883226,30.77,24.96,34.05,81.43936,20.29613,7.5170965
Puttalam,2013,8,27.134838,31.77,24.76,49.88,80.619354,21.42613,6.526129
Puttalam,2013,9,27.123667,31.99,24.9,85.33,79.71567,21.560667,7.3693333
Puttalam,2013,10,27.256128,32.23,24.39,132.34999,79.90193,21.483547,5.524839
Puttalam,2013,11,26.453667,31.12,22.03,197.84,82.53066,17.557335,3.648
Puttalam,2013,12,25.397097,30.07,21.19,81.060005,81.90678,15.334839,5.1087093
Puttalam,2014,1,25.40258,30.91,20.4,91.49,80.45871,17.86484,5.649355
Puttalam,2014,2,26.868929,34.33,19.16,14.2699995,69.376785,22.54893,4.703214
Puttalam,2014,3,29.029034,37.98,22.25,19.9,63.044838,23.497095,4.671613
Puttalam,2014,4,28.887333,36.84,24.96,207.91,75.291,23.487667,2.495
Puttalam,2014,5,27.917097,30.9,25.15,128.26,85.06678,21.648708,5.2719355
Puttalam,2014,6,27.924334,31.39,26.09,16.48,83.01667,21.935333,7.5603333
Puttalam,2014,7,27.67,32.02,25.48,12.84,80.23258,22.147743,7.903871
Puttalam,2014,8,27.219677,32.0,24.31,79.33,79.3529,21.602903,6.9696774
Puttalam,2014,9,27.518333,32.54,24.83,142.43,79.67367,22.705332,6.187
Puttalam,2014,10,26.817741,31.07,24.16,323.31,84.16968,19.264194,3.8993547
Puttalam,2014,11,25.974667,30.23,22.35,293.98,86.235,13.645,4.2693334
Puttalam,2014,12,25.589676,29.59,22.95,456.97,89.383865,13.582904,4.7709675
Puttalam,2015,1,24.868063,29.51,20.28,7.57,83.26484,20.702902,4.649355
Puttalam,2015,2,25.415358,30.76,19.68,70.76,82.55928,20.784286,4.857143
Puttalam,2015,3,27.29387,33.74,21.36,66.520004,76.518715,23.937742,3.650645
Puttalam,2015,4,27.949333,32.96,24.16,233.05,80.342,22.996,2.3153334
Puttalam,2015,5,27.818386,30.51,25.02,170.34,85.52387,20.00871,4.992581
Puttalam,2015,6,27.624666,30.6,25.26,30.8,84.74133,21.682333,6.350333
Puttalam,2015,7,27.480967,30.74,25.14,9.21,82.11032,21.658709,7.3516126
Puttalam,2015,8,27.801935,32.38,25.0,62.65,79.66161,22.361614,6.960645
Puttalam,2015,9,27.294668,32.18,23.83,131.23999,81.877,21.481333,6.273333
Puttalam,2015,10,27.017418,31.3,23.64,274.47,83.67548,19.08387,4.031935
Puttalam,2015,11,26.295332,29.76,23.77,409.4,87.71467,15.405667,3.793
Puttalam,2015,12,26.119356,29.75,21.57,261.0,87.64774,15.972259,4.7083874
Puttalam,2016,1,25.340645,30.09,19.67,28.15,84.04226,19.324839,5.0374193
Puttalam,2016,2,26.24207,31.65,20.75,43.68,81.477936,21.569311,4.6072416
Puttalam,2016,3,28.819677,36.08,22.66,34.83,71.58774,24.270645,3.1187098
Puttalam,2016,4,29.885668,36.03,25.7,76.11,73.862335,24.216667,2.9256666
Puttalam,2016,5,28.632902,33.75,25.58,382.56,81.10065,19.77871,5.438387
Puttalam,2016,6,27.535667,30.47,25.44,47.9,83.58033,20.266666,7.5963335
Puttalam,2016,7,27.069355,30.87,24.73,18.81,82.97032,21.373226,6.582258
Puttalam,2016,8,27.580322,32.04,24.93,6.63,79.226776,22.535482,7.3048387
Puttalam,2016,9,27.686666,32.4,24.91,3.04,75.50933,22.979334,7.6133337
Puttalam,2016,10,27.94742,33.2,24.63,66.6,73.05742,20.7,5.362258
Puttalam,2016,11,26.371668,31.26,20.4,221.67,82.597,15.4,4.021333
Puttalam,2016,12,26.013548,31.2,18.76,45.49,78.69032,17.692904,4.542581
Puttalam,2017,1,25.820969,32.1,19.16,55.77,73.171295,18.530968,5.4187098
Puttalam,2017,2,26.522142,34.57,18.96,33.45,68.531425,22.003214,4.809643
Puttalam,2017,3,27.745483,34.07,21.95,140.28,75.16258,23.42,2.8664517
Puttalam,2017,4,29.019001,34.88,24.74,58.65,76.392334,23.765333,3.964
Puttalam,2017,5,28.7,33.53,25.74,114.23,78.71935,20.603226,5.69871
Puttalam,2017,6,28.057001,32.13,25.73,25.41,79.012665,21.567,7.6163335
Puttalam,2017,7,28.199032,33.73,25.8,13.61,76.70839,21.81129,6.9538713
Puttalam,2017,8,27.83,31.9,24.99,59.6,78.76807,20.805162,7.0022583
Puttalam,2017,9,27.54,32.19,25.0,82.770004,80.16967,21.512333,6.383333
Puttalam,2017,10,27.565163,31.64,24.48,125.45,81.34161,18.651613,5.1954837
Puttalam,2017,11,26.568333,31.66,23.51,187.09,83.864,15.416333,4.4533334
Puttalam,2017,12,25.829033,30.38,20.9,98.99,82.26387,17.960646,4.4409676
Puttalam,2018,1,25.589355,32.22,18.9,16.44,74.732254,18.746452,4.8880644
Puttalam,2018,2,27.310358,34.33,21.02,31.66,69.446785,22.40607,5.1232142
Puttalam,2018,3,28.639032,36.1,22.53,51.83,69.65871,22.618387,3.8687098
Puttalam,2018,4,29.024332,35.1,24.65,142.96,74.274666,23.413,2.5706668
Puttalam,2018,5,27.71516,31.85,25.14,314.54,84.96323,18.24129,4.8648386
Puttalam,2018,6,27.207333,29.9,24.89,44.87,86.379326,21.081,7.616333
Puttalam,2018,7,26.895807,30.62,24.77,12.809999,83.939354,20.676773,7.1419353
Puttalam,2018,8,26.820644,31.72,24.3,27.11,81.65549,19.733225,7.2525806
Puttalam,2018,9,27.602667,33.1,24.65,54.690002,76.49833,22.470667,5.675667
Puttalam,2018,10,26.901613,32.61,24.08,239.89,82.549034,17.90613,3.227742
Puttalam,2018,11,26.297333,30.52,22.33,202.75,84.73333,16.105999,3.7263334
Puttalam,2018,12,25.66258,29.94,20.21,78.5,84.44646,16.491291,4.457742
Puttalam,2019,1,25.33355,31.97,19.94,1.8,77.34807,20.388065,5.2870965
Puttalam,2019,2,27.300356,34.26,21.5,68.72,75.465004,21.5725,4.366786
Puttalam,2019,3,29.49,37.35,22.82,14.55,62.715805,24.847742,3.655484
Puttalam,2019,4,30.308666,37.33,26.06,90.270004,66.08733,22.454668,2.7
Puttalam,2019,5,29.51387,34.02,26.5,5.7,75.14323,22.603226,6.428387
Puttalam,2019,6,29.083334,33.67,26.71,34.7,76.328995,21.135334,7.7833333
Puttalam,2019,7,28.601934,33.36,25.78,16.26,74.131615,20.911613,7.2274194
Puttalam,2019,8,27.781612,32.29,24.99,98.48,77.712906,19.866451,7.673226
Puttalam,2019,9,27.514,32.96,24.49,176.64,80.23333,20.296,5.9316664
Puttalam,2019,10,26.534517,30.73,23.99,430.63998,85.53161,17.856451,3.1770966
Puttalam,2019,11,26.734335,30.63,22.08,238.58,85.35433,18.387,3.6103332
Puttalam,2019,12,26.015806,29.82,21.72,278.05,87.34807,15.38129,4.8719354
Puttalam,2020,1,25.606451,30.26,19.91,19.09,82.72549,20.688065,4.8851614
Puttalam,2020,2,26.389654,33.41,20.6,9.32,77.24896,22.469654,5.293793
Puttalam,2020,3,29.099356,36.22,22.24,17.97,65.29581,23.977097,3.6396775
Puttalam,2020,4,29.835333,37.36,23.5,123.39,70.23434,24.199,2.905
Puttalam,2020,5,28.73,34.49,25.92,168.04,81.23968,20.329033,5.129678
Puttalam,2020,6,28.026333,31.82,25.59,66.73,80.86633,21.089333,6.963667
Puttalam,2020,7,27.279034,31.03,24.77,72.06,81.032906,19.048063,6.0435486
Puttalam,2020,8,27.66355,32.39,25.01,38.09,79.3758,20.83,6.912258
Puttalam,2020,9,27.062334,30.87,24.69,168.71,82.562996,19.805,6.808
Puttalam,2020,10,27.538387,32.75,24.61,44.64,79.4313,20.43129,5.987097
Puttalam,2020,11,26.906668,32.5,23.36,330.13998,84.479004,16.390001,3.8779998
Puttalam,2020,12,25.837742,29.8,21.73,221.75,86.5129,13.723226,5.1819353
Puttalam,2021,1,25.413225,29.83,20.61,258.51,86.896454,16.745483,4.5435486
Puttalam,2021,2,25.393927,30.68,19.76,20.0,82.57072,22.659641,4.901071
Puttalam,2021,3,27.050646,33.02,20.82,54.82,77.87742,22.952902,3.9409678
Puttalam,2021,4,28.453001,34.62,23.8,114.09,77.96633,22.929667,3.2633333
Puttalam,2021,5,27.955484,32.58,25.17,223.02,84.0,20.449032,5.30129
Puttalam,2021,6,27.458,30.41,25.43,89.01,84.995,21.657665,6.598
Puttalam,2021,7,27.255484,30.21,25.27,105.97,84.41742,21.147419,7.063226
Puttalam,2021,8,27.139032,30.9,24.74,32.94,82.28581,20.256453,6.830645
Puttalam,2021,9,27.540335,31.52,25.24,95.78,81.721664,21.665667,6.5853333
Puttalam,2021,10,27.043547,30.61,24.17,346.11,84.05742,17.996775,5.0532255
Puttalam,2021,11,26.232,29.7,23.86,473.03,88.003334,14.811,4.5220003
Puttalam,2021,12,25.785807,30.37,20.1,69.49,84.47097,18.300646,4.3919353
Puttalam,2022,1,25.80871,30.5,19.26,57.86,82.769035,19.640001,4.60129
Puttalam,2022,2,25.716429,31.22,19.75,92.37,80.578926,21.153214,4.7014284
Puttalam,2022,3,27.730324,33.21,22.28,41.82,77.396454,22.666773,4.0390325
Puttalam,2022,4,27.885,32.82,24.49,254.02,81.80234,22.111,2.9483333
Puttalam,2022,5,27.95613,30.87,25.66,127.06,84.463554,20.875484,7.3532257
Puttalam,2022,6,27.22,30.79,25.04,33.42,84.47966,20.418,6.600667
Puttalam,2022,7,27.192904,31.07,24.6,83.94,81.60097,18.87258,6.084516
Puttalam,2022,8,27.004194,31.92,24.14,86.72,81.67,19.939678,6.999355
Puttalam,2022,9,27.143,32.07,24.55,51.0,80.771996,21.831333,6.6070004
Puttalam,2022,10,26.898708,31.51,21.11,179.63,81.60774,17.989033,5.0187097
Puttalam,2022,11,25.922667,30.35,21.7,218.17,83.54367,16.162333,3.585
Puttalam,2022,12,25.719032,30.28,21.34,259.36,85.55581,14.824839,5.0387096
Puttalam,2023,1,24.530645,28.8,19.61,81.25,83.242256,18.20129,5.3896775
Puttalam,2023,2,25.159286,30.31,19.35,78.83,82.939285,21.319643,5.124643
Puttalam,2023,3,27.410645,33.79,22.27,81.97,78.94064,23.040323,3.5858066
Puttalam,2023,4,28.592335,33.83,23.87,131.88,77.248665,23.800999,2.8816667
Puttalam,2023,5,28.17,31.44,25.88,146.43001,83.28871,19.84,5.3032255
Puttalam,2023,6,28.352667,31.62,26.03,21.75,81.13033,21.637,7.232333
Puttalam,2023,7,28.06129,32.94,25.23,19.36,78.618065,20.63516,7.260322
Puttalam,2023,8,28.696129,33.46,25.58,23.45,74.866455,23.17613,6.6596775
Puttalam,2023,9,27.946999,32.7,25.22,132.13,78.26167,21.276333,7.2373333
Puttalam,2023,10,27.091934,31.19,23.78,310.56,83.50032,17.98613,4.0203223
Puttalam,2023,11,26.8,30.72,24.1,441.96,86.359665,15.980333,2.716
Puttalam,2023,12,26.575806,30.0,23.25,353.2,89.28774,14.18387,5.183871
Puttalam,2024,1,25.668066,30.02,20.48,142.16,85.57935,17.910967,4.9448385
Puttalam,2024,2,26.57207,32.06,21.51,9.77,83.07242,22.639309,5.281379
Puttalam,2024,3,28.208065,36.35,21.6,14.63,72.04097,24.26484,3.8648386
Puttalam,2024,4,30.544334,37.44,25.6,70.24,70.37033,23.362667,2.598
Puttalam,2024,5,29.164515,35.36,26.24,245.83,80.54,17.50129,5.3354836
Puttalam,2024,6,27.938334,31.21,25.82,51.29,84.679,20.058332,6.924667
Puttalam,2024,7,28.09355,32.39,24.63,22.6,80.671616,20.034193,7.01129
Puttalam,2024,8,27.75,31.57,25.11,148.42,81.85161,21.06871,6.155484
Puttalam,2024,9,28.394335,33.44,25.63,27.0,79.45267,22.275333,6.823
Puttalam,2024,10,27.456453,33.78,24.8,196.31,83.770004,18.099033,4.512903
Puttalam,2024,11,26.931667,30.65,23.74,308.81,85.545006,14.285,4.4796667
Puttalam,2024,12,26.522903,30.42,23.03,135.29,85.244194,16.606451,4.0867743
Puttalam,2025,1,25.368387,29.51,21.6,182.73,86.462585,14.777097,5.5503225
Puttalam,2025,2,25.662142,31.08,19.71,33.42,82.046074,22.524643,4.832143
Puttalam,2025,3,27.305485,32.33,20.82,129.86,79.921295,23.145485,3.3551614
Puttalam,2025,4,27.978666,31.81,23.83,222.86,82.932,22.829668,3.3086667
Puttalam,2025,5,28.338709,32.41,25.71,167.0,83.78806,20.280968,5.963226
Puttalam,2025,6,27.684666,30.72,25.87,50.48,86.046,21.786999,7.0256667
Puttalam,2025,7,27.45,31.99,24.9,10.860001,83.534195,21.218065,7.2219357
Puttalam,2025,8,27.425484,32.45,25.04,22.85,81.29032,21.326775,6.6338706
Puttalam,2025,9,27.905334,32.65,25.51,79.61,79.18166,21.399332,6.6693335
Puttalam,2025,10,27.386774,32.62,24.9,341.88,83.297745,18.121937,3.9935484
Puttalam,2025,11,26.349333,31.01,23.43,485.49,86.423,13.698667,4.941
Puttalam,2025,12,25.362904,29.71,21.18,91.07,86.16517,16.680323,4.8864512
Ratnapura,2000,1,24.27129,32.65,16.69,10.54,77.87645,17.40226,3.2045162
Ratnapura,2000,2,25.488276,33.77,19.7,59.38,77.06896,18.89069,1.9975863
Ratnapura,2000,3,26.40129,35.47,20.71,50.510002,73.40258,20.230646,1.7451613
Ratnapura,2000,4,26.299,35.71,21.98,101.22,79.291664,20.310667,3.3409998
Ratnapura,2000,5,26.673872,34.03,22.06,35.989998,77.34129,18.675161,4.7819357
Ratnapura,2000,6,25.051666,30.36,21.56,84.31,82.49633,15.840333,6.347
Ratnapura,2000,7,25.337097,33.57,21.42,93.93,79.26129,18.463549,5.956129
Ratnapura,2000,8,24.601934,30.77,21.72,163.28,84.21226,16.234838,5.7525806
Ratnapura,2000,9,24.998333,30.96,21.78,78.08,83.97767,17.696667,4.6506667
Ratnapura,2000,10,25.018711,33.22,19.71,54.62,81.28838,17.356451,4.3341937
Ratnapura,2000,11,25.053001,33.14,18.16,168.6,81.267,16.229334,2.96
Ratnapura,2000,12,25.003548,32.14,18.42,58.699997,78.70516,15.743226,2.865484
Ratnapura,2001,1,24.554516,31.99,17.85,180.27,80.4871,15.815806,2.4451613
Ratnapura,2001,2,24.270716,33.61,14.98,42.53,77.244644,20.452143,1.6742858
Ratnapura,2001,3,27.074839,36.48,18.29,14.55,68.563225,22.075161,2.1845162
Ratnapura,2001,4,26.603666,36.73,22.47,117.380005,79.168335,18.41,1.923
Ratnapura,2001,5,26.30742,33.38,22.53,72.61,83.21323,18.863226,4.6796775
Ratnapura,2001,6,25.521,31.04,21.72,59.41,81.68367,19.184334,5.877667
Ratnapura,2001,7,25.02097,31.69,21.11,82.74,81.30968,16.997097,5.7167745
Ratnapura,2001,8,25.688065,32.38,21.8,14.190001,78.97355,18.24,6.016129
Ratnapura,2001,9,25.607,33.3,21.75,123.86,78.67667,18.961334,5.3539996
Ratnapura,2001,10,25.13258,31.21,21.54,58.440002,83.52903,17.24258,4.676774
Ratnapura,2001,11,24.945333,31.45,19.21,139.5,83.30666,17.299334,2.664
Ratnapura,2001,12,24.679356,33.23,17.24,67.79,79.36258,17.325806,2.6954837
Ratnapura,2002,1,25.656128,34.66,16.88,26.97,71.81097,17.988388,2.6216128
Ratnapura,2002,2,26.178213,35.2,18.2,54.739998,70.875,20.238571,3.23
Ratnapura,2002,3,27.70387,37.25,19.1,29.640001,65.59774,21.383549,2.5319355
Ratnapura,2002,4,26.922333,35.81,21.96,104.94,77.58233,19.437,1.6693333
Ratnapura,2002,5,26.121937,32.0,22.63,167.89,84.67419,17.451612,4.6509676
Ratnapura,2002,6,25.691668,32.47,21.19,54.88,82.52634,17.898335,5.611
Ratnapura,2002,7,25.940645,32.49,22.28,40.67,77.57677,17.245806,6.6748385
Ratnapura,2002,8,25.15613,32.11,21.46,71.75,82.115486,18.203226,5.2751613
Ratnapura,2002,9,26.153332,33.1,22.24,38.68,76.244,20.555332,5.021333
Ratnapura,2002,10,24.976774,33.75,21.02,226.11,85.14839,18.049677,3.4129033
Ratnapura,2002,11,24.623333,31.08,20.43,189.28,86.73133,15.923,2.2313335
Ratnapura,2002,12,24.136774,30.65,16.27,169.29001,85.93871,15.406129,2.685161
Ratnapura,2003,1,23.972258,30.46,16.44,48.96,83.325165,17.91645,2.7667742
Ratnapura,2003,2,25.389286,33.22,17.64,42.72,77.91857,20.256786,2.3707142
Ratnapura,2003,3,26.189032,34.07,19.07,76.21,77.46226,20.450323,1.8354839
Ratnapura,2003,4,26.678001,35.61,21.71,144.7,78.881,20.046667,2.0533335
Ratnapura,2003,5,25.81129,30.18,22.69,187.23,88.32032,16.992903,4.725161
Ratnapura,2003,6,25.145666,29.77,22.01,87.35,87.32067,17.888,4.6766667
Ratnapura,2003,7,24.983225,29.59,21.86,50.3,86.50548,16.701612,4.845161
Ratnapura,2003,8,25.175161,30.6,21.17,45.36,84.05775,17.902903,5.2445164
Ratnapura,2003,9,25.445667,31.82,22.28,65.68,82.303,18.675667,5.2653337
Ratnapura,2003,10,25.69129,32.46,21.44,85.630005,80.24032,19.137743,4.2019353
Ratnapura,2003,11,24.574667,31.54,20.65,250.4,86.76134,15.256,2.882
Ratnapura,2003,12,24.523548,31.78,17.74,19.58,79.28194,19.212902,2.8670967
Ratnapura,2004,1,25.808388,34.24,18.84,32.84,73.40387,18.717419,2.9467742
Ratnapura,2004,2,26.45069,35.33,18.73,60.27,69.3469,20.215172,2.0417242
Ratnapura,2004,3,27.193548,36.74,18.86,23.82,70.35033,21.194517,2.272258
Ratnapura,2004,4,26.854668,35.31,21.18,110.869995,78.538666,19.276667,2.2026668
Ratnapura,2004,5,26.01387,32.27,22.8,147.76,83.15774,16.52387,5.660968
Ratnapura,2004,6,25.508667,30.88,22.05,70.75,82.445335,18.291332,5.871333
Ratnapura,2004,7,25.082903,31.45,21.79,49.99,82.399994,17.952902,6.055806
Ratnapura,2004,8,25.602903,32.2,21.97,49.47,79.48903,19.081291,6.1174192
Ratnapura,2004,9,25.028332,31.29,20.97,198.33,83.919,16.804333,4.594
Ratnapura,2004,10,24.894838,30.37,21.0,219.09,86.63677,17.008064,3.4735484
Ratnapura,2004,11,24.736334,30.53,21.0,203.70999,87.64066,15.523334,2.5693333
Ratnapura,2004,12,23.856773,30.38,15.94,187.31,85.55451,16.265806,2.8745162
Ratnapura,2005,1,23.958708,29.88,17.26,69.35,85.5571,16.851934,2.7690322
Ratnapura,2005,2,24.59393,33.06,17.33,26.800001,79.328926,22.42393,2.8103573
Ratnapura,2005,3,25.944838,33.54,18.28,100.29,79.61032,20.59258,2.1009676
Ratnapura,2005,4,26.127,32.97,22.28,92.11,83.72834,19.991667,2.042
Ratnapura,2005,5,26.253548,31.96,23.25,113.9,85.171936,18.73871,4.0187097
Ratnapura,2005,6,25.579668,30.88,22.23,82.86,85.31633,17.563334,5.9653335
Ratnapura,2005,7,24.992903,31.07,22.09,102.89,85.6471,16.717741,5.7274194
Ratnapura,2005,8,25.50258,31.45,22.13,23.83,81.63968,19.763548,5.2525806
Ratnapura,2005,9,25.186335,31.25,21.65,77.74,83.00833,18.271667,5.7306666
Ratnapura,2005,10,24.915161,31.65,21.95,207.58,85.9042,16.95129,4.2651615
Ratnapura,2005,11,24.256,29.54,18.13,284.38,88.24534,15.106334,3.089
Ratnapura,2005,12,23.813547,29.85,16.66,115.509995,85.98484,16.862581,2.82
Ratnapura,2006,1,23.21871,29.74,13.75,175.49,85.18097,17.495806,2.620645
Ratnapura,2006,2,24.640356,31.23,18.26,53.940002,81.66571,19.543573,2.3657143
Ratnapura,2006,3,25.620646,32.91,20.09,85.96,81.32291,20.031935,1.9335483
Ratnapura,2006,4,25.959332,32.85,21.68,52.08,82.37333,19.847332,2.6553333
Ratnapura,2006,5,25.68871,32.7,21.93,120.88,84.48968,17.977741,4.5096774
Ratnapura,2006,6,25.537333,31.08,21.9,68.05,83.659004,18.556,5.2026668
Ratnapura,2006,7,24.920967,30.75,20.41,98.52,84.91484,16.960323,5.8019357
Ratnapura,2006,8,24.909678,31.23,21.34,140.56,84.910324,18.214838,4.894839
Ratnapura,2006,9,24.522333,28.95,21.65,166.15,87.569336,17.555666,4.5313334
Ratnapura,2006,10,24.633871,30.59,21.19,334.11,87.05129,17.204195,3.077742
Ratnapura,2006,11,24.345333,30.09,20.75,312.11002,89.90933,16.405,1.98
Ratnapura,2006,12,23.811611,29.34,15.06,244.14,87.646454,13.670646,3.2303226
Ratnapura,2007,1,23.349998,29.73,15.99,191.21,85.14226,18.107098,3.2667744
Ratnapura,2007,2,23.876072,29.92,16.43,24.38,83.663574,21.020716,2.2510715
Ratnapura,2007,3,24.792257,32.12,17.05,22.53,78.589035,23.147419,1.7522581
Ratnapura,2007,4,25.406,31.07,21.93,270.71,87.34733,18.693333,2.112
Ratnapura,2007,5,25.682903,30.3,22.1,53.82,87.63548,19.780323,4.160968
Ratnapura,2007,6,25.011333,30.25,21.73,130.38,88.218,16.522,4.839333
Ratnapura,2007,7,24.665808,28.81,21.48,68.87,87.41936,17.540968,5.1312904
Ratnapura,2007,8,24.729677,29.7,21.87,138.62,86.4429,17.443548,4.7877417
Ratnapura,2007,9,24.643333,28.73,20.56,136.85,87.854996,17.058666,4.9596663
Ratnapura,2007,10,24.076775,28.55,20.97,287.9,89.54323,15.426775,4.242258
Ratnapura,2007,11,24.247334,29.83,18.08,148.83,85.842,18.390665,2.0016665
Ratnapura,2007,12,23.647743,29.87,17.38,176.68,86.65258,15.447419,2.8180645
Ratnapura,2008,1,23.662903,29.8,16.88,80.81,85.43484,17.066128,2.4338708
Ratnapura,2008,2,24.297932,30.37,17.11,75.869995,82.715866,19.258276,1.9896553
Ratnapura,2008,3,24.508387,30.77,18.37,248.17,87.61581,17.695484,2.28
Ratnapura,2008,4,24.949667,30.4,21.31,283.02,88.71633,17.748,2.3766668
Ratnapura,2008,5,25.018064,28.97,21.96,65.67,89.37226,18.242903,4.3648386
Ratnapura,2008,6,24.589666,28.46,21.76,133.97,89.40367,16.375666,4.628667
Ratnapura,2008,7,24.360968,29.44,21.28,142.88,89.313225,17.309032,5.046774
Ratnapura,2008,8,24.386774,28.88,21.23,77.51,87.78065,17.370968,4.457742
Ratnapura,2008,9,24.809,30.96,20.73,58.08,85.75566,21.221998,4.120333
Ratnapura,2008,10,25.02,30.87,19.99,171.97,84.59968,17.500969,2.8087096
Ratnapura,2008,11,24.588667,30.96,18.43,186.58,85.33766,16.089,2.6036668
Ratnapura,2008,12,23.762903,29.85,16.06,109.17,85.74065,17.456776,2.422258
Ratnapura,2009,1,23.406775,31.42,15.95,31.33,80.18968,19.428709,2.9912903
Ratnapura,2009,2,24.928928,34.63,16.64,3.83,72.89536,21.9725,1.8982143
Ratnapura,2009,3,25.919678,35.83,20.04,157.56999,77.52839,21.149677,1.5554839
Ratnapura,2009,4,25.902334,33.28,21.06,157.66,84.60133,19.714666,2.7726667
Ratnapura,2009,5,25.77097,30.97,22.58,170.12,87.26,16.731936,4.831613
Ratnapura,2009,6,25.064333,29.74,21.57,153.20999,87.72834,17.018,5.831
Ratnapura,2009,7,24.78129,29.84,21.93,73.06,86.15903,18.010645,5.369677
Ratnapura,2009,8,24.786451,29.8,21.59,144.49,86.840004,17.52,5.16129
Ratnapura,2009,9,25.017668,31.06,22.07,132.54,86.15467,18.661999,5.3483334
Ratnapura,2009,10,25.203548,31.39,19.35,146.93001,82.410965,19.440968,2.955484
Ratnapura,2009,11,24.253,29.68,18.22,377.2,88.10433,14.242666,2.6566665
Ratnapura,2009,12,24.232903,29.61,20.42,155.78,88.38839,15.411935,2.419032
Ratnapura,2010,1,23.724516,29.88,16.48,105.78,84.59548,18.527418,2.7187097
Ratnapura,2010,2,24.419643,31.65,17.84,51.46,82.068214,20.664642,2.5467856
Ratnapura,2010,3,25.71226,33.46,17.51,123.36,77.80742,21.522903,2.241613
Ratnapura,2010,4,25.853666,31.45,21.63,270.59,86.64367,19.385334,2.1096666
Ratnapura,2010,5,25.720324,31.15,22.63,348.04,90.54097,16.429678,3.962258
Ratnapura,2010,6,24.92,30.23,21.88,170.77,89.45133,17.563,5.0206666
Ratnapura,2010,7,24.350967,28.93,21.75,142.41,89.38742,16.958387,5.0112906
Ratnapura,2010,8,24.416773,28.55,21.26,124.33,89.01807,16.639355,5.436774
Ratnapura,2010,9,24.357332,28.84,20.84,157.45999,88.96567,16.730333,4.252333
Ratnapura,2010,10,24.207743,29.38,20.25,184.17,88.43226,18.408066,4.6251616
Ratnapura,2010,11,23.882,29.69,20.62,486.25,89.71266,15.7630005,2.6206667
Ratnapura,2010,12,23.424194,28.73,19.44,364.02,89.910324,14.004839,2.8341935
Ratnapura,2011,1,23.358387,28.74,15.9,353.34,89.69871,15.085807,2.873871
Ratnapura,2011,2,23.875,29.43,18.53,251.79001,88.58071,17.184643,2.0089285
Ratnapura,2011,3,24.748388,30.3,18.56,208.05,85.35967,19.98742,1.9196775
Ratnapura,2011,4,24.656668,30.91,20.2,300.97,88.83233,18.971998,2.382
Ratnapura,2011,5,25.153225,30.25,22.4,156.75,90.87839,19.484516,4.071613
Ratnapura,2011,6,24.768,28.99,21.54,79.03,90.043,18.781,4.8466663
Ratnapura,2011,7,24.30129,28.57,21.92,88.36,89.78838,16.831934,4.9696774
Ratnapura,2011,8,24.46226,28.64,21.49,140.22,88.90355,17.609032,4.8561287
Ratnapura,2011,9,24.515001,29.65,21.38,124.0,88.34434,19.009335,4.554
Ratnapura,2011,10,24.530968,30.02,20.97,236.08,88.019356,18.352581,2.715484
Ratnapura,2011,11,24.411665,30.2,19.33,278.89,87.769005,16.227333,2.4273334
Ratnapura,2011,12,23.82742,29.78,17.29,141.77,87.55645,15.52871,2.5674193
Ratnapura,2012,1,23.457418,29.56,15.67,59.25,83.60613,19.681936,1.9587097
Ratnapura,2012,2,23.896896,29.88,16.91,123.48,84.53172,18.55793,2.3755171
Ratnapura,2012,3,25.056452,31.25,17.72,118.22,81.71323,21.921614,1.7119355
Ratnapura,2012,4,25.180332,30.58,21.29,305.63998,87.93533,18.050667,2.4926667
Ratnapura,2012,5,25.096775,30.76,20.3,62.16,87.16323,20.08742,4.58871
Ratnapura,2012,6,24.863668,28.84,22.17,87.65,88.72233,17.41,5.282
Ratnapura,2012,7,24.868387,29.62,22.29,79.62,87.23838,18.43742,5.1990323
Ratnapura,2012,8,24.617098,29.72,21.27,175.02,87.02451,18.134193,4.7109675
Ratnapura,2012,9,24.542667,29.56,21.06,189.17,88.02233,17.485666,4.424667
Ratnapura,2012,10,24.414839,30.24,20.79,371.93,88.84161,17.958065,2.93
Ratnapura,2012,11,24.612667,30.75,20.57,356.37,87.72133,16.431667,1.6060001
Ratnapura,2012,12,23.84387,29.31,17.38,300.26,88.90806,15.454194,2.5590322
Ratnapura,2013,1,23.591614,29.66,17.09,190.34,86.703224,17.245483,2.470645
Ratnapura,2013,2,24.106073,30.3,17.58,179.59,85.16393,18.824999,2.2135713
Ratnapura,2013,3,25.361614,31.02,19.24,172.27,85.40581,19.746775,1.8380646
Ratnapura,2013,4,25.848,31.25,21.78,204.4,86.92233,20.852333,2.03
Ratnapura,2013,5,25.194195,29.09,22.67,210.05,91.52516,16.053549,4.513226
Ratnapura,2013,6,24.379333,27.9,21.72,210.63,91.244,15.166667,5.962333
Ratnapura,2013,7,24.068064,27.79,21.75,155.26,91.132904,16.664839,5.3112903
Ratnapura,2013,8,24.282259,28.93,21.69,59.97,89.42742,18.752258,4.935484
Ratnapura,2013,9,24.280666,29.31,21.2,166.53,89.06266,17.245667,4.988
Ratnapura,2013,10,24.432903,29.04,20.69,177.33,89.36323,18.072903,3.8948386
Ratnapura,2013,11,24.631,30.22,18.66,196.06,85.558334,17.852333,1.819
Ratnapura,2013,12,23.763226,29.34,17.9,101.86,87.30807,15.390323,2.605484
Ratnapura,2014,1,23.792904,29.83,16.87,79.41,84.66709,18.23742,2.5664515
Ratnapura,2014,2,24.217855,31.71,15.31,29.35,79.817856,21.576786,2.357143
Ratnapura,2014,3,25.365805,33.44,17.84,78.52,76.86161,21.899355,2.6564515
Ratnapura,2014,4,26.019335,33.39,21.03,174.29001,83.01,20.010668,1.9313333
Ratnapura,2014,5,25.550646,30.23,22.36,158.72,88.535484,18.169678,3.6119356
Ratnapura,2014,6,25.551332,29.73,23.09,135.94,87.419334,16.98,5.864333
Ratnapura,2014,7,25.258064,30.02,22.21,55.489998,85.8671,18.018387,6.1367745
Ratnapura,2014,8,24.565805,29.39,20.74,207.84,86.812256,17.309032,5.0148387
Ratnapura,2014,9,24.798334,29.79,22.08,190.76,87.68166,18.313665,4.5286665
Ratnapura,2014,10,24.476774,29.76,20.82,439.11,89.98549,16.640001,2.8425808
Ratnapura,2014,11,24.063,29.3,19.36,272.22,88.91767,15.0373335,2.8113332
Ratnapura,2014,12,24.228065,29.35,20.43,452.99,89.80194,13.630645,2.1396775
Ratnapura,2015,1,23.710323,29.59,16.87,35.74,84.62,19.443548,1.9641936
Ratnapura,2015,2,23.817142,29.59,16.25,150.49,85.70464,19.705357,2.3925
Ratnapura,2015,3,24.894192,31.1,18.27,132.15,83.423546,21.82355,2.050645
Ratnapura,2015,4,25.464333,30.8,21.24,300.42,87.34599,20.805332,1.7800001
Ratnapura,2015,5,25.285807,29.08,22.44,132.76,90.646454,17.580645,3.4909678
Ratnapura,2015,6,25.108,29.3,22.09,132.69,90.34267,17.934,4.1933336
Ratnapura,2015,7,24.810968,29.23,21.61,87.32,89.40774,18.021935,4.9987097
Ratnapura,2015,8,24.882902,29.28,21.77,138.26,88.5858,17.94129,4.7912903
Ratnapura,2015,9,24.559334,29.21,20.29,301.98,90.09033,16.883,4.0273333
Ratnapura,2015,10,24.557741,29.54,20.65,385.04,90.936455,16.814516,2.574516
Ratnapura,2015,11,24.477999,29.74,21.07,366.19,89.83833,15.925334,2.2410002
Ratnapura,2015,12,24.470646,29.4,18.86,240.17,89.674515,16.04613,2.5903227
Ratnapura,2016,1,24.383549,30.21,17.66,59.23,85.54032,18.527098,2.3141935
Ratnapura,2016,2,24.743793,30.99,16.75,99.21,84.54793,19.974829,2.4082758
Ratnapura,2016,3,25.927097,32.22,20.51,86.22,82.71226,22.366774,1.7609677
Ratnapura,2016,4,26.664333,31.96,22.41,116.020004,85.607,22.112667,1.9616667
Ratnapura,2016,5,25.943548,32.45,21.63,399.88,88.324196,15.29129,3.8790324
Ratnapura,2016,6,25.042667,29.25,22.18,68.770004,88.730995,18.073668,5.7736664
Ratnapura,2016,7,24.658709,29.48,21.7,70.82,87.60935,18.240646,5.0496774
Ratnapura,2016,8,25.00129,29.98,21.93,27.0,85.73903,18.575161,6.0009675
Ratnapura,2016,9,25.014,30.47,21.06,22.06,83.178665,19.484001,5.8320003
Ratnapura,2016,10,25.112904,31.45,20.64,118.93,82.94064,19.162903,4.201613
Ratnapura,2016,11,24.508667,30.66,19.48,256.22,86.733665,15.012,1.9886667
Ratnapura,2016,12,24.334192,30.62,17.06,96.91,83.01451,17.869032,2.3648386
Ratnapura,2017,1,23.915483,32.04,15.2,62.24,77.42097,18.518064,2.4022582
Ratnapura,2017,2,24.784286,33.07,16.63,80.81,75.505356,20.324999,2.4928572
Ratnapura,2017,3,25.349998,32.15,18.32,198.02,82.92968,21.045805,1.8122581
Ratnapura,2017,4,26.211334,33.01,22.11,104.62,83.198,21.934,2.7066665
Ratnapura,2017,5,25.893227,32.49,22.1,267.48,85.99709,17.049032,3.7906451
Ratnapura,2017,6,25.134,29.77,22.49,70.12,88.031334,18.500334,5.177
Ratnapura,2017,7,25.388065,30.09,22.29,38.46,85.1258,18.71871,5.2112904
Ratnapura,2017,8,25.31129,30.25,22.07,105.17,84.96162,17.326452,5.3435483
Ratnapura,2017,9,25.051332,30.67,21.61,122.13,85.899666,17.889,4.613
Ratnapura,2017,10,25.225483,31.31,21.76,217.98,86.69452,16.651613,3.9322581
Ratnapura,2017,11,24.621668,30.55,20.47,322.56,87.32533,15.407333,2.7116666
Ratnapura,2017,12,24.211935,30.08,18.81,251.0,86.27935,17.06,2.2867742
Ratnapura,2018,1,23.477419,29.38,15.31,41.93,82.20709,18.898066,2.090645
Ratnapura,2018,2,24.405,31.48,17.01,81.65,83.01392,20.78143,2.3467858
Ratnapura,2018,3,25.292582,31.88,18.82,152.7,83.12355,20.105808,2.282258
Ratnapura,2018,4,25.692999,32.13,21.1,223.87,85.54634,19.683666,1.9516666
Ratnapura,2018,5,25.20516,31.21,21.62,360.58002,90.28838,15.508388,3.454516
Ratnapura,2018,6,24.847332,28.13,21.81,126.9,90.812996,16.862333,5.4163337
Ratnapura,2018,7,24.521612,29.04,21.35,75.78,88.83613,17.599678,5.480645
Ratnapura,2018,8,24.363226,29.96,21.6,79.23,87.84968,17.230967,5.7364516
Ratnapura,2018,9,24.816668,31.4,20.83,118.99,85.233,20.268667,3.7793334
Ratnapura,2018,10,24.529676,30.23,20.66,207.87,88.35097,16.372904,2.367742
Ratnapura,2018,11,24.493666,30.32,19.61,224.94,87.92533,16.975666,2.145
Ratnapura,2018,12,24.034517,29.86,17.05,117.08,84.66226,17.28387,2.2087097
Ratnapura,2019,1,24.349998,31.24,17.21,43.82,80.33291,19.76129,2.3096774
Ratnapura,2019,2,25.278214,32.59,17.05,143.51,81.766426,20.153929,2.5192857
Ratnapura,2019,3,26.115484,34.47,18.33,49.84,75.18226,22.907742,2.0493548
Ratnapura,2019,4,27.071667,35.11,20.36,122.53,76.458,19.692999,1.86
Ratnapura,2019,5,26.472258,32.22,21.94,73.979996,84.25451,19.75,3.953871
Ratnapura,2019,6,26.273,31.95,23.17,72.7,83.282,17.542,5.373
Ratnapura,2019,7,25.692259,31.86,21.63,85.85,83.146774,18.79774,4.7996774
Ratnapura,2019,8,24.965483,30.23,20.57,226.77,85.87548,15.289032,5.299355
Ratnapura,2019,9,24.757334,30.7,20.93,363.87,88.403,15.558667,3.819
Ratnapura,2019,10,24.390322,29.84,20.59,448.99,89.58032,15.257097,2.3348386
Ratnapura,2019,11,24.750668,29.87,20.57,319.87,89.255,16.946333,2.236
Ratnapura,2019,12,24.317421,29.34,18.76,307.56,89.76097,15.367419,2.5493548
Ratnapura,2020,1,24.239033,29.99,17.26,60.51,85.59548,20.243547,2.6864517
Ratnapura,2020,2,24.56586,31.07,16.9,31.97,83.56,21.27138,2.7727587
Ratnapura,2020,3,25.744516,32.95,18.78,38.47,79.81548,22.764517,1.9361291
Ratnapura,2020,4,26.533667,33.62,18.46,137.91,81.390335,21.325666,2.118
Ratnapura,2020,5,26.031935,32.02,21.98,278.53,88.26259,16.674194,3.8874195
Ratnapura,2020,6,25.379,29.85,20.99,115.89,87.18833,18.517,4.9603333
Ratnapura,2020,7,24.624838,29.27,21.41,145.91,88.755806,16.610323,4.2648387
Ratnapura,2020,8,24.921614,30.51,21.73,131.94,87.45452,19.21484,4.5451612
Ratnapura,2020,9,24.580332,28.88,21.23,225.56,88.555664,15.508333,4.871333
Ratnapura,2020,10,24.916452,29.91,20.97,106.3,87.34742,19.131937,4.6764517
Ratnapura,2020,11,24.869333,30.43,20.77,292.57,87.83233,17.577,2.1753335
Ratnapura,2020,12,24.444838,30.1,19.15,185.71,87.34774,16.93613,2.3496773
Ratnapura,2021,1,23.98613,29.69,18.04,191.74,87.50291,15.462581,2.1564515
Ratnapura,2021,2,24.681787,31.03,17.48,48.8,83.634285,21.064642,2.3735714
Ratnapura,2021,3,24.59871,30.95,16.89,189.67,83.35032,20.134516,2.204516
Ratnapura,2021,4,25.681667,31.44,21.25,154.65,85.974335,21.151333,2.3296666
Ratnapura,2021,5,25.636774,30.87,22.31,293.21,88.868385,17.409033,3.9274194
Ratnapura,2021,6,25.060667,29.38,21.84,161.48,89.34,19.178,4.8423333
Ratnapura,2021,7,24.842258,29.44,21.9,174.44,89.731285,17.55613,5.3964515
Ratnapura,2021,8,24.584192,29.26,20.93,174.19,89.25194,17.124516,4.9874196
Ratnapura,2021,9,24.944334,28.96,22.34,184.62,89.241,17.270332,4.831
Ratnapura,2021,10,24.71871,28.96,21.38,327.99,90.0687,16.506773,3.7348387
Ratnapura,2021,11,24.215334,29.06,19.71,382.03,90.38634,14.940001,3.5346668
Ratnapura,2021,12,24.296452,29.69,16.93,164.12,87.24935,18.804838,2.196129
Ratnapura,2022,1,24.377743,30.64,17.33,129.09,84.95355,19.822903,2.1664517
Ratnapura,2022,2,24.209642,31.18,17.04,125.25,83.902855,19.8475,2.0007143
Ratnapura,2022,3,25.120321,31.18,19.42,107.31,85.35033,20.019354,2.4235482
Ratnapura,2022,4,25.569,31.46,21.87,351.67,88.05867,18.993666,2.148
Ratnapura,2022,5,25.41742,29.53,22.05,243.73,90.87355,15.9,5.2658067
Ratnapura,2022,6,24.837,28.77,22.06,108.13,90.31467,17.689333,4.9956665
Ratnapura,2022,7,24.605162,29.38,21.39,134.88,88.53677,16.967419,5.0025806
Ratnapura,2022,8,24.376127,29.5,21.52,186.13,89.05226,17.49258,5.5164514
Ratnapura,2022,9,24.673668,30.5,20.75,68.2,87.87034,19.466,4.7936664
Ratnapura,2022,10,24.531935,30.22,20.63,282.86002,87.87516,15.230645,4.1309676
Ratnapura,2022,11,24.209665,29.84,18.94,264.53,87.07834,17.108,2.1943333
Ratnapura,2022,12,23.734194,29.51,18.01,198.32,87.979355,14.847742,3.085484
Ratnapura,2023,1,23.180967,29.27,16.13,98.28,85.10194,17.42613,2.9154837
Ratnapura,2023,2,23.914999,30.13,15.7,157.13,84.769646,19.647142,2.7403572
Ratnapura,2023,3,25.206453,31.58,19.69,144.88,85.11161,19.86387,2.2467742
Ratnapura,2023,4,25.948668,31.86,20.54,172.61,84.291336,20.026001,1.9319999
Ratnapura,2023,5,25.643227,30.2,22.0,204.85,89.25226,17.761612,3.7812903
Ratnapura,2023,6,25.530666,29.07,21.82,135.97,89.33733,17.434334,5.2456665
Ratnapura,2023,7,25.169355,29.84,22.33,88.46,88.979355,17.86484,5.248387
Ratnapura,2023,8,25.558064,30.66,22.32,96.68,86.3929,20.135485,4.7
Ratnapura,2023,9,24.865,29.14,21.92,454.49,89.501335,14.477667,4.6306667
Ratnapura,2023,10,24.609032,29.7,21.24,678.06,91.1271,15.209678,2.6825807
Ratnapura,2023,11,24.971998,29.59,20.89,427.21,89.512,16.415333,1.7203333
Ratnapura,2023,12,24.845484,30.31,20.4,430.98,91.16968,15.206128,2.8387096
Ratnapura,2024,1,24.34742,30.43,16.66,289.59,87.65387,18.150002,2.3554838
Ratnapura,2024,2,25.05793,31.2,17.4,32.31,85.78896,21.638277,3.2093103
Ratnapura,2024,3,25.787418,32.36,18.4,54.82,81.98678,22.275484,1.9087096
Ratnapura,2024,4,27.013334,33.0,21.53,111.6,84.20334,20.289,1.821
Ratnapura,2024,5,26.56387,32.7,23.45,206.92,87.92387,15.392903,4.310645
Ratnapura,2024,6,25.758,30.04,22.94,103.43,88.43133,16.860666,5.034
Ratnapura,2024,7,25.594517,30.93,21.5,90.78,86.87645,17.204515,5.0987096
Ratnapura,2024,8,25.304193,30.04,21.65,135.65,87.422585,17.03871,4.343871
Ratnapura,2024,9,25.692333,31.42,22.21,81.39,86.32067,18.237,5.101667
Ratnapura,2024,10,25.16355,30.62,21.89,152.38,88.55645,16.91742,3.5470967
Ratnapura,2024,11,25.052668,30.66,20.11,327.78,88.13233,15.273,2.969
Ratnapura,2024,12,24.899355,30.39,19.63,153.36,86.82032,17.609678,2.258387
Ratnapura,2025,1,24.162903,30.06,18.68,187.62,87.62774,13.897097,2.793871
Ratnapura,2025,2,24.48107,31.35,17.38,105.38,82.99107,21.914286,2.499286
Ratnapura,2025,3,25.318386,31.47,17.18,310.4,84.464516,19.858387,1.9106451
Ratnapura,2025,4,25.480333,30.25,22.11,290.31,89.743004,18.628332,2.586
Ratnapura,2025,5,25.530968,30.28,22.16,182.66,90.41258,16.24613,4.120968
Ratnapura,2025,6,25.242334,29.51,22.06,80.21,89.876335,18.648,5.0076666
Ratnapura,2025,7,24.964193,29.41,22.01,62.71,88.82935,17.749031,5.747097
Ratnapura,2025,8,24.804516,30.47,21.27,65.75,87.64742,19.085485,4.8909674
Ratnapura,2025,9,25.115,29.9,21.29,141.95999,87.176,18.591,4.665
Ratnapura,2025,10,24.805483,30.95,20.7,308.28,88.62548,17.42613,3.1625807
Ratnapura,2025,11,24.522333,30.33,19.7,619.29,89.131996,15.767667,2.842
Ratnapura,2025,12,24.16645,29.9,18.91,210.08,87.08839,16.861937,2.4258063
Trincomalee,2000,1,25.58387,28.67,21.9,38.63,80.811935,16.203226,5.850968
Trincomalee,2000,2,26.605516,29.56,23.51,102.14001,79.10552,18.45862,4.4731035
Trincomalee,2000,3,27.838064,31.83,23.86,10.1,74.09968,21.673225,3.973871
Trincomalee,2000,4,29.531668,35.65,25.33,51.420002,71.498,23.127666,3.906
Trincomalee,2000,5,30.296774,36.83,26.57,35.8,68.951935,21.798063,5.8303227
Trincomalee,2000,6,28.506,33.77,25.43,33.16,73.566,20.043,8.491
Trincomalee,2000,7,28.928064,35.02,25.4,112.63,70.37451,21.150002,7.5519357
Trincomalee,2000,8,27.828386,32.82,24.92,21.43,75.85903,19.932259,7.824516
Trincomalee,2000,9,28.33,33.43,25.17,85.12,75.23966,20.123333,5.5706663
Trincomalee,2000,10,27.880644,32.59,24.09,78.72,75.07194,19.760645,5.5267744
Trincomalee,2000,11,27.201666,30.83,23.74,322.41,78.089,15.508667,5.449
Trincomalee,2000,12,25.900644,29.65,23.77,150.28,81.90742,14.4848385,5.973548
Trincomalee,2001,1,25.269354,27.64,22.94,126.41,84.505806,15.17742,5.6529036
Trincomalee,2001,2,25.331785,29.85,21.39,44.28,80.39357,21.559643,3.7507145
Trincomalee,2001,3,28.112257,36.01,24.35,0.35000002,72.246445,23.289677,3.6109679
Trincomalee,2001,4,28.441334,32.74,25.81,138.04001,77.345665,21.304667,3.1836667
Trincomalee,2001,5,29.644194,34.73,26.63,15.4,76.08258,22.361935,6.7722583
Trincomalee,2001,6,28.147667,33.82,25.5,114.700005,79.364334,20.292,8.120334
Trincomalee,2001,7,28.144516,33.64,25.08,109.149994,76.14226,19.829033,7.3690324
Trincomalee,2001,8,28.338387,33.69,24.69,19.98,76.21097,21.639677,7.874516
Trincomalee,2001,9,28.494333,34.78,25.05,68.96,73.70533,21.437666,6.423333
Trincomalee,2001,10,27.755484,33.02,25.33,132.75,79.05516,18.779034,5.1661286
Trincomalee,2001,11,27.070667,31.27,24.71,188.01,80.573,16.556667,4.4086666
Trincomalee,2001,12,26.07387,29.13,24.0,276.72998,81.59161,14.827742,5.403871
Trincomalee,2002,1,25.720966,28.48,22.51,77.17,81.01354,17.47871,4.9664516
Trincomalee,2002,2,26.255001,29.64,22.34,71.01,79.251785,19.333216,5.518214
Trincomalee,2002,3,27.644192,32.49,24.01,18.86,76.08355,23.170967,4.1558065
Trincomalee,2002,4,28.598999,33.5,25.32,64.56,77.37034,22.203001,3.1873333
Trincomalee,2002,5,29.365484,34.23,26.36,57.52,76.85226,20.845806,6.7858067
Trincomalee,2002,6,29.230001,34.75,26.24,51.11,74.64534,20.064333,7.5553336
Trincomalee,2002,7,29.546774,34.8,26.18,5.85,69.82258,21.133226,8.389677
Trincomalee,2002,8,28.909678,34.66,25.77,25.289999,71.30613,20.889677,7.8009677
Trincomalee,2002,9,29.685,35.39,25.46,44.33,67.418,22.644999,6.3823333
Trincomalee,2002,10,27.581614,32.0,24.71,255.0,80.23161,19.14645,4.737097
Trincomalee,2002,11,26.555666,29.91,24.35,264.29,84.885666,16.577667,3.6006665
Trincomalee,2002,12,26.28774,29.16,23.17,395.93,83.12484,13.070322,5.69
Trincomalee,2003,1,25.669031,27.94,22.9,142.04,81.037415,16.606773,5.5919356
Trincomalee,2003,2,26.385714,29.08,23.66,91.31,80.97821,19.734644,4.723214
Trincomalee,2003,3,27.283226,31.46,24.06,69.05,79.02419,21.62258,3.790968
Trincomalee,2003,4,28.941668,34.54,25.7,41.449997,74.893,22.362,3.6139998
Trincomalee,2003,5,29.430967,34.45,26.32,78.56,76.33548,18.977097,6.854193
Trincomalee,2003,6,29.092999,34.02,26.1,9.29,75.06734,21.272333,7.2326665
Trincomalee,2003,7,28.907097,33.84,25.67,38.149998,74.187744,19.803871,6.8090324
Trincomalee,2003,8,28.643549,33.67,25.31,25.59,74.55419,20.212582,7.024194
Trincomalee,2003,9,29.005333,34.4,25.49,75.03,72.166,22.359333,6.438667
Trincomalee,2003,10,28.39258,34.02,25.51,77.91,75.77645,20.17645,5.455484
Trincomalee,2003,11,27.001333,29.95,23.74,419.99,83.547,13.108334,5.232333
Trincomalee,2003,12,26.320644,29.17,23.31,58.38,80.04355,17.66742,5.4654837
Trincomalee,2004,1,26.182903,29.32,22.52,52.22,77.9558,18.582258,5.5883875
Trincomalee,2004,2,26.342758,30.21,22.26,41.61,74.44965,20.46655,4.9962068
Trincomalee,2004,3,27.998064,34.58,22.79,36.98,74.51548,22.564194,4.08871
Trincomalee,2004,4,29.434,35.92,26.08,59.64,73.41,23.247667,3.3693335
Trincomalee,2004,5,28.984516,33.77,25.83,125.06,77.007095,18.74,6.928387
Trincomalee,2004,6,28.814333,33.81,25.68,19.37,73.90367,20.92,8.285666
Trincomalee,2004,7,28.488388,33.34,25.18,71.36,74.12516,20.26,7.7870965
Trincomalee,2004,8,28.964518,34.36,25.87,49.72,72.05291,20.62742,7.742581
Trincomalee,2004,9,28.234999,32.94,24.73,150.21,76.025,18.696333,5.7833333
Trincomalee,2004,10,27.520645,32.69,24.96,264.54,81.59904,18.878063,4.798387
Trincomalee,2004,11,26.91,28.97,24.79,262.57,84.80367,14.7630005,5.487
Trincomalee,2004,12,26.006453,28.2,22.84,403.66,80.78258,14.7699995,5.6822577
Trincomalee,2005,1,25.94387,28.22,23.64,217.42,81.01097,15.866774,5.391613
Trincomalee,2005,2,26.257143,29.0,23.05,9.75,78.748924,22.4575,4.6953573
Trincomalee,2005,3,27.69742,32.41,24.51,39.489998,78.02581,22.184837,3.7451613
Trincomalee,2005,4,28.243666,32.64,25.56,161.0,81.483,20.986334,3.1513333
Trincomalee,2005,5,29.721935,34.32,26.31,51.620003,76.11484,21.283226,4.923226
Trincomalee,2005,6,29.292,34.47,25.91,10.39,75.20334,20.974333,8.400333
Trincomalee,2005,7,28.763226,34.27,25.58,23.1,74.2771,20.290646,8.443226
Trincomalee,2005,8,29.24871,35.1,25.82,40.69,71.20129,21.82387,6.8051615
Trincomalee,2005,9,28.974667,34.82,25.77,25.09,72.05666,19.809334,7.588
Trincomalee,2005,10,28.16258,33.44,25.68,174.72,78.09774,19.371937,4.963548
Trincomalee,2005,11,26.462,30.29,23.53,446.06,85.12133,13.867333,4.5426664
Trincomalee,2005,12,25.723225,29.22,22.86,112.04,83.77935,16.036776,5.0580645
Trincomalee,2006,1,25.023226,27.26,21.96,164.14,83.85935,15.930645,4.9974194
Trincomalee,2006,2,25.96893,28.36,23.27,39.86,80.60285,19.824642,4.8017855
Trincomalee,2006,3,27.490322,32.72,24.58,66.92,78.73806,22.141935,3.4435484
Trincomalee,2006,4,28.983,35.17,25.83,46.7,73.74067,21.981333,3.3933334
Trincomalee,2006,5,29.119032,34.62,26.08,53.989998,75.7971,21.172903,6.324839
Trincomalee,2006,6,29.263334,34.49,26.05,10.75,72.916336,21.022,7.205
Trincomalee,2006,7,28.945484,34.47,25.28,23.49,72.07129,19.697742,8.132903
Trincomalee,2006,8,28.918709,35.18,25.37,60.24,71.64065,21.606773,7.6864514
Trincomalee,2006,9,28.279333,33.16,25.42,68.72,75.427,20.317333,6.2543335
Trincomalee,2006,10,27.672258,33.79,24.93,257.41,79.52032,19.383871,4.5912905
Trincomalee,2006,11,26.668667,28.89,24.87,286.58,84.93833,16.443,3.7536666
Trincomalee,2006,12,26.23903,28.57,23.16,160.98,78.27742,14.381614,6.106129
Trincomalee,2007,1,25.676773,28.44,22.97,77.62,77.81903,16.294516,5.896129
Trincomalee,2007,2,26.329641,30.39,22.54,48.7,76.130714,19.878216,4.642143
Trincomalee,2007,3,27.09387,31.77,23.48,9.43,72.42033,23.928709,3.9648387
Trincomalee,2007,4,28.263666,32.58,25.76,154.09,79.270996,21.084002,3.341
Trincomalee,2007,5,29.59484,34.92,26.14,25.85,75.200325,21.700968,6.0899997
Trincomalee,2007,6,28.975334,35.03,25.92,33.04,75.30867,18.130001,7.108667
Trincomalee,2007,7,28.661291,33.61,25.03,37.05,73.93193,19.240646,7.5764513
Trincomalee,2007,8,28.682257,34.3,25.55,51.12,73.75259,20.75129,7.331613
Trincomalee,2007,9,28.482332,33.72,25.05,50.86,75.333664,20.659332,7.1776667
Trincomalee,2007,10,27.329355,32.75,24.61,260.0,80.007416,18.578064,5.315484
Trincomalee,2007,11,26.6,29.47,23.99,132.83,79.82166,18.493666,3.8796666
Trincomalee,2007,12,25.944195,28.89,21.97,267.1,81.18484,14.257097,5.7880645
Trincomalee,2008,1,25.548388,28.81,22.41,76.28,80.58483,16.909355,4.8409677
Trincomalee,2008,2,26.251724,28.74,23.29,101.42,79.27276,19.88069,4.358966
Trincomalee,2008,3,26.780323,30.53,23.85,284.82,83.45387,19.013548,4.190645
Trincomalee,2008,4,27.654,31.75,25.4,92.61,81.56234,21.073668,3.469
Trincomalee,2008,5,28.125162,31.81,25.68,2.09,83.41806,22.535162,6.9374194
Trincomalee,2008,6,28.216667,32.63,25.7,56.07,78.575,20.357,7.3313336
Trincomalee,2008,7,28.331291,33.47,25.32,29.81,76.076454,20.972902,7.439355
Trincomalee,2008,8,28.40742,33.49,25.44,49.28,74.34936,20.428064,6.3545165
Trincomalee,2008,9,29.175,35.91,25.21,13.43,69.95733,21.920666,6.1386666
Trincomalee,2008,10,28.061611,35.15,24.41,127.89,76.576454,19.762903,4.0980644
Trincomalee,2008,11,27.190334,30.93,24.57,333.9,80.113,15.293,5.1553335
Trincomalee,2008,12,26.158709,28.28,23.59,187.58,80.200325,15.239033,5.4483867
Trincomalee,2009,1,25.675484,28.02,22.94,102.09,76.17839,17.185162,5.3616133
Trincomalee,2009,2,26.036785,31.27,22.59,0.089999996,72.25,22.413214,4.084643
Trincomalee,2009,3,27.255484,32.39,23.53,166.06,77.30419,22.492258,3.2958064
Trincomalee,2009,4,28.548334,32.77,25.69,201.54001,80.19467,21.268667,4.181
Trincomalee,2009,5,29.05613,33.56,25.95,17.98,78.242905,20.359356,6.4583874
Trincomalee,2009,6,28.812,34.09,25.96,4.38,75.236336,21.648,8.803333
Trincomalee,2009,7,28.951612,34.68,25.77,14.9,71.8371,20.458065,8.299355
Trincomalee,2009,8,28.706774,34.25,25.2,80.76,74.366455,20.25742,6.992581
Trincomalee,2009,9,28.787333,34.72,25.84,26.94,73.93933,22.263666,7.433
Trincomalee,2009,10,28.446451,35.08,25.43,116.15,71.46097,20.286451,4.7780643
Trincomalee,2009,11,26.967669,29.96,24.52,448.81,83.26433,15.438999,4.348
Trincomalee,2009,12,26.436453,28.68,24.23,331.97,84.59613,12.061613,5.3561287
Trincomalee,2010,1,25.908709,28.33,22.98,70.03,80.241936,17.56871,5.302903
Trincomalee,2010,2,26.290714,29.5,23.47,15.92,78.45536,19.738214,4.4235716
Trincomalee,2010,3,28.178389,33.07,22.93,24.25,73.671936,23.01,3.7419355
Trincomalee,2010,4,29.553,34.45,26.54,123.31,75.37866,23.017,3.348
Trincomalee,2010,5,29.377096,34.16,26.25,77.659996,79.10838,21.280323,5.7880645
Trincomalee,2010,6,29.046,34.23,26.0,31.31,75.22366,20.321667,7.6176667
Trincomalee,2010,7,28.599033,33.64,25.41,57.070004,74.53194,20.545162,7.3158064
Trincomalee,2010,8,28.325161,34.1,24.81,120.4,76.49097,19.080969,7.088064
Trincomalee,2010,9,27.842001,33.2,25.19,218.45,78.26,19.46,5.455
Trincomalee,2010,10,27.257095,31.61,24.58,112.630005,82.46,19.202581,5.969355
Trincomalee,2010,11,26.558,29.95,24.26,382.9,84.01933,14.917001,3.8273332
Trincomalee,2010,12,25.733547,28.79,23.36,600.93,86.07291,11.188066,5.433871
Trincomalee,2011,1,25.324516,27.22,22.55,626.58997,85.18581,12.811936,6.1580644
Trincomalee,2011,2,25.807142,28.63,23.81,468.83,82.74964,16.112143,4.662857
Trincomalee,2011,3,26.968065,30.6,24.12,64.54,80.287415,22.225483,3.75
Trincomalee,2011,4,27.769667,31.37,23.98,269.26,78.739,21.954,3.0193334
Trincomalee,2011,5,28.355162,32.17,25.12,29.67,83.05451,22.566774,5.9770966
Trincomalee,2011,6,28.548668,33.34,25.21,7.2999997,78.376335,21.555666,7.566
Trincomalee,2011,7,28.446774,33.13,25.7,31.69,75.41968,19.950968,7.76742
Trincomalee,2011,8,28.35355,33.04,25.25,103.54,75.86387,20.89645,7.283871
Trincomalee,2011,9,28.723333,34.62,25.4,46.6,73.94967,21.685333,6.830333
Trincomalee,2011,10,27.929031,33.68,25.55,450.04,78.40096,18.696774,3.8622582
Trincomalee,2011,11,26.953667,29.63,24.05,399.87,81.55234,16.163334,4.2663336
Trincomalee,2011,12,26.342258,28.89,22.33,254.23,82.175804,14.534193,5.289677
Trincomalee,2012,1,25.515162,28.48,22.74,35.03,77.70419,19.685162,4.4980645
Trincomalee,2012,2,26.195517,29.4,23.78,87.38,79.55551,18.615517,4.7355175
Trincomalee,2012,3,27.556452,32.28,23.46,46.75,75.0471,23.070969,3.5267742
Trincomalee,2012,4,28.606667,33.27,25.73,104.15,76.48701,21.282001,3.4756665
Trincomalee,2012,5,29.665483,35.62,25.19,2.54,72.45419,21.730324,7.2245164
Trincomalee,2012,6,29.381666,34.49,26.13,7.87,71.87867,20.295666,8.598666
Trincomalee,2012,7,29.200323,34.28,26.03,42.98,71.9771,21.280645,7.3009677
Trincomalee,2012,8,29.302258,34.87,25.99,11.94,69.47065,21.105806,7.544839
Trincomalee,2012,9,29.104,34.87,25.59,107.6,71.40367,20.573,6.567
Trincomalee,2012,10,27.609356,34.87,25.07,570.32,80.701614,18.401613,4.3125806
Trincomalee,2012,11,26.717335,30.29,24.26,244.2,82.54467,16.523,3.6769998
Trincomalee,2012,12,26.31,28.56,23.76,650.60004,83.60258,14.327419,5.3480644
Trincomalee,2013,1,25.826775,27.88,22.98,262.79,80.89323,15.247097,5.5458064
Trincomalee,2013,2,26.261072,29.26,23.96,297.66998,81.40465,18.103214,4.5407143
Trincomalee,2013,3,27.244516,30.77,24.54,224.42,81.18387,21.122904,3.798387
Trincomalee,2013,4,28.714666,32.24,25.46,60.57,78.393,22.454334,2.7886667
Trincomalee,2013,5,28.457743,32.12,25.94,134.63,82.98903,20.71129,6.1829033
Trincomalee,2013,6,27.966333,32.09,25.48,23.72,80.14,19.258333,8.705334
Trincomalee,2013,7,27.904516,33.37,25.31,46.48,77.241936,19.80742,8.236774
Trincomalee,2013,8,28.310646,33.36,25.22,85.04,76.14871,20.981289,6.552258
Trincomalee,2013,9,28.274,34.09,25.19,39.04,75.30867,20.140333,7.2710004
Trincomalee,2013,10,28.37871,33.64,25.02,66.8,74.72613,20.435162,5.146129
Trincomalee,2013,11,27.120333,29.82,24.73,190.59999,80.40566,17.592999,4.1306667
Trincomalee,2013,12,25.838709,28.94,23.03,170.07,80.78258,13.190645,5.5625806
Trincomalee,2014,1,25.644838,27.89,23.89,171.41,80.67065,15.02387,6.013226
Trincomalee,2014,2,26.433214,30.46,22.62,55.469997,73.06178,20.607859,4.848214
Trincomalee,2014,3,27.736774,33.32,24.43,7.5,72.172905,22.49613,4.785161
Trincomalee,2014,4,29.218666,33.59,25.19,64.79,72.54633,23.382,3.2096667
Trincomalee,2014,5,28.809032,33.05,26.24,117.96,80.64387,20.74742,5.645161
Trincomalee,2014,6,29.320667,34.17,26.43,3.38,75.93266,20.708,8.003667
Trincomalee,2014,7,29.052904,33.96,26.18,16.58,73.69806,20.513548,8.502581
Trincomalee,2014,8,28.543547,34.22,25.48,95.54,73.810974,20.319355,6.94129
Trincomalee,2014,9,28.797667,34.83,25.8,117.27,73.99733,21.868,5.9913335
Trincomalee,2014,10,27.576775,32.68,23.97,204.86,80.52613,19.05258,3.7048388
Trincomalee,2014,11,26.666332,30.23,23.27,438.97,83.74434,13.402333,4.586
Trincomalee,2014,12,26.076775,28.3,23.76,671.55,88.10677,11.927742,5.256774
Trincomalee,2015,1,25.546452,28.22,23.48,16.48,80.64065,19.241613,4.563226
Trincomalee,2015,2,26.148928,28.96,23.48,163.27,79.57964,18.438929,5.008214
Trincomalee,2015,3,27.218065,30.24,24.18,71.65,78.899994,22.13258,3.8412905
Trincomalee,2015,4,28.143667,31.96,26.09,197.33,80.44633,23.342335,3.0466666
Trincomalee,2015,5,28.454195,31.61,26.04,203.78,82.62742,20.673548,4.7812905
Trincomalee,2015,6,28.288334,32.02,25.46,27.04,82.689995,21.181,6.9083333
Trincomalee,2015,7,28.74258,33.45,25.94,8.99,76.741936,20.924839,7.793226
Trincomalee,2015,8,29.02484,34.21,26.09,67.42,74.732254,21.790968,6.9409676
Trincomalee,2015,9,28.242334,34.51,24.59,186.71,77.926,21.679333,5.6740003
Trincomalee,2015,10,27.709677,31.78,24.78,415.7,82.10774,17.985483,4.37129
Trincomalee,2015,11,26.908333,29.67,25.43,540.88,85.86867,14.741333,3.814
Trincomalee,2015,12,26.829676,28.76,25.05,337.73,84.2029,14.700968,4.9541936
Trincomalee,2016,1,26.297098,28.62,23.76,114.74,79.57,17.159355,5.058387
Trincomalee,2016,2,26.964138,30.0,24.21,32.17,78.192764,20.156897,4.804138
Trincomalee,2016,3,28.079676,33.89,24.17,44.19,74.814514,23.387419,3.953871
Trincomalee,2016,4,30.032999,35.43,26.33,57.05,74.22933,24.511,3.4953334
Trincomalee,2016,5,29.287098,34.16,25.88,564.29,79.19064,19.48484,5.94871
Trincomalee,2016,6,28.362,32.1,25.88,18.98,80.763664,19.230665,8.016666
Trincomalee,2016,7,28.524193,33.16,25.49,25.17,75.80322,19.865484,7.047097
Trincomalee,2016,8,29.052258,33.89,25.85,10.74,73.18903,21.680967,7.3603225
Trincomalee,2016,9,29.566334,35.1,25.48,2.17,68.45167,21.919668,7.1916666
Trincomalee,2016,10,29.116451,35.36,25.22,100.28999,68.45839,20.32258,4.5735483
Trincomalee,2016,11,27.021334,30.74,24.39,294.38,80.89433,14.62,4.313667
Trincomalee,2016,12,26.19871,30.13,22.46,83.13,80.32258,16.749353,4.922258
Trincomalee,2017,1,25.758387,28.46,22.79,112.159996,76.465485,17.522903,5.470645
Trincomalee,2017,2,26.245358,30.66,22.55,65.380005,72.73429,20.481785,4.66
Trincomalee,2017,3,27.286451,31.33,23.99,147.52,78.93,22.476774,3.4196775
Trincomalee,2017,4,29.404333,35.25,25.18,50.39,73.99,23.259,3.468
Trincomalee,2017,5,29.441936,34.48,26.05,128.82,76.018715,19.78129,5.797742
Trincomalee,2017,6,29.163,33.87,26.29,14.59,74.566,20.607,7.822667
Trincomalee,2017,7,29.395485,35.41,26.01,18.87,72.18129,20.632257,6.6409674
Trincomalee,2017,8,29.025484,33.51,25.44,98.78,74.30354,20.366451,6.7341933
Trincomalee,2017,9,28.598667,33.72,25.4,63.45,75.91533,19.651001,5.827
Trincomalee,2017,10,28.484194,33.81,25.76,148.32,76.81129,18.552258,5.1019354
Trincomalee,2017,11,26.988,30.6,23.99,328.66,84.56433,14.640333,5.0013337
Trincomalee,2017,12,26.356129,29.3,23.32,131.72,80.31129,17.045162,4.549355
Trincomalee,2018,1,25.50871,28.61,22.21,36.469997,78.39935,17.495806,4.7087097
Trincomalee,2018,2,26.358929,29.55,23.19,80.54,76.73286,19.782856,5.0107145
Trincomalee,2018,3,27.663872,32.68,24.0,67.61,75.9558,21.51258,4.0496774
Trincomalee,2018,4,28.786001,33.96,25.93,117.34,77.55067,22.431667,3.7246666
Trincomalee,2018,5,28.464518,33.01,25.97,253.91,81.64871,19.014194,4.1464515
Trincomalee,2018,6,28.064667,32.45,25.52,25.68,82.365,20.779667,8.0789995
Trincomalee,2018,7,28.36871,33.25,25.57,16.42,76.32291,19.92129,7.8767743
Trincomalee,2018,8,28.439354,33.44,25.59,25.43,73.90452,19.538065,7.686774
Trincomalee,2018,9,28.931334,35.61,24.87,53.27,70.795006,21.731333,4.975
Trincomalee,2018,10,27.372257,31.71,24.71,296.16,81.464516,17.479677,3.4477417
Trincomalee,2018,11,26.879333,30.03,23.59,248.13,82.830666,14.910999,4.4466662
Trincomalee,2018,12,26.263548,28.51,22.95,120.33,83.08097,14.663226,4.7874193
Trincomalee,2019,1,25.57,28.49,23.19,26.16,78.34322,18.479355,5.225806
Trincomalee,2019,2,26.9225,31.13,24.13,108.61,79.159996,19.418215,4.7917857
Trincomalee,2019,3,28.105162,34.27,24.67,7.57,72.53581,24.267418,4.213548
Trincomalee,2019,4,29.748333,34.08,25.61,77.94,70.73233,22.457335,3.7576668
Trincomalee,2019,5,30.846128,36.43,26.87,9.19,69.59548,22.416773,5.1480646
Trincomalee,2019,6,30.454334,35.38,27.3,11.79,69.862335,20.194,7.79
Trincomalee,2019,7,29.975807,35.12,26.07,14.85,68.69516,19.645807,6.9841933
Trincomalee,2019,8,28.803871,34.02,25.16,88.29,73.45387,18.82742,7.9729033
Trincomalee,2019,9,28.375334,34.0,24.92,136.64,76.72,18.796333,5.560667
Trincomalee,2019,10,27.259678,31.19,24.99,444.66,82.30839,17.399677,3.2487097
Trincomalee,2019,11,27.505333,30.52,25.16,333.65,81.719,16.914,3.7056665
Trincomalee,2019,12,26.750647,28.78,24.58,439.47,83.20452,14.248065,5.242258
Trincomalee,2020,1,26.555805,29.09,23.84,42.41,78.0687,19.075161,4.868387
Trincomalee,2020,2,26.643448,29.34,23.8,24.15,76.43483,20.618965,5.2903447
Trincomalee,2020,3,27.772581,31.74,24.35,14.96,73.52451,23.300322,4.200968
Trincomalee,2020,4,29.417,34.18,24.94,94.79,74.15566,23.762,3.9746666
Trincomalee,2020,5,29.387419,34.27,26.52,154.49,78.466125,19.244194,5.1251616
Trincomalee,2020,6,29.018,33.75,25.79,90.51,76.598,20.043667,7.054
Trincomalee,2020,7,28.118063,32.64,24.88,93.54,78.34742,18.363873,5.826129
Trincomalee,2020,8,28.830645,34.31,25.44,24.130001,74.73387,20.51129,6.549355
Trincomalee,2020,9,28.039667,33.09,25.13,113.66,78.353004,17.318333,6.8830004
Trincomalee,2020,10,28.451612,33.55,24.97,53.83,76.00259,19.649355,6.108387
Trincomalee,2020,11,27.355665,31.11,24.91,362.53,83.699,15.5529995,4.2693334
Trincomalee,2020,12,26.404194,29.0,24.68,434.76,84.47225,12.130968,5.0535483
Trincomalee,2021,1,26.10871,27.98,23.81,294.54,84.7629,15.716129,4.7287097
Trincomalee,2021,2,26.11,29.4,22.76,47.87,79.480354,20.600714,4.897143
Trincomalee,2021,3,27.327097,33.49,23.94,51.36,78.13677,20.497742,3.8393548
Trincomalee,2021,4,28.702,33.79,25.27,107.55,77.17867,22.636,3.3543332
Trincomalee,2021,5,28.733225,32.93,26.13,112.55,80.86774,19.680645,5.6951613
Trincomalee,2021,6,28.707666,33.3,25.88,53.4,79.01933,20.951666,6.797667
Trincomalee,2021,7,28.536451,33.37,25.69,92.06,78.51129,20.258064,7.358387
Trincomalee,2021,8,28.53129,33.26,25.0,46.6,75.756775,18.57258,6.9580646
Trincomalee,2021,9,28.583,33.21,25.74,106.29,77.21167,20.26,6.335666
Trincomalee,2021,10,27.74613,32.08,25.34,327.1,81.742584,17.761936,5.113871
Trincomalee,2021,11,26.792334,29.85,24.11,575.05,86.683,14.821667,4.872333
Trincomalee,2021,12,26.705807,29.51,23.92,154.53,79.77581,17.257742,4.4777417
Trincomalee,2022,1,26.241936,28.67,22.49,162.67,80.94581,18.469355,4.870968
Trincomalee,2022,2,26.287142,29.54,23.04,165.22,79.29536,19.272142,4.7803574
Trincomalee,2022,3,27.590645,31.73,24.78,43.510002,80.23484,21.072903,4.2974195
Trincomalee,2022,4,28.268,31.62,25.57,359.02,80.826004,22.218666,3.1133335
Trincomalee,2022,5,28.37258,31.91,26.04,48.99,84.090324,20.286129,7.229355
Trincomalee,2022,6,28.150333,32.63,25.01,39.16,80.67933,18.82,6.6543336
Trincomalee,2022,7,28.281612,33.09,25.33,107.35,77.116455,18.267418,6.368387
Trincomalee,2022,8,28.07742,33.13,24.91,91.0,77.71774,19.600645,6.7387094
Trincomalee,2022,9,28.209333,33.46,25.05,59.05,76.89567,21.229334,6.3946667
Trincomalee,2022,10,27.706453,32.74,25.21,291.32,78.49129,17.50387,4.621613
Trincomalee,2022,11,26.501001,29.63,23.07,273.96,82.88367,14.976667,4.1386666
Trincomalee,2022,12,26.09,29.15,21.53,287.34,84.60387,13.294193,5.764838
Trincomalee,2023,1,25.458387,27.93,22.61,171.09,79.55871,16.919678,5.5812902
Trincomalee,2023,2,25.864643,28.57,22.65,248.49,79.766785,19.637499,5.035714
Trincomalee,2023,3,27.411936,31.48,24.88,92.11,79.50613,22.039034,4.081613
Trincomalee,2023,4,28.802,32.87,26.16,117.36,76.96934,22.627666,3.1769998
Trincomalee,2023,5,28.520645,32.28,25.23,162.21,82.921936,19.77387,5.0712905
Trincomalee,2023,6,28.936,33.02,25.86,29.380001,79.38,20.330666,7.0439997
Trincomalee,2023,7,29.195807,34.87,25.94,9.37,73.574196,18.909678,7.44871
Trincomalee,2023,8,30.105162,35.85,25.83,27.32,68.80516,22.17258,5.7796774
Trincomalee,2023,9,28.971334,34.39,25.56,85.6,74.21433,19.015999,7.088333
Trincomalee,2023,10,28.049677,33.03,25.71,339.7,79.25,18.760323,3.752258
Trincomalee,2023,11,27.420666,29.64,25.31,563.65,83.830666,16.507,3.0763333
Trincomalee,2023,12,27.20226,29.82,25.66,535.37,86.78355,14.116774,5.3238707
Trincomalee,2024,1,26.537418,28.88,23.87,253.94,81.25419,16.04129,4.9493546
Trincomalee,2024,2,27.097242,30.14,24.7,16.22,80.662415,21.271725,5.3406897
Trincomalee,2024,3,27.84355,32.15,24.4,28.51,76.258064,23.072903,3.9712903
Trincomalee,2024,4,29.959665,34.42,26.79,36.95,75.11967,23.071999,3.6290002
Trincomalee,2024,5,29.704195,35.68,27.0,199.0,79.59904,18.829033,5.0229034
Trincomalee,2024,6,29.148998,33.79,26.62,27.9,78.52433,19.860332,7.100333
Trincomalee,2024,7,29.481289,34.7,25.98,12.88,73.36032,19.983871,7.8103223
Trincomalee,2024,8,29.016129,33.52,25.85,123.89,76.5171,19.091291,5.9351616
Trincomalee,2024,9,29.340334,34.29,26.38,27.0,75.35233,20.655,7.1393337
Trincomalee,2024,10,28.273228,34.44,25.22,211.99,80.30032,17.97613,4.0874195
Trincomalee,2024,11,27.519001,30.03,25.31,560.51996,84.60433,14.153,5.0843334
Trincomalee,2024,12,26.855162,30.11,23.24,166.66,85.328705,15.652258,4.475484
Trincomalee,2025,1,26.050968,28.24,23.99,277.25,84.06484,13.584193,5.4932256
Trincomalee,2025,2,26.499285,29.53,23.75,92.8,77.77535,21.566786,4.749643
Trincomalee,2025,3,27.695162,31.21,24.64,107.770004,79.46806,22.018064,3.6858065
Trincomalee,2025,4,28.509666,31.79,26.11,240.69,80.472,22.602333,3.1766667
Trincomalee,2025,5,28.777742,32.17,24.48,122.6,81.1929,19.780645,5.9219356
Trincomalee,2025,6,28.446333,32.87,25.56,21.32,81.54867,20.522,7.5773335
Trincomalee,2025,7,28.868387,34.69,25.67,13.48,75.93613,19.707418,7.892903
Trincomalee,2025,8,28.806774,34.14,25.66,43.690002,74.271614,20.27129,6.675161
Trincomalee,2025,9,28.934,34.24,25.87,83.94,74.38799,19.859001,6.4586663
Trincomalee,2025,10,28.09258,32.96,25.11,249.17,79.910324,18.273548,3.9864516
Trincomalee,2025,11,27.117,31.52,24.11,804.3,83.969,13.928666,5.3033338
Trincomalee,2025,12,26.161291,29.12,23.93,199.2,83.48742,15.627419,4.9729033
Vavuniya,2000,1,25.40355,30.68,18.96,32.420002,78.535164,16.233871,5.261613
Vavuniya,2000,2,26.901726,32.76,21.27,65.54,75.02035,18.951723,4.0455174
Vavuniya,2000,3,28.289034,35.81,21.45,5.25,68.37871,22.556774,3.7119355
Vavuniya,2000,4,29.888334,38.22,24.35,43.91,68.222336,22.723,3.7403333
Vavuniya,2000,5,30.139032,37.85,25.64,39.5,67.63807,21.658709,5.4461293
Vavuniya,2000,6,28.384,34.4,24.74,23.95,72.609665,19.501333,7.4436665
Vavuniya,2000,7,28.93742,36.2,24.48,102.59,68.40839,21.71226,6.7722583
Vavuniya,2000,8,27.506775,33.13,24.27,21.39,76.24129,19.168388,7.0919356
Vavuniya,2000,9,27.987667,34.67,24.43,79.62,75.996994,19.794668,5.1943336
Vavuniya,2000,10,27.320969,34.25,21.96,74.9,76.700645,19.572903,4.7558064
Vavuniya,2000,11,26.823,33.28,22.28,300.68,78.166664,15.042334,4.8173337
Vavuniya,2000,12,25.13871,30.19,20.82,122.740005,82.59451,14.485162,5.2358065
Vavuniya,2001,1,24.862581,28.75,20.63,76.03,83.64033,14.5161295,5.0441933
Vavuniya,2001,2,25.134644,33.64,18.75,51.78,79.326065,21.102858,3.4564285
Vavuniya,2001,3,28.59258,37.86,22.26,0.38,67.243225,23.20516,3.4499998
Vavuniya,2001,4,28.56,36.92,24.77,172.22,75.50933,20.454334,2.7823334
Vavuniya,2001,5,28.973225,34.39,25.3,20.72,77.783875,22.217741,5.8
Vavuniya,2001,6,27.716,33.93,24.87,117.58,80.028336,19.237,6.7686667
Vavuniya,2001,7,27.915161,34.68,24.0,78.35,75.94064,19.97903,6.1822577
Vavuniya,2001,8,28.07387,34.3,24.37,13.37,75.9829,21.276451,6.7558064
Vavuniya,2001,9,28.153332,35.39,24.65,40.84,73.848335,21.040998,5.9593334
Vavuniya,2001,10,27.597742,33.97,24.28,141.79,78.56967,18.210644,4.4893546
Vavuniya,2001,11,26.365,32.36,23.15,237.48,83.502,16.625,3.729
Vavuniya,2001,12,25.219677,29.5,21.82,238.21,84.881294,14.193226,4.7887096
Vavuniya,2002,1,24.940645,29.42,20.15,45.89,83.407425,16.273548,4.3619356
Vavuniya,2002,2,25.6275,31.97,19.29,67.049995,79.98143,19.445002,4.857143
Vavuniya,2002,3,27.937096,36.2,21.5,18.96,71.90323,22.520323,3.675484
Vavuniya,2002,4,28.996668,36.42,23.79,125.78,74.74934,20.764,2.7126665
Vavuniya,2002,5,28.975483,34.81,25.28,48.65,77.54742,20.643871,6.0274196
Vavuniya,2002,6,28.840668,35.61,25.34,32.77,74.72466,20.59,6.5603333
Vavuniya,2002,7,29.474516,35.84,25.66,5.24,68.229034,20.854515,7.394516
Vavuniya,2002,8,28.790646,35.44,25.22,21.42,70.36452,20.574839,6.9774194
Vavuniya,2002,9,29.763,36.55,25.07,18.43,64.121,22.828,6.287
Vavuniya,2002,10,27.148708,34.32,23.68,293.47,82.271286,18.517418,3.8812902
Vavuniya,2002,11,25.880667,30.4,22.15,185.33,87.281,15.988001,3.2163332
Vavuniya,2002,12,25.277418,29.45,20.64,211.09999,85.96194,13.781613,4.9419355
Vavuniya,2003,1,24.809677,28.81,20.23,83.27,82.976456,15.768709,4.921613
Vavuniya,2003,2,25.855358,30.48,20.71,68.59,81.714645,20.050714,4.3110714
Vavuniya,2003,3,27.472582,35.57,21.12,40.53,75.340004,21.96226,3.5187097
Vavuniya,2003,4,29.685,37.12,23.79,73.82,69.312996,22.333,3.1133335
Vavuniya,2003,5,28.939678,35.32,25.64,103.42,77.46129,19.45387,6.0603223
Vavuniya,2003,6,28.787666,34.72,25.57,11.35,74.901,20.693666,6.6823335
Vavuniya,2003,7,28.539677,34.07,25.14,25.75,74.01129,19.407097,5.9422584
Vavuniya,2003,8,28.36871,34.23,24.77,42.18,75.08161,19.954517,6.0664515
Vavuniya,2003,9,28.947666,36.32,25.09,41.98,70.859665,22.046,5.746333
Vavuniya,2003,10,28.040323,34.71,24.71,100.17,76.43484,19.687742,4.8777423
Vavuniya,2003,11,26.461334,31.51,22.63,339.56,84.907,12.847,4.697667
Vavuniya,2003,12,25.522259,29.86,21.35,48.24,82.70258,16.896774,4.7687097
Vavuniya,2004,1,25.76,31.59,20.1,15.59,76.242905,18.177742,4.8864512
Vavuniya,2004,2,26.350346,33.63,19.61,18.58,69.89517,21.265863,4.5772414
Vavuniya,2004,3,28.605808,37.42,20.34,30.630001,68.68936,21.921936,3.492258
Vavuniya,2004,4,30.146667,39.64,25.05,80.39,68.79633,22.321001,2.7733333
Vavuniya,2004,5,28.408066,33.51,25.12,133.94,78.94161,18.920645,5.959677
Vavuniya,2004,6,28.430666,34.7,25.24,17.34,74.271996,20.247,7.287333
Vavuniya,2004,7,28.33387,34.14,24.62,31.23,73.14484,20.210646,6.720645
Vavuniya,2004,8,28.691612,35.38,25.17,42.87,71.43387,20.625807,6.6574197
Vavuniya,2004,9,27.798,33.32,24.31,101.55,77.29766,17.661999,5.2149997
Vavuniya,2004,10,27.28,33.98,24.09,255.91,81.783226,17.63129,4.1841936
Vavuniya,2004,11,26.207666,29.47,23.85,268.24,87.328,13.590667,4.8069997
Vavuniya,2004,12,24.993872,29.06,20.18,274.53,84.406136,14.451612,5.1280646
Vavuniya,2005,1,24.887743,28.83,20.88,128.46,84.31967,16.134193,4.443871
Vavuniya,2005,2,25.318928,30.24,19.98,3.44,81.32678,22.195713,4.1735716
Vavuniya,2005,3,27.542582,35.13,21.71,43.91,77.29323,21.80871,3.3367743
Vavuniya,2005,4,28.01,34.02,24.56,170.44,81.877,20.099333,2.9363332
Vavuniya,2005,5,28.968388,34.99,25.47,46.78,78.62548,21.501936,4.757742
Vavuniya,2005,6,28.872334,34.9,25.49,11.860001,75.5,19.735332,7.434
Vavuniya,2005,7,28.347097,34.14,24.92,23.54,74.950966,19.462582,7.496129
Vavuniya,2005,8,28.980646,36.19,25.03,46.62,70.63516,21.778387,6.1758065
Vavuniya,2005,9,28.680666,35.23,25.13,13.94,71.91167,19.971,6.9866667
Vavuniya,2005,10,27.767097,34.94,24.76,183.07,79.26387,18.337742,4.1390324
Vavuniya,2005,11,25.677,30.35,22.47,405.89,88.15267,13.564333,3.792
Vavuniya,2005,12,25.005163,29.41,20.39,101.38,86.26129,15.128064,4.2564516
Vavuniya,2006,1,24.240967,28.28,18.74,107.07,85.74968,15.264517,4.4616127
Vavuniya,2006,2,25.310715,30.55,20.78,21.36,81.545715,19.545715,4.2092857
Vavuniya,2006,3,27.208387,34.7,21.62,101.05,78.590645,21.17129,2.978387
Vavuniya,2006,4,29.139334,36.41,23.94,76.5,72.27867,22.222332,3.0663333
Vavuniya,2006,5,28.779676,35.5,24.89,45.08,76.32097,20.718388,5.975161
Vavuniya,2006,6,29.077667,36.0,25.5,10.3,71.77333,21.671999,6.416
Vavuniya,2006,7,28.919678,35.78,24.46,12.74,70.46065,19.649677,7.253226
Vavuniya,2006,8,28.603872,36.07,24.38,60.899998,71.5129,21.36484,7.2438707
Vavuniya,2006,9,27.675667,33.51,24.55,80.14,77.58866,19.84,5.912667
Vavuniya,2006,10,27.31387,34.38,23.51,293.82,80.535484,18.44387,4.1545157
Vavuniya,2006,11,26.058,29.57,23.56,284.04,87.67634,15.681334,3.3636668
Vavuniya,2006,12,25.20226,28.83,20.52,83.06,81.48935,14.533548,5.194194
Vavuniya,2007,1,24.817097,29.74,20.39,41.55,79.87258,16.149033,5.0670967
Vavuniya,2007,2,26.137142,33.11,20.03,50.64,74.141785,19.970356,4.1017857
Vavuniya,2007,3,27.539034,36.87,20.83,6.1499996,67.952255,24.205484,3.7580645
Vavuniya,2007,4,28.777334,36.38,24.41,99.75,75.09334,19.847332,2.8846667
Vavuniya,2007,5,29.714518,36.29,25.55,12.53,72.604836,21.325806,5.8003225
Vavuniya,2007,6,28.768,36.58,25.01,53.68,74.86167,18.353333,6.3423333
Vavuniya,2007,7,28.446453,34.19,24.33,19.25,73.507744,18.983547,6.8274193
Vavuniya,2007,8,28.451937,35.33,25.1,39.100002,72.86193,20.158066,6.7596774
Vavuniya,2007,9,28.166666,34.02,24.16,71.909996,75.693,20.029667,6.4436665
Vavuniya,2007,10,26.866129,34.33,23.88,337.56,81.57677,17.309355,4.3996773
Vavuniya,2007,11,25.747334,29.93,21.02,139.09,82.994,17.935333,3.5216668
Vavuniya,2007,12,25.014517,28.7,19.33,238.37,84.78677,13.891935,4.913871
Vavuniya,2008,1,24.69742,30.01,19.82,27.33,82.604836,16.968388,4.128387
Vavuniya,2008,2,25.602413,30.28,20.85,103.34,80.60276,19.406551,3.9148276
Vavuniya,2008,3,26.261936,31.34,21.44,238.52,84.824844,18.502258,3.604516
Vavuniya,2008,4,27.211666,32.5,23.51,110.81,83.445335,21.208334,3.1633334
Vavuniya,2008,5,27.904516,32.7,25.29,5.67,82.84483,21.976452,6.266129
Vavuniya,2008,6,28.316668,33.78,25.25,21.92,75.87434,20.321999,6.629667
Vavuniya,2008,7,28.31871,34.9,24.78,34.5,73.79516,20.133549,6.566129
Vavuniya,2008,8,28.238064,34.58,24.33,41.21,73.52968,19.309677,5.8370967
Vavuniya,2008,9,29.173334,36.69,25.05,6.7,67.92,21.979668,6.1566668
Vavuniya,2008,10,27.843225,36.54,22.45,154.3,76.13258,18.229355,3.5500002
Vavuniya,2008,11,26.744,32.53,23.2,255.83,80.353004,14.853333,4.449
Vavuniya,2008,12,25.208708,29.22,21.16,183.31,83.66968,14.872258,4.601613
Vavuniya,2009,1,24.741613,29.33,20.75,43.09,79.28097,17.241936,4.577097
Vavuniya,2009,2,25.811785,35.03,19.77,0.15,69.82036,22.346786,3.8514285
Vavuniya,2009,3,27.479355,36.12,20.56,107.97,73.52516,22.120646,3.2232258
Vavuniya,2009,4,28.843666,35.27,24.58,118.03,76.496,20.265999,3.7253335
Vavuniya,2009,5,29.075485,35.91,25.5,16.71,76.27451,20.260645,5.781613
Vavuniya,2009,6,28.940668,34.98,25.89,6.18,72.06067,19.894999,8.122
Vavuniya,2009,7,28.848387,36.21,25.49,15.53,70.04,19.87871,7.5019355
Vavuniya,2009,8,28.418066,34.72,23.9,101.49,74.61032,19.167742,6.1132255
Vavuniya,2009,9,28.532999,36.4,24.92,23.6,73.98534,21.265001,6.6533337
Vavuniya,2009,10,28.37871,36.03,23.49,119.9,70.29388,20.072903,4.444516
Vavuniya,2009,11,26.383333,31.13,23.07,378.48,85.554,14.926333,3.66
Vavuniya,2009,12,25.685484,29.2,22.4,324.36002,87.39967,12.974194,4.626129
Vavuniya,2010,1,24.832903,29.01,20.62,70.71,83.73322,17.906775,4.479355
Vavuniya,2010,2,25.336428,31.81,20.95,3.0900002,80.94108,20.300001,3.9335713
Vavuniya,2010,3,28.147419,35.76,19.65,30.26,71.53613,22.164515,3.405484
Vavuniya,2010,4,29.698668,37.64,24.92,123.0,73.74333,22.030666,2.9276667
Vavuniya,2010,5,29.203226,35.91,25.47,73.49,79.20871,20.276775,5.3367743
Vavuniya,2010,6,28.923,35.87,25.02,21.06,73.918335,20.046333,6.8533335
Vavuniya,2010,7,28.754194,34.87,24.71,37.79,70.59645,20.224516,6.4167743
Vavuniya,2010,8,28.311935,34.99,24.4,96.93,74.74968,18.350967,6.0164514
Vavuniya,2010,9,27.599333,33.69,24.26,197.12,78.06433,18.861666,4.7113333
Vavuniya,2010,10,26.72,31.93,23.67,121.47,84.78903,18.69871,4.988065
Vavuniya,2010,11,26.001001,30.66,23.65,412.31,86.42467,14.478666,3.1213334
Vavuniya,2010,12,24.949032,29.29,22.05,450.15,89.593544,11.254193,4.557097
Vavuniya,2011,1,24.51258,27.82,19.88,314.74,88.05742,12.995161,5.1187096
Vavuniya,2011,2,25.013214,29.97,21.62,258.07,85.92714,16.751429,4.13
Vavuniya,2011,3,26.391613,32.3,20.99,21.49,82.19903,22.026129,3.3138711
Vavuniya,2011,4,27.34,32.68,21.4,234.91,81.24533,20.226002,2.7283332
Vavuniya,2011,5,27.88129,32.53,23.7,17.52,83.79871,22.295162,5.3822584
Vavuniya,2011,6,28.664,35.21,25.7,6.31,75.224,20.740665,6.737
Vavuniya,2011,7,28.564516,34.27,25.31,22.980001,71.825485,20.108065,6.719355
Vavuniya,2011,8,28.178709,34.42,24.57,92.649994,74.91806,20.214518,6.5416126
Vavuniya,2011,9,28.727,35.71,24.89,22.65,71.542,21.174002,6.305
Vavuniya,2011,10,27.476452,34.56,24.02,295.54,79.67323,17.549032,3.6596773
Vavuniya,2011,11,26.161001,30.15,22.35,428.69,84.38066,15.238333,3.7976668
Vavuniya,2011,12,25.339033,29.26,20.69,209.86,85.98161,14.758064,4.4658065
Vavuniya,2012,1,24.40516,29.23,20.11,32.34,81.88613,19.065805,3.9619355
Vavuniya,2012,2,25.44276,31.85,20.99,30.64,81.786896,18.843449,4.217931
Vavuniya,2012,3,27.865807,35.58,21.62,30.67,72.089035,22.555485,3.2335484
Vavuniya,2012,4,28.786335,35.84,23.86,97.01,74.94334,20.189667,3.161
Vavuniya,2012,5,29.541935,36.01,25.39,2.92,71.71645,21.58645,6.7335486
Vavuniya,2012,6,29.487333,35.46,25.79,7.83,68.715,20.155333,7.976
Vavuniya,2012,7,29.229355,35.56,25.15,29.16,69.69322,20.838064,6.6180644
Vavuniya,2012,8,29.224516,35.46,25.34,10.77,67.60838,21.213871,7.2916126
Vavuniya,2012,9,29.028332,35.63,24.95,71.96,69.96366,19.563665,6.305
Vavuniya,2012,10,27.165483,35.4,24.05,505.07,82.44646,17.227741,4.0687094
Vavuniya,2012,11,26.027334,30.51,22.34,188.03,85.542,16.252666,3.43
Vavuniya,2012,12,25.527418,29.05,21.22,527.73,87.19968,12.86871,4.810645
Vavuniya,2013,1,24.844193,28.08,20.88,173.56,84.80839,15.847097,4.709677
Vavuniya,2013,2,25.461786,30.46,21.6,206.04,84.35607,17.860714,3.9503572
Vavuniya,2013,3,26.48516,32.0,21.35,167.89,83.56935,20.801935,3.362903
Vavuniya,2013,4,28.094666,32.94,23.4,65.22,81.94766,21.886333,2.7680001
Vavuniya,2013,5,28.00871,32.61,25.55,108.03,84.61129,20.024517,5.552258
Vavuniya,2013,6,28.002666,33.12,25.3,22.33,77.64867,19.027,7.5916667
Vavuniya,2013,7,27.945162,33.86,24.96,29.58,74.71806,19.485806,7.1206455
Vavuniya,2013,8,28.359356,34.29,24.64,74.38,73.869675,20.147419,5.6180644
Vavuniya,2013,9,27.815334,34.8,24.38,81.94,76.50267,20.027668,6.660333
Vavuniya,2013,10,27.901936,34.76,23.87,99.18,75.786446,19.92645,4.812903
Vavuniya,2013,11,26.409,30.51,22.46,199.33,83.68667,16.425333,3.79
Vavuniya,2013,12,25.108065,29.29,21.34,120.33,82.39193,13.459678,4.6716127
Vavuniya,2014,1,24.852903,29.3,21.54,165.36,82.742584,14.675807,5.1364512
Vavuniya,2014,2,26.070713,32.97,19.7,24.2,72.36857,20.459286,4.3382144
Vavuniya,2014,3,28.120968,37.29,22.41,3.8600001,67.29064,22.13258,4.4625807
Vavuniya,2014,4,29.76,37.68,24.0,87.4,69.024666,22.472332,2.687
Vavuniya,2014,5,28.269033,33.57,24.63,156.62,83.156456,20.508064,5.087742
Vavuniya,2014,6,29.311666,35.22,25.93,5.19,74.54467,20.425,6.7710004
Vavuniya,2014,7,29.121614,34.8,25.99,10.32,71.064514,20.493225,7.261613
Vavuniya,2014,8,28.312904,34.64,24.13,85.88,73.18419,19.67129,6.261935
Vavuniya,2014,9,28.532999,36.56,25.01,114.25,74.276665,21.110666,5.316
Vavuniya,2014,10,27.106451,32.86,24.01,260.45,83.006775,17.969677,3.349355
Vavuniya,2014,11,26.022,30.59,21.52,412.25,86.82166,12.714666,3.9426665
Vavuniya,2014,12,25.356773,28.73,22.89,505.91998,90.78903,11.314516,4.6506453
Vavuniya,2015,1,24.551935,29.09,21.18,8.4,84.32355,18.657742,3.9919355
Vavuniya,2015,2,25.127142,30.17,20.34,127.64,83.22321,18.66857,4.332143
Vavuniya,2015,3,26.667097,32.85,21.64,66.92,80.54484,22.142902,3.5335484
Vavuniya,2015,4,27.896334,33.87,24.24,173.01,81.004005,22.432335,2.6423333
Vavuniya,2015,5,27.814516,32.15,24.53,193.76,85.922905,19.32871,4.297742
Vavuniya,2015,6,27.760668,32.34,24.51,17.27,84.206,20.487667,6.0899997
Vavuniya,2015,7,28.509033,33.84,25.28,4.2400002,76.40387,20.617098,6.764516
Vavuniya,2015,8,28.777098,35.43,25.05,65.71,74.615166,20.57,6.1161294
Vavuniya,2015,9,27.865665,35.26,23.3,153.0,79.09334,20.492668,5.502667
Vavuniya,2015,10,27.186453,32.36,24.16,307.27,83.59548,16.613548,3.9135485
Vavuniya,2015,11,26.254667,30.11,23.97,538.76,89.266,13.773666,3.4033332
Vavuniya,2015,12,25.967741,29.62,22.23,269.89,87.936775,14.437419,4.2558064
Vavuniya,2016,1,25.128386,28.96,20.78,81.12,83.421616,17.477097,4.3080645
Vavuniya,2016,2,25.926207,31.06,21.33,19.17,81.84655,20.077242,4.0834484
Vavuniya,2016,3,28.178389,36.91,21.68,20.61,72.869354,22.981289,3.4596775
Vavuniya,2016,4,30.710667,37.44,24.38,27.26,69.040665,23.671333,2.7756665
Vavuniya,2016,5,29.115484,36.53,25.16,424.02,79.299355,18.40613,4.850968
Vavuniya,2016,6,27.873,32.02,25.16,11.72,81.552666,18.971998,6.5889997
Vavuniya,2016,7,28.25129,33.47,24.7,27.14,75.85774,20.125162,5.94129
Vavuniya,2016,8,28.869032,35.09,25.34,17.38,72.523224,21.369356,6.0980644
Vavuniya,2016,9,29.335333,36.42,25.19,3.13,67.280334,21.607,6.337333
Vavuniya,2016,10,29.02871,36.18,23.47,89.19,67.02935,19.25871,4.1851616
Vavuniya,2016,11,26.395666,31.19,22.01,221.53,82.26333,14.486333,3.8230002
Vavuniya,2016,12,25.359999,30.37,19.73,101.979996,81.77451,16.549677,4.2832255
Vavuniya,2017,1,25.12,30.09,19.8,124.21,76.68419,16.93613,4.8741937
Vavuniya,2017,2,25.550714,33.22,19.67,29.55,72.17286,21.368929,4.2174997
Vavuniya,2017,3,27.265484,34.12,21.3,126.18,77.3742,22.022903,3.0303226
Vavuniya,2017,4,29.921333,37.32,23.49,38.7,70.328,23.313334,3.3326669
Vavuniya,2017,5,29.64516,35.98,24.55,105.22,74.437096,19.397743,4.8035483
Vavuniya,2017,6,29.133,34.93,25.87,12.759999,72.81133,20.95,7.1309996
Vavuniya,2017,7,29.552904,36.91,25.42,20.1,68.90161,20.81,5.9190326
Vavuniya,2017,8,28.644838,34.33,24.59,95.39,75.310646,20.031935,5.8235483
Vavuniya,2017,9,28.230999,34.73,24.54,53.04,77.060005,20.364666,5.3680005
Vavuniya,2017,10,28.221613,34.76,24.45,130.19,77.0529,18.058388,4.689032
Vavuniya,2017,11,26.335,31.25,22.02,229.73,87.096664,14.641333,4.173
Vavuniya,2017,12,25.63871,29.84,21.45,89.63,82.75451,16.831934,4.0364513
Vavuniya,2018,1,25.017418,30.49,19.55,29.550001,77.35033,17.564516,4.3016133
Vavuniya,2018,2,26.285357,32.32,20.92,38.96,72.99679,20.510714,4.625357
Vavuniya,2018,3,28.01387,36.29,21.69,53.93,71.6829,21.405807,3.6687098
Vavuniya,2018,4,29.375668,37.4,24.26,72.08,72.911,22.140999,3.07
Vavuniya,2018,5,28.184195,34.01,24.84,215.95,82.593864,18.245483,3.9319355
Vavuniya,2018,6,28.164,33.74,24.95,16.64,79.742,20.185667,7.312333
Vavuniya,2018,7,28.536129,34.73,25.05,16.289999,73.741936,20.272903,6.7883873
Vavuniya,2018,8,28.572258,35.42,24.68,30.08,71.685486,19.277742,6.7503223
Vavuniya,2018,9,28.989,37.46,24.23,41.68,69.12867,21.6,4.6196666
Vavuniya,2018,10,27.035807,32.72,22.78,274.86,83.09322,16.26258,3.2509677
Vavuniya,2018,11,26.127333,30.18,21.84,237.42,85.75566,14.416,3.8149998
Vavuniya,2018,12,25.494194,29.09,21.53,118.43,85.62742,15.315484,4.160645
Vavuniya,2019,1,24.734516,30.25,20.29,5.74,79.118706,18.67613,4.523226
Vavuniya,2019,2,26.806429,34.04,21.81,77.18,77.53786,19.170359,4.2025
Vavuniya,2019,3,28.72903,38.08,22.29,2.3,67.05226,23.99129,3.844516
Vavuniya,2019,4,30.611,38.11,24.43,55.93,64.57767,22.380667,2.9533334
Vavuniya,2019,5,30.800646,38.48,26.09,8.28,68.1971,22.571291,5.4467745
Vavuniya,2019,6,30.428999,36.3,26.92,7.92,68.27367,20.471998,7.350667
Vavuniya,2019,7,29.771612,37.08,25.34,18.51,67.6242,19.536776,6.5538707
Vavuniya,2019,8,28.545162,34.54,24.63,95.16,73.1571,19.319677,7.339355
Vavuniya,2019,9,28.001001,35.07,23.95,144.1,77.84033,18.676666,5.3146667
Vavuniya,2019,10,26.884838,32.54,23.74,407.12,84.0171,17.406775,2.718387
Vavuniya,2019,11,26.859335,30.25,23.79,230.25,85.44467,16.907667,3.3193333
Vavuniya,2019,12,25.875807,29.34,22.54,327.74,87.03194,14.510323,4.507097
Vavuniya,2020,1,25.439678,29.58,21.25,27.65,82.15387,19.112904,4.18
Vavuniya,2020,2,25.95862,31.45,21.65,16.23,77.539314,20.63138,4.6255174
Vavuniya,2020,3,28.067421,35.41,22.34,7.1800003,69.84968,23.324839,3.97
Vavuniya,2020,4,30.037666,36.66,23.13,65.409996,69.336334,22.616667,3.3730001
Vavuniya,2020,5,29.588064,36.86,25.92,123.83,76.06581,19.303871,4.5209675
Vavuniya,2020,6,29.075666,35.17,24.92,43.989998,74.099335,20.529667,6.273333
Vavuniya,2020,7,27.815485,33.77,23.74,115.84,78.51065,18.16613,5.179677
Vavuniya,2020,8,28.73516,35.64,24.96,25.25,73.68871,20.648066,6.163548
Vavuniya,2020,9,27.678667,33.79,24.55,143.97,79.00967,17.648335,6.1323333
Vavuniya,2020,10,28.032259,35.07,24.34,74.82,77.048386,19.527098,5.157742
Vavuniya,2020,11,26.879667,33.3,23.05,324.63,85.32266,14.748334,3.786
Vavuniya,2020,12,25.55129,29.15,21.91,477.97998,88.27742,12.114194,4.527742
Vavuniya,2021,1,25.325161,29.05,21.46,279.81,87.99677,15.348064,4.153871
Vavuniya,2021,2,25.021072,30.1,20.07,31.57,82.87643,20.760359,4.2539287
Vavuniya,2021,3,26.68129,34.85,20.97,29.92,80.156456,20.935162,3.527742
Vavuniya,2021,4,28.770666,35.12,23.34,86.24,76.35067,21.782999,3.1303334
Vavuniya,2021,5,28.560322,34.2,25.25,96.28,80.42387,19.688065,5.1112905
Vavuniya,2021,6,28.569334,34.27,24.77,43.309998,77.795334,20.858,5.9423337
Vavuniya,2021,7,28.601292,34.94,25.48,73.45,76.05775,20.579676,6.3903227
Vavuniya,2021,8,28.382902,34.47,23.96,69.74,75.04516,19.477097,5.9935484
Vavuniya,2021,9,28.324667,34.13,24.79,107.6,77.32667,20.393,5.544
Vavuniya,2021,10,27.099678,31.73,24.46,331.0,85.29161,17.337742,4.296129
Vavuniya,2021,11,26.030666,30.17,23.04,601.8,90.354996,14.172,4.069
Vavuniya,2021,12,25.73484,30.49,21.43,124.66,84.46194,17.336775,3.8980646
Vavuniya,2022,1,25.34387,29.59,19.24,102.11,84.354836,18.286129,4.245484
Vavuniya,2022,2,25.286072,30.74,19.96,112.700005,81.82821,19.833216,4.1625
Vavuniya,2022,3,27.421614,34.03,22.09,36.95,79.05775,21.327097,3.626129
Vavuniya,2022,4,27.946999,34.07,24.11,229.52,82.599,20.890001,2.7963333
Vavuniya,2022,5,28.191612,32.34,24.94,26.06,83.00548,20.304193,6.4100003
Vavuniya,2022,6,28.143,33.85,24.77,40.03,78.56267,19.661001,5.7443333
Vavuniya,2022,7,28.088064,33.5,24.25,133.73,76.700325,18.722582,5.3280644
Vavuniya,2022,8,27.840645,34.3,24.23,85.29,78.04064,19.625807,5.7141933
Vavuniya,2022,9,28.012,34.71,24.56,47.03,76.51167,20.623667,5.6190004
Vavuniya,2022,10,27.267742,33.89,23.77,267.36,80.46323,16.677097,3.8035483
Vavuniya,2022,11,25.738667,30.27,21.44,241.08,85.837006,15.552334,3.6360002
Vavuniya,2022,12,25.367098,29.39,19.68,277.56,87.523544,13.124839,4.904839
Vavuniya,2023,1,24.363873,28.0,20.56,96.38,82.881294,16.795805,4.694516
Vavuniya,2023,2,24.858215,29.29,19.86,167.43,82.94714,19.848572,4.3385715
Vavuniya,2023,3,26.919355,33.98,22.8,58.28,81.28838,21.173225,3.5448387
Vavuniya,2023,4,28.902334,35.38,23.76,69.11,74.903336,22.028002,2.9850001
Vavuniya,2023,5,27.91742,33.0,24.56,178.42,85.30613,19.633226,4.532903
Vavuniya,2023,6,28.845667,34.19,25.51,21.78,78.03,21.06,6.1393337
Vavuniya,2023,7,29.165808,36.23,25.23,9.06,71.78806,19.670967,6.5974193
Vavuniya,2023,8,30.099678,37.06,25.54,32.920002,67.283875,22.073547,5.6325808
Vavuniya,2023,9,28.841667,35.69,24.67,68.47,72.817,19.638666,6.905667
Vavuniya,2023,10,27.701937,34.62,24.19,272.87,80.65742,17.474194,3.5500002
Vavuniya,2023,11,26.834665,30.45,23.91,506.94,86.99167,14.9816675,2.6829998
Vavuniya,2023,12,26.389355,30.16,23.92,478.96,90.686455,12.898709,4.7
Vavuniya,2024,1,25.475807,29.35,21.56,158.3,85.156456,16.039679,4.258387
Vavuniya,2024,2,26.283104,31.03,22.54,7.25,83.33138,21.058275,4.577931
Vavuniya,2024,3,27.415161,35.15,21.84,26.210001,75.645485,23.285807,3.7370968
Vavuniya,2024,4,30.488667,37.49,25.05,30.27,70.88433,22.103333,3.0773332
Vavuniya,2024,5,29.794516,38.26,25.86,152.34,77.83451,17.910967,4.2877417
Vavuniya,2024,6,29.019999,34.7,25.82,26.66,77.06067,19.629667,6.6023335
Vavuniya,2024,7,29.535482,35.64,25.87,9.690001,71.060005,19.910967,6.894516
Vavuniya,2024,8,28.762259,34.91,24.65,115.52,76.72032,19.329676,5.335161
Vavuniya,2024,9,29.313667,35.22,25.5,33.06,73.83467,20.751001,6.224667
Vavuniya,2024,10,27.778387,34.99,24.55,181.88,82.43516,17.727097,3.6090324
Vavuniya,2024,11,26.906668,30.46,24.79,479.19,87.143,13.403,4.4936666
Vavuniya,2024,12,26.173225,30.2,21.35,128.84,88.15226,15.609355,4.0880647
Vavuniya,2025,1,25.15129,28.91,22.39,184.63,86.79064,13.156129,4.770645
Vavuniya,2025,2,25.4175,29.83,20.67,74.77,81.69072,21.445713,4.1792855
Vavuniya,2025,3,27.074194,32.42,21.26,63.48,81.26548,21.561935,3.3187096
Vavuniya,2025,4,28.478,34.0,24.04,116.68,79.346664,21.404333,2.875
Vavuniya,2025,5,28.629354,34.22,24.97,119.85,81.34419,20.080645,5.37871
Vavuniya,2025,6,28.847332,33.9,26.15,19.73,77.725,20.797333,6.613667
Vavuniya,2025,7,29.120646,36.15,25.22,10.82,72.617424,20.91742,6.6306453
Vavuniya,2025,8,28.727741,35.34,24.71,47.11,73.521614,20.669031,5.7716126
Vavuniya,2025,9,28.797667,35.23,25.23,68.47,73.76967,20.574001,5.712667
Vavuniya,2025,10,27.699678,34.33,23.54,240.27,81.54097,17.812904,3.4467742
Vavuniya,2025,11,26.442333,31.93,23.79,689.87,87.089,13.395333,4.46
Vavuniya,2025,12,25.185162,29.4,21.65,174.73,87.062256,14.507742,4.334516
