Sample_ID,District,Latitude,Longitude,Agro_Ecological_Zone,Soil_Order_Classification,pH,Nitrogen,Phosphorus,Potassium,Organic_Carbon,Sand,Clay,Silt
SL_SOIL_00001,Galle,6.065461,80.203629,Wet Zone,Ultisols,4.49,1.128,21.5,92.6,1.57,45.5,33.1,21.4
SL_SOIL_00002,Anuradhapura,8.272322,80.773659,Dry Zone,Alfisols,6.44,0.593,7.12,104.36,1.07,71.44,18.74,9.82
SL_SOIL_00003,Batticaloa,7.560748,81.380784,Dry Zone,Vertisols,6.46,0.913,10.33,144.44,1.35,56.04,17.67,26.3
SL_SOIL_00004,Kilinochchi,9.562287,80.478765,Dry Zone,Alfisols,6.47,0.881,13.47,159.32,0.99,59.92,26.6,13.48
SL_SOIL_00005,Matara,6.088399,80.500917,Wet Zone,Ultisols,5.59,1.015,13.27,119.35,1.13,53.81,31.79,14.4
SL_SOIL_00006,Polonnaruwa,7.919548,81.290218,Dry Zone,Vertisols,6.4,0.944,15.39,150.86,0.96,63.22,28.67,8.1
SL_SOIL_00007,Galle,6.164327,80.268312,Wet Zone,Ultisols,5.63,1.437,11.75,133.3,1.91,51.46,35.26,13.28
SL_SOIL_00008,Puttalam,7.925539,80.137085,Dry Zone,Alfisols,6.99,0.742,10.67,97.64,0.88,72.51,5.0,22.49
SL_SOIL_00009,Monaragala,6.609357,81.245844,Intermediate Zone,Alfisols,5.59,0.952,9.46,135.11,1.13,58.51,20.77,20.72
SL_SOIL_00010,Kilinochchi,9.643598,80.430191,Dry Zone,Alfisols,7.31,0.866,10.55,148.73,1.06,65.91,16.58,17.51
SL_SOIL_00011,Kilinochchi,9.512943,80.532654,Dry Zone,Alfisols,6.39,0.761,9.13,150.01,0.72,68.91,19.58,11.51
SL_SOIL_00012,Ratnapura,6.680634,80.584395,Wet Zone,Ultisols,5.11,1.476,22.79,109.01,2.55,32.01,36.52,31.47
SL_SOIL_00013,Polonnaruwa,8.038737,81.179251,Dry Zone,Vertisols,6.12,0.906,19.36,130.42,1.56,57.89,25.2,16.91
SL_SOIL_00014,Kandy,7.308291,80.704861,Wet Zone,Ultisols,4.89,1.639,13.38,148.31,2.16,57.84,28.72,13.43
SL_SOIL_00015,Matara,5.996553,80.597126,Wet Zone,Ultisols,5.54,1.278,17.2,145.38,1.4,60.53,27.17,12.3
SL_SOIL_00016,Ratnapura,6.707772,80.731324,Wet Zone,Ultisols,4.62,1.419,27.99,149.14,3.28,40.12,38.67,21.21
SL_SOIL_00017,Kalutara,6.585054,80.239071,Wet Zone,Ultisols,4.88,1.429,17.22,122.06,1.69,57.85,31.7,10.45
SL_SOIL_00018,Badulla,6.860243,80.926031,Up Country Intermediate Zone,Inceptisols,5.49,1.266,17.56,129.73,1.52,47.67,39.56,12.77
SL_SOIL_00019,Polonnaruwa,8.12906,81.191886,Dry Zone,Vertisols,5.92,1.24,13.6,161.99,1.12,55.66,23.17,21.17
SL_SOIL_00020,Gampaha,7.203178,80.062051,Wet Zone,Ultisols,5.57,1.354,13.54,114.64,1.79,47.45,26.19,26.36
SL_SOIL_00021,Ratnapura,6.661337,80.732522,Wet Zone,Ultisols,4.93,1.51,14.9,137.69,2.48,47.9,31.15,20.95
SL_SOIL_00022,Mannar,9.004654,79.801604,Dry Zone,Alfisols,7.06,0.794,3.45,142.09,0.78,76.16,9.99,13.85
SL_SOIL_00023,Nuwara Eliya,7.033251,80.819031,Up Country Wet Zone,Inceptisols,4.88,1.687,17.02,120.3,2.51,31.61,45.58,22.81
SL_SOIL_00024,Gampaha,7.117321,79.982918,Wet Zone,Ultisols,6.17,1.238,16.34,117.91,1.97,61.93,23.03,15.04
SL_SOIL_00025,Polonnaruwa,8.116416,80.981216,Dry Zone,Vertisols,6.47,1.063,11.39,160.87,1.36,62.13,20.22,17.65
SL_SOIL_00026,Colombo,6.83675,79.810586,Wet Zone,Ultisols,6.25,1.423,11.8,100.29,1.25,66.44,22.68,10.88
SL_SOIL_00027,Mannar,9.164085,79.99171,Dry Zone,Alfisols,7.61,0.615,10.66,155.45,0.85,79.54,14.03,6.43
SL_SOIL_00028,Badulla,6.898514,81.091738,Up Country Intermediate Zone,Inceptisols,5.46,1.889,20.69,134.15,2.32,41.38,30.82,27.8
SL_SOIL_00029,Mannar,9.076485,79.980912,Dry Zone,Alfisols,7.4,0.64,11.22,150.41,0.83,63.39,21.18,15.43
SL_SOIL_00030,Kegalle,7.317568,80.307118,Wet Zone,Ultisols,4.95,1.589,12.01,132.41,2.7,43.93,31.81,24.26
SL_SOIL_00031,Trincomalee,8.871192,80.759857,Dry Zone,Alfisols,7.13,0.736,8.2,118.83,0.59,68.51,12.93,18.56
SL_SOIL_00032,Jaffna,9.640744,80.187687,Dry Zone,Alfisols,7.05,1.013,12.44,156.92,1.05,65.77,20.04,14.19
SL_SOIL_00033,Ampara,7.087014,81.40157,Dry Zone,Vertisols,6.44,1.14,14.74,163.26,1.42,53.51,20.68,25.81
SL_SOIL_00034,Batticaloa,7.595363,81.208237,Dry Zone,Vertisols,6.32,1.017,10.21,157.64,1.36,69.1,23.79,7.11
SL_SOIL_00035,Batticaloa,7.97021,81.009494,Dry Zone,Vertisols,5.91,1.241,23.83,168.26,1.82,67.74,23.03,9.23
SL_SOIL_00036,Puttalam,7.686263,80.049265,Dry Zone,Alfisols,6.61,0.427,10.45,136.96,1.03,73.42,19.01,7.57
SL_SOIL_00037,Mannar,9.188094,80.079697,Dry Zone,Alfisols,6.89,0.773,9.75,130.65,0.95,73.47,14.07,12.46
SL_SOIL_00038,Monaragala,7.00363,81.33526,Intermediate Zone,Alfisols,6.19,0.997,11.36,142.11,1.62,66.12,28.14,5.74
SL_SOIL_00039,Anuradhapura,8.136355,80.893113,Dry Zone,Alfisols,7.17,1.187,13.55,145.73,1.45,77.97,16.26,5.77
SL_SOIL_00040,Kegalle,7.119617,80.29288,Wet Zone,Ultisols,5.11,1.292,9.7,114.79,1.52,52.21,32.91,14.88
SL_SOIL_00041,Kalutara,6.675034,80.156482,Wet Zone,Ultisols,5.8,1.449,22.57,134.78,2.35,51.01,35.31,13.68
SL_SOIL_00042,Matale,7.590275,80.75232,Intermediate Zone,Alfisols,5.29,1.282,11.58,144.68,1.44,52.4,28.57,19.03
SL_SOIL_00043,Puttalam,8.038426,79.839235,Dry Zone,Alfisols,6.43,0.769,3.0,122.89,1.08,75.52,18.41,6.08
SL_SOIL_00044,Galle,5.99996,80.113881,Wet Zone,Ultisols,5.84,1.671,18.59,120.52,2.76,49.21,31.07,19.71
SL_SOIL_00045,Polonnaruwa,8.163678,80.982943,Dry Zone,Vertisols,6.79,0.826,11.64,130.65,1.0,50.15,17.02,32.83
SL_SOIL_00046,Hambantota,6.102822,80.572825,Dry Zone,Alfisols,6.07,1.222,6.63,119.21,1.37,73.24,9.54,17.22
SL_SOIL_00047,Galle,6.099907,80.226583,Wet Zone,Ultisols,5.54,1.241,7.48,134.66,1.9,59.69,25.93,14.38
SL_SOIL_00048,Kurunegala,7.856137,80.266877,Intermediate Zone,Alfisols,5.52,0.849,12.34,131.64,1.19,53.67,19.91,26.42
SL_SOIL_00049,Kandy,7.241221,80.597998,Wet Zone,Ultisols,5.04,1.452,9.29,142.12,2.5,52.35,28.02,19.63
SL_SOIL_00050,Kegalle,7.13828,80.240179,Wet Zone,Ultisols,5.1,1.499,19.68,123.02,2.56,45.7,36.77,17.53
SL_SOIL_00051,Vavuniya,8.902986,80.418029,Dry Zone,Alfisols,6.38,1.181,11.24,145.97,1.12,65.7,23.13,11.17
SL_SOIL_00052,Kurunegala,7.42134,80.39149,Intermediate Zone,Alfisols,6.29,0.913,15.26,147.37,1.39,51.17,27.87,20.96
SL_SOIL_00053,Hambantota,6.124296,80.574887,Dry Zone,Alfisols,6.18,0.92,14.67,101.52,1.14,68.55,16.1,15.36
SL_SOIL_00054,Polonnaruwa,8.089994,80.849369,Dry Zone,Vertisols,6.29,0.891,13.66,129.46,1.15,61.93,20.88,17.18
SL_SOIL_00055,Gampaha,7.195875,80.059912,Wet Zone,Ultisols,6.05,1.241,11.69,124.15,1.7,62.74,15.16,22.09
SL_SOIL_00056,Anuradhapura,8.196484,80.776142,Dry Zone,Alfisols,6.43,0.758,4.59,125.36,0.89,68.18,17.99,13.84
SL_SOIL_00057,Batticaloa,7.568943,81.413258,Dry Zone,Vertisols,6.9,0.956,15.89,152.12,1.42,56.21,23.41,20.37
SL_SOIL_00058,Galle,6.039584,80.328223,Wet Zone,Ultisols,5.2,1.261,15.71,111.87,1.48,52.5,33.49,14.01
SL_SOIL_00059,Mannar,8.910303,79.861274,Dry Zone,Alfisols,7.15,0.766,10.33,145.66,0.68,70.07,18.94,11.0
SL_SOIL_00060,Matara,5.983027,80.682025,Wet Zone,Ultisols,5.94,1.292,14.47,104.05,1.69,58.19,34.73,7.08
SL_SOIL_00061,Batticaloa,7.61574,81.408812,Dry Zone,Vertisols,6.58,1.119,11.54,173.17,0.82,71.73,17.48,10.79
SL_SOIL_00062,Kalutara,6.500802,80.144715,Wet Zone,Ultisols,5.25,1.18,22.21,125.35,1.64,48.29,24.84,26.87
SL_SOIL_00063,Vavuniya,8.98747,80.404937,Dry Zone,Alfisols,6.91,0.913,9.9,125.6,1.08,56.02,19.49,24.49
SL_SOIL_00064,Trincomalee,8.557413,80.734442,Dry Zone,Alfisols,6.61,1.123,15.57,137.21,1.08,66.53,18.14,15.33
SL_SOIL_00065,Kandy,7.325119,80.636754,Wet Zone,Ultisols,5.51,1.356,13.1,132.28,1.42,46.5,38.25,15.25
SL_SOIL_00066,Kurunegala,7.798992,80.518017,Intermediate Zone,Alfisols,6.28,0.816,13.02,122.7,1.01,60.57,27.43,12.0
SL_SOIL_00067,Matara,5.933101,80.545563,Wet Zone,Ultisols,5.11,1.425,11.8,111.84,2.66,48.25,27.02,24.73
SL_SOIL_00068,Kandy,7.324224,80.733388,Wet Zone,Ultisols,5.73,1.453,8.26,156.87,1.91,51.92,36.33,11.74
SL_SOIL_00069,Gampaha,7.172601,79.952163,Wet Zone,Ultisols,5.54,1.068,12.12,99.01,1.3,52.63,18.13,29.24
SL_SOIL_00070,Nuwara Eliya,6.858983,80.881729,Up Country Wet Zone,Inceptisols,4.46,1.43,14.88,155.06,2.95,44.94,32.75,22.31
SL_SOIL_00071,Badulla,6.945645,81.048175,Up Country Intermediate Zone,Inceptisols,6.05,1.566,18.34,129.17,2.9,45.36,33.08,21.56
SL_SOIL_00072,Jaffna,9.599001,79.810891,Dry Zone,Alfisols,7.21,0.57,5.96,178.25,0.7,64.41,8.89,26.7
SL_SOIL_00073,Kandy,7.365699,80.724127,Wet Zone,Ultisols,5.68,1.837,16.11,121.36,2.48,49.63,28.65,21.72
SL_SOIL_00074,Badulla,7.164321,81.041595,Up Country Intermediate Zone,Inceptisols,4.86,1.595,11.35,133.23,1.92,47.32,32.06,20.62
SL_SOIL_00075,Kurunegala,7.709387,80.302519,Intermediate Zone,Alfisols,5.98,0.859,8.29,142.29,1.49,64.04,18.81,17.15
SL_SOIL_00076,Mannar,9.018233,79.831677,Dry Zone,Alfisols,7.32,0.649,6.61,161.05,0.82,74.67,10.67,14.66
SL_SOIL_00077,Gampaha,7.126155,79.885184,Wet Zone,Ultisols,5.54,1.074,18.74,107.29,1.27,52.28,23.05,24.68
SL_SOIL_00078,Jaffna,9.743458,79.711766,Dry Zone,Alfisols,8.24,0.595,12.88,196.15,0.6,68.82,6.69,24.49
SL_SOIL_00079,Kandy,7.323058,80.589002,Wet Zone,Ultisols,5.81,1.586,21.58,129.03,2.37,48.11,29.4,22.49
SL_SOIL_00080,Vavuniya,8.985529,80.354032,Dry Zone,Alfisols,6.5,0.838,12.36,138.13,0.96,61.03,24.03,14.94
SL_SOIL_00081,Ampara,7.296684,81.726118,Dry Zone,Vertisols,6.67,0.955,12.78,133.46,1.08,60.05,17.03,22.92
SL_SOIL_00082,Batticaloa,7.563193,81.016706,Dry Zone,Vertisols,7.39,1.149,14.05,167.85,1.61,64.14,27.53,8.33
SL_SOIL_00083,Matara,6.081064,80.57315,Wet Zone,Ultisols,5.81,1.486,13.47,112.88,2.04,53.93,27.71,18.36
SL_SOIL_00084,Vavuniya,8.818679,80.635928,Dry Zone,Alfisols,6.53,0.917,16.74,154.06,1.26,67.24,19.51,13.24
SL_SOIL_00085,Monaragala,7.03014,81.348717,Intermediate Zone,Alfisols,6.19,0.827,9.74,121.12,1.09,62.57,23.16,14.26
SL_SOIL_00086,Kegalle,7.301179,80.244579,Wet Zone,Ultisols,5.4,1.385,14.84,140.41,2.18,35.93,31.94,32.13
SL_SOIL_00087,Matara,6.123566,80.611226,Wet Zone,Ultisols,5.05,1.239,6.68,137.05,1.46,53.36,35.79,10.85
SL_SOIL_00088,Polonnaruwa,8.194418,80.912864,Dry Zone,Vertisols,6.02,0.613,9.86,136.75,1.1,48.22,20.03,31.75
SL_SOIL_00089,Ampara,7.185877,81.559152,Dry Zone,Vertisols,6.8,1.346,17.8,161.08,1.44,53.41,21.05,25.54
SL_SOIL_00090,Mullaitivu,9.229057,80.591209,Dry Zone,Alfisols,6.92,1.033,14.46,162.51,0.94,62.47,23.24,14.28
SL_SOIL_00091,Kurunegala,7.644438,80.577905,Intermediate Zone,Alfisols,5.94,1.139,22.48,116.34,1.11,55.65,25.61,18.74
SL_SOIL_00092,Batticaloa,7.82595,81.49945,Dry Zone,Vertisols,6.54,1.065,15.72,147.78,1.29,49.46,22.89,27.64
SL_SOIL_00093,Polonnaruwa,7.899583,81.099298,Dry Zone,Vertisols,6.06,1.031,15.17,132.63,1.3,66.97,22.23,10.79
SL_SOIL_00094,Ratnapura,6.806336,80.715848,Wet Zone,Ultisols,5.24,1.656,12.83,151.18,2.81,49.91,24.47,25.63
SL_SOIL_00095,Kegalle,7.287004,80.311294,Wet Zone,Ultisols,4.66,1.478,21.86,133.95,2.5,43.67,33.54,22.79
SL_SOIL_00096,Mullaitivu,9.000075,80.787689,Dry Zone,Alfisols,6.79,1.142,7.72,121.46,0.84,76.49,15.08,8.43
SL_SOIL_00097,Hambantota,6.047374,80.658702,Dry Zone,Alfisols,6.3,0.708,10.0,103.49,0.93,72.38,19.41,8.2
SL_SOIL_00098,Batticaloa,7.519043,81.371981,Dry Zone,Vertisols,6.48,1.039,13.13,142.53,1.04,54.87,16.86,28.27
SL_SOIL_00099,Mullaitivu,9.211988,80.823116,Dry Zone,Alfisols,6.42,1.024,13.12,167.06,1.06,57.74,8.04,34.21
SL_SOIL_00100,Colombo,6.884585,79.925623,Wet Zone,Ultisols,5.89,0.996,7.83,105.75,1.49,58.57,19.91,21.51
SL_SOIL_00101,Kegalle,7.14693,80.545712,Wet Zone,Ultisols,4.96,1.42,15.31,93.29,1.42,42.11,34.64,23.25
SL_SOIL_00102,Galle,6.035462,80.318469,Wet Zone,Ultisols,5.75,1.287,12.52,123.1,1.23,46.94,23.22,29.84
SL_SOIL_00103,Hambantota,6.263245,81.048046,Dry Zone,Alfisols,6.35,0.72,9.3,111.35,1.2,57.59,16.71,25.7
SL_SOIL_00104,Ratnapura,6.705885,80.306555,Wet Zone,Ultisols,5.26,1.562,16.31,123.69,2.78,44.91,33.33,21.76
SL_SOIL_00105,Colombo,6.803784,80.004902,Wet Zone,Ultisols,5.97,1.367,12.31,95.8,1.89,59.45,27.16,13.39
SL_SOIL_00106,Mannar,8.897665,79.979403,Dry Zone,Alfisols,6.98,0.691,7.27,154.19,0.96,73.61,12.94,13.45
SL_SOIL_00107,Matara,5.906452,80.588323,Wet Zone,Ultisols,5.47,1.154,11.76,132.33,1.85,55.15,28.29,16.57
SL_SOIL_00108,Ratnapura,6.707918,80.448676,Wet Zone,Ultisols,5.32,1.744,18.15,128.27,1.92,49.71,40.58,9.71
SL_SOIL_00109,Kilinochchi,9.358126,80.273642,Dry Zone,Alfisols,7.29,0.857,9.15,145.3,1.18,68.01,17.21,14.78
SL_SOIL_00110,Puttalam,8.13618,79.906839,Dry Zone,Alfisols,6.55,1.12,12.69,122.49,1.13,74.85,8.9,16.25
SL_SOIL_00111,Trincomalee,8.484752,80.74078,Dry Zone,Alfisols,6.26,0.84,13.5,154.6,1.32,61.01,30.05,8.94
SL_SOIL_00112,Matara,6.061864,80.660939,Wet Zone,Ultisols,5.05,1.193,25.61,127.27,2.29,56.06,35.22,8.72
SL_SOIL_00113,Kalutara,6.405837,80.018171,Wet Zone,Ultisols,5.29,1.259,21.5,118.85,2.1,50.23,29.53,20.24
SL_SOIL_00114,Kalutara,6.560876,80.186516,Wet Zone,Ultisols,5.77,1.698,16.47,122.5,2.21,39.62,37.42,22.96
SL_SOIL_00115,Colombo,6.822963,79.902271,Wet Zone,Ultisols,5.32,1.253,17.76,124.41,1.36,55.79,18.77,25.43
SL_SOIL_00116,Matale,7.662361,80.609644,Intermediate Zone,Alfisols,5.34,1.092,12.46,100.92,1.5,55.28,26.46,18.26
SL_SOIL_00117,Jaffna,9.649168,80.072368,Dry Zone,Alfisols,7.05,0.568,12.35,147.01,0.83,66.37,10.36,23.27
SL_SOIL_00118,Galle,6.029761,80.203879,Wet Zone,Ultisols,5.5,1.378,14.55,121.86,1.92,43.97,30.56,25.46
SL_SOIL_00119,Hambantota,6.010826,80.942928,Dry Zone,Alfisols,6.19,0.995,4.86,108.75,1.03,57.27,18.14,24.59
SL_SOIL_00120,Galle,6.029019,80.256742,Wet Zone,Ultisols,4.96,1.577,12.59,121.43,2.18,42.33,27.57,30.09
SL_SOIL_00121,Hambantota,6.06341,80.98488,Dry Zone,Alfisols,6.11,1.029,15.93,112.28,0.66,63.14,20.74,16.12
SL_SOIL_00122,Matara,6.044744,80.453652,Wet Zone,Ultisols,5.73,1.118,19.87,125.85,2.31,45.32,22.85,31.83
SL_SOIL_00123,Mannar,8.906399,79.899834,Dry Zone,Alfisols,7.82,0.879,11.95,161.52,0.88,75.45,11.01,13.54
SL_SOIL_00124,Gampaha,7.159622,79.945923,Wet Zone,Ultisols,5.59,0.846,19.69,110.83,1.02,59.07,26.19,14.75
SL_SOIL_00125,Colombo,6.944676,79.820931,Wet Zone,Ultisols,5.26,1.015,9.63,114.36,1.23,57.91,31.95,10.14
SL_SOIL_00126,Ampara,7.120177,81.473614,Dry Zone,Vertisols,6.68,0.901,9.33,163.1,1.26,58.06,23.88,18.06
SL_SOIL_00127,Monaragala,7.245059,81.487247,Intermediate Zone,Alfisols,6.07,1.203,9.24,136.22,1.44,57.53,19.05,23.42
SL_SOIL_00128,Monaragala,7.151579,81.541949,Intermediate Zone,Alfisols,5.92,0.963,13.23,122.98,1.51,58.8,24.41,16.79
SL_SOIL_00129,Ratnapura,6.869137,80.343878,Wet Zone,Ultisols,4.85,1.683,16.61,130.38,2.94,40.27,33.04,26.69
SL_SOIL_00130,Matale,7.470851,80.551542,Intermediate Zone,Alfisols,5.54,1.205,8.88,130.91,1.58,60.68,23.48,15.84
SL_SOIL_00131,Kalutara,6.681136,80.295297,Wet Zone,Ultisols,5.23,1.506,21.32,108.81,1.86,56.04,27.69,16.27
SL_SOIL_00132,Mannar,8.877814,80.046166,Dry Zone,Alfisols,7.19,0.957,16.3,139.63,0.98,73.62,5.0,21.38
SL_SOIL_00133,Matara,6.098266,80.69531,Wet Zone,Ultisols,5.13,1.096,13.87,110.94,0.96,47.25,29.57,23.18
SL_SOIL_00134,Badulla,6.92252,80.964138,Up Country Intermediate Zone,Inceptisols,4.85,1.389,14.51,145.32,2.21,50.78,41.25,7.97
SL_SOIL_00135,Kalutara,6.70222,79.996301,Wet Zone,Ultisols,5.52,1.36,8.6,121.81,1.93,47.81,25.45,26.74
SL_SOIL_00136,Colombo,6.82194,79.903965,Wet Zone,Ultisols,5.79,1.091,3.41,102.72,1.65,55.53,30.46,14.01
SL_SOIL_00137,Kalutara,6.563793,80.093748,Wet Zone,Ultisols,5.65,1.316,12.94,142.8,2.12,54.78,32.29,12.93
SL_SOIL_00138,Matale,7.503841,80.550493,Intermediate Zone,Alfisols,5.44,1.114,19.71,128.43,2.32,55.77,22.27,21.95
SL_SOIL_00139,Batticaloa,7.75649,81.168836,Dry Zone,Vertisols,6.99,1.135,15.78,140.74,1.48,64.6,16.82,18.57
SL_SOIL_00140,Vavuniya,8.69687,80.329201,Dry Zone,Alfisols,6.99,1.152,16.29,137.23,1.41,66.58,17.93,15.5
SL_SOIL_00141,Kalutara,6.496077,80.168632,Wet Zone,Ultisols,5.47,1.357,18.75,124.43,1.5,51.0,31.52,17.48
SL_SOIL_00142,Colombo,6.80571,79.933742,Wet Zone,Ultisols,6.19,0.976,17.87,113.68,1.92,53.56,29.58,16.86
SL_SOIL_00143,Matale,7.745169,80.630123,Intermediate Zone,Alfisols,6.0,1.357,13.31,126.81,1.94,48.3,25.53,26.17
SL_SOIL_00144,Monaragala,6.642998,81.134355,Intermediate Zone,Alfisols,5.45,0.641,12.83,147.96,1.07,60.26,24.83,14.91
SL_SOIL_00145,Vavuniya,8.88356,80.697514,Dry Zone,Alfisols,6.99,0.73,15.93,141.01,0.91,54.26,18.82,26.93
SL_SOIL_00146,Galle,6.060018,80.220713,Wet Zone,Ultisols,5.45,1.282,15.6,143.82,1.87,48.32,31.21,20.46
SL_SOIL_00147,Hambantota,6.176298,81.033129,Dry Zone,Alfisols,7.25,0.69,11.16,122.27,0.82,66.8,11.95,21.26
SL_SOIL_00148,Batticaloa,7.831681,81.070933,Dry Zone,Vertisols,7.42,1.019,11.87,146.77,1.64,65.41,27.3,7.29
SL_SOIL_00149,Batticaloa,7.926463,81.069494,Dry Zone,Vertisols,6.81,1.127,20.38,149.71,1.79,59.23,29.17,11.6
SL_SOIL_00150,Jaffna,9.685085,79.965555,Dry Zone,Alfisols,7.98,0.864,13.82,173.91,1.03,71.49,21.42,7.1
SL_SOIL_00151,Mullaitivu,9.268562,80.95947,Dry Zone,Alfisols,7.2,0.948,19.36,145.62,1.08,57.91,18.36,23.73
SL_SOIL_00152,Puttalam,7.995077,80.166478,Dry Zone,Alfisols,6.78,1.212,13.5,133.16,1.09,74.22,7.07,18.7
SL_SOIL_00153,Galle,6.068129,80.194556,Wet Zone,Ultisols,4.4,1.344,11.98,133.62,2.21,43.57,32.25,24.18
SL_SOIL_00154,Trincomalee,8.580197,80.769657,Dry Zone,Alfisols,6.95,0.752,12.79,123.34,1.25,68.39,17.82,13.78
SL_SOIL_00155,Anuradhapura,8.17809,80.44733,Dry Zone,Alfisols,6.11,0.929,7.86,146.93,1.21,71.76,15.32,12.92
SL_SOIL_00156,Kandy,7.270592,80.566191,Wet Zone,Ultisols,4.86,1.58,20.05,117.21,2.25,49.25,31.2,19.55
SL_SOIL_00157,Matale,7.445963,80.551151,Intermediate Zone,Alfisols,6.54,1.213,13.75,125.14,1.92,43.07,29.04,27.89
SL_SOIL_00158,Monaragala,6.660977,81.292431,Intermediate Zone,Alfisols,5.79,1.061,15.81,132.17,1.02,52.14,22.42,25.45
SL_SOIL_00159,Galle,6.057715,80.178048,Wet Zone,Ultisols,5.6,1.484,21.67,139.35,2.26,35.89,28.15,35.96
SL_SOIL_00160,Mullaitivu,9.025003,80.663107,Dry Zone,Alfisols,6.79,1.159,9.94,176.16,0.79,60.15,21.29,18.56
SL_SOIL_00161,Batticaloa,7.556422,81.35786,Dry Zone,Vertisols,6.64,0.872,13.1,121.58,1.3,64.27,28.14,7.6
SL_SOIL_00162,Kilinochchi,9.404884,80.634841,Dry Zone,Alfisols,7.06,1.066,16.58,174.39,1.45,48.49,20.12,31.39
SL_SOIL_00163,Kandy,7.213445,80.554417,Wet Zone,Ultisols,4.92,1.175,13.9,137.85,1.6,50.6,31.94,17.46
SL_SOIL_00164,Mullaitivu,9.280346,80.920553,Dry Zone,Alfisols,7.05,0.653,11.04,155.35,0.66,59.03,17.94,23.03
SL_SOIL_00165,Galle,5.977039,80.310527,Wet Zone,Ultisols,4.75,1.489,12.08,117.87,2.41,50.32,36.87,12.8
SL_SOIL_00166,Puttalam,7.791884,80.113838,Dry Zone,Alfisols,6.32,0.942,11.32,99.55,1.11,77.46,14.98,7.56
SL_SOIL_00167,Badulla,7.095497,80.957194,Up Country Intermediate Zone,Inceptisols,5.51,1.573,15.04,136.6,1.81,43.94,33.61,22.45
SL_SOIL_00168,Gampaha,7.014328,79.902377,Wet Zone,Ultisols,6.18,1.384,14.18,128.98,1.93,52.99,25.92,21.09
SL_SOIL_00169,Jaffna,9.648516,79.943606,Dry Zone,Alfisols,6.94,0.782,9.5,161.71,0.78,74.58,12.22,13.2
SL_SOIL_00170,Mullaitivu,9.202674,80.920801,Dry Zone,Alfisols,7.27,0.98,11.02,161.85,1.15,73.05,13.24,13.71
SL_SOIL_00171,Kegalle,7.300925,80.501871,Wet Zone,Ultisols,5.6,1.264,14.97,142.31,1.91,40.8,26.88,32.32
SL_SOIL_00172,Polonnaruwa,7.840675,81.028788,Dry Zone,Vertisols,6.22,1.07,12.92,163.07,1.56,64.31,19.32,16.37
SL_SOIL_00173,Nuwara Eliya,6.944499,80.895295,Up Country Wet Zone,Inceptisols,5.31,1.457,9.82,161.63,3.09,35.27,41.35,23.38
SL_SOIL_00174,Mannar,8.900356,79.830169,Dry Zone,Alfisols,7.23,0.546,9.07,173.41,1.05,67.3,19.59,13.11
SL_SOIL_00175,Mannar,9.046888,80.065442,Dry Zone,Alfisols,7.02,0.75,20.57,159.49,0.57,64.04,15.29,20.67
SL_SOIL_00176,Anuradhapura,8.103031,80.420878,Dry Zone,Alfisols,6.6,0.733,9.7,113.17,0.85,60.58,17.87,21.54
SL_SOIL_00177,Kilinochchi,9.322358,80.376956,Dry Zone,Alfisols,6.93,0.813,8.55,154.83,0.7,67.4,23.66,8.95
SL_SOIL_00178,Monaragala,7.086443,81.006331,Intermediate Zone,Alfisols,5.94,1.021,11.57,131.68,1.58,67.64,23.15,9.2
SL_SOIL_00179,Kegalle,7.098178,80.388069,Wet Zone,Ultisols,5.51,1.172,9.37,125.38,1.74,55.27,27.17,17.56
SL_SOIL_00180,Galle,6.024502,80.25637,Wet Zone,Ultisols,5.89,1.156,17.81,116.61,1.85,38.27,28.37,33.36
SL_SOIL_00181,Colombo,6.879709,80.011817,Wet Zone,Ultisols,5.94,1.01,10.66,121.56,1.85,51.66,33.52,14.82
SL_SOIL_00182,Colombo,6.911814,79.830187,Wet Zone,Ultisols,5.37,0.713,21.55,104.97,1.49,58.37,18.73,22.9
SL_SOIL_00183,Kegalle,7.327099,80.549131,Wet Zone,Ultisols,5.0,1.118,10.96,121.59,1.42,45.76,24.79,29.44
SL_SOIL_00184,Kegalle,7.238662,80.424133,Wet Zone,Ultisols,5.12,1.547,23.87,138.77,2.29,51.87,24.18,23.96
SL_SOIL_00185,Anuradhapura,8.242459,80.380007,Dry Zone,Alfisols,6.02,0.668,5.03,113.51,0.8,72.78,20.18,7.04
SL_SOIL_00186,Mullaitivu,9.102565,80.963688,Dry Zone,Alfisols,6.23,0.81,19.25,151.21,1.06,67.9,8.19,23.91
SL_SOIL_00187,Hambantota,6.299892,80.806783,Dry Zone,Alfisols,6.69,0.714,15.59,103.45,0.63,67.07,20.96,11.97
SL_SOIL_00188,Kalutara,6.748883,80.0994,Wet Zone,Ultisols,5.64,1.413,13.26,121.88,2.03,44.87,19.8,35.33
SL_SOIL_00189,Galle,6.075688,80.309863,Wet Zone,Ultisols,5.72,1.515,11.98,133.91,2.63,43.97,20.1,35.93
SL_SOIL_00190,Nuwara Eliya,6.86312,80.762559,Up Country Wet Zone,Inceptisols,4.62,1.385,17.69,162.49,2.71,47.67,41.27,11.06
SL_SOIL_00191,Matara,5.919803,80.461765,Wet Zone,Ultisols,5.64,0.967,13.21,112.88,1.8,52.93,34.17,12.91
SL_SOIL_00192,Hambantota,6.277198,81.092678,Dry Zone,Alfisols,7.19,0.653,9.73,111.22,1.11,72.07,16.9,11.02
SL_SOIL_00193,Matale,7.422895,80.8293,Intermediate Zone,Alfisols,5.62,1.193,15.43,98.5,1.66,53.1,30.44,16.46
SL_SOIL_00194,Colombo,6.947707,79.898067,Wet Zone,Ultisols,6.37,1.286,12.74,123.56,2.27,54.51,30.45,15.04
SL_SOIL_00195,Puttalam,8.099018,79.896455,Dry Zone,Alfisols,6.42,0.819,14.55,119.74,0.71,72.41,19.48,8.11
SL_SOIL_00196,Jaffna,9.613943,80.133589,Dry Zone,Alfisols,7.79,0.724,10.49,162.65,0.89,71.59,11.77,16.64
SL_SOIL_00197,Mannar,8.853331,80.055554,Dry Zone,Alfisols,7.26,0.526,13.5,145.84,0.46,78.55,8.91,12.53
SL_SOIL_00198,Ratnapura,6.600241,80.383434,Wet Zone,Ultisols,5.27,1.355,20.74,150.91,2.53,42.84,37.62,19.54
SL_SOIL_00199,Batticaloa,7.725055,81.555496,Dry Zone,Vertisols,6.41,1.045,12.91,173.81,1.71,63.66,23.29,13.05
SL_SOIL_00200,Badulla,7.020141,81.029884,Up Country Intermediate Zone,Inceptisols,4.86,1.676,20.17,140.11,2.71,42.97,32.25,24.78
SL_SOIL_00201,Ratnapura,6.64337,80.353789,Wet Zone,Ultisols,4.88,1.479,17.77,134.72,2.38,46.0,42.61,11.38
SL_SOIL_00202,Hambantota,6.182874,80.902564,Dry Zone,Alfisols,6.53,1.078,9.41,80.29,1.0,67.98,15.75,16.27
SL_SOIL_00203,Anuradhapura,8.590541,80.466961,Dry Zone,Alfisols,6.86,0.755,15.17,127.94,0.82,66.97,13.22,19.81
SL_SOIL_00204,Trincomalee,8.434464,81.08684,Dry Zone,Alfisols,6.82,0.785,7.5,149.49,1.03,69.8,24.68,5.53
SL_SOIL_00205,Trincomalee,8.403696,81.107308,Dry Zone,Alfisols,6.62,0.738,10.62,131.8,1.45,73.16,17.61,9.23
SL_SOIL_00206,Anuradhapura,7.964041,80.747962,Dry Zone,Alfisols,5.73,0.723,8.38,132.39,0.89,69.34,16.01,14.65
SL_SOIL_00207,Mannar,8.977674,79.841116,Dry Zone,Alfisols,7.29,0.736,6.36,131.64,0.85,85.0,6.45,8.55
SL_SOIL_00208,Galle,6.092324,80.100519,Wet Zone,Ultisols,4.61,1.107,13.46,137.11,2.05,58.64,31.94,9.43
SL_SOIL_00209,Gampaha,7.111157,79.858124,Wet Zone,Ultisols,5.07,1.046,13.76,136.86,1.46,46.38,20.96,32.66
SL_SOIL_00210,Kalutara,6.457244,80.056443,Wet Zone,Ultisols,4.86,1.302,15.19,129.17,1.26,46.81,27.65,25.54
SL_SOIL_00211,Trincomalee,8.649774,81.311821,Dry Zone,Alfisols,6.98,1.02,9.21,115.76,1.05,64.95,17.65,17.4
SL_SOIL_00212,Matale,7.79962,80.616098,Intermediate Zone,Alfisols,5.03,1.184,27.01,108.15,1.97,47.72,31.35,20.93
SL_SOIL_00213,Trincomalee,8.855332,81.048538,Dry Zone,Alfisols,6.83,0.708,15.83,123.14,1.06,68.35,24.59,7.05
SL_SOIL_00214,Ratnapura,6.596737,80.474013,Wet Zone,Ultisols,4.96,1.151,20.48,138.75,2.73,43.66,36.21,20.13
SL_SOIL_00215,Trincomalee,8.618379,81.0712,Dry Zone,Alfisols,6.86,0.768,8.45,152.19,1.52,60.42,22.62,16.96
SL_SOIL_00216,Trincomalee,8.506332,80.777615,Dry Zone,Alfisols,7.22,0.859,12.74,143.27,1.23,73.88,19.05,7.07
SL_SOIL_00217,Gampaha,7.23672,79.932551,Wet Zone,Ultisols,5.94,1.233,11.68,121.37,1.55,62.37,17.67,19.96
SL_SOIL_00218,Gampaha,7.014274,79.952916,Wet Zone,Ultisols,6.09,1.138,12.1,117.18,1.37,60.34,26.04,13.62
SL_SOIL_00219,Badulla,7.000416,81.050466,Up Country Intermediate Zone,Inceptisols,4.94,1.088,18.82,139.35,1.37,36.9,46.32,16.78
SL_SOIL_00220,Monaragala,7.042316,81.31623,Intermediate Zone,Alfisols,6.01,1.23,16.36,145.6,1.75,61.55,21.43,17.01
SL_SOIL_00221,Matale,7.560459,80.834339,Intermediate Zone,Alfisols,5.26,1.127,14.27,102.62,1.8,57.05,18.84,24.11
SL_SOIL_00222,Colombo,6.950912,79.978905,Wet Zone,Ultisols,5.66,1.305,10.21,134.05,1.93,48.42,30.47,21.11
SL_SOIL_00223,Colombo,6.936663,79.954937,Wet Zone,Ultisols,5.81,0.937,8.57,97.57,1.42,60.65,30.34,9.01
SL_SOIL_00224,Puttalam,8.070982,79.948615,Dry Zone,Alfisols,6.89,0.828,9.61,115.75,0.93,78.79,10.83,10.38
SL_SOIL_00225,Gampaha,7.193643,79.915319,Wet Zone,Ultisols,5.53,1.109,13.2,107.35,1.64,54.16,18.9,26.94
SL_SOIL_00226,Polonnaruwa,8.147538,81.086965,Dry Zone,Vertisols,6.7,0.993,16.91,142.29,1.45,59.05,28.26,12.69
SL_SOIL_00227,Mannar,8.903585,80.063624,Dry Zone,Alfisols,7.37,0.686,3.36,146.16,0.6,78.51,5.0,16.49
SL_SOIL_00228,Nuwara Eliya,6.867759,80.854577,Up Country Wet Zone,Inceptisols,5.43,1.558,28.42,182.43,3.73,38.92,33.37,27.72
SL_SOIL_00229,Monaragala,6.916657,81.440186,Intermediate Zone,Alfisols,5.96,1.056,11.78,117.9,1.62,59.22,18.7,22.09
SL_SOIL_00230,Kandy,7.32763,80.578118,Wet Zone,Ultisols,4.97,1.124,22.18,123.09,1.32,45.18,30.25,24.57
SL_SOIL_00231,Monaragala,7.22093,81.165015,Intermediate Zone,Alfisols,6.08,0.943,16.86,110.86,1.2,62.65,20.68,16.67
SL_SOIL_00232,Kilinochchi,9.334421,80.42971,Dry Zone,Alfisols,6.63,0.681,15.79,155.39,1.13,62.31,12.98,24.71
SL_SOIL_00233,Ratnapura,6.660502,80.656113,Wet Zone,Ultisols,4.59,1.546,18.26,150.08,3.03,45.95,43.65,10.4
SL_SOIL_00234,Trincomalee,8.518399,80.76717,Dry Zone,Alfisols,6.41,1.181,12.9,139.84,1.35,56.1,20.56,23.34
SL_SOIL_00235,Nuwara Eliya,7.045432,80.700939,Up Country Wet Zone,Inceptisols,4.66,1.442,10.48,165.79,3.05,40.78,40.02,19.2
SL_SOIL_00236,Ratnapura,6.804617,80.653928,Wet Zone,Ultisols,4.68,1.291,13.32,130.65,2.1,46.0,35.19,18.81
SL_SOIL_00237,Matale,7.544323,80.775854,Intermediate Zone,Alfisols,5.22,1.046,17.09,126.18,1.9,52.97,25.03,22.0
SL_SOIL_00238,Anuradhapura,8.173207,80.834613,Dry Zone,Alfisols,6.62,1.009,12.38,123.72,1.12,70.29,11.8,17.91
SL_SOIL_00239,Gampaha,7.0072,80.043116,Wet Zone,Ultisols,5.56,0.858,9.78,120.22,1.05,59.71,27.7,12.59
SL_SOIL_00240,Nuwara Eliya,6.935844,80.654775,Up Country Wet Zone,Inceptisols,5.24,1.774,14.29,170.95,3.41,31.49,38.59,29.91
SL_SOIL_00241,Badulla,7.100218,81.111247,Up Country Intermediate Zone,Inceptisols,4.8,1.332,7.92,139.63,2.11,40.69,41.53,17.78
SL_SOIL_00242,Kilinochchi,9.310209,80.466495,Dry Zone,Alfisols,7.12,0.817,11.16,178.05,1.02,58.61,17.16,24.23
SL_SOIL_00243,Ampara,7.0746,81.83448,Dry Zone,Vertisols,6.95,1.041,15.87,138.51,1.65,53.22,24.3,22.48
SL_SOIL_00244,Ampara,7.192097,81.867447,Dry Zone,Vertisols,6.84,1.197,10.53,145.52,1.68,57.56,28.81,13.63
SL_SOIL_00245,Colombo,6.832694,79.875599,Wet Zone,Ultisols,5.78,1.097,13.14,113.21,1.48,60.78,32.07,7.15
SL_SOIL_00246,Hambantota,6.150446,80.718543,Dry Zone,Alfisols,6.8,0.613,6.16,107.31,1.06,65.31,17.04,17.65
SL_SOIL_00247,Nuwara Eliya,6.951725,80.705175,Up Country Wet Zone,Inceptisols,4.85,1.769,19.53,140.18,3.21,40.72,34.0,25.28
SL_SOIL_00248,Ampara,7.321443,81.549729,Dry Zone,Vertisols,6.31,1.24,16.12,133.58,1.37,59.51,29.05,11.44
SL_SOIL_00249,Kalutara,6.446909,79.990516,Wet Zone,Ultisols,5.47,1.224,15.18,128.12,1.83,46.53,22.6,30.87
SL_SOIL_00250,Anuradhapura,8.050927,80.788226,Dry Zone,Alfisols,6.75,0.639,3.0,138.45,1.04,69.38,16.76,13.86
SL_SOIL_00251,Kandy,7.334118,80.650526,Wet Zone,Ultisols,5.7,1.088,18.88,140.88,1.66,51.45,27.94,20.61
SL_SOIL_00252,Puttalam,8.13588,79.805096,Dry Zone,Alfisols,6.83,0.765,14.89,123.25,1.14,77.95,7.45,14.6
SL_SOIL_00253,Kalutara,6.429327,80.175071,Wet Zone,Ultisols,5.67,1.475,12.58,137.8,2.33,52.41,38.29,9.3
SL_SOIL_00254,Puttalam,8.170511,79.830338,Dry Zone,Alfisols,6.79,0.806,6.15,118.29,0.93,75.18,13.36,11.46
SL_SOIL_00255,Anuradhapura,8.572581,80.841721,Dry Zone,Alfisols,6.09,0.726,6.67,134.09,1.06,71.71,10.46,17.83
SL_SOIL_00256,Galle,5.961127,80.172284,Wet Zone,Ultisols,4.66,1.23,20.12,124.13,1.6,43.38,30.74,25.87
SL_SOIL_00257,Anuradhapura,8.03417,80.584727,Dry Zone,Alfisols,5.82,1.155,14.15,115.18,0.73,74.65,14.16,11.19
SL_SOIL_00258,Hambantota,6.019402,80.854803,Dry Zone,Alfisols,6.88,0.958,11.67,114.08,1.25,69.23,21.0,9.77
SL_SOIL_00259,Colombo,6.894997,79.93936,Wet Zone,Ultisols,5.88,1.143,8.65,126.92,1.59,48.91,23.14,27.95
SL_SOIL_00260,Matara,5.920503,80.524623,Wet Zone,Ultisols,5.63,1.32,10.37,113.54,1.41,41.25,27.9,30.85
SL_SOIL_00261,Galle,6.132753,80.119156,Wet Zone,Ultisols,4.89,1.148,16.69,134.32,2.29,48.35,30.79,20.86
SL_SOIL_00262,Kurunegala,7.623827,80.59098,Intermediate Zone,Alfisols,6.48,1.021,10.03,142.66,1.05,58.39,16.71,24.9
SL_SOIL_00263,Matara,5.966882,80.579802,Wet Zone,Ultisols,5.24,1.253,10.84,113.23,1.73,58.94,27.93,13.13
SL_SOIL_00264,Colombo,6.881643,79.809512,Wet Zone,Ultisols,6.1,1.48,13.07,118.73,1.77,61.59,23.1,15.31
SL_SOIL_00265,Kilinochchi,9.602853,80.491139,Dry Zone,Alfisols,6.7,1.129,15.02,159.1,1.07,63.65,14.98,21.37
SL_SOIL_00266,Kegalle,7.236167,80.423423,Wet Zone,Ultisols,4.95,1.382,15.03,141.45,1.82,50.3,31.89,17.82
SL_SOIL_00267,Kegalle,7.272113,80.241302,Wet Zone,Ultisols,5.18,1.412,13.84,119.25,2.19,51.09,32.21,16.7
SL_SOIL_00268,Kurunegala,7.77598,80.221724,Intermediate Zone,Alfisols,6.83,1.31,13.64,133.68,1.28,61.52,17.48,21.0
SL_SOIL_00269,Monaragala,6.743304,81.339911,Intermediate Zone,Alfisols,5.43,0.801,11.75,120.04,1.56,60.59,20.92,18.49
SL_SOIL_00270,Jaffna,9.649497,80.061529,Dry Zone,Alfisols,7.84,1.337,10.51,158.57,0.82,65.71,13.78,20.52
SL_SOIL_00271,Kalutara,6.489891,79.982381,Wet Zone,Ultisols,5.49,1.154,16.46,126.35,1.79,52.98,19.43,27.59
SL_SOIL_00272,Galle,6.14182,80.331666,Wet Zone,Ultisols,5.35,1.125,16.6,134.61,1.21,50.01,33.38,16.62
SL_SOIL_00273,Ampara,7.046117,81.86583,Dry Zone,Vertisols,6.3,1.467,18.02,129.45,1.3,47.59,22.67,29.73
SL_SOIL_00274,Ampara,6.928335,81.48822,Dry Zone,Vertisols,6.82,0.77,13.99,145.11,1.46,43.51,25.12,31.37
SL_SOIL_00275,Kegalle,7.341624,80.255706,Wet Zone,Ultisols,4.95,1.448,9.13,114.28,1.33,43.92,32.01,24.07
SL_SOIL_00276,Anuradhapura,8.190609,80.401522,Dry Zone,Alfisols,6.92,0.726,9.27,132.38,1.02,63.47,15.31,21.23
SL_SOIL_00277,Trincomalee,8.594315,80.729777,Dry Zone,Alfisols,6.79,1.276,3.0,139.4,1.34,56.81,18.07,25.11
SL_SOIL_00278,Gampaha,7.224878,80.132264,Wet Zone,Ultisols,6.01,1.433,18.65,116.75,1.98,58.83,28.89,12.28
SL_SOIL_00279,Colombo,6.944695,79.927221,Wet Zone,Ultisols,5.74,0.98,12.83,118.94,1.49,49.32,23.75,26.93
SL_SOIL_00280,Ampara,7.346758,81.882216,Dry Zone,Vertisols,6.22,1.177,19.21,154.25,1.14,57.5,24.89,17.62
SL_SOIL_00281,Mannar,9.08128,79.80651,Dry Zone,Alfisols,6.83,0.742,21.84,173.71,0.87,76.89,12.79,10.32
SL_SOIL_00282,Matale,7.691369,80.644936,Intermediate Zone,Alfisols,5.95,1.112,5.33,128.24,1.49,56.5,24.19,19.31
SL_SOIL_00283,Matale,7.683101,80.657998,Intermediate Zone,Alfisols,5.55,1.515,10.68,135.75,1.61,48.09,25.23,26.68
SL_SOIL_00284,Monaragala,7.285244,81.231821,Intermediate Zone,Alfisols,6.08,0.725,17.37,122.87,1.16,64.73,23.51,11.76
SL_SOIL_00285,Hambantota,6.036827,80.919611,Dry Zone,Alfisols,6.91,0.958,10.66,131.32,1.21,63.62,19.08,17.3
SL_SOIL_00286,Hambantota,6.156374,80.796125,Dry Zone,Alfisols,6.31,0.745,18.28,116.15,0.88,72.73,13.81,13.46
SL_SOIL_00287,Kalutara,6.621243,80.12623,Wet Zone,Ultisols,5.07,1.583,19.61,148.26,1.96,51.28,31.02,17.71
SL_SOIL_00288,Puttalam,7.637588,79.753123,Dry Zone,Alfisols,6.74,0.688,13.39,124.54,1.05,73.41,20.04,6.55
SL_SOIL_00289,Ampara,7.289241,81.763634,Dry Zone,Vertisols,6.06,1.42,8.26,143.79,1.55,64.97,24.42,10.6
SL_SOIL_00290,Ampara,7.229268,81.798143,Dry Zone,Vertisols,6.68,1.151,16.33,171.71,1.6,57.62,23.23,19.15
SL_SOIL_00291,Kalutara,6.504737,80.211837,Wet Zone,Ultisols,5.28,1.207,13.78,131.2,1.58,47.95,31.7,20.36
SL_SOIL_00292,Anuradhapura,8.458136,80.461651,Dry Zone,Alfisols,6.6,0.633,12.4,120.79,1.19,75.82,14.42,9.76
SL_SOIL_00293,Ratnapura,6.722514,80.381394,Wet Zone,Ultisols,4.69,1.535,18.24,157.8,2.92,51.59,37.39,11.02
SL_SOIL_00294,Badulla,7.149668,81.097779,Up Country Intermediate Zone,Inceptisols,5.16,1.514,10.49,142.33,1.85,38.36,43.81,17.83
SL_SOIL_00295,Ratnapura,6.650858,80.571764,Wet Zone,Ultisols,5.0,1.389,16.94,121.26,2.24,49.57,38.52,11.91
SL_SOIL_00296,Colombo,6.970676,79.921688,Wet Zone,Ultisols,5.92,1.336,9.33,113.23,1.97,53.39,17.62,28.99
SL_SOIL_00297,Ratnapura,6.828758,80.546178,Wet Zone,Ultisols,5.44,1.752,26.44,148.82,2.87,50.55,27.81,21.64
SL_SOIL_00298,Anuradhapura,8.184068,80.882263,Dry Zone,Alfisols,6.77,0.751,15.49,124.0,0.93,64.93,13.14,21.93
SL_SOIL_00299,Kilinochchi,9.323029,80.532394,Dry Zone,Alfisols,6.69,0.925,9.92,139.21,0.72,63.37,20.75,15.88
SL_SOIL_00300,Trincomalee,8.703843,81.48671,Dry Zone,Alfisols,6.71,1.016,4.39,142.47,0.89,68.69,18.9,12.41
SL_SOIL_00301,Matara,5.951661,80.668527,Wet Zone,Ultisols,5.53,1.223,18.51,148.98,2.22,53.59,25.48,20.93
SL_SOIL_00302,Kandy,7.439946,80.685231,Wet Zone,Ultisols,6.19,1.544,14.28,138.34,2.21,53.71,30.13,16.15
SL_SOIL_00303,Nuwara Eliya,6.908151,80.678876,Up Country Wet Zone,Inceptisols,4.42,1.482,17.21,150.66,2.76,48.72,38.29,12.99
SL_SOIL_00304,Matara,5.984098,80.579755,Wet Zone,Ultisols,5.56,1.258,17.24,130.78,1.43,50.93,18.03,31.04
SL_SOIL_00305,Anuradhapura,8.106222,80.455223,Dry Zone,Alfisols,6.52,1.086,16.52,144.37,0.93,62.5,19.45,18.04
SL_SOIL_00306,Kalutara,6.440841,80.1796,Wet Zone,Ultisols,5.33,1.292,8.45,153.82,2.24,52.65,22.65,24.69
SL_SOIL_00307,Ampara,7.484862,81.812802,Dry Zone,Vertisols,6.34,1.059,17.84,151.08,1.28,59.52,25.03,15.45
SL_SOIL_00308,Kegalle,7.181294,80.318892,Wet Zone,Ultisols,5.68,1.448,10.71,110.46,1.69,51.3,27.46,21.25
SL_SOIL_00309,Kalutara,6.615684,80.119007,Wet Zone,Ultisols,5.78,1.263,18.22,132.19,1.72,50.45,28.52,21.03
SL_SOIL_00310,Kegalle,7.192416,80.290437,Wet Zone,Ultisols,4.78,1.421,15.54,118.07,1.83,48.98,29.91,21.11
SL_SOIL_00311,Kurunegala,7.671297,80.497671,Intermediate Zone,Alfisols,5.65,1.023,9.72,160.46,1.77,64.08,24.5,11.42
SL_SOIL_00312,Vavuniya,8.989075,80.414337,Dry Zone,Alfisols,6.86,0.852,11.03,163.81,1.15,63.22,28.56,8.21
SL_SOIL_00313,Kurunegala,7.950854,80.668718,Intermediate Zone,Alfisols,6.17,0.735,14.12,148.37,1.1,56.68,23.57,19.75
SL_SOIL_00314,Gampaha,7.174362,79.877149,Wet Zone,Ultisols,5.22,1.009,8.66,116.73,1.05,57.01,27.7,15.3
SL_SOIL_00315,Badulla,6.879201,81.003308,Up Country Intermediate Zone,Inceptisols,4.68,1.375,24.45,136.44,1.42,55.03,39.67,5.3
SL_SOIL_00316,Kalutara,6.53582,80.228588,Wet Zone,Ultisols,5.32,1.227,14.09,131.29,1.63,45.97,32.45,21.58
SL_SOIL_00317,Ampara,7.287819,81.836655,Dry Zone,Vertisols,7.08,1.354,15.65,152.95,1.82,61.14,25.07,13.79
SL_SOIL_00318,Hambantota,6.18535,80.770485,Dry Zone,Alfisols,6.37,0.783,13.1,105.19,1.33,65.8,23.55,10.65
SL_SOIL_00319,Kandy,7.270887,80.606776,Wet Zone,Ultisols,6.03,1.622,8.95,116.17,2.04,42.52,29.59,27.88
SL_SOIL_00320,Colombo,6.953227,79.999621,Wet Zone,Ultisols,5.31,1.001,10.88,102.97,1.39,37.63,24.57,37.8
SL_SOIL_00321,Kandy,7.254568,80.57609,Wet Zone,Ultisols,5.05,1.899,13.8,155.2,2.44,50.2,32.18,17.62
SL_SOIL_00322,Colombo,6.954398,79.918526,Wet Zone,Ultisols,5.68,1.062,18.12,127.94,1.31,48.26,24.09,27.65
SL_SOIL_00323,Vavuniya,8.905701,80.61599,Dry Zone,Alfisols,6.94,1.056,14.33,164.88,1.29,59.47,22.24,18.29
SL_SOIL_00324,Polonnaruwa,7.993674,80.887105,Dry Zone,Vertisols,6.04,0.948,19.32,156.98,1.03,54.58,17.0,28.42
SL_SOIL_00325,Ampara,7.206803,81.803343,Dry Zone,Vertisols,6.44,0.996,16.1,130.75,1.29,59.54,32.56,7.9
SL_SOIL_00326,Anuradhapura,8.319218,80.464647,Dry Zone,Alfisols,5.55,0.845,4.29,144.91,1.27,63.13,15.19,21.67
SL_SOIL_00327,Ratnapura,6.587293,80.609761,Wet Zone,Ultisols,4.69,1.721,20.81,137.61,2.07,31.88,37.89,30.23
SL_SOIL_00328,Matara,6.139478,80.656067,Wet Zone,Ultisols,5.58,1.171,17.88,127.1,1.38,47.92,28.07,24.01
SL_SOIL_00329,Galle,6.083868,80.333937,Wet Zone,Ultisols,5.74,1.503,19.33,118.78,2.16,48.3,28.34,23.36
SL_SOIL_00330,Kalutara,6.513118,80.277306,Wet Zone,Ultisols,5.87,0.945,14.8,111.78,1.34,54.0,19.78,26.22
SL_SOIL_00331,Trincomalee,8.695676,81.27536,Dry Zone,Alfisols,6.73,1.193,11.08,144.97,1.6,53.21,25.32,21.46
SL_SOIL_00332,Colombo,6.877745,79.896525,Wet Zone,Ultisols,5.7,1.516,14.9,111.18,2.0,46.48,32.07,21.45
SL_SOIL_00333,Ampara,7.035691,81.836415,Dry Zone,Vertisols,6.2,1.245,12.06,133.24,1.64,51.45,22.66,25.89
SL_SOIL_00334,Mannar,8.971003,80.019852,Dry Zone,Alfisols,6.96,0.471,8.96,136.14,0.6,74.64,6.32,19.04
SL_SOIL_00335,Puttalam,8.092923,79.714895,Dry Zone,Alfisols,7.11,1.124,8.82,82.64,0.97,78.94,8.99,12.07
SL_SOIL_00336,Badulla,6.846161,81.130539,Up Country Intermediate Zone,Inceptisols,5.19,1.716,17.36,137.07,1.5,52.88,37.22,9.9
SL_SOIL_00337,Monaragala,7.135689,81.213757,Intermediate Zone,Alfisols,6.2,1.077,10.38,130.84,1.13,66.6,26.84,6.56
SL_SOIL_00338,Badulla,7.068931,81.03592,Up Country Intermediate Zone,Inceptisols,4.97,1.509,24.04,146.84,2.22,36.16,30.02,33.82
SL_SOIL_00339,Vavuniya,8.888793,80.64475,Dry Zone,Alfisols,6.66,0.987,13.95,126.63,1.72,68.96,18.01,13.03
SL_SOIL_00340,Nuwara Eliya,6.998246,80.784421,Up Country Wet Zone,Inceptisols,5.17,1.75,20.56,140.04,3.62,41.91,37.0,21.09
SL_SOIL_00341,Nuwara Eliya,6.873277,80.767035,Up Country Wet Zone,Inceptisols,4.91,1.584,16.48,152.29,3.73,25.92,46.7,27.38
SL_SOIL_00342,Mullaitivu,9.361132,80.917736,Dry Zone,Alfisols,6.55,0.772,12.28,139.05,0.81,72.88,20.0,7.12
SL_SOIL_00343,Puttalam,7.804761,79.783735,Dry Zone,Alfisols,6.17,0.799,6.52,139.27,0.71,75.43,7.24,17.34
SL_SOIL_00344,Badulla,6.98903,81.157093,Up Country Intermediate Zone,Inceptisols,4.8,1.559,15.22,158.0,2.76,39.85,36.45,23.71
SL_SOIL_00345,Matara,6.12407,80.551123,Wet Zone,Ultisols,6.04,1.132,16.79,110.56,1.7,46.01,20.08,33.91
SL_SOIL_00346,Gampaha,7.208972,79.880383,Wet Zone,Ultisols,5.29,1.179,18.61,120.82,1.23,56.58,24.71,18.7
SL_SOIL_00347,Polonnaruwa,8.070009,80.954867,Dry Zone,Vertisols,6.55,0.937,12.67,150.56,1.39,68.66,18.96,12.38
SL_SOIL_00348,Colombo,6.914504,79.913554,Wet Zone,Ultisols,6.07,1.261,14.09,149.85,1.56,56.38,22.42,21.2
SL_SOIL_00349,Batticaloa,7.892503,81.477173,Dry Zone,Vertisols,6.74,0.85,16.86,126.18,1.02,58.51,26.97,14.51
SL_SOIL_00350,Colombo,6.881922,79.938978,Wet Zone,Ultisols,5.77,0.771,21.18,105.39,1.37,43.08,21.94,34.98
SL_SOIL_00351,Matale,7.555239,80.622688,Intermediate Zone,Alfisols,5.61,1.35,14.85,121.08,2.21,45.93,17.77,36.3
SL_SOIL_00352,Ampara,6.919769,81.695064,Dry Zone,Vertisols,6.27,0.999,20.31,138.38,0.93,54.52,24.7,20.78
SL_SOIL_00353,Puttalam,7.816721,79.860055,Dry Zone,Alfisols,6.86,0.825,3.0,126.12,1.14,73.93,9.64,16.43
SL_SOIL_00354,Kandy,7.396919,80.612207,Wet Zone,Ultisols,5.57,1.432,14.99,150.9,1.82,50.46,38.94,10.61
SL_SOIL_00355,Kalutara,6.428852,80.217978,Wet Zone,Ultisols,5.49,1.31,11.55,123.57,1.52,55.13,35.92,8.95
SL_SOIL_00356,Trincomalee,8.402539,81.434207,Dry Zone,Alfisols,6.76,1.113,10.94,167.36,1.41,61.54,20.45,18.0
SL_SOIL_00357,Trincomalee,8.71198,81.200878,Dry Zone,Alfisols,6.71,0.976,10.64,127.82,1.44,69.34,24.15,6.51
SL_SOIL_00358,Mannar,9.033728,79.952558,Dry Zone,Alfisols,7.0,0.611,14.62,151.07,0.98,57.63,12.9,29.47
SL_SOIL_00359,Vavuniya,8.844409,80.549677,Dry Zone,Alfisols,6.73,0.99,11.49,137.54,1.07,68.37,19.37,12.26
SL_SOIL_00360,Polonnaruwa,7.750474,81.280944,Dry Zone,Vertisols,6.79,1.273,5.77,127.1,1.06,59.07,12.08,28.85
SL_SOIL_00361,Nuwara Eliya,6.9695,80.767842,Up Country Wet Zone,Inceptisols,4.7,1.707,16.87,146.89,3.03,37.3,41.57,21.13
SL_SOIL_00362,Kalutara,6.710315,80.042063,Wet Zone,Ultisols,5.71,1.054,18.28,113.43,1.73,55.36,29.62,15.02
SL_SOIL_00363,Hambantota,6.028958,81.053296,Dry Zone,Alfisols,6.47,1.028,7.54,113.49,0.69,67.32,15.64,17.04
SL_SOIL_00364,Matale,7.442966,80.580349,Intermediate Zone,Alfisols,5.67,1.262,13.75,130.23,1.91,57.99,27.22,14.8
SL_SOIL_00365,Ratnapura,6.639314,80.686312,Wet Zone,Ultisols,5.78,1.85,10.47,149.7,3.24,42.98,30.11,26.91
SL_SOIL_00366,Trincomalee,8.747941,80.831663,Dry Zone,Alfisols,6.57,1.171,24.12,125.24,1.59,61.96,15.28,22.75
SL_SOIL_00367,Vavuniya,8.776089,80.633284,Dry Zone,Alfisols,6.67,0.77,10.84,158.49,1.35,58.71,13.43,27.86
SL_SOIL_00368,Polonnaruwa,8.072433,80.839827,Dry Zone,Vertisols,6.08,0.904,16.97,138.28,1.18,61.26,19.2,19.55
SL_SOIL_00369,Kalutara,6.551055,80.217261,Wet Zone,Ultisols,5.53,1.435,16.93,105.04,2.17,54.08,28.28,17.64
SL_SOIL_00370,Colombo,6.811565,79.960694,Wet Zone,Ultisols,5.99,1.306,9.45,138.74,2.0,46.42,29.5,24.08
SL_SOIL_00371,Anuradhapura,8.161478,80.701982,Dry Zone,Alfisols,6.26,0.814,18.25,111.43,0.96,66.16,24.52,9.32
SL_SOIL_00372,Polonnaruwa,7.832006,80.802699,Dry Zone,Vertisols,6.29,0.983,15.75,133.04,0.98,63.33,15.12,21.56
SL_SOIL_00373,Monaragala,6.88187,81.124706,Intermediate Zone,Alfisols,6.11,0.872,15.23,133.98,1.5,57.72,13.33,28.95
SL_SOIL_00374,Colombo,6.810124,79.820177,Wet Zone,Ultisols,5.88,1.315,11.29,101.97,2.14,64.18,30.21,5.61
SL_SOIL_00375,Kalutara,6.672066,80.144839,Wet Zone,Ultisols,5.58,1.335,11.14,111.14,1.61,54.63,32.28,13.09
SL_SOIL_00376,Kurunegala,7.57306,80.216729,Intermediate Zone,Alfisols,5.75,1.025,12.09,142.13,1.12,63.9,17.78,18.32
SL_SOIL_00377,Kegalle,7.205749,80.30432,Wet Zone,Ultisols,4.7,1.223,12.76,111.45,1.82,43.65,37.73,18.62
SL_SOIL_00378,Jaffna,9.700552,80.088972,Dry Zone,Alfisols,7.9,0.936,5.92,180.16,0.95,77.81,10.56,11.63
SL_SOIL_00379,Badulla,6.832036,80.914109,Up Country Intermediate Zone,Inceptisols,5.68,1.853,20.36,136.03,3.25,51.42,28.87,19.71
SL_SOIL_00380,Kalutara,6.564164,80.126549,Wet Zone,Ultisols,5.63,1.73,6.89,125.81,1.95,38.32,23.53,38.15
SL_SOIL_00381,Matara,6.029034,80.52621,Wet Zone,Ultisols,5.68,1.148,12.72,129.78,2.0,46.61,21.36,32.04
SL_SOIL_00382,Vavuniya,8.861255,80.359393,Dry Zone,Alfisols,6.52,1.418,15.2,155.87,1.51,58.4,19.31,22.28
SL_SOIL_00383,Ratnapura,6.701081,80.667904,Wet Zone,Ultisols,5.03,1.663,24.51,147.99,3.11,47.73,31.76,20.51
SL_SOIL_00384,Kurunegala,7.883502,80.217065,Intermediate Zone,Alfisols,6.38,1.138,11.66,154.19,1.27,60.35,18.33,21.33
SL_SOIL_00385,Batticaloa,7.991866,81.576429,Dry Zone,Vertisols,6.92,1.231,15.27,156.87,1.58,62.04,16.61,21.35
SL_SOIL_00386,Badulla,6.934464,80.957964,Up Country Intermediate Zone,Inceptisols,5.56,1.458,18.96,145.62,2.33,45.83,28.37,25.8
SL_SOIL_00387,Monaragala,6.605606,81.057056,Intermediate Zone,Alfisols,5.91,1.03,10.24,136.14,1.29,60.92,22.15,16.93
SL_SOIL_00388,Gampaha,7.042565,79.931512,Wet Zone,Ultisols,5.98,0.99,17.6,116.66,1.75,57.31,25.73,16.96
SL_SOIL_00389,Jaffna,9.701905,80.185758,Dry Zone,Alfisols,7.81,0.827,7.14,174.92,0.78,68.03,8.44,23.52
SL_SOIL_00390,Gampaha,7.056092,79.998155,Wet Zone,Ultisols,5.79,0.958,17.71,112.09,0.92,53.99,28.41,17.6
SL_SOIL_00391,Trincomalee,8.76058,81.226231,Dry Zone,Alfisols,6.94,1.113,10.43,122.48,1.41,61.87,25.52,12.6
SL_SOIL_00392,Matara,5.937158,80.56404,Wet Zone,Ultisols,5.27,1.198,16.57,117.46,1.65,48.83,32.21,18.96
SL_SOIL_00393,Colombo,6.957482,79.992946,Wet Zone,Ultisols,6.33,1.15,15.35,107.82,1.53,56.37,25.11,18.51
SL_SOIL_00394,Hambantota,6.299456,80.841882,Dry Zone,Alfisols,7.47,0.772,3.48,114.79,1.28,75.54,18.44,6.02
SL_SOIL_00395,Kilinochchi,9.31,80.50234,Dry Zone,Alfisols,6.44,0.559,6.48,146.77,0.81,69.66,15.77,14.57
SL_SOIL_00396,Badulla,7.180559,81.067811,Up Country Intermediate Zone,Inceptisols,5.29,1.54,9.11,129.87,1.82,44.87,37.8,17.32
SL_SOIL_00397,Ampara,7.278269,81.767136,Dry Zone,Vertisols,6.9,1.218,18.08,113.84,1.21,56.68,28.01,15.31
SL_SOIL_00398,Galle,6.102088,80.211088,Wet Zone,Ultisols,5.12,1.382,11.02,123.1,2.04,42.61,35.39,21.99
SL_SOIL_00399,Jaffna,9.602812,80.093263,Dry Zone,Alfisols,7.7,0.774,12.65,174.59,0.85,71.8,17.11,11.1
SL_SOIL_00400,Monaragala,6.807076,81.532926,Intermediate Zone,Alfisols,6.34,1.178,12.03,125.26,1.27,59.21,21.37,19.42
SL_SOIL_00401,Kalutara,6.655331,80.071551,Wet Zone,Ultisols,5.14,1.39,12.31,132.59,2.33,44.28,28.17,27.55
SL_SOIL_00402,Kurunegala,7.920458,80.602724,Intermediate Zone,Alfisols,6.0,1.082,8.02,125.29,1.55,66.23,27.44,6.33
SL_SOIL_00403,Kegalle,7.085966,80.369233,Wet Zone,Ultisols,5.67,1.67,16.6,126.7,2.39,51.1,33.63,15.27
SL_SOIL_00404,Ratnapura,6.604749,80.682472,Wet Zone,Ultisols,4.8,1.717,13.88,124.89,2.87,44.46,35.16,20.37
SL_SOIL_00405,Mullaitivu,9.290599,80.909681,Dry Zone,Alfisols,7.31,0.748,7.52,158.06,0.91,67.13,8.73,24.14
SL_SOIL_00406,Galle,6.016725,80.332376,Wet Zone,Ultisols,5.37,1.197,22.8,135.75,2.12,37.36,29.97,32.67
SL_SOIL_00407,Kegalle,7.100819,80.417287,Wet Zone,Ultisols,5.49,1.48,18.33,139.56,2.81,53.81,31.46,14.73
SL_SOIL_00408,Kandy,7.411198,80.729512,Wet Zone,Ultisols,5.03,1.394,24.48,145.53,2.48,44.41,37.54,18.05
SL_SOIL_00409,Mullaitivu,9.00261,80.713736,Dry Zone,Alfisols,6.56,0.847,4.74,136.72,0.62,69.6,15.5,14.91
SL_SOIL_00410,Anuradhapura,8.185168,80.406446,Dry Zone,Alfisols,6.36,0.715,17.78,117.68,1.03,76.27,16.16,7.57
SL_SOIL_00411,Colombo,6.832336,80.039899,Wet Zone,Ultisols,5.25,1.13,17.6,137.37,1.31,55.77,19.11,25.12
SL_SOIL_00412,Matara,6.068549,80.483367,Wet Zone,Ultisols,5.5,0.849,19.32,118.8,1.5,52.3,32.98,14.72
SL_SOIL_00413,Vavuniya,8.826013,80.567874,Dry Zone,Alfisols,6.64,0.934,13.39,147.85,1.31,57.28,22.11,20.61
SL_SOIL_00414,Ampara,7.372759,81.8202,Dry Zone,Vertisols,6.53,1.187,18.51,139.96,1.06,60.73,23.92,15.35
SL_SOIL_00415,Vavuniya,8.691923,80.599807,Dry Zone,Alfisols,7.07,1.101,12.63,129.73,1.37,67.3,15.1,17.59
SL_SOIL_00416,Mannar,8.917453,79.91988,Dry Zone,Alfisols,7.51,0.877,5.89,179.19,0.8,78.94,13.78,7.28
SL_SOIL_00417,Puttalam,7.742389,79.773447,Dry Zone,Alfisols,6.85,0.751,7.06,119.04,1.11,83.36,7.92,8.72
SL_SOIL_00418,Monaragala,6.866861,81.594428,Intermediate Zone,Alfisols,6.3,0.755,9.86,137.43,1.31,73.81,13.36,12.83
SL_SOIL_00419,Batticaloa,7.740594,81.275701,Dry Zone,Vertisols,7.2,1.108,17.38,147.63,0.83,56.24,22.28,21.48
SL_SOIL_00420,Gampaha,7.178817,80.01702,Wet Zone,Ultisols,5.91,0.934,6.71,94.04,1.52,59.18,21.83,18.99
SL_SOIL_00421,Gampaha,7.008942,80.008468,Wet Zone,Ultisols,5.31,0.83,10.6,126.4,1.8,52.59,24.96,22.45
SL_SOIL_00422,Monaragala,7.18972,81.137083,Intermediate Zone,Alfisols,5.62,1.029,11.58,141.75,0.97,64.25,14.65,21.1
SL_SOIL_00423,Badulla,6.963153,81.081507,Up Country Intermediate Zone,Inceptisols,5.12,1.328,22.92,130.59,2.74,42.27,35.44,22.29
SL_SOIL_00424,Puttalam,7.808428,79.999852,Dry Zone,Alfisols,6.69,0.956,14.47,102.31,1.09,66.19,12.29,21.53
SL_SOIL_00425,Kegalle,7.16659,80.345596,Wet Zone,Ultisols,5.17,1.844,17.55,152.01,2.2,47.74,34.8,17.47
SL_SOIL_00426,Badulla,6.992721,81.049925,Up Country Intermediate Zone,Inceptisols,5.15,1.556,16.24,132.38,2.05,50.76,33.79,15.44
SL_SOIL_00427,Badulla,7.193072,80.989688,Up Country Intermediate Zone,Inceptisols,4.59,1.48,11.95,131.08,1.57,54.67,33.56,11.76
SL_SOIL_00428,Trincomalee,8.546152,81.34887,Dry Zone,Alfisols,6.63,1.154,20.1,134.6,1.49,57.05,7.02,35.93
SL_SOIL_00429,Anuradhapura,8.350503,80.364846,Dry Zone,Alfisols,6.45,0.84,10.34,137.26,0.99,59.38,18.34,22.28
SL_SOIL_00430,Jaffna,9.578512,79.747477,Dry Zone,Alfisols,7.21,0.886,7.89,166.69,0.74,67.27,13.14,19.59
SL_SOIL_00431,Nuwara Eliya,7.076095,80.892204,Up Country Wet Zone,Inceptisols,4.37,2.06,23.17,162.89,4.03,35.35,30.26,34.39
SL_SOIL_00432,Batticaloa,7.990953,81.538739,Dry Zone,Vertisols,7.0,1.299,13.62,148.15,1.53,58.56,25.35,16.08
SL_SOIL_00433,Badulla,6.964324,80.85643,Up Country Intermediate Zone,Inceptisols,5.49,1.637,17.58,114.83,2.01,41.91,23.88,34.21
SL_SOIL_00434,Kilinochchi,9.59364,80.369069,Dry Zone,Alfisols,6.83,0.864,12.89,156.32,0.82,65.67,20.03,14.3
SL_SOIL_00435,Matale,7.50382,80.637717,Intermediate Zone,Alfisols,5.96,1.231,9.33,120.64,2.24,54.15,24.95,20.89
SL_SOIL_00436,Colombo,6.921114,80.010759,Wet Zone,Ultisols,5.86,0.878,7.96,112.27,1.88,51.21,29.2,19.59
SL_SOIL_00437,Matara,6.080736,80.501549,Wet Zone,Ultisols,5.13,0.966,23.14,110.87,1.41,56.15,20.21,23.65
SL_SOIL_00438,Polonnaruwa,8.096948,81.237207,Dry Zone,Vertisols,6.9,1.103,16.09,133.8,1.3,56.05,22.25,21.7
SL_SOIL_00439,Mannar,8.982776,80.082647,Dry Zone,Alfisols,7.47,0.692,3.04,154.95,0.9,71.16,14.25,14.58
SL_SOIL_00440,Mannar,9.10952,79.907509,Dry Zone,Alfisols,7.44,0.555,13.43,155.88,0.88,73.93,7.92,18.15
SL_SOIL_00441,Matale,7.558691,80.831416,Intermediate Zone,Alfisols,5.84,1.148,10.3,127.66,1.69,50.92,25.98,23.1
SL_SOIL_00442,Galle,6.020625,80.23879,Wet Zone,Ultisols,5.12,1.634,21.34,123.59,2.1,50.97,31.5,17.53
SL_SOIL_00443,Kandy,7.311986,80.656095,Wet Zone,Ultisols,5.79,1.31,12.32,118.28,1.99,44.32,26.6,29.08
SL_SOIL_00444,Nuwara Eliya,6.930047,80.878361,Up Country Wet Zone,Inceptisols,4.86,1.858,19.11,148.92,4.16,43.59,41.5,14.91
SL_SOIL_00445,Mullaitivu,9.154462,80.974918,Dry Zone,Alfisols,6.33,1.056,16.27,152.89,0.94,64.69,17.93,17.37
SL_SOIL_00446,Anuradhapura,8.131711,80.744182,Dry Zone,Alfisols,6.17,0.817,16.85,131.97,1.18,63.5,15.45,21.04
SL_SOIL_00447,Batticaloa,7.631152,81.503333,Dry Zone,Vertisols,6.81,1.231,21.38,166.22,1.17,59.25,19.99,20.76
SL_SOIL_00448,Kalutara,6.615504,80.191833,Wet Zone,Ultisols,5.23,1.351,9.07,110.19,2.15,50.35,25.39,24.27
SL_SOIL_00449,Monaragala,7.096077,81.068663,Intermediate Zone,Alfisols,6.25,0.759,8.55,115.65,1.12,66.56,19.98,13.46
SL_SOIL_00450,Matara,6.117482,80.481549,Wet Zone,Ultisols,6.06,1.59,9.54,88.68,2.12,53.46,28.62,17.93
SL_SOIL_00451,Anuradhapura,7.963876,80.311702,Dry Zone,Alfisols,6.26,0.686,13.33,134.03,1.02,60.8,15.23,23.97
SL_SOIL_00452,Ampara,6.933841,81.834149,Dry Zone,Vertisols,6.3,0.877,14.65,146.18,1.26,54.34,19.55,26.12
SL_SOIL_00453,Mullaitivu,9.132123,80.460849,Dry Zone,Alfisols,6.94,0.765,9.76,163.41,0.85,62.67,26.63,10.7
SL_SOIL_00454,Kurunegala,7.696909,80.510155,Intermediate Zone,Alfisols,6.46,0.848,10.22,147.27,1.24,61.71,24.3,13.98
SL_SOIL_00455,Jaffna,9.812482,80.105414,Dry Zone,Alfisols,7.6,0.65,11.04,174.6,0.99,70.98,12.69,16.33
SL_SOIL_00456,Puttalam,7.774443,79.870933,Dry Zone,Alfisols,6.85,0.634,11.14,97.1,1.01,70.65,12.36,16.99
SL_SOIL_00457,Trincomalee,8.621382,80.902602,Dry Zone,Alfisols,7.11,0.822,17.72,124.21,0.9,73.38,18.6,8.01
SL_SOIL_00458,Ratnapura,6.686764,80.655882,Wet Zone,Ultisols,5.04,1.762,15.16,129.02,2.82,43.63,34.01,22.36
SL_SOIL_00459,Puttalam,7.829358,79.805088,Dry Zone,Alfisols,5.49,0.918,4.15,113.81,0.89,83.14,8.94,7.92
SL_SOIL_00460,Monaragala,6.623555,81.084666,Intermediate Zone,Alfisols,6.06,0.983,14.47,134.19,0.99,60.93,21.37,17.69
SL_SOIL_00461,Matale,7.76132,80.751684,Intermediate Zone,Alfisols,5.56,1.604,13.65,129.1,2.25,49.57,28.7,21.73
SL_SOIL_00462,Polonnaruwa,8.178066,81.149136,Dry Zone,Vertisols,6.52,0.682,12.07,140.49,1.66,68.74,24.38,6.88
SL_SOIL_00463,Monaragala,7.295208,81.454982,Intermediate Zone,Alfisols,6.07,1.055,15.29,126.91,1.63,56.68,28.97,14.35
SL_SOIL_00464,Hambantota,6.073825,80.919887,Dry Zone,Alfisols,6.63,1.195,9.07,96.05,1.21,69.1,11.82,19.08
SL_SOIL_00465,Mannar,8.95936,79.885379,Dry Zone,Alfisols,7.03,0.859,17.3,165.84,0.64,77.31,12.29,10.41
SL_SOIL_00466,Polonnaruwa,8.181151,81.217069,Dry Zone,Vertisols,6.09,1.087,12.36,156.02,1.58,59.56,26.89,13.56
SL_SOIL_00467,Colombo,6.895005,80.049927,Wet Zone,Ultisols,5.66,1.433,20.28,114.95,2.05,54.5,34.74,10.76
SL_SOIL_00468,Colombo,6.909388,79.934534,Wet Zone,Ultisols,5.71,1.001,12.5,92.13,1.07,52.26,20.14,27.59
SL_SOIL_00469,Batticaloa,7.66199,81.35228,Dry Zone,Vertisols,7.46,0.887,18.03,158.96,1.48,59.77,18.39,21.84
SL_SOIL_00470,Gampaha,7.016134,80.023298,Wet Zone,Ultisols,5.89,0.915,9.76,124.65,1.17,63.16,20.75,16.09
SL_SOIL_00471,Badulla,7.138515,80.974728,Up Country Intermediate Zone,Inceptisols,5.29,1.424,15.72,141.22,2.42,44.45,37.67,17.88
SL_SOIL_00472,Ampara,7.473146,81.843862,Dry Zone,Vertisols,6.67,0.958,11.37,159.0,1.18,71.52,22.68,5.8
SL_SOIL_00473,Kegalle,7.322362,80.346681,Wet Zone,Ultisols,5.05,1.488,9.13,118.03,2.46,45.97,38.11,15.91
SL_SOIL_00474,Matara,6.067314,80.467954,Wet Zone,Ultisols,5.09,1.14,7.53,125.63,1.23,47.15,23.29,29.56
SL_SOIL_00475,Mullaitivu,9.358589,80.79992,Dry Zone,Alfisols,6.93,0.894,13.53,155.79,1.04,64.63,21.27,14.09
SL_SOIL_00476,Polonnaruwa,8.042802,81.179444,Dry Zone,Vertisols,6.12,1.208,18.17,126.51,1.72,65.65,27.88,6.47
SL_SOIL_00477,Colombo,6.894063,79.995488,Wet Zone,Ultisols,5.68,0.958,13.07,95.28,1.33,50.39,25.45,24.16
SL_SOIL_00478,Ampara,7.464681,81.833739,Dry Zone,Vertisols,6.42,0.845,9.94,139.54,1.17,59.29,27.77,12.95
SL_SOIL_00479,Galle,6.122713,80.296742,Wet Zone,Ultisols,5.19,1.247,19.26,123.37,1.66,41.37,21.38,37.25
SL_SOIL_00480,Matale,7.542591,80.598833,Intermediate Zone,Alfisols,5.56,1.43,12.42,134.24,2.45,66.53,26.4,7.08
SL_SOIL_00481,Badulla,7.011958,80.987086,Up Country Intermediate Zone,Inceptisols,5.32,1.477,12.78,158.59,2.34,33.97,32.46,33.57
SL_SOIL_00482,Monaragala,6.799753,81.573522,Intermediate Zone,Alfisols,5.78,1.241,11.74,134.53,1.52,64.67,25.27,10.07
SL_SOIL_00483,Kalutara,6.517365,80.235549,Wet Zone,Ultisols,5.65,1.317,16.72,126.62,1.94,50.95,21.22,27.83
SL_SOIL_00484,Mannar,8.902797,79.999246,Dry Zone,Alfisols,6.88,0.707,14.57,168.54,0.88,72.28,11.88,15.84
SL_SOIL_00485,Ampara,7.192694,81.557291,Dry Zone,Vertisols,5.96,0.988,11.69,158.62,1.39,50.34,20.18,29.47
SL_SOIL_00486,Puttalam,7.711046,79.856341,Dry Zone,Alfisols,6.46,0.828,12.7,126.77,0.88,63.55,15.9,20.55
SL_SOIL_00487,Matale,7.458013,80.771042,Intermediate Zone,Alfisols,6.18,1.376,12.18,148.95,2.31,54.89,27.43,17.69
SL_SOIL_00488,Badulla,6.995088,81.070723,Up Country Intermediate Zone,Inceptisols,5.23,1.373,14.39,127.51,2.29,40.14,24.95,34.91
SL_SOIL_00489,Kegalle,7.221491,80.516007,Wet Zone,Ultisols,5.38,1.405,21.35,120.55,2.08,49.67,33.36,16.96
SL_SOIL_00490,Vavuniya,8.994427,80.554571,Dry Zone,Alfisols,7.0,1.05,7.91,136.35,1.31,55.0,9.62,35.38
SL_SOIL_00491,Matale,7.496034,80.818379,Intermediate Zone,Alfisols,5.74,1.339,19.27,125.22,1.91,59.01,25.49,15.5
SL_SOIL_00492,Batticaloa,7.689321,81.250878,Dry Zone,Vertisols,7.09,1.412,7.36,155.04,1.85,60.9,25.61,13.49
SL_SOIL_00493,Trincomalee,8.60387,81.220942,Dry Zone,Alfisols,6.35,0.805,3.0,137.27,1.2,70.15,19.9,9.96
SL_SOIL_00494,Vavuniya,8.989512,80.303279,Dry Zone,Alfisols,6.82,0.825,13.39,127.85,1.32,58.93,22.25,18.82
SL_SOIL_00495,Anuradhapura,8.019257,80.599823,Dry Zone,Alfisols,5.92,0.989,10.62,122.5,1.06,73.59,13.14,13.27
SL_SOIL_00496,Matale,7.659411,80.64283,Intermediate Zone,Alfisols,6.2,1.713,9.54,99.04,2.1,62.5,19.64,17.86
SL_SOIL_00497,Mannar,9.113763,79.994444,Dry Zone,Alfisols,7.33,0.769,13.34,167.42,0.84,67.7,22.12,10.17
SL_SOIL_00498,Ampara,7.399759,81.771361,Dry Zone,Vertisols,6.42,1.342,16.35,149.16,1.79,60.45,30.5,9.05
SL_SOIL_00499,Ampara,7.299429,81.50687,Dry Zone,Vertisols,6.09,1.289,14.93,155.51,1.99,58.06,24.2,17.75
SL_SOIL_00500,Polonnaruwa,7.923998,80.86039,Dry Zone,Vertisols,5.77,0.811,10.49,126.59,0.79,64.63,17.6,17.77
SL_SOIL_00501,Galle,5.957694,80.254366,Wet Zone,Ultisols,5.26,1.538,19.13,127.24,2.64,51.76,32.92,15.32
SL_SOIL_00502,Kandy,7.290317,80.592673,Wet Zone,Ultisols,5.57,1.497,23.65,134.46,2.7,48.89,31.06,20.05
SL_SOIL_00503,Colombo,6.845577,79.862232,Wet Zone,Ultisols,5.55,1.346,14.66,120.1,1.75,62.26,25.21,12.53
SL_SOIL_00504,Matale,7.681918,80.651749,Intermediate Zone,Alfisols,5.41,1.182,11.18,138.32,1.77,51.56,31.95,16.49
SL_SOIL_00505,Monaragala,6.714489,81.261509,Intermediate Zone,Alfisols,5.78,0.981,11.51,126.05,1.29,58.29,20.05,21.66
SL_SOIL_00506,Jaffna,9.738267,79.878193,Dry Zone,Alfisols,7.69,0.611,12.21,156.76,0.3,57.24,14.52,28.24
SL_SOIL_00507,Badulla,6.858764,81.043256,Up Country Intermediate Zone,Inceptisols,4.91,1.628,11.3,149.83,2.74,39.42,30.13,30.46
SL_SOIL_00508,Matale,7.414608,80.736087,Intermediate Zone,Alfisols,5.67,1.214,10.34,136.15,1.71,45.58,25.8,28.62
SL_SOIL_00509,Kandy,7.356829,80.610298,Wet Zone,Ultisols,5.32,1.442,5.79,133.93,1.66,54.91,32.9,12.19
SL_SOIL_00510,Gampaha,7.002066,80.083988,Wet Zone,Ultisols,5.52,1.213,15.86,103.28,1.2,54.29,28.93,16.78
SL_SOIL_00511,Anuradhapura,8.109263,80.635895,Dry Zone,Alfisols,6.23,0.876,10.96,118.38,0.95,69.07,14.76,16.17
SL_SOIL_00512,Jaffna,9.59325,80.160136,Dry Zone,Alfisols,8.5,0.753,18.63,153.85,0.92,69.34,10.25,20.41
SL_SOIL_00513,Puttalam,7.767136,80.117782,Dry Zone,Alfisols,6.9,0.941,12.18,118.28,1.05,66.61,19.05,14.34
SL_SOIL_00514,Colombo,6.928944,79.856065,Wet Zone,Ultisols,6.29,1.131,14.25,110.91,1.3,55.57,29.24,15.19
SL_SOIL_00515,Ratnapura,6.674674,80.303273,Wet Zone,Ultisols,4.96,1.282,14.62,117.53,2.16,42.74,32.67,24.59
SL_SOIL_00516,Matale,7.639426,80.700853,Intermediate Zone,Alfisols,5.88,1.156,10.06,105.88,1.13,54.82,26.48,18.7
SL_SOIL_00517,Mullaitivu,9.212594,80.929526,Dry Zone,Alfisols,6.56,0.832,7.86,147.69,1.07,68.39,18.36,13.25
SL_SOIL_00518,Kandy,7.383746,80.572097,Wet Zone,Ultisols,5.52,1.482,16.16,161.62,2.15,54.66,33.48,11.86
SL_SOIL_00519,Ampara,7.11414,81.454145,Dry Zone,Vertisols,6.97,1.034,13.25,147.78,1.29,55.38,25.88,18.74
SL_SOIL_00520,Ratnapura,6.67826,80.640106,Wet Zone,Ultisols,4.85,1.584,14.92,131.48,2.99,34.73,37.19,28.08
SL_SOIL_00521,Ampara,7.13914,81.485065,Dry Zone,Vertisols,6.67,0.938,16.56,160.8,1.66,54.18,27.57,18.25
SL_SOIL_00522,Monaragala,7.058196,81.572456,Intermediate Zone,Alfisols,5.5,1.133,7.34,133.36,1.47,71.72,9.07,19.21
SL_SOIL_00523,Gampaha,7.169605,80.032313,Wet Zone,Ultisols,5.18,1.174,9.33,129.23,1.39,64.35,16.08,19.57
SL_SOIL_00524,Trincomalee,8.779861,81.318918,Dry Zone,Alfisols,6.44,0.951,19.38,134.36,1.73,68.0,24.46,7.54
SL_SOIL_00525,Anuradhapura,8.258808,80.575195,Dry Zone,Alfisols,6.78,1.213,15.02,120.75,1.22,75.43,14.03,10.54
SL_SOIL_00526,Ratnapura,6.56443,80.412859,Wet Zone,Ultisols,5.03,1.721,23.42,169.02,2.92,38.18,33.36,28.47
SL_SOIL_00527,Mannar,8.847342,80.028204,Dry Zone,Alfisols,7.17,0.827,11.32,163.01,0.92,73.66,20.02,6.32
SL_SOIL_00528,Kurunegala,7.504778,80.510336,Intermediate Zone,Alfisols,6.78,1.013,7.6,130.27,1.23,62.13,26.42,11.45
SL_SOIL_00529,Kalutara,6.682788,80.07883,Wet Zone,Ultisols,5.16,1.169,14.72,93.06,1.51,52.76,36.55,10.7
SL_SOIL_00530,Colombo,6.914137,80.046161,Wet Zone,Ultisols,6.03,1.019,6.39,99.57,1.63,54.21,35.53,10.25
SL_SOIL_00531,Colombo,6.893138,79.908089,Wet Zone,Ultisols,5.56,1.031,8.43,120.37,1.59,56.58,28.34,15.08
SL_SOIL_00532,Puttalam,8.260961,80.105907,Dry Zone,Alfisols,6.11,0.975,12.58,116.61,1.12,76.85,13.2,9.95
SL_SOIL_00533,Kilinochchi,9.427624,80.593064,Dry Zone,Alfisols,6.94,0.809,7.1,157.67,0.65,69.73,14.95,15.32
SL_SOIL_00534,Matale,7.773376,80.761647,Intermediate Zone,Alfisols,5.61,1.474,13.22,147.18,2.2,59.51,34.03,6.46
SL_SOIL_00535,Mannar,9.141607,80.040738,Dry Zone,Alfisols,7.16,0.829,10.91,157.71,0.73,68.86,20.78,10.36
SL_SOIL_00536,Kalutara,6.582943,80.005332,Wet Zone,Ultisols,5.54,1.246,17.09,121.88,1.73,48.17,34.81,17.02
SL_SOIL_00537,Colombo,6.888754,79.866402,Wet Zone,Ultisols,6.13,1.406,22.36,142.52,1.91,48.07,16.95,34.99
SL_SOIL_00538,Colombo,6.871591,79.907028,Wet Zone,Ultisols,5.91,1.312,21.02,130.3,1.81,66.52,26.78,6.7
SL_SOIL_00539,Matara,6.069812,80.51307,Wet Zone,Ultisols,5.87,1.504,14.5,133.0,1.99,50.95,39.9,9.15
SL_SOIL_00540,Jaffna,9.559408,79.785135,Dry Zone,Alfisols,7.79,0.978,8.33,168.15,0.7,72.81,17.75,9.44
SL_SOIL_00541,Kilinochchi,9.364874,80.503732,Dry Zone,Alfisols,7.07,1.066,6.21,149.33,1.22,58.73,19.7,21.57
SL_SOIL_00542,Mannar,8.843291,80.079993,Dry Zone,Alfisols,6.66,0.555,3.0,157.87,0.62,62.36,15.43,22.21
SL_SOIL_00543,Mullaitivu,9.052827,80.596242,Dry Zone,Alfisols,6.64,0.936,17.37,162.05,0.99,67.84,15.71,16.44
SL_SOIL_00544,Mannar,8.872478,80.001583,Dry Zone,Alfisols,7.05,0.706,7.3,147.75,0.84,85.0,6.02,8.98
SL_SOIL_00545,Vavuniya,8.937271,80.492392,Dry Zone,Alfisols,6.79,0.743,13.09,112.19,1.09,63.02,22.17,14.81
SL_SOIL_00546,Gampaha,7.101091,79.89859,Wet Zone,Ultisols,6.07,1.216,7.68,108.63,1.74,66.4,24.3,9.3
SL_SOIL_00547,Puttalam,7.602637,80.015689,Dry Zone,Alfisols,6.12,0.602,9.66,128.44,1.12,82.28,5.0,12.72
SL_SOIL_00548,Kurunegala,7.503969,80.593642,Intermediate Zone,Alfisols,6.45,0.548,3.0,143.54,1.32,58.77,19.27,21.96
SL_SOIL_00549,Kalutara,6.434488,80.215112,Wet Zone,Ultisols,5.34,1.111,20.12,123.66,1.94,43.97,22.3,33.73
SL_SOIL_00550,Monaragala,6.765886,81.268785,Intermediate Zone,Alfisols,5.91,0.84,16.64,130.0,1.14,72.42,16.45,11.13
SL_SOIL_00551,Trincomalee,8.838342,80.873041,Dry Zone,Alfisols,6.91,0.86,8.82,137.47,1.37,73.89,15.0,11.12
SL_SOIL_00552,Matara,6.091333,80.64658,Wet Zone,Ultisols,5.22,1.314,11.4,118.77,2.06,58.76,31.87,9.37
SL_SOIL_00553,Jaffna,9.617472,79.738305,Dry Zone,Alfisols,7.03,0.985,12.98,176.68,1.06,76.07,11.52,12.41
SL_SOIL_00554,Gampaha,7.156621,80.088565,Wet Zone,Ultisols,6.52,1.221,6.08,139.87,1.59,58.18,21.2,20.62
SL_SOIL_00555,Puttalam,7.661941,79.713192,Dry Zone,Alfisols,6.46,0.762,9.83,128.1,1.1,71.04,19.22,9.74
SL_SOIL_00556,Hambantota,6.139035,80.697785,Dry Zone,Alfisols,6.49,0.831,14.3,114.34,1.39,60.29,13.3,26.41
SL_SOIL_00557,Galle,6.104054,80.224718,Wet Zone,Ultisols,5.29,1.327,17.71,127.81,2.11,52.17,33.87,13.96
SL_SOIL_00558,Kandy,7.332529,80.577553,Wet Zone,Ultisols,5.32,1.473,18.87,126.42,2.69,41.76,38.5,19.74
SL_SOIL_00559,Polonnaruwa,8.04694,81.242104,Dry Zone,Vertisols,5.59,1.058,7.52,134.43,1.07,64.6,14.44,20.96
SL_SOIL_00560,Kurunegala,7.692569,80.237045,Intermediate Zone,Alfisols,5.61,1.096,12.59,151.12,1.16,54.58,22.66,22.77
SL_SOIL_00561,Mullaitivu,9.294009,80.553741,Dry Zone,Alfisols,6.84,0.777,11.76,140.82,0.8,71.36,12.84,15.79
SL_SOIL_00562,Kilinochchi,9.521444,80.595152,Dry Zone,Alfisols,7.63,0.946,14.28,163.36,1.57,68.29,23.21,8.5
SL_SOIL_00563,Ratnapura,6.668696,80.331727,Wet Zone,Ultisols,5.57,1.662,14.27,149.58,2.8,40.31,29.62,30.07
SL_SOIL_00564,Kandy,7.33163,80.629147,Wet Zone,Ultisols,5.44,1.437,15.32,135.15,2.26,43.27,32.92,23.81
SL_SOIL_00565,Kegalle,7.260514,80.218425,Wet Zone,Ultisols,5.25,1.405,17.8,122.22,1.95,50.37,34.6,15.03
SL_SOIL_00566,Polonnaruwa,7.887623,81.292097,Dry Zone,Vertisols,5.95,1.367,13.59,140.29,1.43,58.72,25.1,16.18
SL_SOIL_00567,Kegalle,7.248496,80.549824,Wet Zone,Ultisols,5.48,1.103,15.22,121.58,1.43,41.0,39.5,19.5
SL_SOIL_00568,Kandy,7.217377,80.744433,Wet Zone,Ultisols,5.12,1.428,11.95,137.37,2.12,50.35,29.66,19.99
SL_SOIL_00569,Jaffna,9.816269,79.841508,Dry Zone,Alfisols,6.81,0.744,10.07,161.99,0.75,75.41,11.83,12.76
SL_SOIL_00570,Matale,7.578641,80.687294,Intermediate Zone,Alfisols,6.29,1.236,10.41,140.16,2.23,52.02,31.55,16.43
SL_SOIL_00571,Hambantota,6.253783,80.61655,Dry Zone,Alfisols,6.32,1.109,14.1,99.26,0.9,66.93,24.38,8.69
SL_SOIL_00572,Ratnapura,6.784848,80.372088,Wet Zone,Ultisols,4.65,1.842,24.31,134.14,3.64,47.17,33.2,19.63
SL_SOIL_00573,Kalutara,6.600147,80.154361,Wet Zone,Ultisols,6.3,1.243,15.24,114.62,1.55,50.79,32.54,16.67
SL_SOIL_00574,Trincomalee,8.50937,80.894375,Dry Zone,Alfisols,6.51,0.997,8.53,127.04,0.88,68.17,19.95,11.88
SL_SOIL_00575,Kalutara,6.691283,80.049614,Wet Zone,Ultisols,5.3,1.304,9.89,108.54,1.02,45.71,28.3,25.99
SL_SOIL_00576,Ampara,7.302422,81.701263,Dry Zone,Vertisols,6.3,0.91,12.5,148.3,1.25,57.3,22.5,20.2
SL_SOIL_00577,Kandy,7.304098,80.640181,Wet Zone,Ultisols,5.05,1.648,16.84,149.07,2.63,40.27,32.28,27.44
SL_SOIL_00578,Kurunegala,7.850405,80.629034,Intermediate Zone,Alfisols,5.57,1.194,15.79,116.23,1.37,69.1,19.95,10.95
SL_SOIL_00579,Trincomalee,8.644794,80.9491,Dry Zone,Alfisols,6.93,1.089,7.52,131.79,0.96,61.01,11.46,27.53
SL_SOIL_00580,Galle,5.953551,80.138354,Wet Zone,Ultisols,4.95,1.259,3.56,135.75,1.72,52.24,35.91,11.85
SL_SOIL_00581,Ratnapura,6.706082,80.401097,Wet Zone,Ultisols,5.33,1.9,18.43,139.47,3.01,35.65,40.32,24.02
SL_SOIL_00582,Monaragala,6.615823,81.146306,Intermediate Zone,Alfisols,5.74,0.997,3.0,120.35,1.31,65.72,19.76,14.52
SL_SOIL_00583,Matale,7.740107,80.761911,Intermediate Zone,Alfisols,5.31,1.23,16.84,120.23,1.7,44.31,26.01,29.68
SL_SOIL_00584,Mannar,9.025056,80.04089,Dry Zone,Alfisols,7.46,0.58,11.1,168.02,0.56,78.04,11.74,10.22
SL_SOIL_00585,Trincomalee,8.537778,81.340648,Dry Zone,Alfisols,6.76,1.081,14.79,148.69,1.38,58.71,20.09,21.2
SL_SOIL_00586,Monaragala,6.713565,81.24981,Intermediate Zone,Alfisols,5.58,0.728,14.95,131.08,1.39,74.41,18.98,6.61
SL_SOIL_00587,Mullaitivu,9.368716,80.655358,Dry Zone,Alfisols,6.75,1.013,11.11,164.89,1.05,56.93,26.02,17.06
SL_SOIL_00588,Monaragala,6.874889,81.346641,Intermediate Zone,Alfisols,5.27,1.153,10.01,157.53,1.81,56.47,18.86,24.67
SL_SOIL_00589,Kegalle,7.203972,80.405513,Wet Zone,Ultisols,4.59,1.317,16.03,128.32,1.99,51.28,24.36,24.37
SL_SOIL_00590,Kalutara,6.403525,80.046177,Wet Zone,Ultisols,5.31,1.214,19.82,117.22,1.91,50.86,27.48,21.66
SL_SOIL_00591,Hambantota,6.183044,80.612978,Dry Zone,Alfisols,6.04,0.88,4.41,116.51,1.0,69.56,19.66,10.78
SL_SOIL_00592,Trincomalee,8.870817,81.39205,Dry Zone,Alfisols,6.7,0.881,13.8,122.95,0.92,58.34,18.77,22.9
SL_SOIL_00593,Trincomalee,8.639497,80.713944,Dry Zone,Alfisols,6.6,1.143,14.33,141.06,1.24,58.36,16.39,25.25
SL_SOIL_00594,Anuradhapura,8.014042,80.502091,Dry Zone,Alfisols,6.59,1.184,11.32,116.2,1.42,72.34,14.55,13.11
SL_SOIL_00595,Ampara,7.088145,81.819352,Dry Zone,Vertisols,6.98,1.417,14.94,160.11,1.3,54.76,18.44,26.8
SL_SOIL_00596,Kegalle,7.205304,80.491138,Wet Zone,Ultisols,4.49,1.467,18.96,141.35,1.58,39.96,38.23,21.81
SL_SOIL_00597,Badulla,7.111831,81.051323,Up Country Intermediate Zone,Inceptisols,5.39,1.709,19.45,153.78,2.38,42.07,33.14,24.79
SL_SOIL_00598,Mullaitivu,9.329055,80.599247,Dry Zone,Alfisols,6.19,0.731,17.9,186.81,1.11,61.58,16.97,21.45
SL_SOIL_00599,Puttalam,8.234192,79.720625,Dry Zone,Alfisols,6.48,0.837,7.34,116.5,0.93,75.52,16.36,8.12
SL_SOIL_00600,Trincomalee,8.419059,81.090478,Dry Zone,Alfisols,7.21,1.052,11.24,147.49,1.37,62.7,17.35,19.95
SL_SOIL_00601,Kandy,7.394043,80.744297,Wet Zone,Ultisols,4.74,1.151,13.63,140.58,1.96,38.97,31.05,29.98
SL_SOIL_00602,Mannar,8.833281,79.888019,Dry Zone,Alfisols,7.22,0.783,10.12,155.41,0.85,80.19,6.45,13.37
SL_SOIL_00603,Hambantota,6.252544,81.024574,Dry Zone,Alfisols,6.57,0.616,15.49,120.04,1.1,62.23,20.79,16.97
SL_SOIL_00604,Puttalam,7.635016,79.777638,Dry Zone,Alfisols,6.77,0.951,7.95,135.17,0.84,76.29,10.37,13.34
SL_SOIL_00605,Mannar,8.802714,79.813037,Dry Zone,Alfisols,7.22,0.845,12.35,136.32,0.95,73.72,11.41,14.87
SL_SOIL_00606,Hambantota,6.128273,80.857766,Dry Zone,Alfisols,6.11,1.145,9.93,110.95,1.28,73.81,13.18,13.01
SL_SOIL_00607,Galle,6.001318,80.278047,Wet Zone,Ultisols,4.87,1.376,9.75,148.17,2.12,45.51,32.55,21.93
SL_SOIL_00608,Vavuniya,8.92891,80.525068,Dry Zone,Alfisols,7.16,1.111,8.73,136.07,0.99,53.27,23.34,23.39
SL_SOIL_00609,Anuradhapura,8.040246,80.894319,Dry Zone,Alfisols,6.52,0.674,12.71,131.48,1.15,71.69,13.14,15.18
SL_SOIL_00610,Puttalam,7.887877,80.164971,Dry Zone,Alfisols,5.82,0.799,11.77,129.38,1.0,63.86,19.71,16.44
SL_SOIL_00611,Batticaloa,7.509169,81.076574,Dry Zone,Vertisols,6.74,1.037,12.38,152.45,1.72,63.0,20.63,16.37
SL_SOIL_00612,Ampara,7.225932,81.410239,Dry Zone,Vertisols,6.6,1.316,18.21,133.82,2.1,53.71,30.23,16.05
SL_SOIL_00613,Polonnaruwa,7.983888,81.29079,Dry Zone,Vertisols,6.85,0.861,13.16,145.11,1.08,65.8,21.25,12.96
SL_SOIL_00614,Matale,7.453919,80.824101,Intermediate Zone,Alfisols,5.3,1.377,16.86,143.97,2.86,61.91,24.16,13.93
SL_SOIL_00615,Kalutara,6.554998,80.061464,Wet Zone,Ultisols,5.8,1.458,18.18,143.38,2.03,45.34,22.01,32.64
SL_SOIL_00616,Mannar,8.921493,79.901038,Dry Zone,Alfisols,7.33,0.787,10.5,162.55,1.0,74.36,19.09,6.55
SL_SOIL_00617,Kegalle,7.166933,80.337448,Wet Zone,Ultisols,4.97,1.701,19.04,138.32,2.22,47.52,25.34,27.14
SL_SOIL_00618,Anuradhapura,8.235451,80.705243,Dry Zone,Alfisols,6.48,0.787,12.97,125.22,0.89,73.46,16.83,9.71
SL_SOIL_00619,Polonnaruwa,8.117512,80.873706,Dry Zone,Vertisols,6.21,1.228,9.8,135.23,1.62,63.39,22.92,13.69
SL_SOIL_00620,Kandy,7.433344,80.613415,Wet Zone,Ultisols,5.51,1.517,18.83,153.57,2.03,44.91,31.94,23.14
SL_SOIL_00621,Polonnaruwa,8.012299,81.008417,Dry Zone,Vertisols,5.71,1.115,16.24,142.05,1.6,60.19,24.94,14.87
SL_SOIL_00622,Monaragala,6.741594,81.162149,Intermediate Zone,Alfisols,5.33,1.03,15.22,133.14,1.42,69.35,16.3,14.35
SL_SOIL_00623,Ampara,7.420058,81.659613,Dry Zone,Vertisols,6.72,0.84,13.35,137.89,1.02,57.61,28.98,13.41
SL_SOIL_00624,Kegalle,7.315462,80.444841,Wet Zone,Ultisols,5.4,1.054,14.5,123.92,2.55,50.85,29.69,19.46
SL_SOIL_00625,Galle,6.178688,80.234231,Wet Zone,Ultisols,5.09,1.619,19.86,112.42,2.15,46.25,31.78,21.97
SL_SOIL_00626,Mullaitivu,9.359943,80.900121,Dry Zone,Alfisols,6.99,0.741,11.99,136.45,0.95,69.37,16.84,13.79
SL_SOIL_00627,Polonnaruwa,7.710586,80.974007,Dry Zone,Vertisols,6.73,1.005,13.01,134.54,1.39,60.99,23.49,15.52
SL_SOIL_00628,Jaffna,9.643746,79.874015,Dry Zone,Alfisols,7.23,0.767,12.07,176.32,0.97,64.59,9.65,25.76
SL_SOIL_00629,Galle,6.017195,80.233061,Wet Zone,Ultisols,5.21,1.394,16.82,114.39,2.99,46.6,39.83,13.57
SL_SOIL_00630,Vavuniya,8.853325,80.484996,Dry Zone,Alfisols,6.76,0.914,12.08,137.85,0.78,66.84,16.09,17.07
SL_SOIL_00631,Matale,7.698803,80.824778,Intermediate Zone,Alfisols,5.3,1.458,15.54,120.08,2.64,54.02,38.67,7.31
SL_SOIL_00632,Kalutara,6.689584,80.187527,Wet Zone,Ultisols,5.41,1.222,16.8,121.45,1.73,48.01,32.7,19.29
SL_SOIL_00633,Monaragala,6.649809,81.536464,Intermediate Zone,Alfisols,5.88,1.065,7.54,92.04,1.62,51.97,11.67,36.36
SL_SOIL_00634,Kilinochchi,9.428184,80.423675,Dry Zone,Alfisols,6.99,0.681,12.71,160.0,0.97,68.26,5.21,26.53
SL_SOIL_00635,Kilinochchi,9.311778,80.519773,Dry Zone,Alfisols,6.47,0.727,14.53,119.74,0.57,60.0,18.66,21.34
SL_SOIL_00636,Kurunegala,7.782745,80.381594,Intermediate Zone,Alfisols,6.59,0.581,14.59,97.14,0.83,64.77,19.53,15.7
SL_SOIL_00637,Batticaloa,7.666543,81.088514,Dry Zone,Vertisols,6.35,0.982,12.49,142.15,1.22,61.52,30.3,8.18
SL_SOIL_00638,Mannar,9.194323,80.000157,Dry Zone,Alfisols,7.11,0.588,5.07,166.75,0.93,73.6,18.65,7.75
SL_SOIL_00639,Hambantota,6.336692,80.947596,Dry Zone,Alfisols,6.96,1.069,3.0,117.18,1.28,73.18,10.64,16.18
SL_SOIL_00640,Jaffna,9.761614,79.845789,Dry Zone,Alfisols,7.5,0.588,9.71,195.27,0.73,59.12,8.65,32.23
SL_SOIL_00641,Mannar,8.953118,79.97674,Dry Zone,Alfisols,6.96,0.638,3.73,163.86,1.13,64.32,19.19,16.49
SL_SOIL_00642,Trincomalee,8.654966,80.80381,Dry Zone,Alfisols,6.39,0.964,14.09,136.42,1.1,58.03,23.65,18.32
SL_SOIL_00643,Nuwara Eliya,7.073631,80.696066,Up Country Wet Zone,Inceptisols,4.56,1.582,9.09,144.13,2.64,41.17,43.61,15.22
SL_SOIL_00644,Galle,6.102894,80.294773,Wet Zone,Ultisols,5.12,1.62,16.49,123.67,1.99,48.74,27.31,23.95
SL_SOIL_00645,Vavuniya,8.920164,80.533997,Dry Zone,Alfisols,6.6,1.075,17.81,139.78,1.22,63.03,26.01,10.95
SL_SOIL_00646,Mullaitivu,9.230817,80.644711,Dry Zone,Alfisols,6.92,0.965,7.4,152.87,1.1,72.06,13.6,14.34
SL_SOIL_00647,Matara,6.101521,80.519816,Wet Zone,Ultisols,5.17,1.076,22.27,130.48,1.77,50.47,25.79,23.74
SL_SOIL_00648,Jaffna,9.832094,79.913553,Dry Zone,Alfisols,7.07,0.729,10.51,185.1,0.75,66.18,18.89,14.93
SL_SOIL_00649,Hambantota,6.147868,80.982602,Dry Zone,Alfisols,6.29,0.684,12.39,93.13,1.3,75.33,15.74,8.93
SL_SOIL_00650,Kurunegala,7.402872,80.650247,Intermediate Zone,Alfisols,6.17,0.716,16.62,126.06,1.11,58.12,16.51,25.37
SL_SOIL_00651,Gampaha,7.191288,79.991104,Wet Zone,Ultisols,6.05,1.21,14.24,115.96,1.12,53.89,19.95,26.15
SL_SOIL_00652,Matale,7.710978,80.664924,Intermediate Zone,Alfisols,5.65,0.951,8.19,107.88,1.67,53.42,28.08,18.5
SL_SOIL_00653,Matale,7.78824,80.716479,Intermediate Zone,Alfisols,5.51,1.542,18.69,129.08,1.82,60.5,17.37,22.13
SL_SOIL_00654,Nuwara Eliya,6.854812,80.856304,Up Country Wet Zone,Inceptisols,4.51,1.509,11.36,147.28,2.92,48.31,37.94,13.75
SL_SOIL_00655,Puttalam,7.929377,80.174489,Dry Zone,Alfisols,6.55,0.629,3.11,104.44,1.12,80.12,14.44,5.44
SL_SOIL_00656,Matara,5.99985,80.611252,Wet Zone,Ultisols,5.53,1.302,13.81,130.43,2.3,53.43,26.95,19.63
SL_SOIL_00657,Ampara,7.23774,81.875172,Dry Zone,Vertisols,6.33,1.106,9.33,130.9,1.33,55.8,27.72,16.48
SL_SOIL_00658,Mullaitivu,9.109895,80.713874,Dry Zone,Alfisols,7.55,0.909,7.12,132.75,0.84,70.92,20.32,8.75
SL_SOIL_00659,Colombo,6.86775,79.874155,Wet Zone,Ultisols,6.24,1.093,6.42,126.12,1.99,53.22,25.91,20.87
SL_SOIL_00660,Badulla,6.937459,80.903906,Up Country Intermediate Zone,Inceptisols,5.42,1.267,17.05,137.59,1.89,35.62,37.63,26.75
SL_SOIL_00661,Anuradhapura,8.516384,80.49635,Dry Zone,Alfisols,5.94,0.841,6.44,119.85,0.81,60.74,15.04,24.22
SL_SOIL_00662,Trincomalee,8.408404,81.11617,Dry Zone,Alfisols,6.69,0.992,11.85,133.29,1.28,71.41,21.93,6.66
SL_SOIL_00663,Galle,6.120661,80.15209,Wet Zone,Ultisols,5.61,1.34,7.44,119.55,1.97,53.06,26.09,20.85
SL_SOIL_00664,Kegalle,7.231958,80.236306,Wet Zone,Ultisols,5.24,1.504,10.9,132.93,2.27,57.46,35.74,6.8
SL_SOIL_00665,Mullaitivu,9.121523,80.730216,Dry Zone,Alfisols,6.71,1.13,14.74,144.66,1.33,67.31,21.87,10.82
SL_SOIL_00666,Kandy,7.420428,80.677912,Wet Zone,Ultisols,5.73,1.428,13.84,139.85,2.08,54.0,35.54,10.46
SL_SOIL_00667,Kandy,7.282528,80.614459,Wet Zone,Ultisols,5.79,1.501,16.65,156.76,2.17,45.32,37.58,17.09
SL_SOIL_00668,Nuwara Eliya,6.949539,80.725596,Up Country Wet Zone,Inceptisols,4.88,1.767,21.87,145.36,2.81,36.86,33.45,29.69
SL_SOIL_00669,Puttalam,7.824489,80.029393,Dry Zone,Alfisols,6.66,0.834,6.07,103.31,1.4,69.79,13.05,17.16
SL_SOIL_00670,Mannar,9.084012,79.806007,Dry Zone,Alfisols,6.97,0.744,9.58,165.48,0.5,75.04,13.66,11.3
SL_SOIL_00671,Badulla,7.017575,80.987145,Up Country Intermediate Zone,Inceptisols,4.82,1.325,7.11,129.18,1.92,41.09,32.11,26.8
SL_SOIL_00672,Galle,6.113203,80.314037,Wet Zone,Ultisols,4.7,1.176,18.96,123.45,1.65,40.56,29.58,29.86
SL_SOIL_00673,Jaffna,9.646306,79.812475,Dry Zone,Alfisols,7.48,1.101,17.94,171.04,1.09,64.12,15.47,20.41
SL_SOIL_00674,Puttalam,7.747442,80.174423,Dry Zone,Alfisols,6.47,0.565,9.0,126.68,0.71,81.41,7.78,10.81
SL_SOIL_00675,Galle,6.172714,80.164101,Wet Zone,Ultisols,5.35,1.354,21.74,132.73,2.28,52.55,28.1,19.36
SL_SOIL_00676,Kalutara,6.538919,80.056179,Wet Zone,Ultisols,5.52,1.296,25.52,119.67,1.73,41.74,36.51,21.75
SL_SOIL_00677,Mullaitivu,9.121747,80.825371,Dry Zone,Alfisols,6.96,0.916,13.59,144.08,1.17,70.02,15.54,14.43
SL_SOIL_00678,Mullaitivu,9.102517,80.740697,Dry Zone,Alfisols,5.87,0.731,3.44,130.8,1.2,66.75,18.93,14.32
SL_SOIL_00679,Kurunegala,7.553607,80.291163,Intermediate Zone,Alfisols,6.2,0.882,14.15,111.66,1.55,63.9,24.78,11.33
SL_SOIL_00680,Anuradhapura,8.400367,80.738146,Dry Zone,Alfisols,6.48,0.959,19.18,117.36,1.37,66.77,16.42,16.81
SL_SOIL_00681,Matara,6.003368,80.565445,Wet Zone,Ultisols,5.7,1.104,20.23,128.42,1.51,62.44,28.6,8.96
SL_SOIL_00682,Hambantota,6.005204,80.744083,Dry Zone,Alfisols,6.69,0.759,11.92,104.24,1.05,71.87,14.15,13.99
SL_SOIL_00683,Galle,6.169629,80.117863,Wet Zone,Ultisols,5.24,1.502,14.26,143.86,1.96,42.57,31.35,26.08
SL_SOIL_00684,Colombo,6.857014,79.987438,Wet Zone,Ultisols,5.56,0.951,14.0,124.66,1.46,57.9,24.28,17.82
SL_SOIL_00685,Kalutara,6.515177,79.983205,Wet Zone,Ultisols,5.42,1.35,22.25,126.39,1.89,52.16,28.36,19.48
SL_SOIL_00686,Mullaitivu,9.058127,80.889198,Dry Zone,Alfisols,6.69,1.021,10.12,154.53,0.99,52.11,17.07,30.81
SL_SOIL_00687,Kegalle,7.233395,80.215567,Wet Zone,Ultisols,5.22,1.358,16.76,110.02,2.16,48.67,27.31,24.02
SL_SOIL_00688,Trincomalee,8.762305,80.927897,Dry Zone,Alfisols,7.11,0.675,8.16,150.15,1.2,69.75,13.5,16.75
SL_SOIL_00689,Kegalle,7.08528,80.531908,Wet Zone,Ultisols,5.85,1.53,9.69,124.43,2.09,50.5,30.43,19.07
SL_SOIL_00690,Ratnapura,6.659242,80.51679,Wet Zone,Ultisols,4.0,1.206,20.99,147.0,1.96,47.05,33.85,19.1
SL_SOIL_00691,Colombo,6.955302,79.927271,Wet Zone,Ultisols,5.11,1.259,18.49,123.42,1.33,48.73,29.95,21.32
SL_SOIL_00692,Nuwara Eliya,6.952702,80.781422,Up Country Wet Zone,Inceptisols,5.28,1.808,15.76,148.04,3.28,36.92,33.69,29.39
SL_SOIL_00693,Polonnaruwa,7.96969,81.188295,Dry Zone,Vertisols,6.01,0.788,9.06,138.45,0.87,62.91,24.42,12.66
SL_SOIL_00694,Nuwara Eliya,7.030505,80.816618,Up Country Wet Zone,Inceptisols,4.54,1.504,18.2,169.26,3.03,33.65,35.37,30.98
SL_SOIL_00695,Mannar,8.842579,80.090772,Dry Zone,Alfisols,7.22,0.424,15.42,176.37,0.89,74.87,12.4,12.74
SL_SOIL_00696,Mullaitivu,9.114844,80.507551,Dry Zone,Alfisols,6.47,1.093,3.89,166.27,1.01,60.93,17.48,21.59
SL_SOIL_00697,Mullaitivu,9.269167,80.687846,Dry Zone,Alfisols,6.63,0.962,7.76,149.88,1.1,74.23,13.63,12.14
SL_SOIL_00698,Batticaloa,7.91677,81.243061,Dry Zone,Vertisols,7.09,0.812,9.55,149.28,1.75,68.79,24.66,6.55
SL_SOIL_00699,Polonnaruwa,8.022419,80.917224,Dry Zone,Vertisols,6.08,1.133,10.11,141.3,1.41,67.35,12.54,20.11
SL_SOIL_00700,Ampara,7.196771,81.465991,Dry Zone,Vertisols,6.51,1.435,15.14,163.91,1.58,52.96,22.52,24.52
SL_SOIL_00701,Badulla,7.059034,81.175299,Up Country Intermediate Zone,Inceptisols,5.09,1.659,14.53,126.11,2.14,39.87,37.35,22.78
SL_SOIL_00702,Polonnaruwa,7.73011,80.840745,Dry Zone,Vertisols,7.19,1.291,12.01,135.38,1.07,54.54,21.01,24.45
SL_SOIL_00703,Kilinochchi,9.623123,80.572005,Dry Zone,Alfisols,6.64,0.56,17.86,166.1,0.83,66.63,17.28,16.09
SL_SOIL_00704,Matale,7.497121,80.647131,Intermediate Zone,Alfisols,5.6,1.329,15.99,107.78,2.17,53.11,21.23,25.66
SL_SOIL_00705,Kandy,7.407759,80.6822,Wet Zone,Ultisols,5.91,1.215,13.26,123.97,1.84,50.59,24.99,24.43
SL_SOIL_00706,Kalutara,6.455565,80.272939,Wet Zone,Ultisols,4.89,1.378,11.07,133.94,1.68,52.19,35.73,12.07
SL_SOIL_00707,Puttalam,7.810158,79.900117,Dry Zone,Alfisols,6.91,0.844,5.77,129.83,1.0,71.2,15.01,13.79
SL_SOIL_00708,Anuradhapura,8.022462,80.657831,Dry Zone,Alfisols,6.14,0.974,11.84,145.73,1.1,69.24,21.59,9.16
SL_SOIL_00709,Kegalle,7.325255,80.391283,Wet Zone,Ultisols,4.76,1.234,16.03,134.75,2.11,52.84,34.45,12.71
SL_SOIL_00710,Kurunegala,7.576678,80.379782,Intermediate Zone,Alfisols,6.08,1.175,12.57,129.16,1.32,62.86,19.06,18.08
SL_SOIL_00711,Batticaloa,7.53584,81.423728,Dry Zone,Vertisols,6.49,0.981,21.7,140.14,1.28,59.04,20.72,20.24
SL_SOIL_00712,Hambantota,6.22066,80.841451,Dry Zone,Alfisols,6.34,0.96,3.0,104.57,1.03,77.33,16.73,5.94
SL_SOIL_00713,Trincomalee,8.484193,81.313997,Dry Zone,Alfisols,6.79,0.874,21.65,125.37,1.59,62.09,15.82,22.09
SL_SOIL_00714,Vavuniya,8.70064,80.408786,Dry Zone,Alfisols,6.5,0.975,11.41,136.16,0.92,63.69,14.53,21.78
SL_SOIL_00715,Batticaloa,7.678688,81.579596,Dry Zone,Vertisols,6.78,1.28,15.65,148.95,1.43,52.9,10.05,37.05
SL_SOIL_00716,Colombo,6.879195,79.917559,Wet Zone,Ultisols,5.84,1.206,16.64,131.54,1.58,60.25,29.51,10.23
SL_SOIL_00717,Polonnaruwa,7.935296,80.9057,Dry Zone,Vertisols,6.6,0.98,12.98,143.06,1.21,59.54,17.77,22.69
SL_SOIL_00718,Badulla,7.053631,80.858439,Up Country Intermediate Zone,Inceptisols,4.6,1.648,21.05,138.97,2.32,44.42,36.87,18.72
SL_SOIL_00719,Badulla,6.868976,81.135498,Up Country Intermediate Zone,Inceptisols,5.43,1.464,17.38,135.71,2.23,45.57,35.49,18.94
SL_SOIL_00720,Kalutara,6.625244,80.265762,Wet Zone,Ultisols,5.79,1.102,14.01,122.82,0.86,44.26,17.39,38.35
SL_SOIL_00721,Ampara,7.053591,81.730324,Dry Zone,Vertisols,6.83,0.904,15.64,150.72,1.28,61.34,27.51,11.15
SL_SOIL_00722,Monaragala,6.903482,81.143757,Intermediate Zone,Alfisols,5.65,0.99,14.95,129.09,1.0,62.99,18.45,18.56
SL_SOIL_00723,Kegalle,7.155002,80.403116,Wet Zone,Ultisols,4.88,1.404,19.38,146.51,2.87,36.44,23.33,40.23
SL_SOIL_00724,Kilinochchi,9.398019,80.35948,Dry Zone,Alfisols,7.34,0.678,12.49,139.77,0.9,53.21,23.78,23.01
SL_SOIL_00725,Mannar,8.930332,79.871284,Dry Zone,Alfisols,7.49,0.87,13.18,154.67,0.81,81.13,13.84,5.03
SL_SOIL_00726,Jaffna,9.606602,79.984522,Dry Zone,Alfisols,7.29,0.893,13.02,148.48,1.05,76.93,17.19,5.89
SL_SOIL_00727,Ampara,7.356833,81.893988,Dry Zone,Vertisols,6.39,1.006,13.5,153.71,1.4,54.9,23.63,21.47
SL_SOIL_00728,Matara,5.913123,80.556856,Wet Zone,Ultisols,5.36,1.286,11.26,122.38,1.79,63.59,27.68,8.73
SL_SOIL_00729,Nuwara Eliya,6.917788,80.724178,Up Country Wet Zone,Inceptisols,4.36,2.112,15.8,157.98,4.24,47.35,37.8,14.85
SL_SOIL_00730,Mannar,8.985104,79.96314,Dry Zone,Alfisols,7.03,0.814,16.35,149.8,1.22,70.65,7.6,21.75
SL_SOIL_00731,Ratnapura,6.886964,80.456632,Wet Zone,Ultisols,5.37,1.36,18.14,139.43,1.64,42.36,32.86,24.78
SL_SOIL_00732,Polonnaruwa,8.110536,81.07293,Dry Zone,Vertisols,6.37,0.809,6.97,142.23,0.91,66.61,14.9,18.5
SL_SOIL_00733,Matara,6.120386,80.583223,Wet Zone,Ultisols,5.67,1.143,18.57,125.63,2.14,58.42,30.25,11.33
SL_SOIL_00734,Kandy,7.42315,80.676746,Wet Zone,Ultisols,5.11,1.416,10.35,139.46,1.89,47.66,36.57,15.77
SL_SOIL_00735,Matara,5.955985,80.663286,Wet Zone,Ultisols,5.1,1.074,17.79,99.94,1.45,45.79,32.29,21.92
SL_SOIL_00736,Kurunegala,7.497656,80.277359,Intermediate Zone,Alfisols,6.67,1.073,8.96,146.19,1.67,65.02,24.68,10.3
SL_SOIL_00737,Matale,7.665734,80.589195,Intermediate Zone,Alfisols,6.04,1.499,19.87,132.57,2.14,51.61,31.39,17.01
SL_SOIL_00738,Hambantota,6.323291,80.736905,Dry Zone,Alfisols,6.11,0.761,9.74,89.29,0.39,69.96,17.95,12.1
SL_SOIL_00739,Kandy,7.412701,80.652004,Wet Zone,Ultisols,5.71,1.364,16.36,151.9,2.37,46.71,39.77,13.52
SL_SOIL_00740,Badulla,6.874107,81.187518,Up Country Intermediate Zone,Inceptisols,5.43,1.536,17.16,147.14,3.09,48.64,30.31,21.06
SL_SOIL_00741,Trincomalee,8.868544,80.769959,Dry Zone,Alfisols,6.14,0.918,10.79,132.59,1.29,65.74,14.62,19.64
SL_SOIL_00742,Hambantota,6.095437,80.654915,Dry Zone,Alfisols,6.43,1.017,9.02,122.39,1.18,62.16,9.4,28.44
SL_SOIL_00743,Colombo,6.803339,79.981176,Wet Zone,Ultisols,5.33,0.912,21.54,97.74,1.33,60.62,24.87,14.5
SL_SOIL_00744,Polonnaruwa,8.017064,80.863361,Dry Zone,Vertisols,6.48,1.084,16.41,136.19,0.98,59.58,24.16,16.25
SL_SOIL_00745,Anuradhapura,8.484362,80.332009,Dry Zone,Alfisols,6.43,1.051,11.29,121.32,1.2,72.87,16.22,10.91
SL_SOIL_00746,Mullaitivu,9.329106,80.821501,Dry Zone,Alfisols,6.84,0.775,19.29,168.89,1.05,60.89,13.44,25.67
SL_SOIL_00747,Ampara,7.357521,81.528407,Dry Zone,Vertisols,7.04,1.089,11.11,163.93,1.3,62.95,20.88,16.17
SL_SOIL_00748,Mullaitivu,9.131988,80.894493,Dry Zone,Alfisols,6.06,0.936,5.67,142.0,1.17,64.88,14.62,20.5
SL_SOIL_00749,Vavuniya,8.98391,80.553227,Dry Zone,Alfisols,7.23,1.202,10.88,160.12,1.31,59.71,17.41,22.87
SL_SOIL_00750,Kalutara,6.582834,80.100766,Wet Zone,Ultisols,5.16,1.395,13.41,101.7,1.34,43.29,28.95,27.75
SL_SOIL_00751,Nuwara Eliya,6.98918,80.729814,Up Country Wet Zone,Inceptisols,4.27,1.612,19.11,149.84,2.73,32.16,36.46,31.38
SL_SOIL_00752,Kurunegala,7.88097,80.192649,Intermediate Zone,Alfisols,6.58,1.206,9.94,113.74,1.34,56.19,21.94,21.86
SL_SOIL_00753,Puttalam,7.892468,79.831526,Dry Zone,Alfisols,6.73,0.813,12.51,124.0,0.8,65.71,14.4,19.89
SL_SOIL_00754,Matale,7.67579,80.840447,Intermediate Zone,Alfisols,5.66,1.311,14.7,122.46,1.76,48.97,26.87,24.16
SL_SOIL_00755,Batticaloa,7.729302,81.418196,Dry Zone,Vertisols,7.17,0.882,12.55,149.9,1.31,60.33,15.85,23.83
SL_SOIL_00756,Kegalle,7.102233,80.332353,Wet Zone,Ultisols,4.72,1.543,15.47,140.23,2.33,48.39,41.34,10.27
SL_SOIL_00757,Gampaha,7.201006,80.063763,Wet Zone,Ultisols,5.19,1.128,6.27,103.76,1.23,65.08,19.77,15.15
SL_SOIL_00758,Jaffna,9.743599,79.973394,Dry Zone,Alfisols,7.08,0.897,8.24,167.19,0.75,69.59,11.09,19.32
SL_SOIL_00759,Ratnapura,6.655559,80.57576,Wet Zone,Ultisols,5.07,1.803,20.25,159.39,3.04,43.68,27.38,28.94
SL_SOIL_00760,Kurunegala,7.536359,80.39421,Intermediate Zone,Alfisols,6.25,0.739,7.97,122.86,1.01,60.12,17.11,22.77
SL_SOIL_00761,Mullaitivu,9.237549,80.553481,Dry Zone,Alfisols,6.84,1.124,12.69,145.89,1.03,66.37,18.49,15.14
SL_SOIL_00762,Matale,7.522225,80.698657,Intermediate Zone,Alfisols,5.82,1.259,18.63,113.91,1.73,45.19,27.32,27.49
SL_SOIL_00763,Monaragala,6.834577,81.517833,Intermediate Zone,Alfisols,6.73,1.129,13.48,152.01,1.86,62.46,15.98,21.56
SL_SOIL_00764,Ratnapura,6.602882,80.615317,Wet Zone,Ultisols,5.31,1.561,15.56,126.97,2.64,45.73,33.67,20.6
SL_SOIL_00765,Colombo,6.960427,79.958969,Wet Zone,Ultisols,5.88,1.14,18.84,110.66,1.78,45.33,19.65,35.03
SL_SOIL_00766,Badulla,7.127652,80.874512,Up Country Intermediate Zone,Inceptisols,5.56,1.75,10.95,169.95,2.51,43.3,25.2,31.5
SL_SOIL_00767,Colombo,6.881005,79.945939,Wet Zone,Ultisols,5.66,1.249,10.77,131.77,1.63,59.52,25.1,15.38
SL_SOIL_00768,Kurunegala,7.919867,80.631952,Intermediate Zone,Alfisols,6.66,0.954,19.58,133.37,1.28,56.09,16.75,27.17
SL_SOIL_00769,Batticaloa,7.690633,81.300563,Dry Zone,Vertisols,6.58,0.968,9.08,144.36,1.27,67.08,26.87,6.06
SL_SOIL_00770,Trincomalee,8.856898,80.87262,Dry Zone,Alfisols,6.73,0.922,12.88,141.07,1.18,66.94,22.51,10.55
SL_SOIL_00771,Kilinochchi,9.647287,80.408717,Dry Zone,Alfisols,6.48,0.864,7.32,146.29,0.94,63.69,17.16,19.15
SL_SOIL_00772,Polonnaruwa,8.074292,80.941114,Dry Zone,Vertisols,6.48,1.011,11.35,142.4,1.16,70.03,20.1,9.87
SL_SOIL_00773,Kegalle,7.101966,80.299983,Wet Zone,Ultisols,5.28,1.4,16.81,133.81,2.07,47.86,41.77,10.37
SL_SOIL_00774,Badulla,6.933108,80.98374,Up Country Intermediate Zone,Inceptisols,5.44,1.443,11.89,129.27,1.98,45.16,32.29,22.55
SL_SOIL_00775,Trincomalee,8.680526,81.007151,Dry Zone,Alfisols,7.0,0.881,6.53,129.61,0.89,67.92,24.05,8.03
SL_SOIL_00776,Mullaitivu,9.023971,80.460331,Dry Zone,Alfisols,7.08,1.054,9.46,145.83,1.05,51.43,17.53,31.03
SL_SOIL_00777,Colombo,6.925799,80.026042,Wet Zone,Ultisols,5.58,1.261,17.96,128.71,1.99,63.55,26.7,9.76
SL_SOIL_00778,Gampaha,7.009171,79.978796,Wet Zone,Ultisols,5.91,1.415,10.76,113.59,1.76,58.16,26.42,15.42
SL_SOIL_00779,Hambantota,6.026039,80.999117,Dry Zone,Alfisols,6.62,1.246,7.85,119.33,1.3,69.92,17.1,12.98
SL_SOIL_00780,Kalutara,6.679473,80.287578,Wet Zone,Ultisols,5.71,1.324,9.37,117.57,1.7,56.29,33.05,10.67
SL_SOIL_00781,Colombo,6.817043,79.983025,Wet Zone,Ultisols,6.09,1.243,9.0,129.59,2.12,60.48,27.94,11.58
SL_SOIL_00782,Polonnaruwa,7.924793,81.179526,Dry Zone,Vertisols,6.95,0.937,8.59,128.92,1.25,64.3,23.51,12.18
SL_SOIL_00783,Ampara,7.24677,81.663701,Dry Zone,Vertisols,6.57,1.198,11.06,163.7,1.22,46.17,22.27,31.56
SL_SOIL_00784,Monaragala,6.840008,81.463985,Intermediate Zone,Alfisols,6.12,0.966,18.9,109.31,1.08,61.12,21.3,17.58
SL_SOIL_00785,Nuwara Eliya,6.910559,80.710836,Up Country Wet Zone,Inceptisols,4.72,1.718,24.4,153.98,3.39,42.3,43.14,14.56
SL_SOIL_00786,Trincomalee,8.530563,80.778163,Dry Zone,Alfisols,6.84,1.183,14.93,106.57,0.93,73.0,12.67,14.33
SL_SOIL_00787,Matale,7.412227,80.840967,Intermediate Zone,Alfisols,5.78,1.026,17.12,133.38,1.06,56.84,30.94,12.22
SL_SOIL_00788,Matale,7.731174,80.762236,Intermediate Zone,Alfisols,5.11,1.451,16.9,135.7,2.88,59.19,31.4,9.41
SL_SOIL_00789,Nuwara Eliya,7.025373,80.829092,Up Country Wet Zone,Inceptisols,4.28,1.205,14.09,120.92,1.53,37.24,36.32,26.44
SL_SOIL_00790,Kalutara,6.448455,79.991918,Wet Zone,Ultisols,5.7,1.195,13.63,127.94,1.43,56.97,36.42,6.61
SL_SOIL_00791,Polonnaruwa,7.875019,81.022032,Dry Zone,Vertisols,6.32,1.315,8.62,142.95,0.82,65.6,23.7,10.69
SL_SOIL_00792,Monaragala,6.667169,81.241205,Intermediate Zone,Alfisols,6.63,1.055,10.08,117.06,1.07,65.65,23.55,10.81
SL_SOIL_00793,Matale,7.753557,80.734733,Intermediate Zone,Alfisols,5.63,1.365,9.85,109.2,1.67,61.94,25.26,12.8
SL_SOIL_00794,Polonnaruwa,7.861765,81.228327,Dry Zone,Vertisols,6.98,1.408,15.84,148.15,1.32,56.43,31.22,12.35
SL_SOIL_00795,Matale,7.55172,80.781499,Intermediate Zone,Alfisols,6.26,1.19,11.24,136.16,1.96,50.0,21.48,28.52
SL_SOIL_00796,Jaffna,9.579516,79.863657,Dry Zone,Alfisols,7.35,0.867,12.94,163.0,0.82,67.43,14.34,18.23
SL_SOIL_00797,Jaffna,9.597348,79.768607,Dry Zone,Alfisols,7.81,0.793,17.55,192.87,0.94,62.61,7.11,30.28
SL_SOIL_00798,Puttalam,8.075438,80.136622,Dry Zone,Alfisols,6.58,0.791,3.0,105.6,1.15,63.56,21.05,15.39
SL_SOIL_00799,Trincomalee,8.614549,81.47424,Dry Zone,Alfisols,6.48,1.18,15.09,135.04,1.58,74.69,20.15,5.16
SL_SOIL_00800,Polonnaruwa,7.735335,81.070486,Dry Zone,Vertisols,6.5,1.124,11.34,143.58,1.28,60.35,26.58,13.07
SL_SOIL_00801,Vavuniya,8.91663,80.346117,Dry Zone,Alfisols,6.75,0.807,10.03,149.14,1.12,60.59,20.76,18.65
SL_SOIL_00802,Hambantota,6.246902,80.92166,Dry Zone,Alfisols,6.71,1.005,17.83,110.17,0.97,67.56,15.59,16.85
SL_SOIL_00803,Vavuniya,8.878355,80.401038,Dry Zone,Alfisols,6.58,1.044,16.05,137.43,1.16,58.54,18.89,22.57
SL_SOIL_00804,Colombo,6.942612,79.806033,Wet Zone,Ultisols,6.54,1.432,13.16,121.94,2.2,57.18,36.05,6.77
SL_SOIL_00805,Puttalam,8.229402,80.063304,Dry Zone,Alfisols,5.81,0.603,8.89,121.05,1.0,73.19,10.82,15.99
SL_SOIL_00806,Mullaitivu,9.050152,80.554278,Dry Zone,Alfisols,6.58,0.843,17.3,125.45,1.0,68.47,18.36,13.18
SL_SOIL_00807,Mullaitivu,9.027306,80.679855,Dry Zone,Alfisols,6.75,0.799,12.78,138.28,0.67,67.26,24.68,8.06
SL_SOIL_00808,Kandy,7.28666,80.590303,Wet Zone,Ultisols,6.15,1.328,18.68,124.33,2.06,55.6,35.12,9.28
SL_SOIL_00809,Colombo,6.858442,79.98513,Wet Zone,Ultisols,5.67,1.384,13.72,121.32,2.01,52.39,24.14,23.46
SL_SOIL_00810,Trincomalee,8.743478,80.931426,Dry Zone,Alfisols,6.36,1.11,14.53,143.25,1.15,60.74,13.95,25.32
SL_SOIL_00811,Matara,6.088233,80.55614,Wet Zone,Ultisols,5.71,1.132,10.53,104.4,1.65,52.61,36.63,10.77
SL_SOIL_00812,Gampaha,7.051726,80.088692,Wet Zone,Ultisols,6.31,1.191,13.14,106.57,1.14,55.1,26.0,18.9
SL_SOIL_00813,Matara,5.908901,80.651133,Wet Zone,Ultisols,5.11,1.089,24.37,117.64,1.94,55.89,22.01,22.1
SL_SOIL_00814,Galle,6.189382,80.294685,Wet Zone,Ultisols,5.24,1.604,19.98,131.88,2.35,44.0,24.61,31.38
SL_SOIL_00815,Gampaha,7.129857,80.084797,Wet Zone,Ultisols,5.8,1.331,13.34,127.66,1.97,54.26,15.24,30.49
SL_SOIL_00816,Badulla,6.800547,81.00631,Up Country Intermediate Zone,Inceptisols,5.69,1.392,14.12,130.29,2.05,51.61,35.87,12.52
SL_SOIL_00817,Badulla,6.873425,80.998625,Up Country Intermediate Zone,Inceptisols,5.31,1.253,18.47,129.5,1.17,52.24,27.85,19.91
SL_SOIL_00818,Kalutara,6.688083,80.27334,Wet Zone,Ultisols,6.21,1.47,13.02,119.78,2.2,49.57,34.01,16.41
SL_SOIL_00819,Kurunegala,7.946857,80.681684,Intermediate Zone,Alfisols,5.74,1.111,16.09,138.8,1.3,53.49,26.66,19.85
SL_SOIL_00820,Mannar,8.996685,79.838323,Dry Zone,Alfisols,7.22,0.708,8.69,141.62,0.49,73.26,9.46,17.28
SL_SOIL_00821,Colombo,6.868258,79.916405,Wet Zone,Ultisols,5.21,1.12,18.17,111.64,1.62,51.84,22.6,25.56
SL_SOIL_00822,Badulla,6.813163,81.0618,Up Country Intermediate Zone,Inceptisols,5.13,1.911,13.41,147.33,2.56,45.18,39.24,15.59
SL_SOIL_00823,Mannar,8.832917,79.985017,Dry Zone,Alfisols,6.79,0.562,15.31,167.62,0.9,75.52,6.44,18.04
SL_SOIL_00824,Matale,7.574711,80.772136,Intermediate Zone,Alfisols,5.84,1.216,14.97,115.81,1.62,56.98,25.38,17.64
SL_SOIL_00825,Kegalle,7.338222,80.21431,Wet Zone,Ultisols,5.45,1.548,18.05,143.4,2.59,42.75,34.3,22.96
SL_SOIL_00826,Trincomalee,8.790084,80.971186,Dry Zone,Alfisols,6.23,0.962,19.72,126.37,1.41,63.77,21.38,14.86
SL_SOIL_00827,Ampara,7.489126,81.750977,Dry Zone,Vertisols,5.42,0.92,11.27,141.28,1.4,47.05,20.96,31.99
SL_SOIL_00828,Batticaloa,7.83474,81.010291,Dry Zone,Vertisols,6.17,1.024,13.19,162.28,1.33,58.22,21.88,19.89
SL_SOIL_00829,Monaragala,6.879577,81.276256,Intermediate Zone,Alfisols,5.85,1.239,14.53,124.33,1.23,63.85,24.54,11.61
SL_SOIL_00830,Batticaloa,7.704407,81.415669,Dry Zone,Vertisols,6.98,1.0,15.26,145.84,1.55,59.15,23.06,17.79
SL_SOIL_00831,Matale,7.618824,80.836508,Intermediate Zone,Alfisols,4.73,1.513,14.28,142.69,1.87,54.28,19.14,26.58
SL_SOIL_00832,Polonnaruwa,7.863236,80.838912,Dry Zone,Vertisols,6.25,0.928,11.1,152.61,0.92,52.74,23.23,24.03
SL_SOIL_00833,Vavuniya,8.974158,80.647402,Dry Zone,Alfisols,6.74,0.942,14.23,151.1,1.39,52.11,20.36,27.53
SL_SOIL_00834,Gampaha,7.205996,80.11364,Wet Zone,Ultisols,5.69,1.476,10.98,120.97,1.74,65.81,14.01,20.19
SL_SOIL_00835,Kilinochchi,9.557981,80.251486,Dry Zone,Alfisols,6.99,1.094,12.17,156.28,0.66,53.76,15.48,30.76
SL_SOIL_00836,Puttalam,8.003595,80.042736,Dry Zone,Alfisols,6.53,0.792,3.34,97.31,0.64,77.21,14.85,7.94
SL_SOIL_00837,Galle,6.116418,80.166273,Wet Zone,Ultisols,4.72,1.683,29.64,142.75,2.81,53.52,28.61,17.86
SL_SOIL_00838,Nuwara Eliya,6.929574,80.742005,Up Country Wet Zone,Inceptisols,4.78,1.723,14.01,135.43,3.32,40.19,32.53,27.27
SL_SOIL_00839,Gampaha,7.038419,80.034888,Wet Zone,Ultisols,5.79,0.886,3.0,109.39,1.23,59.94,12.99,27.06
SL_SOIL_00840,Nuwara Eliya,6.871461,80.832479,Up Country Wet Zone,Inceptisols,5.1,1.985,27.54,135.86,3.97,32.04,32.21,35.76
SL_SOIL_00841,Kurunegala,7.829684,80.37236,Intermediate Zone,Alfisols,5.98,1.023,15.16,101.59,1.14,68.24,17.72,14.04
SL_SOIL_00842,Gampaha,7.113728,80.088636,Wet Zone,Ultisols,5.66,0.806,11.69,106.09,1.11,58.36,20.99,20.65
SL_SOIL_00843,Kurunegala,7.654748,80.604005,Intermediate Zone,Alfisols,5.58,1.339,13.64,134.91,1.51,57.32,19.79,22.89
SL_SOIL_00844,Batticaloa,7.813313,81.492798,Dry Zone,Vertisols,6.98,1.133,10.55,141.61,1.77,67.41,27.04,5.56
SL_SOIL_00845,Puttalam,8.255907,79.812419,Dry Zone,Alfisols,6.12,0.764,7.35,102.68,0.91,70.36,9.23,20.41
SL_SOIL_00846,Gampaha,7.247209,80.084887,Wet Zone,Ultisols,5.21,1.259,12.19,92.81,1.87,56.21,25.61,18.19
SL_SOIL_00847,Anuradhapura,8.540851,80.7971,Dry Zone,Alfisols,6.04,0.774,11.97,98.7,0.77,76.12,10.75,13.12
SL_SOIL_00848,Kegalle,7.211124,80.497291,Wet Zone,Ultisols,5.15,1.748,10.43,145.43,2.56,55.95,30.12,13.93
SL_SOIL_00849,Nuwara Eliya,6.926595,80.767505,Up Country Wet Zone,Inceptisols,5.07,1.44,8.05,145.47,1.58,42.38,43.04,14.58
SL_SOIL_00850,Colombo,6.86885,79.90279,Wet Zone,Ultisols,5.52,1.392,17.95,127.21,2.07,58.26,23.54,18.2
SL_SOIL_00851,Ratnapura,6.595802,80.596789,Wet Zone,Ultisols,4.88,1.936,13.01,145.31,4.02,38.65,35.8,25.55
SL_SOIL_00852,Batticaloa,7.547884,81.096207,Dry Zone,Vertisols,6.49,0.875,14.9,141.92,1.24,62.14,31.74,6.12
SL_SOIL_00853,Monaragala,7.066889,81.140214,Intermediate Zone,Alfisols,5.04,1.019,9.54,107.95,1.24,62.77,27.66,9.57
SL_SOIL_00854,Jaffna,9.790497,80.024763,Dry Zone,Alfisols,7.45,0.703,9.36,170.94,1.34,73.69,5.0,21.31
SL_SOIL_00855,Puttalam,8.019184,80.1679,Dry Zone,Alfisols,6.51,0.954,14.46,120.99,1.03,76.96,15.44,7.6
SL_SOIL_00856,Trincomalee,8.837043,81.276817,Dry Zone,Alfisols,7.13,1.297,9.85,161.65,1.41,63.7,17.86,18.44
SL_SOIL_00857,Matale,7.528813,80.718839,Intermediate Zone,Alfisols,5.43,1.22,12.4,118.09,1.8,59.66,29.69,10.64
SL_SOIL_00858,Kandy,7.44426,80.604565,Wet Zone,Ultisols,6.0,1.367,15.66,134.96,2.43,49.53,37.47,13.0
SL_SOIL_00859,Jaffna,9.570856,79.723842,Dry Zone,Alfisols,7.57,0.76,15.28,163.51,0.93,61.26,18.22,20.52
SL_SOIL_00860,Ratnapura,6.702282,80.540921,Wet Zone,Ultisols,5.13,1.553,10.73,133.46,2.45,50.89,33.38,15.73
SL_SOIL_00861,Trincomalee,8.729907,81.276964,Dry Zone,Alfisols,6.53,0.89,7.58,134.87,1.06,67.92,25.19,6.89
SL_SOIL_00862,Jaffna,9.735345,80.075808,Dry Zone,Alfisols,7.37,0.643,19.65,177.89,1.03,68.0,12.45,19.54
SL_SOIL_00863,Trincomalee,8.46987,81.012137,Dry Zone,Alfisols,7.05,0.939,9.37,145.85,0.98,69.84,16.78,13.38
SL_SOIL_00864,Anuradhapura,8.326926,80.544034,Dry Zone,Alfisols,6.29,0.694,8.08,125.52,1.21,68.23,13.57,18.2
SL_SOIL_00865,Ratnapura,6.579182,80.67678,Wet Zone,Ultisols,4.6,1.86,18.03,133.47,2.7,42.62,29.52,27.86
SL_SOIL_00866,Matale,7.556535,80.717885,Intermediate Zone,Alfisols,5.36,1.311,14.73,134.0,1.93,55.37,24.73,19.9
SL_SOIL_00867,Gampaha,7.190708,79.960122,Wet Zone,Ultisols,6.06,1.338,12.46,129.65,2.52,60.57,26.18,13.24
SL_SOIL_00868,Nuwara Eliya,7.048328,80.817746,Up Country Wet Zone,Inceptisols,5.1,2.077,10.65,155.52,3.97,34.46,43.28,22.26
SL_SOIL_00869,Polonnaruwa,7.971451,81.016678,Dry Zone,Vertisols,6.1,0.988,11.09,158.73,0.94,68.18,19.45,12.38
SL_SOIL_00870,Gampaha,7.048408,79.909522,Wet Zone,Ultisols,6.06,1.426,11.52,112.91,1.83,59.81,18.53,21.66
SL_SOIL_00871,Mullaitivu,9.000047,80.460076,Dry Zone,Alfisols,7.35,0.71,18.18,150.77,0.82,62.49,14.16,23.35
SL_SOIL_00872,Kilinochchi,9.431191,80.347682,Dry Zone,Alfisols,6.39,0.414,14.28,162.32,0.8,66.85,12.33,20.82
SL_SOIL_00873,Kilinochchi,9.613669,80.293515,Dry Zone,Alfisols,7.48,0.716,11.38,156.75,0.96,49.98,17.85,32.17
SL_SOIL_00874,Ampara,7.020192,81.607055,Dry Zone,Vertisols,6.44,1.083,17.08,135.88,1.08,60.29,22.71,17.0
SL_SOIL_00875,Kilinochchi,9.510159,80.29016,Dry Zone,Alfisols,6.5,0.729,13.4,160.59,1.38,65.37,25.42,9.21
SL_SOIL_00876,Puttalam,7.767868,80.145934,Dry Zone,Alfisols,5.76,0.836,10.73,106.62,1.06,72.89,9.72,17.39
SL_SOIL_00877,Batticaloa,7.669538,81.339379,Dry Zone,Vertisols,6.57,1.119,15.61,143.4,1.21,62.21,20.48,17.3
SL_SOIL_00878,Kegalle,7.268973,80.385944,Wet Zone,Ultisols,5.67,1.555,14.77,120.47,1.98,49.41,35.83,14.76
SL_SOIL_00879,Monaragala,6.811911,81.177657,Intermediate Zone,Alfisols,6.29,0.977,10.54,131.84,1.3,61.47,9.84,28.69
SL_SOIL_00880,Monaragala,7.100571,81.292209,Intermediate Zone,Alfisols,6.4,0.621,9.36,137.15,0.84,55.68,13.71,30.61
SL_SOIL_00881,Ampara,7.01796,81.830344,Dry Zone,Vertisols,6.59,1.136,20.1,129.53,1.36,65.11,16.48,18.41
SL_SOIL_00882,Kilinochchi,9.440795,80.555865,Dry Zone,Alfisols,7.11,0.809,13.49,129.19,1.13,65.97,19.98,14.05
SL_SOIL_00883,Badulla,7.058242,81.099063,Up Country Intermediate Zone,Inceptisols,5.14,1.314,22.93,149.53,2.42,33.83,35.23,30.94
SL_SOIL_00884,Ampara,7.232,81.436935,Dry Zone,Vertisols,6.51,0.826,11.82,144.52,1.2,63.57,25.35,11.08
SL_SOIL_00885,Matara,6.076358,80.649269,Wet Zone,Ultisols,5.04,1.41,22.85,132.3,2.09,44.59,25.23,30.18
SL_SOIL_00886,Kandy,7.230141,80.573988,Wet Zone,Ultisols,4.75,1.752,7.49,157.5,2.31,50.98,26.62,22.4
SL_SOIL_00887,Matara,5.934091,80.597345,Wet Zone,Ultisols,5.55,1.305,11.26,115.95,1.87,55.01,25.49,19.5
SL_SOIL_00888,Kandy,7.273317,80.734232,Wet Zone,Ultisols,5.45,1.543,16.31,132.27,2.59,54.24,28.46,17.3
SL_SOIL_00889,Ratnapura,6.740124,80.67455,Wet Zone,Ultisols,5.94,1.659,17.46,125.53,2.17,48.14,37.37,14.48
SL_SOIL_00890,Kegalle,7.295855,80.416167,Wet Zone,Ultisols,5.18,1.391,13.73,131.1,2.31,54.67,28.23,17.09
SL_SOIL_00891,Kalutara,6.736072,80.046648,Wet Zone,Ultisols,5.64,1.249,16.49,143.71,1.24,55.55,25.99,18.45
SL_SOIL_00892,Kalutara,6.489378,80.259546,Wet Zone,Ultisols,4.96,1.222,15.04,105.8,1.92,43.72,22.06,34.21
SL_SOIL_00893,Kurunegala,7.482275,80.551676,Intermediate Zone,Alfisols,6.68,1.261,3.29,132.97,1.09,62.23,14.94,22.83
SL_SOIL_00894,Puttalam,8.238254,79.78742,Dry Zone,Alfisols,6.51,0.825,6.28,124.61,0.9,75.72,17.9,6.39
SL_SOIL_00895,Puttalam,7.830492,79.770161,Dry Zone,Alfisols,7.2,0.548,6.64,96.97,0.78,73.36,17.71,8.93
SL_SOIL_00896,Polonnaruwa,7.743803,80.990788,Dry Zone,Vertisols,6.15,0.902,16.25,136.74,0.78,65.52,16.52,17.96
SL_SOIL_00897,Matale,7.501381,80.65691,Intermediate Zone,Alfisols,5.73,1.217,16.27,118.12,1.78,61.48,28.18,10.34
SL_SOIL_00898,Kurunegala,7.717512,80.264629,Intermediate Zone,Alfisols,6.07,1.068,13.74,124.39,1.37,61.09,18.71,20.2
SL_SOIL_00899,Jaffna,9.678594,80.112101,Dry Zone,Alfisols,7.28,0.991,13.71,170.82,1.14,67.72,14.78,17.5
SL_SOIL_00900,Badulla,7.091484,81.048415,Up Country Intermediate Zone,Inceptisols,4.89,1.399,18.71,144.92,2.56,47.68,29.9,22.42
SL_SOIL_00901,Polonnaruwa,8.155714,81.050782,Dry Zone,Vertisols,6.03,0.93,17.02,152.69,1.09,48.51,26.99,24.5
SL_SOIL_00902,Nuwara Eliya,6.938342,80.852152,Up Country Wet Zone,Inceptisols,5.21,1.428,8.92,139.19,3.05,40.46,38.88,20.66
SL_SOIL_00903,Colombo,6.897056,79.927629,Wet Zone,Ultisols,5.66,1.192,14.1,109.52,1.34,60.47,20.94,18.59
SL_SOIL_00904,Matale,7.440869,80.691069,Intermediate Zone,Alfisols,5.56,1.17,17.89,130.03,1.25,61.17,23.01,15.83
SL_SOIL_00905,Hambantota,6.071962,80.849338,Dry Zone,Alfisols,6.56,1.189,18.84,124.93,1.41,70.85,21.37,7.77
SL_SOIL_00906,Mannar,8.915527,79.916249,Dry Zone,Alfisols,7.44,1.049,13.86,138.75,0.94,71.88,12.02,16.1
SL_SOIL_00907,Vavuniya,8.768648,80.457738,Dry Zone,Alfisols,6.59,0.818,7.48,159.95,1.26,59.7,20.8,19.49
SL_SOIL_00908,Gampaha,7.24158,79.895931,Wet Zone,Ultisols,5.51,1.284,9.02,114.69,1.35,58.05,13.26,28.69
SL_SOIL_00909,Trincomalee,8.51585,81.133496,Dry Zone,Alfisols,6.92,0.957,9.39,129.06,0.92,66.26,12.64,21.1
SL_SOIL_00910,Vavuniya,8.679639,80.676258,Dry Zone,Alfisols,6.58,1.153,11.64,143.08,1.39,53.05,18.25,28.7
SL_SOIL_00911,Mullaitivu,9.22815,80.58778,Dry Zone,Alfisols,7.09,0.669,12.77,138.68,0.91,61.69,14.29,24.01
SL_SOIL_00912,Hambantota,6.256952,81.065851,Dry Zone,Alfisols,5.99,0.888,6.09,89.45,1.04,63.45,7.42,29.13
SL_SOIL_00913,Kegalle,7.2398,80.242395,Wet Zone,Ultisols,5.32,1.371,12.34,106.96,1.36,45.81,29.08,25.1
SL_SOIL_00914,Batticaloa,7.624203,81.410877,Dry Zone,Vertisols,6.5,0.811,14.22,153.67,1.35,61.6,22.4,15.99
SL_SOIL_00915,Kegalle,7.091292,80.346512,Wet Zone,Ultisols,4.93,1.242,9.65,148.41,2.23,46.44,35.18,18.38
SL_SOIL_00916,Badulla,6.808851,81.047696,Up Country Intermediate Zone,Inceptisols,5.51,1.7,13.11,140.46,2.13,49.06,35.25,15.68
SL_SOIL_00917,Batticaloa,7.689723,81.50288,Dry Zone,Vertisols,7.04,1.085,17.14,141.68,0.83,62.63,26.46,10.91
SL_SOIL_00918,Ratnapura,6.612018,80.508922,Wet Zone,Ultisols,4.64,1.816,17.59,135.93,3.07,44.11,30.51,25.38
SL_SOIL_00919,Kilinochchi,9.344141,80.424918,Dry Zone,Alfisols,7.21,1.049,6.54,154.77,1.23,68.51,21.84,9.65
SL_SOIL_00920,Ampara,7.047301,81.725789,Dry Zone,Vertisols,5.76,1.277,19.89,160.47,1.41,51.6,20.9,27.49
SL_SOIL_00921,Trincomalee,8.59215,80.744274,Dry Zone,Alfisols,6.78,0.887,10.19,160.15,1.51,58.05,23.63,18.32
SL_SOIL_00922,Kandy,7.413555,80.57048,Wet Zone,Ultisols,5.37,1.369,19.26,128.78,2.26,39.48,34.4,26.12
SL_SOIL_00923,Colombo,6.886164,79.901519,Wet Zone,Ultisols,5.9,1.448,21.67,140.24,1.96,56.15,30.63,13.22
SL_SOIL_00924,Matara,5.958158,80.651496,Wet Zone,Ultisols,5.46,1.222,14.68,132.29,2.02,64.55,29.97,5.48
SL_SOIL_00925,Trincomalee,8.439736,81.095265,Dry Zone,Alfisols,7.01,0.986,14.36,154.36,1.12,70.05,13.88,16.06
SL_SOIL_00926,Kalutara,6.593797,80.27831,Wet Zone,Ultisols,4.9,1.593,13.37,141.91,1.94,46.36,35.83,17.81
SL_SOIL_00927,Anuradhapura,8.095763,80.665834,Dry Zone,Alfisols,6.15,1.214,14.49,133.08,1.38,69.44,19.19,11.38
SL_SOIL_00928,Batticaloa,7.81864,81.472621,Dry Zone,Vertisols,6.75,1.036,14.07,143.74,1.05,71.39,22.52,6.09
SL_SOIL_00929,Batticaloa,7.738421,81.187341,Dry Zone,Vertisols,7.15,1.084,9.13,163.63,1.06,56.56,20.24,23.19
SL_SOIL_00930,Ratnapura,6.790069,80.552104,Wet Zone,Ultisols,4.85,1.55,14.84,115.55,2.51,42.16,28.7,29.14
SL_SOIL_00931,Badulla,6.996659,80.953336,Up Country Intermediate Zone,Inceptisols,5.01,1.53,20.42,154.14,2.93,53.02,33.08,13.9
SL_SOIL_00932,Vavuniya,8.919896,80.559033,Dry Zone,Alfisols,7.06,1.075,14.75,146.4,1.77,66.4,13.95,19.65
SL_SOIL_00933,Monaragala,6.619245,81.03882,Intermediate Zone,Alfisols,5.59,0.904,10.6,125.39,1.6,62.54,21.28,16.18
SL_SOIL_00934,Vavuniya,8.786253,80.699868,Dry Zone,Alfisols,5.94,0.633,7.08,141.53,0.83,63.17,27.07,9.77
SL_SOIL_00935,Ratnapura,6.617238,80.657049,Wet Zone,Ultisols,5.08,1.648,17.01,128.93,3.03,40.17,38.43,21.4
SL_SOIL_00936,Gampaha,7.111043,80.048469,Wet Zone,Ultisols,5.7,1.269,13.25,112.21,1.84,61.6,25.71,12.69
SL_SOIL_00937,Mullaitivu,9.370933,80.836537,Dry Zone,Alfisols,6.81,0.781,10.09,170.07,0.67,70.8,19.01,10.19
SL_SOIL_00938,Vavuniya,8.72818,80.379495,Dry Zone,Alfisols,6.76,0.988,10.93,138.18,1.12,55.59,22.13,22.28
SL_SOIL_00939,Ratnapura,6.878341,80.734814,Wet Zone,Ultisols,5.06,1.499,18.97,124.66,2.71,43.69,36.51,19.81
SL_SOIL_00940,Puttalam,7.873296,79.890684,Dry Zone,Alfisols,6.61,0.897,11.53,127.66,0.99,73.32,17.69,8.99
SL_SOIL_00941,Galle,5.977883,80.276039,Wet Zone,Ultisols,5.48,1.63,21.67,130.08,2.12,45.49,37.8,16.71
SL_SOIL_00942,Kalutara,6.510653,80.119366,Wet Zone,Ultisols,5.69,1.108,13.58,129.7,1.53,54.63,35.5,9.87
SL_SOIL_00943,Batticaloa,7.642794,81.392137,Dry Zone,Vertisols,7.16,1.365,9.99,152.21,1.75,65.77,16.21,18.03
SL_SOIL_00944,Monaragala,7.233903,81.095786,Intermediate Zone,Alfisols,5.3,0.919,6.16,145.57,1.38,63.99,17.4,18.62
SL_SOIL_00945,Vavuniya,8.828048,80.345161,Dry Zone,Alfisols,6.78,0.742,14.96,154.12,1.28,59.94,27.2,12.86
SL_SOIL_00946,Kilinochchi,9.646558,80.649927,Dry Zone,Alfisols,6.6,0.934,9.9,153.76,1.26,71.0,19.19,9.82
SL_SOIL_00947,Batticaloa,7.894728,81.404247,Dry Zone,Vertisols,6.62,0.975,18.3,145.74,1.33,60.29,33.48,6.23
SL_SOIL_00948,Mullaitivu,9.282007,80.595582,Dry Zone,Alfisols,7.25,0.719,11.54,140.01,1.14,52.64,17.27,30.09
SL_SOIL_00949,Kurunegala,7.429688,80.31319,Intermediate Zone,Alfisols,6.2,0.868,10.69,132.63,0.75,52.38,31.7,15.92
SL_SOIL_00950,Nuwara Eliya,7.03084,80.745422,Up Country Wet Zone,Inceptisols,5.41,1.771,16.45,144.11,3.75,38.78,37.42,23.8
SL_SOIL_00951,Kalutara,6.660624,80.215291,Wet Zone,Ultisols,5.17,1.244,16.14,125.49,1.91,56.11,26.66,17.24
SL_SOIL_00952,Puttalam,7.973974,79.850632,Dry Zone,Alfisols,6.74,0.535,14.11,118.02,0.8,62.54,10.08,27.38
SL_SOIL_00953,Batticaloa,7.997374,81.342728,Dry Zone,Vertisols,6.63,0.698,16.24,158.08,0.43,56.36,31.42,12.23
SL_SOIL_00954,Kegalle,7.277243,80.293118,Wet Zone,Ultisols,4.73,1.476,11.75,119.62,2.41,43.65,26.61,29.75
SL_SOIL_00955,Monaragala,6.749439,81.543521,Intermediate Zone,Alfisols,5.49,0.58,13.45,137.68,1.21,57.53,16.07,26.4
SL_SOIL_00956,Matale,7.770155,80.717541,Intermediate Zone,Alfisols,5.69,1.127,12.31,109.26,1.6,53.55,21.75,24.7
SL_SOIL_00957,Jaffna,9.594631,80.028404,Dry Zone,Alfisols,7.59,0.88,13.29,156.26,1.16,69.06,13.08,17.86
SL_SOIL_00958,Galle,6.09432,80.269097,Wet Zone,Ultisols,5.02,1.439,20.83,126.71,1.7,45.93,25.03,29.03
SL_SOIL_00959,Kegalle,7.134643,80.501305,Wet Zone,Ultisols,5.14,1.276,21.23,141.57,2.1,48.46,27.74,23.8
SL_SOIL_00960,Trincomalee,8.531596,80.970486,Dry Zone,Alfisols,6.42,0.873,9.62,131.01,1.28,71.02,16.21,12.77
SL_SOIL_00961,Galle,6.056902,80.304834,Wet Zone,Ultisols,4.86,1.53,13.39,132.64,2.19,49.91,30.48,19.61
SL_SOIL_00962,Badulla,6.955593,81.161415,Up Country Intermediate Zone,Inceptisols,5.04,1.166,8.41,139.8,2.02,44.54,38.44,17.03
SL_SOIL_00963,Mannar,8.969662,80.054926,Dry Zone,Alfisols,7.53,0.655,8.8,178.05,0.71,67.33,13.3,19.38
SL_SOIL_00964,Kegalle,7.092779,80.265562,Wet Zone,Ultisols,5.06,1.61,22.88,138.18,2.13,42.13,31.13,26.75
SL_SOIL_00965,Trincomalee,8.45141,81.30349,Dry Zone,Alfisols,6.6,1.062,14.16,132.51,1.18,55.92,17.81,26.26
SL_SOIL_00966,Mullaitivu,9.113154,80.730232,Dry Zone,Alfisols,6.62,0.925,14.02,154.91,1.27,63.9,21.49,14.61
SL_SOIL_00967,Anuradhapura,8.131908,80.600254,Dry Zone,Alfisols,6.26,0.941,21.7,128.98,0.94,80.72,13.57,5.71
SL_SOIL_00968,Kegalle,7.322174,80.292388,Wet Zone,Ultisols,5.08,1.091,14.59,113.59,1.83,54.69,35.22,10.09
SL_SOIL_00969,Kandy,7.377864,80.579527,Wet Zone,Ultisols,5.21,1.438,14.76,144.75,2.08,41.29,34.68,24.03
SL_SOIL_00970,Jaffna,9.778205,79.724122,Dry Zone,Alfisols,7.61,0.568,6.91,163.07,0.65,70.29,10.36,19.35
SL_SOIL_00971,Kalutara,6.652133,80.195669,Wet Zone,Ultisols,5.93,1.348,12.87,115.78,0.82,49.39,21.39,29.22
SL_SOIL_00972,Hambantota,6.017171,80.60969,Dry Zone,Alfisols,6.63,1.012,6.33,95.24,1.45,66.24,13.28,20.48
SL_SOIL_00973,Mullaitivu,9.298369,80.794343,Dry Zone,Alfisols,6.96,0.826,12.11,135.91,0.98,70.61,12.6,16.79
SL_SOIL_00974,Kurunegala,7.911104,80.302148,Intermediate Zone,Alfisols,6.59,1.028,16.18,110.79,0.92,61.32,22.67,16.01
SL_SOIL_00975,Batticaloa,7.594889,81.510425,Dry Zone,Vertisols,6.62,1.069,11.8,140.76,1.37,67.27,22.54,10.19
SL_SOIL_00976,Kandy,7.290242,80.706694,Wet Zone,Ultisols,4.6,1.513,10.77,131.81,2.13,55.91,37.45,6.65
SL_SOIL_00977,Batticaloa,7.842595,81.016191,Dry Zone,Vertisols,6.7,1.174,17.73,138.11,1.49,69.85,19.68,10.47
SL_SOIL_00978,Badulla,7.104758,80.884856,Up Country Intermediate Zone,Inceptisols,5.24,1.367,15.71,150.72,1.9,51.62,39.77,8.6
SL_SOIL_00979,Gampaha,7.210402,79.889771,Wet Zone,Ultisols,6.0,1.254,13.6,118.52,2.19,57.63,15.82,26.55
SL_SOIL_00980,Batticaloa,7.643502,81.546283,Dry Zone,Vertisols,6.89,0.889,7.6,150.56,0.84,60.72,23.09,16.2
SL_SOIL_00981,Matara,6.073497,80.534212,Wet Zone,Ultisols,5.46,1.252,14.5,143.66,1.51,48.68,21.76,29.55
SL_SOIL_00982,Matara,6.048016,80.585029,Wet Zone,Ultisols,5.5,1.333,17.54,122.72,3.11,50.52,40.39,9.1
SL_SOIL_00983,Trincomalee,8.644343,80.762014,Dry Zone,Alfisols,6.5,1.159,5.4,136.6,0.96,65.53,19.83,14.64
SL_SOIL_00984,Mannar,8.972841,79.96557,Dry Zone,Alfisols,7.09,0.79,11.41,150.73,0.87,69.8,7.01,23.19
SL_SOIL_00985,Puttalam,7.984074,79.799794,Dry Zone,Alfisols,6.72,1.095,7.97,121.56,0.88,63.06,12.45,24.49
SL_SOIL_00986,Jaffna,9.604548,79.922876,Dry Zone,Alfisols,7.71,0.515,14.59,165.36,0.93,66.51,20.23,13.26
SL_SOIL_00987,Hambantota,6.112073,80.760685,Dry Zone,Alfisols,6.18,0.862,12.84,124.62,1.55,62.36,12.31,25.33
SL_SOIL_00988,Matale,7.471279,80.562392,Intermediate Zone,Alfisols,5.66,1.524,11.09,121.33,1.99,72.03,18.04,9.93
SL_SOIL_00989,Nuwara Eliya,7.025487,80.892484,Up Country Wet Zone,Inceptisols,4.1,1.644,14.59,130.88,2.31,34.21,42.59,23.2
SL_SOIL_00990,Anuradhapura,8.030166,80.481626,Dry Zone,Alfisols,5.82,0.645,9.81,110.35,0.47,66.39,15.79,17.82
SL_SOIL_00991,Gampaha,7.031474,79.985836,Wet Zone,Ultisols,5.31,0.932,12.49,134.78,1.62,57.77,13.87,28.37
SL_SOIL_00992,Ratnapura,6.636939,80.64152,Wet Zone,Ultisols,5.06,1.381,14.73,125.52,2.35,47.61,43.29,9.09
SL_SOIL_00993,Mullaitivu,9.08977,80.730625,Dry Zone,Alfisols,7.69,0.997,11.33,153.96,1.12,64.95,22.52,12.53
SL_SOIL_00994,Nuwara Eliya,7.058096,80.816949,Up Country Wet Zone,Inceptisols,4.63,2.054,16.03,171.85,4.0,43.99,39.53,16.49
SL_SOIL_00995,Matale,7.533029,80.833467,Intermediate Zone,Alfisols,5.44,1.458,14.1,126.98,1.76,55.36,23.66,20.98
SL_SOIL_00996,Kegalle,7.275708,80.477445,Wet Zone,Ultisols,4.55,1.235,22.87,125.86,2.1,49.49,28.48,22.03
SL_SOIL_00997,Colombo,6.910947,79.858405,Wet Zone,Ultisols,5.27,1.254,10.14,105.22,1.78,50.38,21.86,27.76
SL_SOIL_00998,Polonnaruwa,8.050928,80.819402,Dry Zone,Vertisols,5.86,0.944,20.71,149.39,0.93,60.96,27.64,11.4
SL_SOIL_00999,Badulla,6.964284,81.143402,Up Country Intermediate Zone,Inceptisols,5.29,1.78,21.55,132.17,2.75,53.96,28.57,17.47
SL_SOIL_01000,Polonnaruwa,8.081123,81.091362,Dry Zone,Vertisols,5.93,0.978,13.15,152.79,1.25,58.07,24.4,17.52
SL_SOIL_01001,Nuwara Eliya,6.873898,80.760163,Up Country Wet Zone,Inceptisols,4.46,1.378,21.03,146.31,3.54,45.68,41.01,13.32
SL_SOIL_01002,Nuwara Eliya,6.924923,80.722248,Up Country Wet Zone,Inceptisols,4.82,1.727,24.03,144.83,2.79,36.46,35.57,27.96
SL_SOIL_01003,Monaragala,7.184468,81.215174,Intermediate Zone,Alfisols,5.74,1.199,9.83,136.57,1.29,68.4,20.32,11.28
SL_SOIL_01004,Ampara,7.222998,81.771316,Dry Zone,Vertisols,7.08,0.928,14.72,129.59,1.22,59.61,33.44,6.95
SL_SOIL_01005,Kandy,7.288766,80.745595,Wet Zone,Ultisols,5.7,1.333,14.49,159.93,2.32,49.95,26.97,23.08
SL_SOIL_01006,Kilinochchi,9.45092,80.42359,Dry Zone,Alfisols,6.83,0.898,13.62,170.86,1.2,67.04,21.67,11.3
SL_SOIL_01007,Ratnapura,6.836599,80.5537,Wet Zone,Ultisols,5.62,1.599,18.03,134.73,2.6,42.6,40.24,17.16
SL_SOIL_01008,Monaragala,7.204667,81.073972,Intermediate Zone,Alfisols,5.76,1.105,15.72,156.81,1.18,70.32,24.14,5.55
SL_SOIL_01009,Hambantota,6.154308,81.038571,Dry Zone,Alfisols,6.7,0.852,9.98,122.77,1.23,67.89,20.06,12.05
SL_SOIL_01010,Monaragala,7.074012,81.352216,Intermediate Zone,Alfisols,6.21,1.209,13.27,138.5,1.15,67.18,23.23,9.59
SL_SOIL_01011,Kalutara,6.432225,79.969474,Wet Zone,Ultisols,5.28,1.156,24.28,132.45,2.09,56.96,31.41,11.63
SL_SOIL_01012,Puttalam,7.721181,79.828985,Dry Zone,Alfisols,6.71,0.946,12.59,120.07,1.1,77.48,11.89,10.63
SL_SOIL_01013,Matara,5.983804,80.473866,Wet Zone,Ultisols,5.32,1.181,16.29,138.01,2.39,63.91,24.96,11.12
SL_SOIL_01014,Matale,7.638752,80.827462,Intermediate Zone,Alfisols,5.21,1.345,17.55,133.01,1.82,56.81,33.58,9.61
SL_SOIL_01015,Kandy,7.202627,80.702335,Wet Zone,Ultisols,5.47,1.562,10.95,142.57,2.12,46.18,25.35,28.47
SL_SOIL_01016,Ratnapura,6.641746,80.494616,Wet Zone,Ultisols,5.15,1.695,13.57,134.52,2.06,38.5,45.5,16.0
SL_SOIL_01017,Nuwara Eliya,6.8645,80.7862,Up Country Wet Zone,Inceptisols,5.11,1.967,18.22,185.66,4.51,39.26,36.82,23.92
SL_SOIL_01018,Gampaha,7.046108,79.99765,Wet Zone,Ultisols,4.95,0.803,18.09,95.61,1.42,46.36,18.46,35.19
SL_SOIL_01019,Anuradhapura,8.174142,80.782256,Dry Zone,Alfisols,6.19,0.851,16.28,123.08,1.1,66.66,28.32,5.02
SL_SOIL_01020,Kilinochchi,9.359871,80.594172,Dry Zone,Alfisols,6.92,0.86,16.41,165.21,0.51,61.65,17.13,21.21
SL_SOIL_01021,Kandy,7.413081,80.748604,Wet Zone,Ultisols,5.52,1.585,17.04,131.98,2.23,48.82,36.99,14.18
SL_SOIL_01022,Batticaloa,7.845767,81.046519,Dry Zone,Vertisols,7.82,1.023,16.85,146.56,1.21,47.72,27.14,25.13
SL_SOIL_01023,Nuwara Eliya,6.862051,80.818068,Up Country Wet Zone,Inceptisols,4.6,1.645,16.34,132.01,3.4,35.91,41.15,22.94
SL_SOIL_01024,Badulla,6.927481,81.087007,Up Country Intermediate Zone,Inceptisols,4.72,1.59,19.86,150.59,2.37,44.5,33.14,22.36
SL_SOIL_01025,Trincomalee,8.744772,81.425347,Dry Zone,Alfisols,6.58,0.947,9.92,136.35,1.29,67.92,15.36,16.72
SL_SOIL_01026,Ratnapura,6.681147,80.511096,Wet Zone,Ultisols,5.39,1.214,13.33,166.83,2.78,51.36,39.89,8.75
SL_SOIL_01027,Nuwara Eliya,6.96009,80.685616,Up Country Wet Zone,Inceptisols,5.23,1.973,25.8,157.01,3.61,32.62,40.99,26.39
SL_SOIL_01028,Puttalam,8.057604,79.83909,Dry Zone,Alfisols,6.62,0.843,11.92,97.41,1.18,76.5,7.74,15.76
SL_SOIL_01029,Kegalle,7.32366,80.538926,Wet Zone,Ultisols,4.72,1.463,18.13,126.89,2.95,34.27,34.24,31.49
SL_SOIL_01030,Gampaha,7.150357,79.954183,Wet Zone,Ultisols,5.91,0.945,7.82,123.77,1.43,46.46,16.79,36.75
SL_SOIL_01031,Batticaloa,7.882795,81.530272,Dry Zone,Vertisols,6.44,0.917,14.29,149.25,1.63,57.98,21.02,21.0
SL_SOIL_01032,Kilinochchi,9.370941,80.294738,Dry Zone,Alfisols,6.82,0.869,14.37,158.96,1.22,67.2,21.89,10.91
SL_SOIL_01033,Matara,6.064456,80.503291,Wet Zone,Ultisols,5.33,1.277,12.47,125.97,1.49,35.73,31.63,32.64
SL_SOIL_01034,Puttalam,7.606176,79.942858,Dry Zone,Alfisols,7.61,0.861,7.84,126.89,0.86,73.95,8.42,17.63
SL_SOIL_01035,Mullaitivu,9.130186,80.481131,Dry Zone,Alfisols,6.34,0.99,8.72,130.82,1.22,71.31,9.78,18.91
SL_SOIL_01036,Mannar,9.145479,79.894146,Dry Zone,Alfisols,7.23,0.609,13.85,157.82,0.93,75.11,13.2,11.69
SL_SOIL_01037,Matale,7.597013,80.742186,Intermediate Zone,Alfisols,5.01,1.343,12.65,122.46,1.63,52.41,12.92,34.67
SL_SOIL_01038,Nuwara Eliya,6.925586,80.89666,Up Country Wet Zone,Inceptisols,4.53,1.422,13.38,140.43,3.15,38.01,39.97,22.02
SL_SOIL_01039,Badulla,7.150265,80.923215,Up Country Intermediate Zone,Inceptisols,4.95,1.745,17.6,138.15,2.4,39.34,34.43,26.22
SL_SOIL_01040,Kandy,7.276862,80.661879,Wet Zone,Ultisols,5.32,1.493,16.38,130.22,2.02,45.92,26.51,27.57
SL_SOIL_01041,Puttalam,8.190898,80.103436,Dry Zone,Alfisols,6.21,0.738,9.25,143.7,1.1,84.61,6.77,8.62
SL_SOIL_01042,Anuradhapura,8.368012,80.532979,Dry Zone,Alfisols,5.85,0.599,15.98,130.91,0.88,67.81,18.26,13.93
SL_SOIL_01043,Colombo,6.811926,80.039252,Wet Zone,Ultisols,5.64,1.515,8.9,135.75,2.14,48.57,37.07,14.36
SL_SOIL_01044,Anuradhapura,7.974659,80.878506,Dry Zone,Alfisols,6.83,0.829,13.98,115.24,0.77,59.8,17.51,22.69
SL_SOIL_01045,Trincomalee,8.451424,81.04462,Dry Zone,Alfisols,7.13,0.856,11.61,140.61,0.89,71.78,18.8,9.42
SL_SOIL_01046,Mannar,9.149045,79.89042,Dry Zone,Alfisols,6.29,0.674,12.78,167.67,0.78,64.28,12.91,22.81
SL_SOIL_01047,Batticaloa,7.838807,81.02306,Dry Zone,Vertisols,6.11,1.087,17.11,174.63,1.64,62.61,14.3,23.09
SL_SOIL_01048,Colombo,6.89671,80.036067,Wet Zone,Ultisols,5.77,1.217,20.46,135.87,2.28,55.53,26.66,17.81
SL_SOIL_01049,Vavuniya,8.753885,80.353261,Dry Zone,Alfisols,6.8,0.95,16.72,121.76,1.16,59.74,15.78,24.48
SL_SOIL_01050,Nuwara Eliya,6.985215,80.706334,Up Country Wet Zone,Inceptisols,4.66,1.736,17.47,146.88,3.15,42.7,32.01,25.29
SL_SOIL_01051,Matale,7.711752,80.720029,Intermediate Zone,Alfisols,5.26,1.523,9.94,135.75,2.02,53.67,32.06,14.28
SL_SOIL_01052,Kilinochchi,9.376673,80.44933,Dry Zone,Alfisols,6.61,0.939,13.61,161.77,1.09,64.45,10.61,24.93
SL_SOIL_01053,Kandy,7.321218,80.7281,Wet Zone,Ultisols,5.54,1.724,13.42,126.95,2.02,38.63,32.56,28.81
SL_SOIL_01054,Mullaitivu,9.372283,80.855419,Dry Zone,Alfisols,7.45,0.923,16.76,168.12,1.19,63.44,10.85,25.71
SL_SOIL_01055,Kilinochchi,9.539156,80.606717,Dry Zone,Alfisols,6.53,0.714,11.54,165.61,0.86,71.32,21.95,6.73
SL_SOIL_01056,Kalutara,6.575763,80.176018,Wet Zone,Ultisols,5.4,1.06,13.34,128.87,1.66,40.48,23.23,36.29
SL_SOIL_01057,Colombo,6.8272,79.872429,Wet Zone,Ultisols,5.5,1.048,15.9,130.05,2.08,52.1,23.87,24.04
SL_SOIL_01058,Nuwara Eliya,7.033133,80.79909,Up Country Wet Zone,Inceptisols,4.79,1.357,12.49,136.63,2.38,37.6,41.33,21.07
SL_SOIL_01059,Kurunegala,7.442522,80.268562,Intermediate Zone,Alfisols,5.93,1.152,12.11,123.6,1.33,55.81,28.31,15.88
SL_SOIL_01060,Ratnapura,6.871739,80.477543,Wet Zone,Ultisols,4.38,1.44,19.39,120.88,2.4,34.56,36.77,28.68
SL_SOIL_01061,Jaffna,9.715299,79.757356,Dry Zone,Alfisols,7.46,0.728,14.36,162.03,0.95,74.69,8.91,16.4
SL_SOIL_01062,Matale,7.603664,80.752144,Intermediate Zone,Alfisols,6.01,1.723,13.88,131.54,2.5,50.12,23.25,26.63
SL_SOIL_01063,Monaragala,6.774899,81.321366,Intermediate Zone,Alfisols,6.19,1.113,11.15,138.51,1.34,64.49,22.54,12.98
SL_SOIL_01064,Jaffna,9.656832,79.820555,Dry Zone,Alfisols,7.82,0.885,5.92,153.63,1.32,69.55,12.38,18.07
SL_SOIL_01065,Mannar,9.069396,79.926595,Dry Zone,Alfisols,7.07,0.77,9.25,147.61,0.93,79.62,5.0,15.38
SL_SOIL_01066,Gampaha,7.234715,80.0322,Wet Zone,Ultisols,6.0,0.965,14.37,125.21,1.6,55.13,26.29,18.59
SL_SOIL_01067,Mullaitivu,9.355341,80.865586,Dry Zone,Alfisols,6.5,0.959,16.21,147.91,1.26,72.89,15.89,11.22
SL_SOIL_01068,Matara,6.013816,80.583352,Wet Zone,Ultisols,5.09,1.632,16.76,139.98,2.96,56.21,26.34,17.45
SL_SOIL_01069,Gampaha,7.140115,80.025017,Wet Zone,Ultisols,6.65,1.085,5.71,97.99,1.21,56.04,21.46,22.5
SL_SOIL_01070,Anuradhapura,8.544537,80.565078,Dry Zone,Alfisols,6.43,1.113,14.37,111.49,1.06,67.13,16.61,16.26
SL_SOIL_01071,Colombo,6.805784,79.977672,Wet Zone,Ultisols,5.95,1.334,17.1,110.05,2.07,52.24,15.44,32.32
SL_SOIL_01072,Matale,7.508566,80.74375,Intermediate Zone,Alfisols,5.75,1.3,20.78,114.87,1.96,60.51,32.72,6.78
SL_SOIL_01073,Hambantota,6.31619,80.677122,Dry Zone,Alfisols,6.88,0.775,9.84,132.35,0.86,65.6,15.66,18.74
SL_SOIL_01074,Trincomalee,8.715142,81.131661,Dry Zone,Alfisols,7.24,0.994,11.07,132.73,1.46,57.17,21.7,21.13
SL_SOIL_01075,Hambantota,6.280687,80.964313,Dry Zone,Alfisols,6.46,0.802,5.21,104.41,1.52,68.04,11.51,20.45
SL_SOIL_01076,Kilinochchi,9.378666,80.361331,Dry Zone,Alfisols,7.37,0.934,14.29,156.54,1.21,66.63,10.83,22.54
SL_SOIL_01077,Batticaloa,7.562919,81.268332,Dry Zone,Vertisols,7.48,0.986,13.46,151.44,1.64,57.43,22.73,19.83
SL_SOIL_01078,Ratnapura,6.594806,80.513591,Wet Zone,Ultisols,4.46,1.617,15.01,116.5,1.58,34.82,33.89,31.29
SL_SOIL_01079,Nuwara Eliya,7.0804,80.754448,Up Country Wet Zone,Inceptisols,4.47,1.476,16.54,117.67,2.86,35.17,41.15,23.68
SL_SOIL_01080,Monaragala,7.265638,81.124268,Intermediate Zone,Alfisols,5.47,1.196,16.82,132.54,1.56,62.43,21.6,15.97
SL_SOIL_01081,Kalutara,6.627862,80.181774,Wet Zone,Ultisols,4.92,1.063,17.59,113.7,1.49,48.78,36.54,14.68
SL_SOIL_01082,Trincomalee,8.586734,81.294302,Dry Zone,Alfisols,7.09,0.724,4.26,110.02,0.53,71.77,15.54,12.69
SL_SOIL_01083,Matale,7.532107,80.587714,Intermediate Zone,Alfisols,6.18,1.427,12.12,105.42,1.84,47.86,26.98,25.16
SL_SOIL_01084,Mannar,9.122088,80.041496,Dry Zone,Alfisols,7.24,0.621,17.64,184.47,0.94,71.88,9.03,19.09
SL_SOIL_01085,Kurunegala,7.664934,80.266309,Intermediate Zone,Alfisols,6.36,1.005,5.95,140.11,1.15,58.81,22.44,18.74
SL_SOIL_01086,Vavuniya,8.825172,80.440831,Dry Zone,Alfisols,6.67,0.933,6.83,137.36,1.01,64.18,16.6,19.22
SL_SOIL_01087,Polonnaruwa,8.197548,80.888877,Dry Zone,Vertisols,6.04,0.982,14.76,135.89,1.23,63.85,19.17,16.99
SL_SOIL_01088,Ratnapura,6.652476,80.386614,Wet Zone,Ultisols,5.21,1.564,13.06,159.41,2.87,44.79,37.36,17.85
SL_SOIL_01089,Kilinochchi,9.639416,80.328635,Dry Zone,Alfisols,6.11,1.314,17.27,174.28,1.27,62.55,19.26,18.19
SL_SOIL_01090,Hambantota,6.147974,80.586185,Dry Zone,Alfisols,6.67,0.786,12.68,86.61,0.88,73.72,9.11,17.17
SL_SOIL_01091,Gampaha,7.241713,80.05122,Wet Zone,Ultisols,5.9,0.979,13.43,140.49,1.54,57.91,18.59,23.49
SL_SOIL_01092,Mannar,8.829531,80.021506,Dry Zone,Alfisols,7.04,0.883,12.04,157.93,0.73,74.33,13.87,11.8
SL_SOIL_01093,Kalutara,6.673283,80.167945,Wet Zone,Ultisols,5.36,1.127,10.72,103.11,1.44,58.46,32.27,9.26
SL_SOIL_01094,Kalutara,6.430528,80.208579,Wet Zone,Ultisols,4.7,0.882,15.09,124.14,1.62,42.94,36.11,20.95
SL_SOIL_01095,Colombo,6.960971,80.011689,Wet Zone,Ultisols,6.08,1.263,11.01,129.04,1.34,46.34,25.85,27.81
SL_SOIL_01096,Matara,5.987133,80.558585,Wet Zone,Ultisols,4.97,0.95,8.74,122.7,1.39,41.4,29.49,29.1
SL_SOIL_01097,Badulla,6.915593,81.108562,Up Country Intermediate Zone,Inceptisols,5.17,1.4,5.42,124.93,2.15,53.77,35.62,10.61
SL_SOIL_01098,Matara,6.14526,80.455004,Wet Zone,Ultisols,5.32,1.152,9.55,102.67,1.1,45.18,30.55,24.27
SL_SOIL_01099,Kilinochchi,9.619501,80.436446,Dry Zone,Alfisols,7.29,0.807,9.1,137.18,0.85,57.69,17.18,25.13
SL_SOIL_01100,Hambantota,6.053241,80.628037,Dry Zone,Alfisols,6.48,1.173,10.49,101.3,0.92,70.41,12.74,16.84
SL_SOIL_01101,Matale,7.791671,80.709592,Intermediate Zone,Alfisols,5.79,1.635,17.38,144.61,1.42,53.46,28.23,18.3
SL_SOIL_01102,Vavuniya,8.930345,80.405879,Dry Zone,Alfisols,6.61,1.002,10.47,147.67,0.99,70.77,21.33,7.9
SL_SOIL_01103,Kalutara,6.498039,80.242992,Wet Zone,Ultisols,5.09,1.562,16.29,139.34,2.4,43.9,30.21,25.89
SL_SOIL_01104,Polonnaruwa,8.056582,81.092234,Dry Zone,Vertisols,6.48,0.879,5.83,146.42,1.55,61.02,16.32,22.66
SL_SOIL_01105,Matale,7.514367,80.6199,Intermediate Zone,Alfisols,6.07,1.03,12.92,123.17,1.72,48.81,29.95,21.24
SL_SOIL_01106,Matale,7.49286,80.681012,Intermediate Zone,Alfisols,6.0,1.319,4.79,129.74,1.8,52.75,27.22,20.03
SL_SOIL_01107,Puttalam,7.672412,79.873782,Dry Zone,Alfisols,6.66,0.722,6.27,125.47,0.85,82.42,9.63,7.95
SL_SOIL_01108,Vavuniya,8.84766,80.365484,Dry Zone,Alfisols,6.56,0.877,12.84,155.92,1.25,52.36,15.54,32.1
SL_SOIL_01109,Kandy,7.335699,80.741417,Wet Zone,Ultisols,5.38,1.655,23.87,149.7,2.5,51.15,31.73,17.12
SL_SOIL_01110,Kegalle,7.337799,80.532268,Wet Zone,Ultisols,5.25,1.433,10.21,133.15,2.1,46.54,33.79,19.67
SL_SOIL_01111,Mullaitivu,9.075859,80.575467,Dry Zone,Alfisols,6.88,0.783,17.45,166.7,1.1,57.51,14.11,28.38
SL_SOIL_01112,Jaffna,9.745817,79.963278,Dry Zone,Alfisols,7.54,0.739,7.48,151.23,0.93,69.2,25.29,5.52
SL_SOIL_01113,Kegalle,7.076784,80.335605,Wet Zone,Ultisols,5.46,1.201,16.07,110.21,1.26,56.21,35.3,8.49
SL_SOIL_01114,Kurunegala,7.621856,80.216261,Intermediate Zone,Alfisols,6.68,0.835,16.0,130.24,1.54,67.64,22.09,10.27
SL_SOIL_01115,Matara,5.991185,80.611928,Wet Zone,Ultisols,5.52,1.173,14.82,115.99,1.29,47.3,26.37,26.33
SL_SOIL_01116,Matara,6.072654,80.582008,Wet Zone,Ultisols,5.43,1.243,18.1,138.81,2.17,48.06,31.51,20.43
SL_SOIL_01117,Galle,6.048062,80.167158,Wet Zone,Ultisols,4.8,1.258,14.6,138.94,1.92,48.54,34.0,17.45
SL_SOIL_01118,Matara,6.022234,80.616442,Wet Zone,Ultisols,5.97,1.276,19.1,136.81,2.05,48.04,25.43,26.53
SL_SOIL_01119,Vavuniya,8.757736,80.606669,Dry Zone,Alfisols,6.56,0.966,19.57,159.02,1.36,56.69,19.07,24.23
SL_SOIL_01120,Puttalam,7.813619,79.947388,Dry Zone,Alfisols,6.91,0.789,12.94,129.01,0.77,71.14,13.87,14.99
SL_SOIL_01121,Nuwara Eliya,6.974886,80.713065,Up Country Wet Zone,Inceptisols,4.73,1.971,20.75,150.1,3.71,42.18,34.04,23.78
SL_SOIL_01122,Colombo,6.802293,79.952201,Wet Zone,Ultisols,5.77,1.092,9.78,116.96,1.64,58.57,16.31,25.12
SL_SOIL_01123,Monaragala,7.059699,81.277402,Intermediate Zone,Alfisols,5.83,1.286,13.43,134.5,1.34,57.54,21.56,20.9
SL_SOIL_01124,Batticaloa,7.858737,81.394484,Dry Zone,Vertisols,6.79,1.059,6.46,123.25,1.31,66.56,9.53,23.92
SL_SOIL_01125,Colombo,6.849245,80.031697,Wet Zone,Ultisols,6.23,1.467,12.81,133.64,1.69,46.01,13.49,40.5
SL_SOIL_01126,Kegalle,7.314467,80.239449,Wet Zone,Ultisols,5.29,1.244,11.88,131.38,1.51,41.61,34.12,24.26
SL_SOIL_01127,Trincomalee,8.602457,81.419486,Dry Zone,Alfisols,6.87,0.834,5.91,165.72,0.97,72.29,16.68,11.03
SL_SOIL_01128,Colombo,6.806717,79.992189,Wet Zone,Ultisols,5.26,1.235,12.91,91.74,1.56,59.48,17.01,23.51
SL_SOIL_01129,Batticaloa,7.858654,81.268421,Dry Zone,Vertisols,6.82,1.122,10.65,161.55,1.58,59.62,14.57,25.81
SL_SOIL_01130,Monaragala,7.055541,81.316192,Intermediate Zone,Alfisols,5.32,0.786,13.35,111.43,1.02,77.12,15.67,7.2
SL_SOIL_01131,Gampaha,7.040093,79.936813,Wet Zone,Ultisols,6.03,1.217,17.93,106.25,2.29,66.71,23.66,9.62
SL_SOIL_01132,Vavuniya,8.604775,80.500484,Dry Zone,Alfisols,6.24,0.954,12.75,152.42,1.09,66.29,21.69,12.03
SL_SOIL_01133,Polonnaruwa,7.816354,80.817392,Dry Zone,Vertisols,6.55,1.0,13.74,130.83,1.52,62.88,22.99,14.13
SL_SOIL_01134,Matara,6.076758,80.508145,Wet Zone,Ultisols,5.56,1.414,13.21,133.57,1.89,54.67,35.62,9.71
SL_SOIL_01135,Matara,5.912105,80.551336,Wet Zone,Ultisols,5.23,1.072,4.75,137.32,1.44,63.6,27.26,9.13
SL_SOIL_01136,Puttalam,7.725823,79.970001,Dry Zone,Alfisols,6.85,1.025,6.2,125.91,1.14,73.42,19.95,6.63
SL_SOIL_01137,Galle,6.005367,80.121567,Wet Zone,Ultisols,5.94,1.259,14.56,117.61,1.49,60.24,31.68,8.08
SL_SOIL_01138,Puttalam,7.844102,80.142043,Dry Zone,Alfisols,6.94,1.015,9.91,133.62,1.19,69.99,13.54,16.47
SL_SOIL_01139,Nuwara Eliya,7.04286,80.661954,Up Country Wet Zone,Inceptisols,4.97,1.629,17.12,150.84,3.36,30.94,38.1,30.96
SL_SOIL_01140,Nuwara Eliya,6.878184,80.806946,Up Country Wet Zone,Inceptisols,5.04,1.814,12.96,154.87,2.76,36.27,43.65,20.08
SL_SOIL_01141,Kalutara,6.489637,80.257713,Wet Zone,Ultisols,4.88,1.363,17.51,132.91,1.94,42.12,29.97,27.92
SL_SOIL_01142,Galle,6.01119,80.262212,Wet Zone,Ultisols,5.56,1.53,19.17,123.87,2.46,52.54,21.38,26.08
SL_SOIL_01143,Puttalam,8.112677,79.872186,Dry Zone,Alfisols,6.95,0.955,13.99,129.65,1.01,73.7,9.61,16.69
SL_SOIL_01144,Matara,5.991056,80.612539,Wet Zone,Ultisols,5.17,1.369,21.51,132.69,2.03,49.46,25.96,24.58
SL_SOIL_01145,Jaffna,9.80884,79.949074,Dry Zone,Alfisols,7.78,0.743,14.59,165.2,0.7,57.04,14.02,28.94
SL_SOIL_01146,Anuradhapura,8.322969,80.503499,Dry Zone,Alfisols,5.78,1.181,3.0,127.97,1.5,64.46,9.65,25.89
SL_SOIL_01147,Batticaloa,7.56938,81.069156,Dry Zone,Vertisols,6.96,0.813,5.52,142.21,1.25,60.05,21.41,18.54
SL_SOIL_01148,Batticaloa,7.581611,81.498171,Dry Zone,Vertisols,7.17,0.681,8.81,164.18,1.09,65.19,23.44,11.37
SL_SOIL_01149,Colombo,6.943527,79.895403,Wet Zone,Ultisols,5.45,1.101,4.7,104.13,1.36,53.58,22.69,23.72
SL_SOIL_01150,Anuradhapura,8.293445,80.655598,Dry Zone,Alfisols,5.95,0.921,10.18,147.65,1.34,68.51,11.7,19.79
SL_SOIL_01151,Galle,6.045367,80.134481,Wet Zone,Ultisols,5.29,1.331,25.45,114.09,2.03,52.04,27.61,20.35
SL_SOIL_01152,Kandy,7.284961,80.666898,Wet Zone,Ultisols,5.39,1.331,20.92,148.68,1.7,55.66,21.03,23.3
SL_SOIL_01153,Nuwara Eliya,6.924016,80.721937,Up Country Wet Zone,Inceptisols,4.78,1.568,7.07,145.53,2.01,45.23,32.53,22.25
SL_SOIL_01154,Kegalle,7.083518,80.298601,Wet Zone,Ultisols,5.74,1.305,13.23,125.58,1.92,42.66,28.71,28.63
SL_SOIL_01155,Colombo,6.970254,79.821043,Wet Zone,Ultisols,5.6,1.257,13.04,143.88,2.27,53.07,20.55,26.38
SL_SOIL_01156,Matale,7.639978,80.621319,Intermediate Zone,Alfisols,5.21,1.331,12.23,112.9,1.21,53.63,29.32,17.05
SL_SOIL_01157,Monaragala,6.825983,81.039565,Intermediate Zone,Alfisols,6.27,0.835,9.1,109.52,1.39,66.69,23.61,9.7
SL_SOIL_01158,Colombo,6.893922,79.93015,Wet Zone,Ultisols,5.47,1.082,15.38,110.23,1.71,60.7,25.83,13.47
SL_SOIL_01159,Kandy,7.387811,80.743052,Wet Zone,Ultisols,5.48,1.542,15.46,152.69,2.84,45.47,40.02,14.51
SL_SOIL_01160,Badulla,6.916669,81.010053,Up Country Intermediate Zone,Inceptisols,5.55,1.261,15.67,146.55,1.63,43.7,29.56,26.75
SL_SOIL_01161,Gampaha,7.142814,79.852295,Wet Zone,Ultisols,6.16,1.1,15.45,108.75,2.0,53.05,28.19,18.76
SL_SOIL_01162,Jaffna,9.78084,80.111221,Dry Zone,Alfisols,7.43,0.796,12.84,156.05,0.89,72.92,11.47,15.61
SL_SOIL_01163,Matale,7.414893,80.627846,Intermediate Zone,Alfisols,5.23,1.292,19.55,141.43,2.22,52.14,32.34,15.52
SL_SOIL_01164,Jaffna,9.839632,79.917768,Dry Zone,Alfisols,7.36,0.983,12.8,174.91,1.27,60.5,20.02,19.47
SL_SOIL_01165,Colombo,6.839048,79.82123,Wet Zone,Ultisols,6.11,1.332,5.89,107.98,1.8,65.81,23.71,10.48
SL_SOIL_01166,Badulla,6.850004,80.900407,Up Country Intermediate Zone,Inceptisols,5.47,1.348,22.35,134.68,1.96,48.14,34.65,17.21
SL_SOIL_01167,Nuwara Eliya,7.054444,80.867243,Up Country Wet Zone,Inceptisols,4.11,1.696,26.44,138.78,3.51,37.17,50.23,12.6
SL_SOIL_01168,Mullaitivu,9.227514,80.514102,Dry Zone,Alfisols,7.05,0.828,7.97,169.94,0.76,69.53,20.64,9.84
SL_SOIL_01169,Batticaloa,7.862191,81.420442,Dry Zone,Vertisols,6.56,0.939,22.63,122.82,1.32,56.55,21.6,21.85
SL_SOIL_01170,Kandy,7.279149,80.742608,Wet Zone,Ultisols,5.45,1.469,17.64,155.81,2.03,58.69,33.5,7.8
SL_SOIL_01171,Mullaitivu,9.082873,80.537464,Dry Zone,Alfisols,6.34,0.891,14.59,155.91,1.19,62.81,13.89,23.29
SL_SOIL_01172,Ratnapura,6.697988,80.7339,Wet Zone,Ultisols,4.84,1.176,13.85,125.81,1.62,48.09,35.2,16.71
SL_SOIL_01173,Anuradhapura,8.009607,80.411786,Dry Zone,Alfisols,6.37,0.821,6.84,124.65,1.08,64.1,18.44,17.46
SL_SOIL_01174,Ratnapura,6.776605,80.447069,Wet Zone,Ultisols,5.52,1.774,15.43,119.99,2.73,46.08,42.0,11.92
SL_SOIL_01175,Batticaloa,7.65008,81.160311,Dry Zone,Vertisols,7.01,1.217,16.11,140.04,1.17,56.61,19.37,24.01
SL_SOIL_01176,Matara,6.097929,80.67094,Wet Zone,Ultisols,5.38,1.281,12.81,109.71,1.43,49.22,33.07,17.71
SL_SOIL_01177,Matale,7.413702,80.632284,Intermediate Zone,Alfisols,5.67,1.151,14.74,138.03,2.01,44.18,25.06,30.76
SL_SOIL_01178,Batticaloa,7.560613,81.335299,Dry Zone,Vertisols,7.02,0.851,10.61,141.88,1.4,69.26,13.65,17.09
SL_SOIL_01179,Kandy,7.336329,80.598947,Wet Zone,Ultisols,5.44,1.403,11.22,134.13,1.9,49.26,38.07,12.67
SL_SOIL_01180,Mannar,8.871816,79.929794,Dry Zone,Alfisols,7.87,0.695,8.91,141.28,0.86,75.59,15.11,9.29
SL_SOIL_01181,Mullaitivu,9.133515,80.904657,Dry Zone,Alfisols,6.51,0.964,17.52,162.42,0.9,70.89,17.84,11.27
SL_SOIL_01182,Gampaha,7.04247,80.10588,Wet Zone,Ultisols,5.74,0.973,7.81,97.99,1.88,53.19,29.73,17.08
SL_SOIL_01183,Puttalam,8.085153,79.707164,Dry Zone,Alfisols,6.28,0.621,14.22,135.03,0.73,84.91,5.02,10.07
SL_SOIL_01184,Puttalam,7.995209,79.731852,Dry Zone,Alfisols,6.27,0.822,13.73,97.18,0.97,74.16,15.33,10.51
SL_SOIL_01185,Kandy,7.385614,80.566546,Wet Zone,Ultisols,5.76,1.777,19.58,138.45,2.13,51.02,35.72,13.26
SL_SOIL_01186,Kandy,7.358247,80.710741,Wet Zone,Ultisols,5.99,1.436,17.08,141.27,1.79,43.6,35.69,20.71
SL_SOIL_01187,Kilinochchi,9.616205,80.288913,Dry Zone,Alfisols,7.18,0.609,14.64,142.32,0.76,74.23,16.61,9.17
SL_SOIL_01188,Matale,7.445164,80.75466,Intermediate Zone,Alfisols,5.73,1.39,15.45,106.5,2.43,46.98,32.64,20.38
SL_SOIL_01189,Anuradhapura,7.92877,80.597399,Dry Zone,Alfisols,6.1,1.066,9.19,139.25,1.11,67.04,19.5,13.46
SL_SOIL_01190,Kilinochchi,9.624161,80.290812,Dry Zone,Alfisols,6.28,0.893,11.79,156.64,0.68,58.53,15.89,25.58
SL_SOIL_01191,Jaffna,9.553449,80.010567,Dry Zone,Alfisols,6.91,0.708,13.4,159.92,0.75,73.31,14.81,11.88
SL_SOIL_01192,Matara,6.066416,80.57665,Wet Zone,Ultisols,5.32,1.378,17.1,121.43,1.79,42.7,24.86,32.44
SL_SOIL_01193,Nuwara Eliya,6.874415,80.848327,Up Country Wet Zone,Inceptisols,5.25,1.561,18.61,136.97,2.73,45.84,32.56,21.6
SL_SOIL_01194,Nuwara Eliya,7.086279,80.701518,Up Country Wet Zone,Inceptisols,4.27,1.644,18.84,144.83,3.02,37.55,30.46,31.99
SL_SOIL_01195,Matara,5.930528,80.564209,Wet Zone,Ultisols,5.42,1.204,20.63,112.19,1.44,44.41,33.72,21.87
SL_SOIL_01196,Monaragala,6.695742,81.50697,Intermediate Zone,Alfisols,6.52,0.905,12.64,123.64,0.98,52.49,13.14,34.37
SL_SOIL_01197,Batticaloa,7.850464,81.00593,Dry Zone,Vertisols,6.36,0.945,18.07,131.01,1.03,55.28,16.45,28.27
SL_SOIL_01198,Vavuniya,8.698482,80.417445,Dry Zone,Alfisols,6.7,1.058,20.72,142.18,0.82,70.91,19.17,9.92
SL_SOIL_01199,Kilinochchi,9.632393,80.449752,Dry Zone,Alfisols,6.64,0.8,12.88,155.43,0.97,60.64,16.5,22.87
SL_SOIL_01200,Mannar,9.113227,80.050919,Dry Zone,Alfisols,7.59,0.621,13.43,164.27,1.16,77.06,13.91,9.03
SL_SOIL_01201,Mullaitivu,9.088004,80.62063,Dry Zone,Alfisols,6.8,0.755,14.8,133.71,0.84,65.85,23.27,10.88
SL_SOIL_01202,Matara,5.996012,80.602468,Wet Zone,Ultisols,5.22,1.421,11.51,141.73,2.52,54.59,34.91,10.5
SL_SOIL_01203,Kurunegala,7.566531,80.299741,Intermediate Zone,Alfisols,6.47,1.252,16.36,127.49,1.96,60.91,17.9,21.19
SL_SOIL_01204,Kegalle,7.054913,80.495156,Wet Zone,Ultisols,5.48,1.525,19.02,133.56,2.49,55.95,27.69,16.36
SL_SOIL_01205,Colombo,6.854178,79.800291,Wet Zone,Ultisols,6.3,1.142,8.22,123.64,1.46,55.79,28.69,15.52
SL_SOIL_01206,Batticaloa,7.976802,81.39029,Dry Zone,Vertisols,6.19,1.016,4.65,145.9,1.04,68.47,21.32,10.21
SL_SOIL_01207,Matara,6.015175,80.465713,Wet Zone,Ultisols,5.43,1.352,18.85,129.42,2.18,47.5,20.99,31.51
SL_SOIL_01208,Kilinochchi,9.46486,80.433777,Dry Zone,Alfisols,7.03,0.887,4.24,157.85,0.72,58.81,17.27,23.92
SL_SOIL_01209,Mannar,8.81492,79.896176,Dry Zone,Alfisols,6.97,0.641,11.79,165.64,0.55,75.49,14.29,10.22
SL_SOIL_01210,Mannar,9.12324,80.050672,Dry Zone,Alfisols,6.93,0.695,9.99,165.0,0.75,65.74,5.18,29.08
SL_SOIL_01211,Kandy,7.306038,80.598436,Wet Zone,Ultisols,5.56,1.228,18.29,128.84,1.16,35.89,34.61,29.51
SL_SOIL_01212,Ampara,7.335407,81.437307,Dry Zone,Vertisols,6.48,1.006,15.83,132.64,1.05,55.18,22.16,22.66
SL_SOIL_01213,Kandy,7.238703,80.610474,Wet Zone,Ultisols,5.13,1.243,17.49,143.34,2.32,39.88,31.62,28.5
SL_SOIL_01214,Matale,7.574483,80.805757,Intermediate Zone,Alfisols,5.28,1.638,16.89,156.31,2.46,45.55,34.23,20.22
SL_SOIL_01215,Ratnapura,6.89561,80.61726,Wet Zone,Ultisols,4.91,1.465,11.12,141.2,2.44,37.56,32.05,30.4
SL_SOIL_01216,Matale,7.588495,80.816601,Intermediate Zone,Alfisols,5.41,0.933,5.58,121.74,0.97,47.9,23.97,28.13
SL_SOIL_01217,Matara,6.042952,80.624347,Wet Zone,Ultisols,4.99,1.219,19.38,123.1,2.16,46.24,22.73,31.03
SL_SOIL_01218,Jaffna,9.744426,80.131534,Dry Zone,Alfisols,7.6,0.461,9.17,154.2,0.82,78.21,13.01,8.78
SL_SOIL_01219,Trincomalee,8.471322,81.349884,Dry Zone,Alfisols,6.85,1.342,10.49,154.24,1.37,66.67,17.11,16.22
SL_SOIL_01220,Hambantota,6.088683,81.040353,Dry Zone,Alfisols,6.32,1.005,20.18,110.62,1.12,61.23,18.99,19.78
SL_SOIL_01221,Badulla,7.074564,81.008323,Up Country Intermediate Zone,Inceptisols,5.03,1.596,18.13,156.77,2.31,49.0,45.71,5.28
SL_SOIL_01222,Puttalam,7.8762,80.095937,Dry Zone,Alfisols,6.86,0.842,16.76,134.46,1.33,77.27,12.11,10.62
SL_SOIL_01223,Vavuniya,8.820635,80.693784,Dry Zone,Alfisols,6.45,1.025,3.45,151.58,1.26,54.58,16.91,28.5
SL_SOIL_01224,Matara,5.958715,80.535281,Wet Zone,Ultisols,5.47,1.158,10.5,111.2,1.7,51.27,20.76,27.97
SL_SOIL_01225,Hambantota,6.179985,80.664555,Dry Zone,Alfisols,7.03,1.124,3.0,94.71,1.26,68.06,21.18,10.75
SL_SOIL_01226,Badulla,7.059517,80.963364,Up Country Intermediate Zone,Inceptisols,5.42,1.607,13.31,121.1,2.26,50.08,36.35,13.58
SL_SOIL_01227,Kilinochchi,9.424801,80.34305,Dry Zone,Alfisols,7.14,0.936,8.81,172.49,1.04,64.33,6.16,29.5
SL_SOIL_01228,Monaragala,7.087719,81.540376,Intermediate Zone,Alfisols,5.94,0.679,9.09,122.22,1.19,59.04,23.06,17.9
SL_SOIL_01229,Colombo,6.942797,79.907304,Wet Zone,Ultisols,5.72,1.336,16.15,115.94,2.11,46.9,24.63,28.47
SL_SOIL_01230,Vavuniya,8.661531,80.397119,Dry Zone,Alfisols,7.19,1.205,15.57,159.16,1.16,50.12,17.88,32.01
SL_SOIL_01231,Matale,7.701744,80.646942,Intermediate Zone,Alfisols,5.83,1.119,19.26,136.92,2.3,49.46,26.02,24.53
SL_SOIL_01232,Polonnaruwa,8.181842,81.000155,Dry Zone,Vertisols,6.09,0.943,12.22,130.13,1.54,64.6,14.12,21.28
SL_SOIL_01233,Vavuniya,8.665101,80.519481,Dry Zone,Alfisols,6.62,0.943,14.56,137.06,1.48,61.33,14.21,24.46
SL_SOIL_01234,Kandy,7.271816,80.565353,Wet Zone,Ultisols,5.65,1.162,13.11,136.91,2.13,47.04,42.89,10.07
SL_SOIL_01235,Badulla,7.014763,81.141479,Up Country Intermediate Zone,Inceptisols,4.84,1.542,16.02,153.04,2.07,45.41,34.58,20.01
SL_SOIL_01236,Monaragala,7.053288,81.244008,Intermediate Zone,Alfisols,6.47,1.535,9.24,151.55,1.5,63.8,19.07,17.12
SL_SOIL_01237,Kegalle,7.255456,80.532543,Wet Zone,Ultisols,5.03,1.432,13.38,135.93,2.04,46.22,34.29,19.48
SL_SOIL_01238,Colombo,6.838527,79.948923,Wet Zone,Ultisols,5.92,1.163,14.09,115.98,2.07,55.43,24.44,20.13
SL_SOIL_01239,Badulla,6.856526,81.159665,Up Country Intermediate Zone,Inceptisols,5.43,1.446,8.68,150.81,2.32,48.11,38.63,13.27
SL_SOIL_01240,Monaragala,6.682591,81.425211,Intermediate Zone,Alfisols,5.84,0.909,15.26,124.77,1.11,62.68,21.21,16.11
SL_SOIL_01241,Puttalam,8.220491,79.954827,Dry Zone,Alfisols,6.44,0.876,3.69,123.38,0.97,68.49,16.34,15.18
SL_SOIL_01242,Matara,6.146929,80.640797,Wet Zone,Ultisols,5.46,1.456,12.58,118.77,2.41,57.16,29.78,13.06
SL_SOIL_01243,Batticaloa,7.984905,81.204801,Dry Zone,Vertisols,6.95,0.798,18.99,166.37,1.4,68.54,20.57,10.9
SL_SOIL_01244,Polonnaruwa,7.883647,81.093001,Dry Zone,Vertisols,6.51,0.731,13.91,154.66,1.15,60.11,19.15,20.73
SL_SOIL_01245,Batticaloa,7.524516,81.04272,Dry Zone,Vertisols,6.9,1.099,9.33,153.99,1.41,61.11,26.74,12.15
SL_SOIL_01246,Hambantota,6.177748,80.928525,Dry Zone,Alfisols,6.47,0.723,7.7,99.36,0.99,67.06,25.43,7.5
SL_SOIL_01247,Polonnaruwa,7.887521,80.984362,Dry Zone,Vertisols,6.32,0.771,13.6,136.1,0.87,62.63,24.96,12.41
SL_SOIL_01248,Hambantota,6.287022,80.880373,Dry Zone,Alfisols,6.97,0.964,11.19,113.65,1.12,72.19,14.76,13.05
SL_SOIL_01249,Jaffna,9.694173,80.010354,Dry Zone,Alfisols,7.5,0.82,18.39,150.61,0.75,68.34,20.58,11.08
SL_SOIL_01250,Anuradhapura,8.056933,80.673036,Dry Zone,Alfisols,5.93,0.882,24.77,134.75,1.08,54.97,16.63,28.41
SL_SOIL_01251,Kegalle,7.145656,80.501493,Wet Zone,Ultisols,5.14,1.439,9.68,121.55,1.93,54.2,29.56,16.24
SL_SOIL_01252,Polonnaruwa,8.009592,80.923018,Dry Zone,Vertisols,6.21,1.171,12.96,144.81,1.3,61.84,14.88,23.28
SL_SOIL_01253,Hambantota,6.18824,80.875063,Dry Zone,Alfisols,6.53,1.086,10.24,120.47,1.05,64.53,12.62,22.85
SL_SOIL_01254,Kalutara,6.742269,80.129178,Wet Zone,Ultisols,5.44,1.599,21.64,121.49,2.33,48.23,32.84,18.93
SL_SOIL_01255,Anuradhapura,8.359901,80.754274,Dry Zone,Alfisols,6.1,0.833,7.07,128.44,0.79,75.5,17.95,6.55
SL_SOIL_01256,Kegalle,7.30048,80.305954,Wet Zone,Ultisols,4.84,1.533,22.94,136.18,2.3,49.91,36.28,13.81
SL_SOIL_01257,Kilinochchi,9.43312,80.323851,Dry Zone,Alfisols,6.64,0.745,13.79,153.71,1.13,62.86,22.56,14.58
SL_SOIL_01258,Nuwara Eliya,6.890221,80.882577,Up Country Wet Zone,Inceptisols,4.33,2.061,24.99,120.1,2.89,36.95,38.31,24.73
SL_SOIL_01259,Gampaha,7.147494,79.981124,Wet Zone,Ultisols,5.71,1.192,14.3,104.15,1.54,65.89,23.81,10.3
SL_SOIL_01260,Galle,6.026078,80.209319,Wet Zone,Ultisols,5.76,1.605,21.74,150.51,2.57,48.12,28.17,23.72
SL_SOIL_01261,Kurunegala,7.875197,80.126711,Intermediate Zone,Alfisols,6.17,1.077,5.07,130.01,1.44,70.48,20.99,8.52
SL_SOIL_01262,Gampaha,7.157818,79.891409,Wet Zone,Ultisols,6.48,0.943,8.2,138.36,1.28,56.49,19.49,24.03
SL_SOIL_01263,Trincomalee,8.403091,81.09519,Dry Zone,Alfisols,6.98,0.684,13.94,129.24,0.71,60.47,16.0,23.53
SL_SOIL_01264,Kilinochchi,9.648005,80.317133,Dry Zone,Alfisols,7.15,1.028,6.49,141.7,1.14,71.82,19.03,9.15
SL_SOIL_01265,Mannar,8.954475,79.818354,Dry Zone,Alfisols,6.77,0.703,11.55,158.1,0.72,73.86,16.67,9.47
SL_SOIL_01266,Puttalam,7.701648,79.845952,Dry Zone,Alfisols,6.66,0.814,15.04,106.72,0.61,67.38,10.89,21.73
SL_SOIL_01267,Badulla,6.840735,81.105127,Up Country Intermediate Zone,Inceptisols,5.02,1.506,17.52,136.08,2.26,43.12,24.39,32.49
SL_SOIL_01268,Ratnapura,6.820993,80.545613,Wet Zone,Ultisols,5.33,1.603,11.43,117.95,2.76,51.29,37.81,10.9
SL_SOIL_01269,Kegalle,7.237864,80.444514,Wet Zone,Ultisols,5.17,1.249,8.62,118.13,1.13,50.47,28.85,20.68
SL_SOIL_01270,Galle,6.032612,80.218637,Wet Zone,Ultisols,5.01,1.089,14.25,114.5,1.59,44.91,27.78,27.32
SL_SOIL_01271,Anuradhapura,8.283105,80.678452,Dry Zone,Alfisols,6.26,1.011,12.41,113.49,1.09,67.18,12.12,20.7
SL_SOIL_01272,Nuwara Eliya,6.85416,80.837888,Up Country Wet Zone,Inceptisols,4.68,1.832,14.66,133.49,3.1,35.7,34.95,29.35
SL_SOIL_01273,Polonnaruwa,8.120613,80.885166,Dry Zone,Vertisols,6.13,1.026,15.5,137.75,1.23,64.99,23.85,11.16
SL_SOIL_01274,Ratnapura,6.796032,80.341826,Wet Zone,Ultisols,5.11,1.504,22.13,168.24,2.68,41.06,32.65,26.29
SL_SOIL_01275,Colombo,6.837179,79.900069,Wet Zone,Ultisols,5.49,1.261,22.65,119.45,1.99,57.5,20.48,22.02
SL_SOIL_01276,Trincomalee,8.567577,81.105504,Dry Zone,Alfisols,6.66,0.996,13.87,123.04,1.0,62.83,8.15,29.01
SL_SOIL_01277,Kilinochchi,9.592647,80.449633,Dry Zone,Alfisols,7.36,0.992,15.9,155.26,1.25,61.87,23.7,14.43
SL_SOIL_01278,Badulla,7.034623,80.980295,Up Country Intermediate Zone,Inceptisols,5.3,1.375,19.58,149.12,2.2,39.26,33.21,27.53
SL_SOIL_01279,Kurunegala,7.486702,80.255827,Intermediate Zone,Alfisols,5.15,0.908,3.0,110.9,1.04,65.64,13.94,20.42
SL_SOIL_01280,Polonnaruwa,7.979096,80.932506,Dry Zone,Vertisols,6.34,0.843,3.0,128.49,1.12,63.99,29.75,6.26
SL_SOIL_01281,Trincomalee,8.547686,80.741362,Dry Zone,Alfisols,6.46,0.988,16.5,145.93,1.5,65.74,14.9,19.36
SL_SOIL_01282,Galle,6.09185,80.235861,Wet Zone,Ultisols,5.92,1.28,11.23,130.93,1.56,49.75,27.93,22.32
SL_SOIL_01283,Trincomalee,8.832983,81.455789,Dry Zone,Alfisols,6.62,1.055,4.51,138.58,1.7,58.43,15.4,26.17
SL_SOIL_01284,Anuradhapura,8.084847,80.749597,Dry Zone,Alfisols,6.55,0.718,16.6,134.95,0.89,72.06,11.84,16.1
SL_SOIL_01285,Hambantota,6.208732,80.751368,Dry Zone,Alfisols,7.17,1.14,8.07,108.15,0.71,60.09,8.13,31.78
SL_SOIL_01286,Trincomalee,8.634691,81.405178,Dry Zone,Alfisols,5.91,1.148,12.53,161.38,1.31,60.05,17.91,22.04
SL_SOIL_01287,Anuradhapura,7.952646,80.326931,Dry Zone,Alfisols,5.98,1.059,9.86,109.95,1.17,75.38,12.6,12.02
SL_SOIL_01288,Badulla,6.907084,80.868535,Up Country Intermediate Zone,Inceptisols,5.06,1.42,11.8,143.48,1.81,41.64,36.69,21.67
SL_SOIL_01289,Badulla,7.088547,80.966576,Up Country Intermediate Zone,Inceptisols,5.03,1.332,16.18,126.6,2.34,44.74,29.19,26.07
SL_SOIL_01290,Matara,5.954988,80.59877,Wet Zone,Ultisols,5.35,1.307,16.62,147.86,1.83,47.53,27.99,24.48
SL_SOIL_01291,Trincomalee,8.472149,81.406446,Dry Zone,Alfisols,7.31,0.523,12.83,149.22,0.87,52.34,18.4,29.26
SL_SOIL_01292,Galle,6.061744,80.346282,Wet Zone,Ultisols,4.94,1.279,19.14,142.7,2.52,48.3,19.97,31.73
SL_SOIL_01293,Colombo,6.824434,79.97679,Wet Zone,Ultisols,5.19,1.346,12.34,131.26,1.83,60.06,24.91,15.02
SL_SOIL_01294,Mullaitivu,9.269667,80.903133,Dry Zone,Alfisols,7.01,0.358,14.95,137.17,0.54,64.02,27.45,8.53
SL_SOIL_01295,Monaragala,6.893536,81.043554,Intermediate Zone,Alfisols,5.9,1.188,10.36,138.08,1.24,63.42,24.83,11.74
SL_SOIL_01296,Puttalam,7.951298,79.879788,Dry Zone,Alfisols,6.22,0.979,9.65,121.03,0.79,73.16,10.74,16.1
SL_SOIL_01297,Ratnapura,6.859955,80.534833,Wet Zone,Ultisols,4.89,1.623,9.87,147.35,2.31,40.16,39.72,20.12
SL_SOIL_01298,Puttalam,7.950673,79.865588,Dry Zone,Alfisols,6.8,0.817,9.69,113.29,1.2,82.17,11.69,6.14
SL_SOIL_01299,Trincomalee,8.693502,81.207931,Dry Zone,Alfisols,7.17,0.882,13.59,158.82,1.22,75.64,10.71,13.65
SL_SOIL_01300,Mullaitivu,9.035668,80.50619,Dry Zone,Alfisols,7.75,0.979,7.79,138.93,1.05,58.37,26.52,15.11
SL_SOIL_01301,Ampara,7.164795,81.430325,Dry Zone,Vertisols,6.29,0.996,14.7,157.02,1.15,51.65,22.08,26.27
SL_SOIL_01302,Matara,6.082872,80.688853,Wet Zone,Ultisols,5.59,1.264,11.0,134.51,1.87,50.84,15.09,34.08
SL_SOIL_01303,Puttalam,8.08582,80.176051,Dry Zone,Alfisols,6.34,0.612,10.99,108.57,0.79,73.88,8.2,17.92
SL_SOIL_01304,Kurunegala,7.773273,80.417413,Intermediate Zone,Alfisols,5.69,0.618,18.65,157.85,1.07,66.54,23.15,10.31
SL_SOIL_01305,Colombo,6.969676,79.935842,Wet Zone,Ultisols,6.02,1.081,15.17,119.78,1.8,50.19,26.38,23.44
SL_SOIL_01306,Vavuniya,8.987576,80.527833,Dry Zone,Alfisols,6.43,0.917,15.3,154.63,1.34,67.84,23.52,8.63
SL_SOIL_01307,Puttalam,7.714304,80.1658,Dry Zone,Alfisols,6.91,1.167,9.37,132.65,0.87,72.08,15.87,12.05
SL_SOIL_01308,Batticaloa,7.584608,81.423532,Dry Zone,Vertisols,6.92,0.953,17.44,140.47,1.4,61.84,21.86,16.31
SL_SOIL_01309,Kurunegala,7.705926,80.479548,Intermediate Zone,Alfisols,6.68,0.892,11.1,141.73,1.1,64.26,17.25,18.49
SL_SOIL_01310,Gampaha,7.152222,80.095394,Wet Zone,Ultisols,5.45,1.15,16.82,102.52,1.62,58.31,23.56,18.13
SL_SOIL_01311,Badulla,6.97796,80.90915,Up Country Intermediate Zone,Inceptisols,6.0,1.423,6.09,134.49,1.92,38.55,32.24,29.21
SL_SOIL_01312,Trincomalee,8.687578,80.819186,Dry Zone,Alfisols,6.85,0.703,15.34,126.59,1.01,62.46,17.15,20.4
SL_SOIL_01313,Kurunegala,7.700944,80.693182,Intermediate Zone,Alfisols,6.14,0.914,12.76,129.57,1.12,68.73,24.82,6.45
SL_SOIL_01314,Nuwara Eliya,6.985733,80.852647,Up Country Wet Zone,Inceptisols,5.19,1.887,24.36,129.4,3.75,38.11,40.05,21.84
SL_SOIL_01315,Puttalam,7.940019,80.180371,Dry Zone,Alfisols,6.12,0.914,9.12,120.77,0.92,74.06,14.97,10.97
SL_SOIL_01316,Kandy,7.341955,80.749745,Wet Zone,Ultisols,5.48,1.523,11.31,134.11,2.16,40.63,32.28,27.09
SL_SOIL_01317,Colombo,6.871721,80.035662,Wet Zone,Ultisols,5.47,1.434,19.7,112.03,1.55,51.72,24.46,23.83
SL_SOIL_01318,Matara,6.008747,80.523741,Wet Zone,Ultisols,5.83,1.332,13.32,123.49,2.0,53.99,25.95,20.07
SL_SOIL_01319,Monaragala,6.905079,81.079149,Intermediate Zone,Alfisols,5.97,0.921,14.46,120.19,0.75,60.97,16.31,22.73
SL_SOIL_01320,Galle,6.138894,80.200363,Wet Zone,Ultisols,5.25,1.04,18.45,151.13,2.05,51.05,35.95,13.0
SL_SOIL_01321,Kalutara,6.67579,80.193874,Wet Zone,Ultisols,5.83,1.433,8.73,115.36,2.14,43.57,15.37,41.05
SL_SOIL_01322,Jaffna,9.661346,80.013486,Dry Zone,Alfisols,7.35,0.862,13.37,185.5,1.03,69.75,22.61,7.64
SL_SOIL_01323,Jaffna,9.835459,79.795349,Dry Zone,Alfisols,7.43,0.744,8.52,154.46,0.96,71.46,17.57,10.97
SL_SOIL_01324,Puttalam,7.837519,79.964884,Dry Zone,Alfisols,6.16,0.943,9.92,119.0,0.72,73.38,15.46,11.16
SL_SOIL_01325,Vavuniya,8.689021,80.494964,Dry Zone,Alfisols,6.48,0.917,11.84,155.38,1.3,62.97,23.76,13.27
SL_SOIL_01326,Gampaha,7.043943,80.039341,Wet Zone,Ultisols,5.13,0.989,17.17,136.88,1.59,57.11,22.22,20.67
SL_SOIL_01327,Colombo,6.92085,80.002227,Wet Zone,Ultisols,5.78,1.536,11.65,114.22,1.83,56.06,16.45,27.48
SL_SOIL_01328,Monaragala,7.157398,81.104017,Intermediate Zone,Alfisols,6.04,0.69,9.82,146.29,0.95,54.77,18.4,26.83
SL_SOIL_01329,Monaragala,6.988965,81.131344,Intermediate Zone,Alfisols,5.98,1.101,3.32,145.22,0.93,71.25,21.53,7.22
SL_SOIL_01330,Kurunegala,7.4594,80.38111,Intermediate Zone,Alfisols,6.51,0.78,11.86,115.77,1.36,67.85,22.9,9.25
SL_SOIL_01331,Galle,6.199574,80.145666,Wet Zone,Ultisols,5.54,1.666,20.24,151.8,2.14,42.6,27.29,30.11
SL_SOIL_01332,Matara,5.925728,80.451952,Wet Zone,Ultisols,4.55,1.208,17.05,117.18,1.7,56.42,31.33,12.25
SL_SOIL_01333,Colombo,6.965877,79.829768,Wet Zone,Ultisols,5.63,1.128,13.72,109.45,1.37,53.44,17.91,28.64
SL_SOIL_01334,Kegalle,7.209346,80.529631,Wet Zone,Ultisols,5.54,1.5,22.08,117.66,2.42,49.21,36.52,14.27
SL_SOIL_01335,Monaragala,7.030429,81.429785,Intermediate Zone,Alfisols,5.54,0.867,12.66,137.03,0.87,56.43,23.05,20.52
SL_SOIL_01336,Kalutara,6.721053,79.990141,Wet Zone,Ultisols,4.56,1.362,10.32,109.09,1.53,46.85,28.88,24.27
SL_SOIL_01337,Ratnapura,6.721291,80.360243,Wet Zone,Ultisols,4.85,1.622,18.68,142.79,3.08,42.48,38.85,18.67
SL_SOIL_01338,Monaragala,7.115913,81.062772,Intermediate Zone,Alfisols,6.24,1.024,12.05,123.22,1.06,64.98,22.96,12.06
SL_SOIL_01339,Matara,6.101393,80.697772,Wet Zone,Ultisols,5.83,1.42,22.64,114.06,2.0,59.03,23.6,17.37
SL_SOIL_01340,Badulla,6.819852,81.022121,Up Country Intermediate Zone,Inceptisols,4.95,1.397,13.93,128.28,1.93,39.28,41.13,19.59
SL_SOIL_01341,Kegalle,7.185623,80.254942,Wet Zone,Ultisols,5.69,1.52,13.04,133.18,2.44,41.26,30.57,28.17
SL_SOIL_01342,Batticaloa,7.50218,81.192495,Dry Zone,Vertisols,6.69,0.869,7.17,164.49,1.25,66.18,26.37,7.45
SL_SOIL_01343,Matale,7.678643,80.831014,Intermediate Zone,Alfisols,5.36,1.463,20.37,120.55,1.68,55.02,30.66,14.32
SL_SOIL_01344,Kalutara,6.517102,80.28866,Wet Zone,Ultisols,5.53,1.16,13.6,91.38,1.46,50.53,39.61,9.86
SL_SOIL_01345,Puttalam,7.975703,79.712034,Dry Zone,Alfisols,6.41,0.702,12.23,115.12,0.74,72.76,16.48,10.77
SL_SOIL_01346,Colombo,6.950299,79.94465,Wet Zone,Ultisols,5.87,1.515,10.0,133.91,2.06,64.87,16.84,18.29
SL_SOIL_01347,Batticaloa,7.517964,81.289701,Dry Zone,Vertisols,6.79,0.865,15.73,146.21,1.6,67.07,24.1,8.83
SL_SOIL_01348,Matara,6.101133,80.677796,Wet Zone,Ultisols,5.34,1.582,15.5,105.3,1.58,47.14,30.06,22.8
SL_SOIL_01349,Gampaha,7.061206,79.907933,Wet Zone,Ultisols,6.05,1.136,18.13,109.34,1.89,68.16,25.69,6.15
SL_SOIL_01350,Kalutara,6.445067,80.042853,Wet Zone,Ultisols,5.6,1.046,12.78,94.71,0.96,54.94,27.2,17.86
SL_SOIL_01351,Ratnapura,6.672192,80.645637,Wet Zone,Ultisols,5.43,1.486,16.95,132.25,2.28,46.83,25.38,27.8
SL_SOIL_01352,Vavuniya,8.725608,80.496988,Dry Zone,Alfisols,6.55,0.852,17.19,147.57,1.35,58.55,27.02,14.42
SL_SOIL_01353,Ratnapura,6.727032,80.637732,Wet Zone,Ultisols,5.48,1.672,14.92,156.03,2.41,51.46,37.35,11.18
SL_SOIL_01354,Vavuniya,8.677922,80.544367,Dry Zone,Alfisols,5.71,1.163,16.68,156.15,1.28,59.76,14.38,25.86
SL_SOIL_01355,Kilinochchi,9.352019,80.266774,Dry Zone,Alfisols,6.63,0.831,16.13,163.11,0.93,78.32,12.99,8.69
SL_SOIL_01356,Ampara,6.982496,81.40881,Dry Zone,Vertisols,6.81,1.146,11.46,140.15,1.7,54.02,33.55,12.43
SL_SOIL_01357,Kandy,7.388086,80.698288,Wet Zone,Ultisols,5.43,1.477,16.15,132.89,2.0,50.2,26.67,23.13
SL_SOIL_01358,Anuradhapura,7.94652,80.559668,Dry Zone,Alfisols,6.39,1.151,16.36,122.89,1.13,71.99,21.22,6.8
SL_SOIL_01359,Matale,7.430813,80.788941,Intermediate Zone,Alfisols,5.64,1.349,23.99,128.0,1.89,47.4,21.77,30.84
SL_SOIL_01360,Badulla,6.985733,80.90754,Up Country Intermediate Zone,Inceptisols,5.14,1.679,14.26,147.75,3.32,44.38,29.06,26.57
SL_SOIL_01361,Polonnaruwa,8.029444,80.977462,Dry Zone,Vertisols,6.58,0.798,10.5,124.13,1.08,56.52,32.33,11.14
SL_SOIL_01362,Vavuniya,8.919823,80.391025,Dry Zone,Alfisols,6.68,0.833,4.96,158.06,0.98,60.79,17.91,21.3
SL_SOIL_01363,Monaragala,6.746544,81.408106,Intermediate Zone,Alfisols,5.55,0.796,9.42,126.64,1.2,62.35,13.38,24.27
SL_SOIL_01364,Ampara,7.366286,81.863246,Dry Zone,Vertisols,6.31,1.254,13.5,144.42,1.62,56.51,18.04,25.45
SL_SOIL_01365,Kurunegala,7.96934,80.533713,Intermediate Zone,Alfisols,6.01,1.174,14.32,100.14,1.51,57.31,23.34,19.35
SL_SOIL_01366,Galle,6.198293,80.206276,Wet Zone,Ultisols,5.9,1.143,16.82,111.29,1.95,47.49,30.45,22.07
SL_SOIL_01367,Jaffna,9.601718,79.956219,Dry Zone,Alfisols,7.25,0.792,9.7,158.39,1.02,74.82,15.17,10.01
SL_SOIL_01368,Galle,5.96421,80.151665,Wet Zone,Ultisols,4.9,1.21,17.33,144.29,1.92,41.51,30.79,27.7
SL_SOIL_01369,Colombo,6.861692,79.927548,Wet Zone,Ultisols,6.09,1.399,20.99,112.08,2.41,50.69,25.36,23.96
SL_SOIL_01370,Monaragala,7.221825,81.308847,Intermediate Zone,Alfisols,5.6,1.1,3.97,120.88,1.07,61.82,15.37,22.82
SL_SOIL_01371,Polonnaruwa,8.082144,80.997487,Dry Zone,Vertisols,6.83,1.199,10.6,127.05,1.37,55.15,18.7,26.14
SL_SOIL_01372,Puttalam,8.115987,80.143755,Dry Zone,Alfisols,6.49,0.775,14.47,104.16,0.92,79.74,5.0,15.26
SL_SOIL_01373,Ampara,7.346583,81.604239,Dry Zone,Vertisols,6.51,1.203,16.96,150.3,1.31,56.79,29.8,13.41
SL_SOIL_01374,Puttalam,8.071088,79.918104,Dry Zone,Alfisols,6.47,0.471,14.19,135.39,0.86,73.59,5.0,21.41
SL_SOIL_01375,Kandy,7.367674,80.64909,Wet Zone,Ultisols,5.47,1.655,20.64,160.58,2.42,54.48,31.6,13.92
SL_SOIL_01376,Kurunegala,7.514082,80.658783,Intermediate Zone,Alfisols,5.81,0.917,11.58,132.0,1.49,56.36,21.2,22.44
SL_SOIL_01377,Gampaha,7.164766,80.019657,Wet Zone,Ultisols,5.44,0.926,13.9,118.75,1.89,62.89,20.4,16.71
SL_SOIL_01378,Colombo,6.80726,79.864807,Wet Zone,Ultisols,5.89,1.125,7.04,136.72,2.08,49.01,27.28,23.7
SL_SOIL_01379,Batticaloa,7.531745,81.512703,Dry Zone,Vertisols,7.48,0.909,8.15,142.83,1.52,61.04,20.75,18.21
SL_SOIL_01380,Matale,7.706041,80.553786,Intermediate Zone,Alfisols,6.08,1.254,17.64,145.61,2.15,53.11,29.4,17.49
SL_SOIL_01381,Anuradhapura,8.533083,80.845683,Dry Zone,Alfisols,5.99,0.709,16.13,118.7,0.97,70.64,20.18,9.18
SL_SOIL_01382,Kilinochchi,9.33511,80.395333,Dry Zone,Alfisols,7.99,0.719,8.14,163.58,0.99,60.97,20.81,18.22
SL_SOIL_01383,Jaffna,9.75212,80.157769,Dry Zone,Alfisols,7.73,0.436,11.92,170.41,0.85,67.78,18.24,13.98
SL_SOIL_01384,Gampaha,7.019867,80.135075,Wet Zone,Ultisols,5.97,1.182,17.84,102.81,1.67,56.01,27.99,16.0
SL_SOIL_01385,Kalutara,6.737701,80.042747,Wet Zone,Ultisols,5.69,1.337,12.45,126.09,1.72,54.13,34.46,11.41
SL_SOIL_01386,Monaragala,6.707159,81.584081,Intermediate Zone,Alfisols,6.13,0.872,3.85,107.36,1.65,69.7,23.02,7.29
SL_SOIL_01387,Monaragala,6.619331,81.486256,Intermediate Zone,Alfisols,5.65,1.025,9.06,119.19,1.2,59.07,16.3,24.63
SL_SOIL_01388,Mannar,8.959732,79.99987,Dry Zone,Alfisols,7.22,0.766,12.1,153.81,0.79,78.71,15.1,6.19
SL_SOIL_01389,Anuradhapura,8.050303,80.542899,Dry Zone,Alfisols,5.9,1.101,11.7,143.31,1.15,67.69,11.28,21.04
SL_SOIL_01390,Matale,7.560748,80.772778,Intermediate Zone,Alfisols,5.53,1.465,18.4,128.15,1.85,58.21,32.31,9.48
SL_SOIL_01391,Matale,7.726011,80.722773,Intermediate Zone,Alfisols,5.84,1.351,12.13,112.85,1.84,48.15,25.97,25.88
SL_SOIL_01392,Nuwara Eliya,6.986975,80.826836,Up Country Wet Zone,Inceptisols,4.91,1.716,16.79,147.79,3.32,38.35,36.38,25.28
SL_SOIL_01393,Hambantota,6.085735,80.951873,Dry Zone,Alfisols,6.41,0.88,13.11,112.69,0.95,66.67,21.7,11.62
SL_SOIL_01394,Gampaha,7.191235,80.001971,Wet Zone,Ultisols,6.01,1.242,8.28,96.14,1.73,58.38,27.99,13.63
SL_SOIL_01395,Polonnaruwa,8.133472,81.113385,Dry Zone,Vertisols,6.26,1.007,5.96,161.67,1.22,67.19,26.64,6.17
SL_SOIL_01396,Mannar,9.139431,79.888641,Dry Zone,Alfisols,7.65,0.703,3.0,157.46,0.72,65.82,6.73,27.45
SL_SOIL_01397,Kalutara,6.421151,80.113326,Wet Zone,Ultisols,5.62,1.357,15.35,139.0,2.4,45.98,24.42,29.6
SL_SOIL_01398,Anuradhapura,8.131909,80.650426,Dry Zone,Alfisols,6.14,1.037,3.0,121.78,0.83,62.31,12.67,25.02
SL_SOIL_01399,Badulla,6.985657,81.106539,Up Country Intermediate Zone,Inceptisols,4.54,1.519,17.33,113.35,2.49,29.11,35.51,35.38
SL_SOIL_01400,Mannar,9.118725,79.84582,Dry Zone,Alfisols,7.09,0.629,7.98,169.38,0.68,63.73,9.76,26.51
SL_SOIL_01401,Ratnapura,6.658509,80.636286,Wet Zone,Ultisols,5.04,1.782,27.62,160.15,3.33,41.09,28.68,30.23
SL_SOIL_01402,Trincomalee,8.807603,81.376775,Dry Zone,Alfisols,6.49,0.851,9.45,148.3,1.36,76.95,14.52,8.54
SL_SOIL_01403,Jaffna,9.55782,79.902296,Dry Zone,Alfisols,7.55,0.709,16.3,148.36,0.68,75.98,9.03,15.0
SL_SOIL_01404,Ratnapura,6.821902,80.687324,Wet Zone,Ultisols,5.09,1.608,11.48,144.31,2.33,42.21,36.61,21.18
SL_SOIL_01405,Vavuniya,8.905106,80.475891,Dry Zone,Alfisols,6.75,1.107,12.3,150.04,1.36,62.99,25.22,11.78
SL_SOIL_01406,Monaragala,7.137007,81.204166,Intermediate Zone,Alfisols,5.74,0.925,20.25,125.19,1.5,63.71,25.84,10.44
SL_SOIL_01407,Trincomalee,8.567978,81.315635,Dry Zone,Alfisols,6.88,0.994,11.17,134.42,1.13,59.23,25.93,14.85
SL_SOIL_01408,Kurunegala,7.610799,80.56793,Intermediate Zone,Alfisols,5.94,1.262,10.8,136.92,1.43,64.96,17.67,17.37
SL_SOIL_01409,Puttalam,7.771358,79.701397,Dry Zone,Alfisols,6.78,1.091,8.63,125.57,1.09,74.24,14.97,10.8
SL_SOIL_01410,Trincomalee,8.788645,81.075301,Dry Zone,Alfisols,6.49,0.969,8.83,153.4,1.23,70.08,20.64,9.28
SL_SOIL_01411,Vavuniya,8.779639,80.572679,Dry Zone,Alfisols,6.24,0.817,14.2,145.65,1.18,68.92,19.72,11.36
SL_SOIL_01412,Hambantota,6.317419,80.874794,Dry Zone,Alfisols,6.62,0.703,6.97,94.5,0.85,71.67,20.11,8.22
SL_SOIL_01413,Matara,6.13815,80.679192,Wet Zone,Ultisols,5.78,1.167,10.77,140.1,1.8,50.67,24.37,24.96
SL_SOIL_01414,Gampaha,7.037923,79.966779,Wet Zone,Ultisols,5.96,1.094,7.81,111.2,1.32,52.81,18.27,28.92
SL_SOIL_01415,Mullaitivu,9.258107,80.48024,Dry Zone,Alfisols,6.91,0.779,17.94,184.5,1.18,64.48,9.16,26.36
SL_SOIL_01416,Kegalle,7.098337,80.290107,Wet Zone,Ultisols,4.69,1.477,10.35,127.96,2.1,44.96,42.18,12.86
SL_SOIL_01417,Galle,6.042666,80.166129,Wet Zone,Ultisols,5.31,1.445,11.16,116.0,1.7,55.32,24.05,20.64
SL_SOIL_01418,Hambantota,6.254511,80.558842,Dry Zone,Alfisols,6.79,0.782,7.49,95.56,1.0,73.44,17.68,8.88
SL_SOIL_01419,Badulla,6.812412,80.944987,Up Country Intermediate Zone,Inceptisols,5.51,1.716,11.29,133.78,2.84,50.11,34.28,15.62
SL_SOIL_01420,Badulla,6.813354,80.991201,Up Country Intermediate Zone,Inceptisols,5.43,1.316,15.29,143.8,2.6,46.25,27.53,26.22
SL_SOIL_01421,Kilinochchi,9.440963,80.326015,Dry Zone,Alfisols,6.88,0.796,9.82,177.21,1.31,71.38,12.43,16.19
SL_SOIL_01422,Vavuniya,8.838135,80.662163,Dry Zone,Alfisols,6.84,0.79,9.6,148.53,0.92,59.42,20.68,19.9
SL_SOIL_01423,Kandy,7.266969,80.632067,Wet Zone,Ultisols,6.31,1.713,11.23,154.92,2.27,45.62,34.65,19.73
SL_SOIL_01424,Mullaitivu,9.196534,80.880248,Dry Zone,Alfisols,7.15,0.798,13.58,141.56,0.8,64.46,10.26,25.28
SL_SOIL_01425,Gampaha,7.163737,79.89766,Wet Zone,Ultisols,6.01,1.58,19.59,116.7,1.95,52.39,21.72,25.89
SL_SOIL_01426,Monaragala,7.230218,81.34472,Intermediate Zone,Alfisols,5.71,1.268,14.05,115.94,1.42,59.58,22.01,18.41
SL_SOIL_01427,Matale,7.726763,80.716618,Intermediate Zone,Alfisols,5.6,1.047,10.6,128.03,1.83,56.26,29.97,13.77
SL_SOIL_01428,Kilinochchi,9.618073,80.615052,Dry Zone,Alfisols,7.06,0.694,10.82,154.24,0.98,62.13,14.89,22.98
SL_SOIL_01429,Nuwara Eliya,6.965505,80.697052,Up Country Wet Zone,Inceptisols,4.63,1.95,22.54,153.97,4.87,40.15,36.33,23.52
SL_SOIL_01430,Kurunegala,7.899436,80.520994,Intermediate Zone,Alfisols,6.48,1.113,9.36,111.17,1.1,60.91,21.57,17.52
SL_SOIL_01431,Polonnaruwa,8.030094,80.93542,Dry Zone,Vertisols,6.12,0.949,16.14,123.36,1.0,65.64,11.2,23.15
SL_SOIL_01432,Jaffna,9.646342,79.823484,Dry Zone,Alfisols,7.62,0.68,12.46,160.33,1.21,74.62,17.04,8.34
SL_SOIL_01433,Kandy,7.400712,80.679448,Wet Zone,Ultisols,5.28,1.786,18.36,126.24,2.55,40.77,34.21,25.02
SL_SOIL_01434,Hambantota,6.225389,80.704633,Dry Zone,Alfisols,6.11,1.238,7.43,103.02,1.0,70.16,18.02,11.82
SL_SOIL_01435,Nuwara Eliya,6.876887,80.698495,Up Country Wet Zone,Inceptisols,5.93,2.092,14.85,154.74,4.26,43.96,41.74,14.3
SL_SOIL_01436,Gampaha,7.118235,79.864944,Wet Zone,Ultisols,6.15,1.29,14.83,106.5,1.36,59.35,23.25,17.4
SL_SOIL_01437,Trincomalee,8.873158,81.478374,Dry Zone,Alfisols,6.39,1.017,10.69,131.47,1.42,70.13,21.34,8.53
SL_SOIL_01438,Matale,7.602084,80.559022,Intermediate Zone,Alfisols,5.36,1.335,7.18,126.69,1.92,47.69,34.1,18.22
SL_SOIL_01439,Kegalle,7.260748,80.4389,Wet Zone,Ultisols,4.44,1.357,17.67,139.55,1.97,55.71,20.42,23.87
SL_SOIL_01440,Nuwara Eliya,7.079903,80.78231,Up Country Wet Zone,Inceptisols,4.52,1.9,16.96,144.01,3.71,36.22,33.09,30.68
SL_SOIL_01441,Mannar,8.914323,79.891376,Dry Zone,Alfisols,7.32,0.566,3.11,155.77,0.82,79.8,13.9,6.3
SL_SOIL_01442,Monaragala,6.898047,81.138705,Intermediate Zone,Alfisols,5.88,1.187,12.4,143.94,1.16,69.76,15.77,14.46
SL_SOIL_01443,Polonnaruwa,8.072947,81.050085,Dry Zone,Vertisols,6.6,1.167,15.07,147.76,1.32,61.81,20.3,17.89
SL_SOIL_01444,Jaffna,9.689233,79.848832,Dry Zone,Alfisols,7.13,0.805,15.04,169.27,0.98,60.89,18.28,20.82
SL_SOIL_01445,Badulla,6.953344,81.043633,Up Country Intermediate Zone,Inceptisols,5.26,1.559,18.09,143.33,2.54,49.22,41.74,9.04
SL_SOIL_01446,Polonnaruwa,7.860488,81.149492,Dry Zone,Vertisols,6.67,1.169,12.44,149.85,1.69,56.73,22.69,20.58
SL_SOIL_01447,Kegalle,7.080635,80.436108,Wet Zone,Ultisols,5.35,1.22,10.18,122.57,1.81,44.7,34.37,20.93
SL_SOIL_01448,Nuwara Eliya,7.08744,80.662186,Up Country Wet Zone,Inceptisols,5.18,1.952,22.31,138.12,3.62,38.0,46.9,15.11
SL_SOIL_01449,Matara,6.07216,80.561145,Wet Zone,Ultisols,5.25,1.024,16.61,137.39,1.09,43.13,32.14,24.73
SL_SOIL_01450,Gampaha,7.00495,80.056225,Wet Zone,Ultisols,6.01,0.853,20.42,124.46,2.02,60.75,28.19,11.05
SL_SOIL_01451,Mannar,9.025563,79.912131,Dry Zone,Alfisols,8.03,0.636,8.94,162.09,0.58,77.56,9.64,12.8
SL_SOIL_01452,Mullaitivu,9.220349,80.845147,Dry Zone,Alfisols,6.81,0.761,17.53,148.13,1.07,54.7,20.1,25.2
SL_SOIL_01453,Kegalle,7.149597,80.51412,Wet Zone,Ultisols,4.52,1.266,12.89,130.61,1.63,51.55,29.82,18.63
SL_SOIL_01454,Polonnaruwa,7.79829,81.277108,Dry Zone,Vertisols,5.91,1.171,16.95,148.1,1.55,66.58,20.09,13.32
SL_SOIL_01455,Galle,6.134139,80.298279,Wet Zone,Ultisols,5.52,1.251,16.18,146.57,1.52,48.6,35.41,15.99
SL_SOIL_01456,Jaffna,9.765692,79.77134,Dry Zone,Alfisols,6.98,0.662,16.43,168.76,0.98,68.86,14.61,16.54
SL_SOIL_01457,Mullaitivu,9.25995,80.826332,Dry Zone,Alfisols,7.46,1.167,12.7,149.58,1.11,64.37,17.12,18.51
SL_SOIL_01458,Trincomalee,8.517046,80.853048,Dry Zone,Alfisols,6.66,0.913,5.6,120.44,1.35,52.42,12.91,34.67
SL_SOIL_01459,Polonnaruwa,7.863283,80.94317,Dry Zone,Vertisols,6.5,0.786,4.83,129.02,0.89,64.34,21.88,13.77
SL_SOIL_01460,Vavuniya,8.667627,80.499799,Dry Zone,Alfisols,6.63,0.959,16.61,148.38,1.1,67.28,16.57,16.15
SL_SOIL_01461,Gampaha,7.099977,79.974241,Wet Zone,Ultisols,5.99,1.194,9.84,130.42,1.14,55.31,21.03,23.66
SL_SOIL_01462,Badulla,7.130216,80.912001,Up Country Intermediate Zone,Inceptisols,5.22,1.408,11.78,132.73,1.82,36.75,38.36,24.89
SL_SOIL_01463,Kilinochchi,9.603133,80.393118,Dry Zone,Alfisols,6.64,0.988,6.5,144.39,1.0,69.86,24.74,5.4
SL_SOIL_01464,Colombo,6.868384,79.833443,Wet Zone,Ultisols,5.81,1.167,17.78,128.2,2.37,48.06,23.43,28.51
SL_SOIL_01465,Puttalam,7.973953,79.842876,Dry Zone,Alfisols,6.85,0.819,6.57,108.34,0.69,69.15,17.31,13.54
SL_SOIL_01466,Polonnaruwa,8.138446,80.859419,Dry Zone,Vertisols,5.81,0.816,10.28,143.7,0.82,59.45,21.55,18.99
SL_SOIL_01467,Kandy,7.315987,80.599299,Wet Zone,Ultisols,4.56,1.577,13.81,140.5,2.2,45.37,38.16,16.47
SL_SOIL_01468,Puttalam,7.603331,80.074594,Dry Zone,Alfisols,6.78,0.926,12.75,113.08,0.75,77.97,16.4,5.63
SL_SOIL_01469,Polonnaruwa,7.986384,80.814116,Dry Zone,Vertisols,6.49,1.161,4.62,146.5,1.04,52.69,20.78,26.53
SL_SOIL_01470,Kilinochchi,9.467552,80.321067,Dry Zone,Alfisols,6.34,1.013,9.89,162.54,1.01,64.94,20.89,14.17
SL_SOIL_01471,Matara,6.032506,80.482708,Wet Zone,Ultisols,5.53,1.261,16.34,116.95,1.67,56.65,16.49,26.86
SL_SOIL_01472,Kilinochchi,9.648349,80.629671,Dry Zone,Alfisols,6.23,0.84,8.0,136.88,0.79,64.47,18.5,17.03
SL_SOIL_01473,Kandy,7.254937,80.619877,Wet Zone,Ultisols,5.4,1.351,23.16,131.54,2.43,44.18,32.67,23.15
SL_SOIL_01474,Trincomalee,8.646538,80.985596,Dry Zone,Alfisols,6.74,1.139,11.85,137.11,1.34,65.56,19.09,15.35
SL_SOIL_01475,Galle,6.034082,80.270521,Wet Zone,Ultisols,5.32,1.659,21.46,135.69,2.96,51.52,36.08,12.4
SL_SOIL_01476,Matara,6.141616,80.542896,Wet Zone,Ultisols,4.87,1.172,20.95,127.24,1.83,47.79,32.92,19.29
SL_SOIL_01477,Kalutara,6.624483,80.185284,Wet Zone,Ultisols,5.35,1.11,15.8,136.84,1.67,53.39,36.76,9.85
SL_SOIL_01478,Badulla,7.165089,81.049348,Up Country Intermediate Zone,Inceptisols,4.52,1.26,11.01,138.45,2.02,37.61,41.37,21.03
SL_SOIL_01479,Gampaha,7.082937,80.129481,Wet Zone,Ultisols,5.67,1.438,10.15,109.66,1.95,55.86,19.88,24.27
SL_SOIL_01480,Monaragala,6.778788,81.130088,Intermediate Zone,Alfisols,5.27,0.988,11.22,134.29,0.99,57.09,23.17,19.74
SL_SOIL_01481,Batticaloa,7.526956,81.370624,Dry Zone,Vertisols,7.36,0.928,14.75,138.94,1.33,58.94,32.15,8.92
SL_SOIL_01482,Ratnapura,6.550117,80.351411,Wet Zone,Ultisols,4.38,1.462,15.37,126.35,2.24,55.16,32.23,12.61
SL_SOIL_01483,Badulla,6.853075,81.108286,Up Country Intermediate Zone,Inceptisols,5.34,1.596,14.68,142.82,2.73,48.21,38.33,13.46
SL_SOIL_01484,Badulla,7.132418,81.017798,Up Country Intermediate Zone,Inceptisols,5.29,1.366,22.38,135.96,2.01,48.95,29.57,21.48
SL_SOIL_01485,Matale,7.515641,80.755042,Intermediate Zone,Alfisols,5.17,1.331,14.22,133.56,2.24,53.26,21.76,24.98
SL_SOIL_01486,Ratnapura,6.800444,80.443581,Wet Zone,Ultisols,4.8,1.575,20.41,137.76,3.1,49.39,32.43,18.18
SL_SOIL_01487,Colombo,6.903095,79.838879,Wet Zone,Ultisols,5.75,1.089,21.27,124.76,1.21,48.03,24.91,27.06
SL_SOIL_01488,Kandy,7.240535,80.570668,Wet Zone,Ultisols,5.53,1.256,15.94,140.2,2.31,46.88,22.35,30.76
SL_SOIL_01489,Batticaloa,7.959271,81.251433,Dry Zone,Vertisols,6.6,1.179,13.06,150.12,1.18,48.81,16.74,34.45
SL_SOIL_01490,Anuradhapura,8.034183,80.853047,Dry Zone,Alfisols,7.07,1.004,3.0,112.33,1.33,59.85,10.13,30.02
SL_SOIL_01491,Puttalam,7.793039,80.190315,Dry Zone,Alfisols,6.56,0.742,9.24,117.8,1.1,71.36,5.0,23.64
SL_SOIL_01492,Kalutara,6.746748,80.164322,Wet Zone,Ultisols,5.06,1.067,18.65,114.74,1.31,41.87,20.72,37.41
SL_SOIL_01493,Anuradhapura,8.445427,80.59368,Dry Zone,Alfisols,6.38,0.957,5.3,134.1,1.19,61.17,14.92,23.92
SL_SOIL_01494,Kilinochchi,9.415958,80.251317,Dry Zone,Alfisols,6.65,0.808,9.63,151.48,0.98,66.61,16.62,16.77
SL_SOIL_01495,Trincomalee,8.74166,81.087294,Dry Zone,Alfisols,7.06,0.936,11.52,139.76,1.08,64.87,20.44,14.69
SL_SOIL_01496,Mullaitivu,9.106459,80.521205,Dry Zone,Alfisols,6.71,0.867,13.13,170.67,0.65,59.83,15.98,24.19
SL_SOIL_01497,Kilinochchi,9.510438,80.581692,Dry Zone,Alfisols,7.47,0.559,12.31,161.1,1.3,64.86,15.83,19.31
SL_SOIL_01498,Gampaha,7.114324,79.99989,Wet Zone,Ultisols,6.25,1.425,7.74,128.19,1.46,64.25,21.72,14.02
SL_SOIL_01499,Hambantota,6.115117,81.08044,Dry Zone,Alfisols,6.32,1.076,9.09,99.27,0.95,71.3,19.13,9.57
SL_SOIL_01500,Gampaha,7.073791,79.976698,Wet Zone,Ultisols,5.18,1.3,12.75,117.16,2.42,53.47,22.08,24.44
SL_SOIL_01501,Polonnaruwa,7.963383,81.219803,Dry Zone,Vertisols,5.91,0.957,9.37,134.95,0.92,75.87,16.97,7.15
SL_SOIL_01502,Hambantota,6.112176,80.784381,Dry Zone,Alfisols,5.99,0.797,7.22,96.83,1.38,57.85,16.73,25.42
SL_SOIL_01503,Hambantota,6.019653,81.051062,Dry Zone,Alfisols,6.24,0.745,10.68,100.73,0.7,72.89,18.08,9.03
SL_SOIL_01504,Matara,6.013308,80.593067,Wet Zone,Ultisols,5.68,1.159,16.32,111.48,2.08,56.54,29.4,14.06
SL_SOIL_01505,Trincomalee,8.625095,81.320267,Dry Zone,Alfisols,6.59,1.302,14.44,155.43,1.13,69.35,24.41,6.24
SL_SOIL_01506,Colombo,6.833865,79.854749,Wet Zone,Ultisols,5.28,1.189,8.03,120.72,1.72,42.93,28.88,28.19
SL_SOIL_01507,Kegalle,7.301163,80.384852,Wet Zone,Ultisols,5.37,1.115,12.88,118.61,1.91,50.23,29.89,19.88
SL_SOIL_01508,Kilinochchi,9.426509,80.503057,Dry Zone,Alfisols,7.11,0.843,12.09,163.23,1.0,74.53,12.45,13.02
SL_SOIL_01509,Matara,6.134142,80.496951,Wet Zone,Ultisols,4.85,1.335,18.5,116.56,1.92,42.53,34.09,23.37
SL_SOIL_01510,Jaffna,9.654941,79.936748,Dry Zone,Alfisols,7.68,0.824,13.29,152.26,0.78,73.71,14.56,11.73
SL_SOIL_01511,Kegalle,7.157109,80.465844,Wet Zone,Ultisols,5.08,1.349,11.8,152.58,2.15,56.53,27.2,16.27
SL_SOIL_01512,Galle,6.100056,80.202437,Wet Zone,Ultisols,5.38,1.577,15.69,147.14,2.3,55.06,29.18,15.76
SL_SOIL_01513,Kalutara,6.617501,80.012793,Wet Zone,Ultisols,5.46,1.474,17.13,141.35,2.47,50.02,31.47,18.51
SL_SOIL_01514,Kalutara,6.509295,80.044464,Wet Zone,Ultisols,5.31,1.287,16.84,129.25,1.68,50.06,22.65,27.29
SL_SOIL_01515,Kurunegala,7.490143,80.463778,Intermediate Zone,Alfisols,5.79,1.122,14.87,128.91,1.31,64.67,15.67,19.66
SL_SOIL_01516,Matale,7.472346,80.646316,Intermediate Zone,Alfisols,5.4,1.235,11.97,120.55,1.76,37.83,28.93,33.24
SL_SOIL_01517,Mannar,8.86962,79.852442,Dry Zone,Alfisols,6.71,1.002,4.33,159.66,1.05,80.57,11.21,8.23
SL_SOIL_01518,Mannar,9.123285,80.070205,Dry Zone,Alfisols,6.99,0.72,20.36,168.86,0.69,68.35,9.86,21.8
SL_SOIL_01519,Puttalam,7.677095,79.889251,Dry Zone,Alfisols,6.33,0.76,12.14,142.81,1.09,71.85,15.37,12.77
SL_SOIL_01520,Nuwara Eliya,7.049738,80.798887,Up Country Wet Zone,Inceptisols,4.44,1.906,18.21,155.83,4.0,40.31,40.31,19.39
SL_SOIL_01521,Gampaha,7.067068,79.889776,Wet Zone,Ultisols,5.62,1.323,11.87,103.32,1.81,60.18,26.66,13.16
SL_SOIL_01522,Mannar,9.160481,79.821033,Dry Zone,Alfisols,7.15,0.6,16.31,161.52,0.69,81.08,8.98,9.94
SL_SOIL_01523,Puttalam,8.068101,80.064111,Dry Zone,Alfisols,6.66,1.023,5.89,114.85,1.07,78.14,14.1,7.75
SL_SOIL_01524,Matale,7.418627,80.849153,Intermediate Zone,Alfisols,5.74,1.44,13.53,125.41,2.16,64.33,27.43,8.24
SL_SOIL_01525,Mannar,9.055112,79.989318,Dry Zone,Alfisols,6.93,0.567,16.98,163.44,0.92,75.84,8.67,15.49
SL_SOIL_01526,Trincomalee,8.413362,81.458158,Dry Zone,Alfisols,6.49,0.977,10.77,151.08,1.25,64.99,14.95,20.07
SL_SOIL_01527,Trincomalee,8.413407,80.819933,Dry Zone,Alfisols,6.95,0.592,11.49,124.85,0.92,66.07,24.08,9.85
SL_SOIL_01528,Jaffna,9.614951,80.003196,Dry Zone,Alfisols,7.84,0.718,11.46,157.4,0.77,67.23,19.05,13.72
SL_SOIL_01529,Kegalle,7.128213,80.511778,Wet Zone,Ultisols,5.66,1.384,16.06,133.39,1.54,49.78,28.73,21.49
SL_SOIL_01530,Monaragala,7.096864,81.045077,Intermediate Zone,Alfisols,6.11,0.901,10.79,132.9,1.11,66.4,28.48,5.12
SL_SOIL_01531,Trincomalee,8.453756,81.149076,Dry Zone,Alfisols,6.98,0.942,10.38,133.39,1.28,61.09,13.9,25.01
SL_SOIL_01532,Batticaloa,7.799798,81.579209,Dry Zone,Vertisols,7.14,1.123,7.64,146.81,1.14,65.89,12.04,22.07
SL_SOIL_01533,Mannar,9.177627,80.084356,Dry Zone,Alfisols,7.26,0.692,8.19,166.07,0.69,74.32,16.69,8.99
SL_SOIL_01534,Ampara,7.360415,81.687689,Dry Zone,Vertisols,6.52,0.997,13.71,131.2,1.25,57.99,28.29,13.72
SL_SOIL_01535,Ratnapura,6.693332,80.708474,Wet Zone,Ultisols,5.4,1.64,16.36,119.47,1.46,47.77,34.24,17.99
SL_SOIL_01536,Puttalam,8.233823,79.960432,Dry Zone,Alfisols,5.97,0.884,14.87,127.06,1.13,76.34,10.56,13.11
SL_SOIL_01537,Matara,5.954131,80.479016,Wet Zone,Ultisols,5.5,1.232,10.1,145.25,2.15,46.19,30.45,23.36
SL_SOIL_01538,Polonnaruwa,8.14253,80.940865,Dry Zone,Vertisols,6.49,1.172,22.74,151.87,0.91,55.14,10.37,34.49
SL_SOIL_01539,Trincomalee,8.504171,81.186117,Dry Zone,Alfisols,6.56,1.285,19.96,144.84,1.57,70.38,10.04,19.58
SL_SOIL_01540,Monaragala,7.221713,81.220219,Intermediate Zone,Alfisols,5.38,1.093,7.53,130.12,1.19,66.3,23.79,9.91
SL_SOIL_01541,Matale,7.612037,80.55777,Intermediate Zone,Alfisols,5.06,1.452,13.28,115.63,1.86,59.62,35.19,5.18
SL_SOIL_01542,Badulla,6.894039,81.157432,Up Country Intermediate Zone,Inceptisols,5.28,1.88,17.59,143.99,3.39,33.86,26.1,40.05
SL_SOIL_01543,Ampara,7.366971,81.541161,Dry Zone,Vertisols,6.51,0.87,15.13,161.44,1.09,51.39,27.29,21.32
SL_SOIL_01544,Nuwara Eliya,6.895048,80.746627,Up Country Wet Zone,Inceptisols,4.64,1.727,17.72,160.82,3.6,46.22,34.35,19.43
SL_SOIL_01545,Matara,6.119628,80.606005,Wet Zone,Ultisols,5.34,1.264,14.29,116.29,2.1,62.27,25.58,12.15
SL_SOIL_01546,Kegalle,7.209182,80.242506,Wet Zone,Ultisols,5.02,1.186,17.35,131.11,1.67,39.93,35.62,24.45
SL_SOIL_01547,Kurunegala,7.903146,80.406256,Intermediate Zone,Alfisols,6.7,1.01,17.1,128.33,0.88,66.13,22.12,11.75
SL_SOIL_01548,Kegalle,7.148904,80.386304,Wet Zone,Ultisols,5.64,1.359,17.45,143.61,2.05,46.63,25.88,27.49
SL_SOIL_01549,Mannar,8.856797,80.056745,Dry Zone,Alfisols,7.31,0.578,19.13,150.63,0.68,65.61,16.02,18.37
SL_SOIL_01550,Batticaloa,7.869405,81.449894,Dry Zone,Vertisols,7.05,1.033,17.65,169.68,1.34,52.44,18.96,28.61
SL_SOIL_01551,Hambantota,6.23368,81.052169,Dry Zone,Alfisols,5.87,0.914,10.24,104.43,0.97,69.39,17.66,12.95
SL_SOIL_01552,Mullaitivu,9.132391,80.726684,Dry Zone,Alfisols,6.87,0.753,14.7,144.43,0.8,62.01,22.72,15.27
SL_SOIL_01553,Batticaloa,7.683957,81.36986,Dry Zone,Vertisols,6.83,0.78,19.77,144.16,0.61,51.71,15.22,33.07
SL_SOIL_01554,Jaffna,9.648433,79.919501,Dry Zone,Alfisols,7.17,0.846,11.01,195.14,0.96,67.42,21.01,11.56
SL_SOIL_01555,Ampara,7.238291,81.50237,Dry Zone,Vertisols,6.56,1.074,11.48,139.2,1.24,56.3,17.97,25.72
SL_SOIL_01556,Galle,6.016004,80.318543,Wet Zone,Ultisols,5.48,1.236,11.09,126.17,2.1,52.15,29.62,18.23
SL_SOIL_01557,Trincomalee,8.790805,80.805689,Dry Zone,Alfisols,6.38,0.824,8.12,122.78,0.91,55.67,17.92,26.41
SL_SOIL_01558,Monaragala,6.928826,81.159817,Intermediate Zone,Alfisols,5.96,1.062,8.76,122.84,1.26,68.83,22.1,9.07
SL_SOIL_01559,Polonnaruwa,7.856279,81.088896,Dry Zone,Vertisols,6.17,1.078,13.59,142.65,1.56,69.42,18.27,12.31
SL_SOIL_01560,Badulla,7.181079,81.124263,Up Country Intermediate Zone,Inceptisols,5.44,1.325,14.92,131.21,2.42,37.36,39.98,22.66
SL_SOIL_01561,Galle,6.11419,80.161195,Wet Zone,Ultisols,5.0,1.423,18.94,128.63,2.54,35.0,21.66,43.34
SL_SOIL_01562,Vavuniya,8.777921,80.695521,Dry Zone,Alfisols,5.94,0.884,5.2,162.05,1.34,67.94,23.87,8.19
SL_SOIL_01563,Batticaloa,7.733319,81.518881,Dry Zone,Vertisols,6.89,0.794,7.16,139.14,1.12,75.97,14.4,9.63
SL_SOIL_01564,Polonnaruwa,8.009158,81.05279,Dry Zone,Vertisols,6.07,0.843,15.32,144.86,0.95,55.83,17.83,26.34
SL_SOIL_01565,Galle,6.009786,80.321142,Wet Zone,Ultisols,5.4,1.386,17.57,105.95,1.93,45.22,31.67,23.11
SL_SOIL_01566,Hambantota,6.103428,80.804758,Dry Zone,Alfisols,6.78,1.097,10.88,107.17,1.37,71.6,14.73,13.67
SL_SOIL_01567,Puttalam,8.065859,79.990348,Dry Zone,Alfisols,6.53,0.739,14.62,118.52,1.1,69.61,12.33,18.06
SL_SOIL_01568,Ampara,6.966172,81.790036,Dry Zone,Vertisols,6.32,1.157,13.53,149.65,1.52,54.48,35.0,10.52
SL_SOIL_01569,Matara,6.125003,80.623852,Wet Zone,Ultisols,5.33,1.309,15.71,90.97,1.58,49.71,31.03,19.26
SL_SOIL_01570,Kurunegala,7.413266,80.515447,Intermediate Zone,Alfisols,6.35,1.05,16.86,131.42,1.32,64.59,16.45,18.96
SL_SOIL_01571,Monaragala,7.238832,81.319211,Intermediate Zone,Alfisols,5.66,0.83,6.52,118.66,1.2,66.37,18.77,14.86
SL_SOIL_01572,Kurunegala,7.621058,80.477031,Intermediate Zone,Alfisols,5.9,1.091,13.64,109.65,1.46,69.62,22.6,7.78
SL_SOIL_01573,Anuradhapura,7.925508,80.302095,Dry Zone,Alfisols,6.62,1.164,7.32,118.65,1.23,64.51,12.67,22.82
SL_SOIL_01574,Galle,6.197173,80.278662,Wet Zone,Ultisols,5.76,1.193,8.1,134.77,1.6,47.23,34.42,18.35
SL_SOIL_01575,Kalutara,6.502427,80.155993,Wet Zone,Ultisols,5.56,1.223,11.62,143.08,1.41,65.98,26.78,7.24
SL_SOIL_01576,Kurunegala,7.621812,80.366423,Intermediate Zone,Alfisols,6.23,1.02,13.91,121.43,1.4,63.82,8.35,27.83
SL_SOIL_01577,Jaffna,9.778718,79.778688,Dry Zone,Alfisols,8.09,0.833,8.79,175.11,0.88,67.04,24.77,8.19
SL_SOIL_01578,Galle,6.179352,80.202105,Wet Zone,Ultisols,5.18,1.345,18.23,119.35,2.2,49.36,32.75,17.9
SL_SOIL_01579,Trincomalee,8.497841,80.821827,Dry Zone,Alfisols,6.48,0.926,9.41,143.23,0.86,63.91,23.07,13.02
SL_SOIL_01580,Vavuniya,8.72858,80.402779,Dry Zone,Alfisols,6.0,1.082,13.14,142.14,1.49,65.58,19.05,15.37
SL_SOIL_01581,Ratnapura,6.87668,80.335974,Wet Zone,Ultisols,5.26,1.717,12.75,132.39,2.39,39.49,43.14,17.37
SL_SOIL_01582,Kalutara,6.501089,80.042466,Wet Zone,Ultisols,5.51,1.073,14.74,116.62,1.99,49.04,28.51,22.45
SL_SOIL_01583,Mannar,8.81616,79.898999,Dry Zone,Alfisols,7.26,0.961,9.3,171.5,1.08,79.06,11.1,9.84
SL_SOIL_01584,Mullaitivu,9.068855,80.857715,Dry Zone,Alfisols,6.79,0.808,10.81,145.81,0.95,69.65,18.13,12.21
SL_SOIL_01585,Gampaha,7.147358,80.006806,Wet Zone,Ultisols,5.51,1.244,17.69,120.91,1.67,51.44,19.69,28.87
SL_SOIL_01586,Kalutara,6.493426,80.08683,Wet Zone,Ultisols,5.55,1.107,10.2,152.42,1.51,51.89,28.58,19.53
SL_SOIL_01587,Matale,7.664222,80.724629,Intermediate Zone,Alfisols,5.74,1.321,11.23,139.78,2.29,60.34,30.98,8.68
SL_SOIL_01588,Kilinochchi,9.400535,80.311951,Dry Zone,Alfisols,6.94,0.819,12.29,148.06,1.23,63.85,12.6,23.55
SL_SOIL_01589,Matara,6.141494,80.498786,Wet Zone,Ultisols,5.37,0.95,17.2,130.54,1.67,52.34,22.38,25.28
SL_SOIL_01590,Monaragala,6.937938,81.30919,Intermediate Zone,Alfisols,5.51,1.252,21.45,147.55,1.02,66.19,16.82,16.99
SL_SOIL_01591,Monaragala,6.988829,81.162117,Intermediate Zone,Alfisols,5.63,0.816,13.96,144.92,1.68,69.08,24.17,6.76
SL_SOIL_01592,Mannar,9.160507,79.966933,Dry Zone,Alfisols,7.32,0.77,10.18,155.92,0.85,66.9,7.11,25.99
SL_SOIL_01593,Galle,6.038985,80.110472,Wet Zone,Ultisols,4.96,1.191,18.84,100.39,1.58,42.37,30.81,26.82
SL_SOIL_01594,Batticaloa,7.738182,81.389553,Dry Zone,Vertisols,7.25,0.956,14.32,148.53,1.21,60.7,15.32,23.98
SL_SOIL_01595,Ratnapura,6.552982,80.354914,Wet Zone,Ultisols,4.42,1.61,21.69,141.26,2.86,36.4,42.77,20.83
SL_SOIL_01596,Trincomalee,8.451794,81.422239,Dry Zone,Alfisols,6.71,0.825,6.7,142.2,1.02,64.33,30.09,5.57
SL_SOIL_01597,Kandy,7.227489,80.732498,Wet Zone,Ultisols,5.58,1.511,16.59,153.91,2.92,51.53,31.92,16.54
SL_SOIL_01598,Badulla,6.993938,80.972469,Up Country Intermediate Zone,Inceptisols,4.82,1.499,10.32,128.63,2.22,47.35,36.93,15.72
SL_SOIL_01599,Kegalle,7.075342,80.459335,Wet Zone,Ultisols,4.88,1.609,14.04,144.0,2.5,47.59,28.59,23.83
SL_SOIL_01600,Mullaitivu,9.338145,80.514199,Dry Zone,Alfisols,7.12,0.791,6.66,135.92,1.02,72.08,20.26,7.65
SL_SOIL_01601,Kurunegala,7.525523,80.295008,Intermediate Zone,Alfisols,6.94,1.212,17.68,120.07,1.42,72.46,15.61,11.93
SL_SOIL_01602,Colombo,6.979634,79.907771,Wet Zone,Ultisols,6.06,1.299,12.85,126.19,1.66,63.17,30.6,6.23
SL_SOIL_01603,Ampara,6.961732,81.63711,Dry Zone,Vertisols,6.3,1.23,19.69,137.52,1.58,52.41,19.9,27.69
SL_SOIL_01604,Mullaitivu,9.365349,80.856647,Dry Zone,Alfisols,6.73,0.636,8.54,168.26,0.72,64.71,10.62,24.67
SL_SOIL_01605,Jaffna,9.811389,79.734303,Dry Zone,Alfisols,7.63,0.569,9.95,165.71,0.88,69.26,19.65,11.09
SL_SOIL_01606,Mannar,9.154986,79.964738,Dry Zone,Alfisols,7.4,0.575,10.91,162.12,0.73,66.14,20.47,13.39
SL_SOIL_01607,Gampaha,7.166461,79.90427,Wet Zone,Ultisols,5.89,0.937,16.93,96.6,0.61,46.61,22.41,30.97
SL_SOIL_01608,Monaragala,6.672435,81.278161,Intermediate Zone,Alfisols,6.06,0.69,3.7,123.2,1.03,65.54,20.8,13.66
SL_SOIL_01609,Kalutara,6.719899,80.182538,Wet Zone,Ultisols,5.96,1.354,16.06,126.87,1.81,50.12,28.5,21.38
SL_SOIL_01610,Jaffna,9.666799,79.996432,Dry Zone,Alfisols,8.05,0.761,16.7,169.96,0.94,71.51,11.75,16.74
SL_SOIL_01611,Gampaha,7.064777,80.047258,Wet Zone,Ultisols,5.59,1.021,10.05,121.67,1.26,56.69,30.46,12.85
SL_SOIL_01612,Monaragala,6.70759,81.0569,Intermediate Zone,Alfisols,5.82,0.893,13.27,147.42,1.02,59.13,28.29,12.58
SL_SOIL_01613,Mullaitivu,9.026504,80.623235,Dry Zone,Alfisols,7.07,1.005,6.83,156.84,1.28,80.05,6.61,13.34
SL_SOIL_01614,Mullaitivu,9.049358,80.662016,Dry Zone,Alfisols,6.93,0.641,11.01,164.08,1.21,72.32,20.98,6.7
SL_SOIL_01615,Kurunegala,7.448226,80.64099,Intermediate Zone,Alfisols,6.04,1.059,12.34,137.59,1.05,57.31,16.98,25.7
SL_SOIL_01616,Kalutara,6.567812,80.118527,Wet Zone,Ultisols,5.67,1.285,16.54,133.2,2.16,56.21,25.8,17.99
SL_SOIL_01617,Galle,5.982135,80.166857,Wet Zone,Ultisols,5.52,1.608,11.51,159.47,2.27,46.13,29.76,24.12
SL_SOIL_01618,Vavuniya,8.735836,80.358025,Dry Zone,Alfisols,6.66,1.259,14.65,161.03,1.55,64.47,21.71,13.82
SL_SOIL_01619,Anuradhapura,8.060171,80.457631,Dry Zone,Alfisols,6.03,1.062,17.78,133.03,1.32,62.72,20.02,17.27
SL_SOIL_01620,Trincomalee,8.448557,81.480143,Dry Zone,Alfisols,7.14,0.791,6.13,149.17,1.35,63.12,21.56,15.31
SL_SOIL_01621,Polonnaruwa,7.711141,81.254074,Dry Zone,Vertisols,6.15,0.843,14.27,149.04,1.23,64.7,15.47,19.83
SL_SOIL_01622,Mannar,9.095587,79.922414,Dry Zone,Alfisols,7.36,0.742,18.98,152.8,0.95,74.66,15.71,9.64
SL_SOIL_01623,Kegalle,7.218218,80.404545,Wet Zone,Ultisols,5.58,1.176,16.64,111.29,1.73,49.92,36.02,14.06
SL_SOIL_01624,Ampara,6.982569,81.41864,Dry Zone,Vertisols,5.88,1.281,14.43,145.0,1.64,47.27,24.45,28.27
SL_SOIL_01625,Ratnapura,6.689223,80.423286,Wet Zone,Ultisols,4.86,1.218,10.88,143.87,1.92,44.58,41.33,14.09
SL_SOIL_01626,Mannar,8.846005,80.068472,Dry Zone,Alfisols,7.06,0.621,3.0,165.47,0.74,74.36,13.26,12.38
SL_SOIL_01627,Batticaloa,7.748853,81.199483,Dry Zone,Vertisols,6.65,0.997,12.26,157.08,1.33,66.15,19.96,13.89
SL_SOIL_01628,Kegalle,7.226015,80.275761,Wet Zone,Ultisols,4.79,1.264,12.69,131.45,2.64,35.76,31.52,32.72
SL_SOIL_01629,Jaffna,9.809257,80.087812,Dry Zone,Alfisols,7.36,0.581,4.87,167.11,0.84,72.45,15.08,12.47
SL_SOIL_01630,Kegalle,7.315687,80.445684,Wet Zone,Ultisols,5.69,1.696,12.91,138.85,2.17,49.49,35.69,14.82
SL_SOIL_01631,Galle,6.059677,80.345547,Wet Zone,Ultisols,5.43,1.495,22.25,134.34,2.2,41.42,30.82,27.76
SL_SOIL_01632,Anuradhapura,8.068519,80.371416,Dry Zone,Alfisols,6.14,0.445,16.57,117.33,0.82,57.71,17.89,24.39
SL_SOIL_01633,Matale,7.549854,80.830033,Intermediate Zone,Alfisols,5.15,1.508,7.37,100.07,1.36,53.15,31.11,15.74
SL_SOIL_01634,Colombo,6.825971,79.841476,Wet Zone,Ultisols,6.38,1.254,12.17,115.19,1.26,57.6,26.51,15.89
SL_SOIL_01635,Trincomalee,8.809922,81.072827,Dry Zone,Alfisols,6.14,1.024,10.93,147.9,1.25,68.98,25.55,5.47
SL_SOIL_01636,Kalutara,6.724181,80.064921,Wet Zone,Ultisols,5.46,1.054,18.3,102.28,1.73,52.41,40.69,6.9
SL_SOIL_01637,Mullaitivu,9.06261,80.99505,Dry Zone,Alfisols,6.99,0.748,12.99,148.36,0.86,74.89,12.22,12.89
SL_SOIL_01638,Vavuniya,8.900701,80.532714,Dry Zone,Alfisols,6.61,0.869,14.95,167.69,1.29,60.49,18.49,21.02
SL_SOIL_01639,Ratnapura,6.567823,80.514918,Wet Zone,Ultisols,5.29,1.663,17.95,140.15,2.18,49.14,39.26,11.6
SL_SOIL_01640,Kurunegala,7.308985,80.287313,Intermediate Zone,Alfisols,6.09,0.865,15.16,106.26,1.05,50.0,22.12,27.87
SL_SOIL_01641,Kandy,7.387332,80.692958,Wet Zone,Ultisols,5.07,1.223,13.46,126.02,1.6,48.73,39.03,12.24
SL_SOIL_01642,Kurunegala,7.794487,80.577381,Intermediate Zone,Alfisols,6.18,1.05,13.85,128.15,1.12,63.04,20.71,16.25
SL_SOIL_01643,Matale,7.633265,80.688483,Intermediate Zone,Alfisols,5.97,1.289,13.84,112.94,2.1,57.82,28.68,13.5
SL_SOIL_01644,Kegalle,7.054069,80.392061,Wet Zone,Ultisols,5.23,1.232,10.46,119.5,1.89,44.25,37.45,18.3
SL_SOIL_01645,Ampara,7.107291,81.626503,Dry Zone,Vertisols,6.5,1.291,16.04,133.13,1.63,53.21,28.0,18.79
SL_SOIL_01646,Colombo,6.901705,79.837325,Wet Zone,Ultisols,6.31,1.029,13.26,116.51,1.51,42.85,26.01,31.14
SL_SOIL_01647,Polonnaruwa,8.143794,81.135081,Dry Zone,Vertisols,6.2,0.842,15.03,135.28,0.82,65.1,15.5,19.41
SL_SOIL_01648,Vavuniya,8.662406,80.647783,Dry Zone,Alfisols,6.88,0.912,17.2,148.48,1.26,56.09,26.91,17.0
SL_SOIL_01649,Batticaloa,7.787214,81.007844,Dry Zone,Vertisols,6.5,0.855,13.52,150.23,1.29,63.63,14.97,21.4
SL_SOIL_01650,Hambantota,6.15114,81.030198,Dry Zone,Alfisols,6.85,0.953,10.12,117.53,1.13,65.68,13.2,21.12
SL_SOIL_01651,Batticaloa,7.621532,81.34326,Dry Zone,Vertisols,7.02,0.93,19.98,147.66,1.49,57.38,18.73,23.89
SL_SOIL_01652,Trincomalee,8.511473,81.039642,Dry Zone,Alfisols,6.86,0.927,16.42,144.53,1.28,66.6,25.07,8.33
SL_SOIL_01653,Kegalle,7.325308,80.404907,Wet Zone,Ultisols,5.07,1.614,12.1,138.57,2.79,49.12,32.62,18.26
SL_SOIL_01654,Ratnapura,6.631434,80.47732,Wet Zone,Ultisols,4.2,1.404,13.69,123.79,1.82,39.63,41.9,18.47
SL_SOIL_01655,Kandy,7.255067,80.651465,Wet Zone,Ultisols,5.63,1.593,15.43,125.21,1.96,44.75,29.99,25.26
SL_SOIL_01656,Mannar,9.098478,79.903375,Dry Zone,Alfisols,7.37,0.748,10.3,160.35,0.86,67.38,14.46,18.15
SL_SOIL_01657,Matale,7.797605,80.591677,Intermediate Zone,Alfisols,6.27,1.431,7.98,140.66,2.16,59.82,32.84,7.35
SL_SOIL_01658,Matale,7.493142,80.678431,Intermediate Zone,Alfisols,5.28,1.064,14.63,114.04,1.3,50.99,28.7,20.32
SL_SOIL_01659,Kilinochchi,9.473062,80.436762,Dry Zone,Alfisols,7.02,1.025,8.06,147.09,0.92,59.08,14.21,26.7
SL_SOIL_01660,Nuwara Eliya,7.092929,80.686775,Up Country Wet Zone,Inceptisols,4.9,2.153,21.53,136.04,3.72,47.45,40.44,12.11
SL_SOIL_01661,Galle,6.168969,80.227526,Wet Zone,Ultisols,6.13,1.206,20.46,161.12,1.92,48.87,30.15,20.98
SL_SOIL_01662,Ratnapura,6.628465,80.564595,Wet Zone,Ultisols,5.06,1.629,18.2,138.53,2.65,45.58,24.49,29.93
SL_SOIL_01663,Vavuniya,8.911836,80.40578,Dry Zone,Alfisols,6.98,0.781,15.31,147.26,1.1,61.27,26.31,12.42
SL_SOIL_01664,Ratnapura,6.612345,80.342025,Wet Zone,Ultisols,4.59,1.47,15.48,128.31,3.08,41.51,36.53,21.96
SL_SOIL_01665,Kilinochchi,9.456417,80.626694,Dry Zone,Alfisols,6.45,0.877,13.25,163.85,0.6,64.21,21.34,14.45
SL_SOIL_01666,Mullaitivu,9.074095,80.898449,Dry Zone,Alfisols,6.58,0.844,12.49,159.31,0.84,59.29,22.64,18.07
SL_SOIL_01667,Gampaha,7.217909,80.01356,Wet Zone,Ultisols,6.07,1.113,15.13,92.11,0.82,48.63,26.87,24.5
SL_SOIL_01668,Kegalle,7.273629,80.336645,Wet Zone,Ultisols,5.34,1.119,11.22,143.78,2.23,48.21,28.4,23.38
SL_SOIL_01669,Galle,5.988144,80.289672,Wet Zone,Ultisols,4.86,1.627,19.29,115.65,2.41,55.64,31.52,12.84
SL_SOIL_01670,Anuradhapura,8.025053,80.673856,Dry Zone,Alfisols,6.33,0.735,13.13,126.87,0.89,62.25,9.04,28.71
SL_SOIL_01671,Kandy,7.23842,80.673167,Wet Zone,Ultisols,4.96,2.017,16.76,121.92,2.98,55.27,33.68,11.05
SL_SOIL_01672,Matara,5.951352,80.529976,Wet Zone,Ultisols,5.67,1.254,11.64,139.67,1.76,41.58,30.05,28.38
SL_SOIL_01673,Anuradhapura,8.59052,80.843504,Dry Zone,Alfisols,6.34,0.767,14.4,133.16,1.24,69.46,12.57,17.97
SL_SOIL_01674,Badulla,6.841766,80.943382,Up Country Intermediate Zone,Inceptisols,4.93,1.665,20.84,128.38,2.88,33.95,33.11,32.94
SL_SOIL_01675,Polonnaruwa,7.95518,80.883981,Dry Zone,Vertisols,6.1,0.901,15.66,130.16,1.27,48.81,26.26,24.92
SL_SOIL_01676,Puttalam,7.866509,80.077593,Dry Zone,Alfisols,6.43,0.718,7.58,119.95,0.79,77.42,16.77,5.81
SL_SOIL_01677,Mullaitivu,9.086503,80.716086,Dry Zone,Alfisols,7.4,0.768,10.98,146.13,0.93,56.51,20.87,22.62
SL_SOIL_01678,Vavuniya,8.97473,80.303517,Dry Zone,Alfisols,6.31,1.194,16.81,163.57,1.12,57.94,25.65,16.41
SL_SOIL_01679,Jaffna,9.680682,80.18769,Dry Zone,Alfisols,7.24,0.722,13.24,182.91,1.1,64.14,9.56,26.3
SL_SOIL_01680,Kilinochchi,9.541807,80.409384,Dry Zone,Alfisols,7.78,0.783,8.96,154.15,0.99,73.03,21.78,5.19
SL_SOIL_01681,Gampaha,7.073561,79.992999,Wet Zone,Ultisols,5.71,1.349,7.22,109.5,1.64,54.85,22.72,22.43
SL_SOIL_01682,Kegalle,7.143237,80.390322,Wet Zone,Ultisols,5.33,1.455,15.46,128.6,2.17,27.48,34.84,37.68
SL_SOIL_01683,Hambantota,6.242045,80.657928,Dry Zone,Alfisols,6.94,0.895,3.79,105.8,0.73,67.24,20.78,11.97
SL_SOIL_01684,Trincomalee,8.52646,81.131528,Dry Zone,Alfisols,6.91,0.936,13.31,121.99,0.6,67.08,18.95,13.96
SL_SOIL_01685,Kalutara,6.584975,80.254667,Wet Zone,Ultisols,5.82,1.288,12.54,115.37,1.58,36.02,32.62,31.36
SL_SOIL_01686,Ratnapura,6.76785,80.414751,Wet Zone,Ultisols,5.61,1.554,14.38,152.43,2.83,51.45,37.26,11.29
SL_SOIL_01687,Nuwara Eliya,7.072207,80.651452,Up Country Wet Zone,Inceptisols,4.62,1.749,25.57,171.56,3.9,47.09,39.71,13.2
SL_SOIL_01688,Matale,7.690525,80.692892,Intermediate Zone,Alfisols,4.71,1.454,12.88,140.85,2.26,45.56,26.15,28.29
SL_SOIL_01689,Matale,7.79566,80.628152,Intermediate Zone,Alfisols,6.21,1.315,5.72,114.12,1.59,56.08,28.77,15.16
SL_SOIL_01690,Badulla,7.131051,80.927766,Up Country Intermediate Zone,Inceptisols,5.92,1.477,19.9,150.62,2.56,43.36,34.97,21.67
SL_SOIL_01691,Batticaloa,7.639292,81.156051,Dry Zone,Vertisols,6.79,0.999,12.03,149.17,1.49,64.97,15.24,19.79
SL_SOIL_01692,Monaragala,6.726578,81.013141,Intermediate Zone,Alfisols,6.2,0.83,11.15,138.96,1.43,51.54,14.82,33.64
SL_SOIL_01693,Trincomalee,8.604304,80.907355,Dry Zone,Alfisols,7.06,0.922,16.3,149.88,1.39,72.65,19.56,7.79
SL_SOIL_01694,Hambantota,6.347308,80.957217,Dry Zone,Alfisols,6.69,1.039,11.44,115.51,1.84,67.46,19.79,12.75
SL_SOIL_01695,Kalutara,6.465346,80.129669,Wet Zone,Ultisols,5.51,0.993,19.1,116.72,1.61,52.3,12.23,35.47
SL_SOIL_01696,Anuradhapura,8.067075,80.568395,Dry Zone,Alfisols,6.47,0.719,13.59,124.98,0.89,58.87,19.19,21.94
SL_SOIL_01697,Trincomalee,8.620226,81.01232,Dry Zone,Alfisols,6.71,1.091,12.3,146.01,1.05,69.0,17.78,13.22
SL_SOIL_01698,Jaffna,9.824007,79.938097,Dry Zone,Alfisols,7.13,0.828,12.08,150.94,0.86,61.19,22.81,16.0
SL_SOIL_01699,Kalutara,6.521111,80.026321,Wet Zone,Ultisols,5.82,1.09,12.82,116.6,1.37,44.18,27.03,28.79
SL_SOIL_01700,Kurunegala,7.342449,80.350797,Intermediate Zone,Alfisols,6.44,1.317,16.25,118.98,1.55,55.42,23.18,21.4
SL_SOIL_01701,Kurunegala,7.413502,80.42831,Intermediate Zone,Alfisols,6.3,1.228,10.24,146.9,1.33,70.58,17.63,11.78
SL_SOIL_01702,Trincomalee,8.463485,80.85,Dry Zone,Alfisols,6.82,0.846,5.67,134.21,1.26,72.09,18.98,8.93
SL_SOIL_01703,Ratnapura,6.874478,80.519364,Wet Zone,Ultisols,4.44,1.855,18.36,114.12,2.72,44.54,38.05,17.41
SL_SOIL_01704,Kalutara,6.710794,80.219235,Wet Zone,Ultisols,5.54,1.095,12.65,126.36,1.46,42.87,38.28,18.85
SL_SOIL_01705,Kalutara,6.563795,80.10909,Wet Zone,Ultisols,5.69,1.331,17.97,133.5,1.97,50.0,29.34,20.66
SL_SOIL_01706,Nuwara Eliya,6.933064,80.657907,Up Country Wet Zone,Inceptisols,4.0,1.882,21.56,174.33,4.42,43.36,38.13,18.51
SL_SOIL_01707,Mullaitivu,9.113784,80.868909,Dry Zone,Alfisols,7.4,0.638,9.42,125.39,1.13,71.77,20.82,7.41
SL_SOIL_01708,Ratnapura,6.716541,80.681292,Wet Zone,Ultisols,4.84,1.698,22.97,143.35,3.81,40.94,34.13,24.93
SL_SOIL_01709,Batticaloa,7.787891,81.586231,Dry Zone,Vertisols,7.04,1.257,9.4,132.89,1.46,59.59,18.03,22.37
SL_SOIL_01710,Kegalle,7.152134,80.266506,Wet Zone,Ultisols,5.61,1.63,22.84,114.91,1.96,34.83,29.13,36.04
SL_SOIL_01711,Hambantota,6.044342,80.642375,Dry Zone,Alfisols,6.47,0.884,11.33,119.53,1.28,69.32,20.38,10.3
SL_SOIL_01712,Kandy,7.435055,80.693865,Wet Zone,Ultisols,4.8,1.343,18.15,135.78,2.03,47.68,30.36,21.96
SL_SOIL_01713,Vavuniya,8.641746,80.440195,Dry Zone,Alfisols,6.43,0.836,14.03,152.58,0.97,61.69,21.61,16.7
SL_SOIL_01714,Matale,7.565411,80.813377,Intermediate Zone,Alfisols,5.65,1.4,11.91,135.24,2.08,42.57,32.31,25.12
SL_SOIL_01715,Gampaha,7.114928,79.896187,Wet Zone,Ultisols,5.99,1.151,15.81,135.81,1.46,57.91,23.9,18.19
SL_SOIL_01716,Kilinochchi,9.366531,80.429618,Dry Zone,Alfisols,6.91,0.792,11.79,167.9,0.78,63.74,25.64,10.61
SL_SOIL_01717,Hambantota,6.071359,80.563194,Dry Zone,Alfisols,6.08,0.871,5.2,90.15,1.15,65.39,15.2,19.41
SL_SOIL_01718,Ratnapura,6.656704,80.689852,Wet Zone,Ultisols,4.69,1.391,13.49,149.83,2.01,43.11,30.41,26.48
SL_SOIL_01719,Kalutara,6.606459,80.19638,Wet Zone,Ultisols,5.54,1.343,8.4,130.45,1.51,51.5,32.95,15.55
SL_SOIL_01720,Hambantota,6.093875,80.707606,Dry Zone,Alfisols,5.67,0.902,8.86,97.08,0.85,61.38,12.19,26.42
SL_SOIL_01721,Kalutara,6.563869,80.269506,Wet Zone,Ultisols,5.79,1.537,11.5,132.95,2.76,61.27,33.43,5.29
SL_SOIL_01722,Kegalle,7.317424,80.321257,Wet Zone,Ultisols,5.07,1.568,14.73,136.68,2.3,46.17,38.97,14.86
SL_SOIL_01723,Gampaha,7.044472,79.873821,Wet Zone,Ultisols,5.17,0.921,9.5,91.81,1.11,47.76,28.34,23.9
SL_SOIL_01724,Mannar,9.044502,79.80613,Dry Zone,Alfisols,7.14,0.781,10.24,154.91,1.06,78.59,12.68,8.73
SL_SOIL_01725,Jaffna,9.692705,80.07495,Dry Zone,Alfisols,7.85,0.61,4.09,178.25,0.77,69.77,18.2,12.03
SL_SOIL_01726,Hambantota,6.088036,80.70906,Dry Zone,Alfisols,7.09,0.541,8.32,118.88,0.93,68.29,9.15,22.56
SL_SOIL_01727,Batticaloa,7.829835,81.026851,Dry Zone,Vertisols,7.14,1.0,12.86,159.2,1.51,56.44,26.28,17.28
SL_SOIL_01728,Matara,6.035131,80.641793,Wet Zone,Ultisols,5.17,1.165,14.39,123.58,1.12,65.51,26.69,7.8
SL_SOIL_01729,Kegalle,7.234753,80.325341,Wet Zone,Ultisols,4.68,1.328,11.12,126.1,1.79,47.19,39.68,13.14
SL_SOIL_01730,Matale,7.790473,80.844667,Intermediate Zone,Alfisols,4.75,1.17,12.51,133.49,1.93,58.11,28.71,13.18
SL_SOIL_01731,Kilinochchi,9.531871,80.381081,Dry Zone,Alfisols,6.59,0.822,16.06,158.99,1.28,54.96,16.22,28.82
SL_SOIL_01732,Gampaha,7.077988,80.10677,Wet Zone,Ultisols,6.3,1.297,20.14,118.22,2.02,56.25,27.94,15.81
SL_SOIL_01733,Ratnapura,6.554749,80.414717,Wet Zone,Ultisols,5.09,1.49,22.31,149.58,2.78,53.11,28.2,18.69
SL_SOIL_01734,Batticaloa,7.684581,81.055032,Dry Zone,Vertisols,6.39,1.009,11.71,161.61,0.95,72.59,19.03,8.38
SL_SOIL_01735,Nuwara Eliya,7.040468,80.707779,Up Country Wet Zone,Inceptisols,4.83,1.959,17.48,134.58,3.44,32.62,37.11,30.27
SL_SOIL_01736,Matara,6.07924,80.608689,Wet Zone,Ultisols,5.28,1.273,13.17,108.38,2.36,52.02,32.42,15.56
SL_SOIL_01737,Matale,7.50788,80.667014,Intermediate Zone,Alfisols,6.26,1.216,10.94,106.32,1.63,60.41,18.26,21.33
SL_SOIL_01738,Ampara,7.355233,81.430299,Dry Zone,Vertisols,6.79,1.079,13.87,151.23,1.53,54.14,25.88,19.97
SL_SOIL_01739,Kurunegala,7.566463,80.370435,Intermediate Zone,Alfisols,6.42,1.243,13.22,131.58,1.93,59.81,19.02,21.17
SL_SOIL_01740,Nuwara Eliya,6.970723,80.771013,Up Country Wet Zone,Inceptisols,4.87,1.742,14.72,135.73,3.49,36.65,35.91,27.44
SL_SOIL_01741,Matale,7.545604,80.754266,Intermediate Zone,Alfisols,5.87,1.325,17.41,132.54,2.12,47.46,24.03,28.5
SL_SOIL_01742,Ampara,7.378573,81.504297,Dry Zone,Vertisols,6.54,1.18,13.31,139.74,1.79,55.81,22.83,21.36
SL_SOIL_01743,Mullaitivu,9.11448,80.898241,Dry Zone,Alfisols,6.74,0.839,10.66,162.02,1.16,73.96,18.19,7.85
SL_SOIL_01744,Matale,7.761077,80.72285,Intermediate Zone,Alfisols,6.18,1.391,13.31,142.02,2.64,54.04,22.3,23.67
SL_SOIL_01745,Mullaitivu,9.085808,80.686248,Dry Zone,Alfisols,6.81,1.021,16.8,146.52,1.03,79.65,12.63,7.72
SL_SOIL_01746,Trincomalee,8.56724,80.959572,Dry Zone,Alfisols,6.21,1.248,19.74,119.2,1.38,70.99,16.83,12.18
SL_SOIL_01747,Kurunegala,7.377108,80.441398,Intermediate Zone,Alfisols,6.46,1.008,8.0,130.55,0.92,60.48,19.2,20.32
SL_SOIL_01748,Matara,5.996455,80.625376,Wet Zone,Ultisols,5.73,1.104,13.07,116.97,1.92,44.45,33.3,22.26
SL_SOIL_01749,Mullaitivu,9.018121,80.772327,Dry Zone,Alfisols,6.78,1.064,14.85,144.36,1.24,67.72,12.55,19.74
SL_SOIL_01750,Puttalam,8.100393,80.040314,Dry Zone,Alfisols,6.67,0.894,12.23,115.89,0.83,80.1,8.73,11.16
SL_SOIL_01751,Kalutara,6.710367,80.030779,Wet Zone,Ultisols,5.22,1.487,14.81,124.42,2.36,45.83,31.53,22.64
SL_SOIL_01752,Ratnapura,6.638964,80.723434,Wet Zone,Ultisols,5.29,1.687,14.39,122.12,2.17,47.86,29.0,23.13
SL_SOIL_01753,Matara,5.989214,80.523752,Wet Zone,Ultisols,5.13,1.125,17.39,137.87,2.13,60.67,25.54,13.79
SL_SOIL_01754,Gampaha,7.04764,79.880904,Wet Zone,Ultisols,5.56,1.516,13.65,135.28,2.25,59.48,23.08,17.43
SL_SOIL_01755,Matara,6.032961,80.593394,Wet Zone,Ultisols,6.06,1.421,12.86,119.04,1.46,54.34,30.56,15.1
SL_SOIL_01756,Mullaitivu,9.112074,80.888515,Dry Zone,Alfisols,7.17,0.771,11.15,149.08,0.8,75.2,18.92,5.88
SL_SOIL_01757,Mullaitivu,9.38435,80.930088,Dry Zone,Alfisols,7.72,0.877,4.88,181.55,1.29,65.31,22.64,12.05
SL_SOIL_01758,Colombo,6.908597,79.973706,Wet Zone,Ultisols,5.57,0.814,14.02,122.27,1.33,59.58,21.11,19.31
SL_SOIL_01759,Nuwara Eliya,6.931319,80.76012,Up Country Wet Zone,Inceptisols,4.61,1.332,16.86,138.33,2.16,35.96,39.36,24.68
SL_SOIL_01760,Ratnapura,6.613574,80.493841,Wet Zone,Ultisols,5.52,1.812,14.78,130.66,2.89,33.1,32.7,34.2
SL_SOIL_01761,Puttalam,8.28879,79.738245,Dry Zone,Alfisols,6.38,0.673,9.52,114.85,0.66,73.06,21.62,5.32
SL_SOIL_01762,Ampara,7.311897,81.683512,Dry Zone,Vertisols,6.51,1.131,8.22,143.41,1.74,55.8,24.6,19.6
SL_SOIL_01763,Matara,5.923533,80.6614,Wet Zone,Ultisols,5.44,1.11,11.8,128.63,1.62,45.66,35.21,19.13
SL_SOIL_01764,Colombo,6.811024,80.022225,Wet Zone,Ultisols,5.8,1.26,19.06,153.93,1.32,63.22,20.62,16.15
SL_SOIL_01765,Ampara,7.259782,81.654139,Dry Zone,Vertisols,6.13,0.949,10.24,134.03,1.08,54.03,28.58,17.39
SL_SOIL_01766,Hambantota,6.026617,80.864891,Dry Zone,Alfisols,6.05,1.029,14.24,121.92,1.22,64.27,16.98,18.75
SL_SOIL_01767,Mullaitivu,9.231962,80.871161,Dry Zone,Alfisols,7.11,0.932,3.6,129.22,0.76,61.6,20.13,18.27
SL_SOIL_01768,Kilinochchi,9.420907,80.423853,Dry Zone,Alfisols,7.11,0.986,13.02,180.03,1.19,65.9,13.04,21.06
SL_SOIL_01769,Mullaitivu,9.163823,80.887215,Dry Zone,Alfisols,6.76,0.698,10.07,167.17,0.89,60.6,23.35,16.05
SL_SOIL_01770,Kegalle,7.227844,80.405489,Wet Zone,Ultisols,4.65,1.304,17.02,118.45,1.67,59.3,32.11,8.6
SL_SOIL_01771,Polonnaruwa,7.984955,80.819345,Dry Zone,Vertisols,6.14,0.934,10.1,149.62,1.21,49.85,30.81,19.34
SL_SOIL_01772,Jaffna,9.786869,79.744621,Dry Zone,Alfisols,7.58,0.977,7.39,174.17,1.23,59.23,10.48,30.29
SL_SOIL_01773,Kandy,7.217136,80.633257,Wet Zone,Ultisols,5.23,1.714,15.91,139.68,1.82,47.69,33.69,18.62
SL_SOIL_01774,Nuwara Eliya,6.868862,80.863056,Up Country Wet Zone,Inceptisols,4.08,1.859,25.83,169.91,4.27,29.21,38.28,32.51
SL_SOIL_01775,Galle,6.106274,80.340448,Wet Zone,Ultisols,5.3,1.199,19.8,133.03,1.83,49.11,21.99,28.89
SL_SOIL_01776,Matale,7.767103,80.691679,Intermediate Zone,Alfisols,5.51,0.97,19.61,108.81,1.24,43.89,23.51,32.6
SL_SOIL_01777,Kilinochchi,9.560273,80.331189,Dry Zone,Alfisols,7.12,0.745,12.48,159.91,0.81,58.79,13.38,27.83
SL_SOIL_01778,Mullaitivu,9.038344,80.500482,Dry Zone,Alfisols,7.54,1.061,12.19,162.62,0.95,70.75,18.85,10.39
SL_SOIL_01779,Kegalle,7.099385,80.390058,Wet Zone,Ultisols,5.24,1.296,13.02,129.76,1.88,51.83,31.31,16.86
SL_SOIL_01780,Puttalam,8.01835,79.716047,Dry Zone,Alfisols,7.03,0.74,9.25,103.02,1.43,76.37,14.08,9.55
SL_SOIL_01781,Monaragala,6.669429,81.333168,Intermediate Zone,Alfisols,5.63,0.793,15.77,113.45,1.31,62.09,17.82,20.08
SL_SOIL_01782,Jaffna,9.697835,79.818894,Dry Zone,Alfisols,7.32,0.717,8.56,167.22,0.68,59.13,19.56,21.31
SL_SOIL_01783,Jaffna,9.581059,79.791822,Dry Zone,Alfisols,7.88,1.145,14.49,165.91,0.8,67.05,11.09,21.85
SL_SOIL_01784,Kilinochchi,9.410473,80.264843,Dry Zone,Alfisols,6.69,0.983,13.61,174.36,0.72,67.21,23.23,9.56
SL_SOIL_01785,Polonnaruwa,8.017038,80.910832,Dry Zone,Vertisols,5.77,1.318,11.52,137.44,0.97,64.21,21.81,13.98
SL_SOIL_01786,Galle,5.977361,80.320796,Wet Zone,Ultisols,4.94,1.371,16.48,136.05,1.6,51.52,30.3,18.17
SL_SOIL_01787,Kurunegala,7.995964,80.440445,Intermediate Zone,Alfisols,6.07,1.052,17.64,108.97,1.21,64.61,15.96,19.43
SL_SOIL_01788,Kandy,7.36755,80.732946,Wet Zone,Ultisols,5.15,1.185,11.88,119.67,1.56,49.63,26.88,23.49
SL_SOIL_01789,Gampaha,7.070207,80.034483,Wet Zone,Ultisols,6.04,1.512,13.0,118.79,2.58,51.26,28.39,20.35
SL_SOIL_01790,Vavuniya,8.76742,80.45944,Dry Zone,Alfisols,6.66,0.959,7.89,150.79,0.78,58.65,25.96,15.39
SL_SOIL_01791,Mullaitivu,9.39708,80.624054,Dry Zone,Alfisols,6.71,0.779,9.61,146.44,1.19,72.0,12.59,15.41
SL_SOIL_01792,Mannar,9.18453,79.873423,Dry Zone,Alfisols,7.0,0.75,8.48,166.53,0.76,70.51,17.95,11.54
SL_SOIL_01793,Galle,5.972535,80.15161,Wet Zone,Ultisols,5.56,1.401,10.85,129.65,1.77,43.26,31.57,25.17
SL_SOIL_01794,Gampaha,7.072438,79.969532,Wet Zone,Ultisols,5.64,1.312,14.01,95.54,1.53,56.6,28.94,14.46
SL_SOIL_01795,Mullaitivu,9.053155,80.660698,Dry Zone,Alfisols,7.41,0.762,8.51,155.67,0.78,69.89,13.52,16.59
SL_SOIL_01796,Vavuniya,8.965928,80.605601,Dry Zone,Alfisols,6.36,0.89,8.14,166.65,1.15,65.83,22.03,12.14
SL_SOIL_01797,Trincomalee,8.610118,81.405346,Dry Zone,Alfisols,6.41,0.992,19.16,131.99,1.28,59.22,30.51,10.27
SL_SOIL_01798,Hambantota,6.338862,81.020096,Dry Zone,Alfisols,6.91,0.832,11.69,95.91,1.24,64.92,11.18,23.9
SL_SOIL_01799,Trincomalee,8.52139,80.969933,Dry Zone,Alfisols,6.94,1.204,15.87,140.26,1.63,66.15,14.64,19.21
SL_SOIL_01800,Matara,5.992314,80.536078,Wet Zone,Ultisols,4.95,1.433,12.39,131.07,2.1,58.85,27.24,13.91
SL_SOIL_01801,Gampaha,7.205888,80.118011,Wet Zone,Ultisols,5.44,1.331,12.6,139.3,1.47,53.99,20.47,25.54
SL_SOIL_01802,Ratnapura,6.854914,80.313139,Wet Zone,Ultisols,4.51,1.698,15.13,136.06,3.04,47.91,30.87,21.22
SL_SOIL_01803,Mullaitivu,9.348288,80.802586,Dry Zone,Alfisols,6.65,0.716,9.18,131.33,0.63,70.52,21.13,8.35
SL_SOIL_01804,Kalutara,6.401729,80.22502,Wet Zone,Ultisols,5.58,1.281,11.95,131.66,1.64,47.37,26.74,25.89
SL_SOIL_01805,Ampara,7.220628,81.649112,Dry Zone,Vertisols,6.04,0.826,15.96,164.41,1.31,56.63,21.79,21.59
SL_SOIL_01806,Nuwara Eliya,7.022507,80.810583,Up Country Wet Zone,Inceptisols,4.78,1.631,15.94,155.61,2.53,34.08,33.79,32.12
SL_SOIL_01807,Puttalam,7.603336,79.898305,Dry Zone,Alfisols,7.29,0.68,4.03,121.48,0.93,72.53,15.95,11.52
SL_SOIL_01808,Galle,6.034207,80.164342,Wet Zone,Ultisols,5.37,1.599,15.41,135.89,2.38,41.76,29.73,28.51
SL_SOIL_01809,Jaffna,9.745944,80.000733,Dry Zone,Alfisols,7.46,0.52,9.5,168.61,0.84,68.95,12.16,18.88
SL_SOIL_01810,Hambantota,6.113179,81.067964,Dry Zone,Alfisols,6.92,0.934,16.25,101.97,1.25,69.97,6.37,23.66
SL_SOIL_01811,Gampaha,7.03462,80.133667,Wet Zone,Ultisols,5.56,1.114,8.81,107.15,1.65,51.96,22.4,25.64
SL_SOIL_01812,Batticaloa,7.855141,81.275814,Dry Zone,Vertisols,7.07,0.708,15.26,149.99,1.36,68.26,21.92,9.82
SL_SOIL_01813,Matale,7.666728,80.693888,Intermediate Zone,Alfisols,4.86,1.307,12.67,98.48,1.77,57.42,24.71,17.87
SL_SOIL_01814,Badulla,6.841683,80.899804,Up Country Intermediate Zone,Inceptisols,5.15,1.69,15.01,150.51,2.88,42.45,32.48,25.06
SL_SOIL_01815,Kandy,7.261835,80.709635,Wet Zone,Ultisols,5.6,1.35,13.58,126.67,2.0,48.54,30.63,20.84
SL_SOIL_01816,Anuradhapura,8.389438,80.404779,Dry Zone,Alfisols,6.78,1.167,7.94,139.58,1.23,69.24,22.26,8.5
SL_SOIL_01817,Kandy,7.305072,80.561598,Wet Zone,Ultisols,5.27,1.409,25.61,141.13,1.91,45.89,30.54,23.57
SL_SOIL_01818,Kurunegala,7.409027,80.189455,Intermediate Zone,Alfisols,6.4,0.921,3.0,105.9,1.01,59.9,24.3,15.8
SL_SOIL_01819,Kandy,7.340163,80.6987,Wet Zone,Ultisols,5.59,1.588,16.82,139.95,2.15,38.62,33.31,28.07
SL_SOIL_01820,Trincomalee,8.502253,80.812795,Dry Zone,Alfisols,6.71,0.951,12.13,137.63,0.88,66.38,13.77,19.85
SL_SOIL_01821,Mannar,9.034711,79.998675,Dry Zone,Alfisols,7.42,0.791,9.29,165.66,1.04,84.16,8.53,7.31
SL_SOIL_01822,Badulla,6.804437,80.965855,Up Country Intermediate Zone,Inceptisols,5.73,1.424,18.06,141.51,1.68,51.29,33.36,15.35
SL_SOIL_01823,Trincomalee,8.827408,81.402446,Dry Zone,Alfisols,6.25,1.29,12.33,150.7,1.45,60.04,15.49,24.47
SL_SOIL_01824,Jaffna,9.717186,79.733388,Dry Zone,Alfisols,7.54,0.78,14.7,154.35,1.45,73.14,11.47,15.39
SL_SOIL_01825,Badulla,7.12934,81.149557,Up Country Intermediate Zone,Inceptisols,5.25,1.348,15.81,132.73,1.86,53.42,34.21,12.38
SL_SOIL_01826,Colombo,6.871065,79.929637,Wet Zone,Ultisols,5.45,1.109,19.53,135.56,2.37,48.22,27.8,23.99
SL_SOIL_01827,Badulla,6.958849,80.874928,Up Country Intermediate Zone,Inceptisols,5.36,1.344,17.45,137.28,2.28,44.34,33.74,21.92
SL_SOIL_01828,Ratnapura,6.6707,80.391783,Wet Zone,Ultisols,4.53,1.462,22.65,139.47,2.71,47.19,33.34,19.47
SL_SOIL_01829,Kurunegala,7.704538,80.259734,Intermediate Zone,Alfisols,5.95,0.778,10.91,97.58,0.91,59.98,26.04,13.98
SL_SOIL_01830,Kurunegala,7.992362,80.112163,Intermediate Zone,Alfisols,6.21,1.017,17.38,117.02,1.61,65.6,20.46,13.94
SL_SOIL_01831,Vavuniya,8.987429,80.674047,Dry Zone,Alfisols,7.07,0.767,14.4,163.78,1.1,63.42,21.79,14.79
SL_SOIL_01832,Batticaloa,7.739134,81.539242,Dry Zone,Vertisols,6.37,1.075,22.96,145.13,1.48,56.88,27.07,16.06
SL_SOIL_01833,Mannar,9.082367,80.009947,Dry Zone,Alfisols,7.2,0.506,9.44,163.65,0.83,76.66,9.21,14.12
SL_SOIL_01834,Kandy,7.375619,80.697653,Wet Zone,Ultisols,5.02,1.58,19.82,113.88,2.0,47.38,38.69,13.93
SL_SOIL_01835,Kalutara,6.658192,79.956706,Wet Zone,Ultisols,4.94,1.263,19.31,116.42,1.28,47.18,19.5,33.31
SL_SOIL_01836,Anuradhapura,8.203782,80.435575,Dry Zone,Alfisols,6.2,0.721,10.73,137.95,1.26,63.34,19.04,17.62
SL_SOIL_01837,Mannar,9.016327,80.076511,Dry Zone,Alfisols,7.23,0.596,10.18,135.42,0.62,61.52,12.23,26.24
SL_SOIL_01838,Galle,6.174256,80.343564,Wet Zone,Ultisols,5.43,1.116,20.4,131.59,2.04,53.82,26.81,19.37
SL_SOIL_01839,Kilinochchi,9.639853,80.586135,Dry Zone,Alfisols,6.99,1.027,14.87,146.44,1.1,64.31,15.38,20.31
SL_SOIL_01840,Colombo,6.868832,79.898418,Wet Zone,Ultisols,5.85,1.693,20.65,133.92,2.51,59.65,28.89,11.46
SL_SOIL_01841,Nuwara Eliya,6.958073,80.831868,Up Country Wet Zone,Inceptisols,4.53,1.787,17.17,138.27,3.19,48.62,33.81,17.56
SL_SOIL_01842,Batticaloa,7.820992,81.342916,Dry Zone,Vertisols,7.31,1.197,23.32,161.74,1.87,62.38,22.97,14.65
SL_SOIL_01843,Batticaloa,7.929205,81.177022,Dry Zone,Vertisols,7.2,1.293,19.27,139.38,0.94,63.37,21.78,14.84
SL_SOIL_01844,Puttalam,8.26489,79.891558,Dry Zone,Alfisols,6.82,1.078,5.43,124.6,0.75,70.93,13.22,15.85
SL_SOIL_01845,Kilinochchi,9.509335,80.635073,Dry Zone,Alfisols,6.95,0.728,13.43,144.01,0.93,61.1,14.81,24.09
SL_SOIL_01846,Monaragala,6.859244,81.221358,Intermediate Zone,Alfisols,5.78,1.118,13.69,147.91,1.44,57.71,11.37,30.92
SL_SOIL_01847,Gampaha,7.079436,80.024578,Wet Zone,Ultisols,5.65,1.481,11.07,110.21,1.69,61.97,26.01,12.02
SL_SOIL_01848,Vavuniya,8.632103,80.542179,Dry Zone,Alfisols,6.48,0.738,25.0,154.72,1.31,55.39,20.66,23.95
SL_SOIL_01849,Gampaha,7.075831,79.924095,Wet Zone,Ultisols,5.77,1.246,6.49,112.09,2.05,54.71,23.44,21.84
SL_SOIL_01850,Kandy,7.313328,80.627794,Wet Zone,Ultisols,5.35,1.468,13.74,106.37,1.63,42.79,37.87,19.34
SL_SOIL_01851,Trincomalee,8.49727,80.884496,Dry Zone,Alfisols,6.64,0.942,16.28,138.83,1.25,69.05,20.98,9.97
SL_SOIL_01852,Kalutara,6.605697,80.172421,Wet Zone,Ultisols,5.05,1.232,17.31,125.12,1.6,50.64,30.53,18.83
SL_SOIL_01853,Mullaitivu,9.007955,80.508321,Dry Zone,Alfisols,6.92,0.882,14.64,153.23,1.07,68.41,24.87,6.72
SL_SOIL_01854,Hambantota,6.043999,80.901562,Dry Zone,Alfisols,6.65,1.025,11.7,119.17,0.92,69.19,18.99,11.83
SL_SOIL_01855,Galle,6.052578,80.102723,Wet Zone,Ultisols,5.15,1.377,18.68,133.46,2.53,53.71,31.14,15.15
SL_SOIL_01856,Batticaloa,7.560731,81.347518,Dry Zone,Vertisols,6.96,1.021,11.18,134.5,1.44,55.1,25.82,19.08
SL_SOIL_01857,Monaragala,6.960762,81.437274,Intermediate Zone,Alfisols,5.55,1.189,20.23,146.25,1.41,64.35,22.88,12.78
SL_SOIL_01858,Kilinochchi,9.566324,80.539058,Dry Zone,Alfisols,6.65,0.747,15.91,141.95,0.5,52.25,17.86,29.89
SL_SOIL_01859,Anuradhapura,8.337829,80.802207,Dry Zone,Alfisols,6.31,0.639,11.26,122.45,0.81,73.12,19.2,7.68
SL_SOIL_01860,Gampaha,7.165851,80.13886,Wet Zone,Ultisols,5.44,0.954,12.12,108.31,1.07,59.89,23.39,16.71
SL_SOIL_01861,Batticaloa,7.856082,81.559897,Dry Zone,Vertisols,6.79,0.956,12.45,151.6,1.34,47.95,20.15,31.91
SL_SOIL_01862,Vavuniya,8.723118,80.301634,Dry Zone,Alfisols,6.35,0.853,7.34,139.28,1.0,63.39,27.25,9.36
SL_SOIL_01863,Anuradhapura,8.221048,80.629845,Dry Zone,Alfisols,5.97,0.855,12.56,117.06,0.94,52.83,22.17,24.99
SL_SOIL_01864,Badulla,6.949827,81.170873,Up Country Intermediate Zone,Inceptisols,5.38,1.24,11.98,155.95,2.46,45.19,43.35,11.47
SL_SOIL_01865,Kilinochchi,9.500301,80.438957,Dry Zone,Alfisols,7.84,0.75,14.93,146.96,0.87,63.41,14.33,22.26
SL_SOIL_01866,Kalutara,6.659647,79.97165,Wet Zone,Ultisols,5.25,1.27,6.95,142.72,1.84,59.6,30.56,9.84
SL_SOIL_01867,Trincomalee,8.451736,81.142629,Dry Zone,Alfisols,6.54,1.105,14.6,148.59,1.46,69.14,18.26,12.6
SL_SOIL_01868,Mannar,8.863648,79.892919,Dry Zone,Alfisols,7.79,0.499,11.64,158.94,0.71,81.77,5.0,13.23
SL_SOIL_01869,Ratnapura,6.593429,80.663884,Wet Zone,Ultisols,4.88,1.426,12.74,148.03,1.98,48.76,39.91,11.33
SL_SOIL_01870,Polonnaruwa,8.067074,81.181018,Dry Zone,Vertisols,5.79,0.948,9.31,135.33,1.1,63.39,18.65,17.96
SL_SOIL_01871,Batticaloa,7.799451,81.300842,Dry Zone,Vertisols,6.46,0.867,8.55,160.46,1.39,57.56,30.0,12.44
SL_SOIL_01872,Ampara,7.042024,81.532037,Dry Zone,Vertisols,6.6,0.994,11.04,126.46,1.66,61.74,20.95,17.31
SL_SOIL_01873,Matale,7.477851,80.725306,Intermediate Zone,Alfisols,5.03,1.345,12.43,121.9,2.17,52.1,37.17,10.73
SL_SOIL_01874,Anuradhapura,7.952791,80.646993,Dry Zone,Alfisols,6.39,0.716,13.39,132.86,1.16,74.11,7.16,18.74
SL_SOIL_01875,Nuwara Eliya,7.048424,80.665203,Up Country Wet Zone,Inceptisols,5.19,1.643,9.61,142.39,3.43,41.12,30.4,28.48
SL_SOIL_01876,Puttalam,7.611896,79.797986,Dry Zone,Alfisols,6.4,0.675,5.29,143.64,0.71,80.18,8.47,11.35
SL_SOIL_01877,Kegalle,7.142222,80.331306,Wet Zone,Ultisols,5.25,1.766,17.7,133.93,2.85,51.31,33.4,15.29
SL_SOIL_01878,Matale,7.772303,80.757341,Intermediate Zone,Alfisols,5.75,1.147,13.46,114.38,1.36,47.51,27.03,25.46
SL_SOIL_01879,Kalutara,6.737913,80.021294,Wet Zone,Ultisols,6.95,1.205,18.14,143.31,1.5,46.5,32.82,20.68
SL_SOIL_01880,Colombo,6.949487,79.858063,Wet Zone,Ultisols,6.08,1.091,20.51,127.2,1.64,44.91,24.36,30.73
SL_SOIL_01881,Nuwara Eliya,6.931577,80.667913,Up Country Wet Zone,Inceptisols,4.98,1.962,23.21,132.31,3.39,39.41,28.27,32.32
SL_SOIL_01882,Batticaloa,7.722979,81.256665,Dry Zone,Vertisols,6.45,1.204,17.66,167.74,1.66,63.68,21.58,14.75
SL_SOIL_01883,Gampaha,7.177755,79.977997,Wet Zone,Ultisols,6.16,1.247,3.0,124.07,1.53,55.0,36.56,8.44
SL_SOIL_01884,Kalutara,6.708236,80.272181,Wet Zone,Ultisols,5.9,1.016,13.14,117.39,1.09,49.47,32.92,17.6
SL_SOIL_01885,Trincomalee,8.46728,80.710692,Dry Zone,Alfisols,6.51,1.175,18.28,151.56,1.18,62.9,16.46,20.63
SL_SOIL_01886,Kegalle,7.083235,80.484709,Wet Zone,Ultisols,5.29,1.513,16.87,126.74,2.33,40.81,35.47,23.72
SL_SOIL_01887,Ratnapura,6.890867,80.55666,Wet Zone,Ultisols,5.15,1.555,12.08,141.35,1.49,47.55,29.61,22.84
SL_SOIL_01888,Mannar,9.120497,79.826766,Dry Zone,Alfisols,6.95,0.578,3.0,149.32,0.69,70.94,5.0,24.06
SL_SOIL_01889,Kurunegala,7.445536,80.502501,Intermediate Zone,Alfisols,5.85,0.925,8.94,120.87,1.23,58.99,17.43,23.58
SL_SOIL_01890,Batticaloa,7.929015,81.114136,Dry Zone,Vertisols,6.57,0.935,13.08,166.78,1.36,65.92,24.74,9.34
SL_SOIL_01891,Mannar,9.005491,79.881861,Dry Zone,Alfisols,6.96,0.608,13.99,169.13,0.65,71.28,13.42,15.29
SL_SOIL_01892,Ampara,7.424179,81.605042,Dry Zone,Vertisols,6.25,0.832,15.63,166.61,1.43,53.8,32.74,13.46
SL_SOIL_01893,Matara,6.096194,80.612372,Wet Zone,Ultisols,5.71,1.174,15.62,128.46,1.92,57.83,16.74,25.43
SL_SOIL_01894,Vavuniya,8.734579,80.300081,Dry Zone,Alfisols,6.1,1.014,10.07,149.85,1.26,66.07,21.03,12.9
SL_SOIL_01895,Kegalle,7.235079,80.411194,Wet Zone,Ultisols,5.34,1.234,20.14,151.12,2.45,41.91,35.08,23.01
SL_SOIL_01896,Trincomalee,8.539598,80.8329,Dry Zone,Alfisols,6.04,0.826,10.42,143.86,0.85,55.92,23.12,20.97
SL_SOIL_01897,Polonnaruwa,7.82901,80.975318,Dry Zone,Vertisols,6.33,0.973,15.56,145.15,1.38,59.0,27.54,13.46
SL_SOIL_01898,Matara,5.930006,80.682293,Wet Zone,Ultisols,5.38,1.01,14.76,117.47,1.94,49.12,29.28,21.59
SL_SOIL_01899,Batticaloa,7.964675,81.281681,Dry Zone,Vertisols,7.13,1.033,5.48,153.31,1.25,66.32,17.45,16.23
SL_SOIL_01900,Vavuniya,8.662356,80.392123,Dry Zone,Alfisols,6.86,1.031,17.11,124.99,1.54,58.34,25.56,16.1
SL_SOIL_01901,Kurunegala,7.918083,80.671849,Intermediate Zone,Alfisols,6.24,1.079,8.52,144.13,1.25,60.72,16.92,22.35
SL_SOIL_01902,Anuradhapura,7.922056,80.54625,Dry Zone,Alfisols,6.04,0.869,10.05,130.29,1.11,64.82,19.46,15.72
SL_SOIL_01903,Galle,5.969441,80.309271,Wet Zone,Ultisols,5.41,1.325,13.68,140.85,2.11,51.68,24.96,23.36
SL_SOIL_01904,Kalutara,6.626921,80.195689,Wet Zone,Ultisols,5.35,1.196,15.74,132.71,1.38,50.76,30.42,18.82
SL_SOIL_01905,Mannar,9.09127,80.009823,Dry Zone,Alfisols,7.14,0.588,8.98,155.18,0.81,73.87,12.53,13.6
SL_SOIL_01906,Polonnaruwa,7.794682,81.09239,Dry Zone,Vertisols,6.68,0.951,8.74,127.61,1.33,61.02,27.3,11.68
SL_SOIL_01907,Ratnapura,6.860556,80.4858,Wet Zone,Ultisols,5.03,1.372,12.11,114.5,1.42,48.71,35.67,15.62
SL_SOIL_01908,Kalutara,6.430031,80.141609,Wet Zone,Ultisols,5.48,1.485,17.25,130.33,2.44,40.3,24.63,35.07
SL_SOIL_01909,Anuradhapura,8.135809,80.509233,Dry Zone,Alfisols,5.76,0.821,5.43,132.13,0.87,69.78,15.84,14.37
SL_SOIL_01910,Vavuniya,8.61339,80.666171,Dry Zone,Alfisols,7.36,1.055,13.09,161.69,1.14,68.51,20.5,10.99
SL_SOIL_01911,Batticaloa,7.596258,81.263735,Dry Zone,Vertisols,6.84,1.033,20.0,153.44,1.47,67.48,21.18,11.33
SL_SOIL_01912,Kegalle,7.193002,80.216533,Wet Zone,Ultisols,4.89,1.073,6.53,139.02,1.79,50.31,33.38,16.31
SL_SOIL_01913,Vavuniya,8.623887,80.554161,Dry Zone,Alfisols,6.88,0.533,10.93,142.38,0.78,56.7,14.03,29.27
SL_SOIL_01914,Galle,6.166377,80.170835,Wet Zone,Ultisols,5.51,1.24,17.99,138.22,2.52,52.47,27.33,20.2
SL_SOIL_01915,Trincomalee,8.750598,81.491863,Dry Zone,Alfisols,6.72,1.06,18.66,131.34,1.38,66.24,19.57,14.19
SL_SOIL_01916,Mannar,9.035272,80.084538,Dry Zone,Alfisols,7.13,0.8,11.99,175.99,0.63,79.36,11.93,8.7
SL_SOIL_01917,Anuradhapura,8.509757,80.555748,Dry Zone,Alfisols,6.03,0.838,4.79,127.37,0.82,70.82,15.77,13.41
SL_SOIL_01918,Kandy,7.280611,80.701471,Wet Zone,Ultisols,5.89,1.667,16.63,132.57,2.38,41.35,29.21,29.44
SL_SOIL_01919,Hambantota,6.243038,80.697689,Dry Zone,Alfisols,6.41,1.118,11.21,125.27,1.21,65.9,18.93,15.17
SL_SOIL_01920,Nuwara Eliya,6.931459,80.676257,Up Country Wet Zone,Inceptisols,4.87,1.875,13.56,149.9,4.11,35.48,40.28,24.24
SL_SOIL_01921,Ampara,7.104528,81.410116,Dry Zone,Vertisols,6.62,1.065,15.32,142.26,1.55,49.32,24.44,26.24
SL_SOIL_01922,Kegalle,7.32476,80.528523,Wet Zone,Ultisols,6.22,1.014,18.88,131.06,1.67,49.79,30.21,20.01
SL_SOIL_01923,Badulla,7.044011,81.19331,Up Country Intermediate Zone,Inceptisols,5.66,1.696,13.96,146.97,2.72,41.31,40.14,18.55
SL_SOIL_01924,Badulla,6.852927,81.009072,Up Country Intermediate Zone,Inceptisols,4.95,1.366,15.02,126.91,2.07,52.29,33.06,14.64
SL_SOIL_01925,Polonnaruwa,8.189732,81.13889,Dry Zone,Vertisols,6.21,1.371,11.99,138.91,1.38,55.57,25.31,19.12
SL_SOIL_01926,Polonnaruwa,7.713176,81.024945,Dry Zone,Vertisols,6.73,1.143,19.27,134.29,1.33,65.11,22.53,12.36
SL_SOIL_01927,Gampaha,7.146782,79.97022,Wet Zone,Ultisols,5.8,1.34,15.79,105.34,1.79,62.05,25.48,12.47
SL_SOIL_01928,Ratnapura,6.706363,80.630803,Wet Zone,Ultisols,4.42,1.624,16.58,139.03,3.0,41.79,41.24,16.97
SL_SOIL_01929,Matara,6.148862,80.686383,Wet Zone,Ultisols,5.41,1.61,17.98,133.44,2.6,55.65,30.42,13.93
SL_SOIL_01930,Kilinochchi,9.326677,80.504055,Dry Zone,Alfisols,6.51,0.991,11.86,148.49,0.89,57.73,14.12,28.15
SL_SOIL_01931,Mullaitivu,9.275673,80.983273,Dry Zone,Alfisols,6.78,0.777,14.04,158.26,1.34,74.34,18.62,7.04
SL_SOIL_01932,Trincomalee,8.566732,81.302672,Dry Zone,Alfisols,6.84,0.788,12.62,139.05,1.39,60.67,24.86,14.47
SL_SOIL_01933,Matara,6.076962,80.624993,Wet Zone,Ultisols,5.53,1.087,17.78,132.35,1.39,59.18,29.57,11.25
SL_SOIL_01934,Polonnaruwa,7.981756,80.977646,Dry Zone,Vertisols,6.34,0.806,16.04,156.8,1.18,65.2,25.37,9.42
SL_SOIL_01935,Kurunegala,7.608703,80.4121,Intermediate Zone,Alfisols,6.8,0.843,9.12,123.66,1.09,71.0,23.72,5.28
SL_SOIL_01936,Kurunegala,7.940619,80.659964,Intermediate Zone,Alfisols,5.96,1.34,13.26,123.45,1.16,52.27,12.62,35.11
SL_SOIL_01937,Vavuniya,8.957747,80.32626,Dry Zone,Alfisols,6.21,1.122,15.83,159.32,1.22,65.39,15.87,18.73
SL_SOIL_01938,Batticaloa,7.691332,81.574121,Dry Zone,Vertisols,6.95,0.958,7.5,133.22,1.22,75.25,15.74,9.01
SL_SOIL_01939,Nuwara Eliya,7.098106,80.839058,Up Country Wet Zone,Inceptisols,4.18,1.654,19.59,128.1,2.74,40.58,35.28,24.14
SL_SOIL_01940,Kilinochchi,9.335128,80.382456,Dry Zone,Alfisols,6.97,0.488,9.74,152.78,0.87,56.55,16.32,27.13
SL_SOIL_01941,Mullaitivu,9.117418,80.709362,Dry Zone,Alfisols,6.53,0.837,16.8,148.96,0.84,73.96,16.89,9.15
SL_SOIL_01942,Kegalle,7.235001,80.376131,Wet Zone,Ultisols,5.43,1.501,15.55,142.87,2.04,51.79,33.7,14.5
SL_SOIL_01943,Colombo,6.979443,79.982785,Wet Zone,Ultisols,5.4,1.018,12.25,117.75,1.34,51.32,15.11,33.57
SL_SOIL_01944,Nuwara Eliya,7.073121,80.686347,Up Country Wet Zone,Inceptisols,5.16,1.781,23.44,138.22,3.49,39.21,38.8,21.99
SL_SOIL_01945,Hambantota,6.347385,80.995163,Dry Zone,Alfisols,6.35,0.987,10.81,115.74,0.92,63.06,21.15,15.79
SL_SOIL_01946,Matara,6.070861,80.580727,Wet Zone,Ultisols,5.18,1.38,21.36,121.32,2.17,54.94,23.84,21.22
SL_SOIL_01947,Kilinochchi,9.56273,80.427199,Dry Zone,Alfisols,7.0,0.905,16.51,158.44,1.28,65.8,18.12,16.08
SL_SOIL_01948,Badulla,6.880645,81.005538,Up Country Intermediate Zone,Inceptisols,5.33,1.516,22.4,112.71,2.28,54.7,39.24,6.05
SL_SOIL_01949,Puttalam,7.653689,80.166794,Dry Zone,Alfisols,6.94,0.654,17.68,135.11,0.98,76.5,15.43,8.07
SL_SOIL_01950,Ratnapura,6.713084,80.730307,Wet Zone,Ultisols,4.96,1.654,27.14,125.62,2.65,45.96,41.14,12.9
SL_SOIL_01951,Hambantota,6.258366,80.984862,Dry Zone,Alfisols,7.55,0.866,6.8,111.93,1.34,65.38,17.4,17.22
SL_SOIL_01952,Trincomalee,8.596102,81.109594,Dry Zone,Alfisols,6.82,1.012,18.03,133.34,1.02,62.61,19.55,17.84
SL_SOIL_01953,Mannar,9.002958,80.021223,Dry Zone,Alfisols,6.42,0.875,6.17,156.73,1.09,70.23,11.96,17.82
SL_SOIL_01954,Kegalle,7.348101,80.335261,Wet Zone,Ultisols,5.82,1.152,13.07,121.33,1.32,43.22,37.95,18.83
SL_SOIL_01955,Vavuniya,8.880062,80.686314,Dry Zone,Alfisols,6.54,0.985,11.75,137.67,1.13,56.45,32.95,10.6
SL_SOIL_01956,Batticaloa,7.904092,81.244394,Dry Zone,Vertisols,7.08,1.04,10.0,141.43,1.44,65.81,25.76,8.43
SL_SOIL_01957,Ampara,7.148867,81.506489,Dry Zone,Vertisols,6.64,1.258,13.79,151.06,1.77,56.74,26.91,16.35
SL_SOIL_01958,Badulla,7.056889,80.886428,Up Country Intermediate Zone,Inceptisols,5.72,1.449,14.92,155.32,2.26,48.48,31.6,19.92
SL_SOIL_01959,Badulla,6.891451,81.135423,Up Country Intermediate Zone,Inceptisols,4.57,1.31,12.71,141.37,1.24,47.32,35.3,17.37
SL_SOIL_01960,Anuradhapura,8.419758,80.648914,Dry Zone,Alfisols,6.14,0.727,15.5,107.22,0.6,68.8,13.58,17.62
SL_SOIL_01961,Colombo,6.850172,79.916651,Wet Zone,Ultisols,6.14,0.996,15.53,123.01,1.75,50.87,34.84,14.29
SL_SOIL_01962,Jaffna,9.687819,80.112563,Dry Zone,Alfisols,7.68,0.328,7.07,183.25,0.61,66.94,20.21,12.85
SL_SOIL_01963,Matara,5.985629,80.50569,Wet Zone,Ultisols,5.22,1.068,12.18,123.04,1.93,43.94,19.2,36.86
SL_SOIL_01964,Kurunegala,7.75517,80.301476,Intermediate Zone,Alfisols,6.21,0.993,15.21,134.06,1.62,68.41,18.71,12.88
SL_SOIL_01965,Colombo,6.932901,80.022547,Wet Zone,Ultisols,5.89,1.326,11.77,112.94,1.49,50.68,21.7,27.62
SL_SOIL_01966,Gampaha,7.213401,80.060905,Wet Zone,Ultisols,5.62,1.373,13.64,93.87,1.64,51.07,26.5,22.43
SL_SOIL_01967,Colombo,6.825002,79.850404,Wet Zone,Ultisols,5.46,1.108,15.89,115.7,1.56,62.66,21.73,15.62
SL_SOIL_01968,Colombo,6.905044,79.872499,Wet Zone,Ultisols,5.87,1.165,5.37,102.77,1.22,60.03,32.82,7.15
SL_SOIL_01969,Hambantota,6.006924,80.658805,Dry Zone,Alfisols,5.55,1.114,10.73,95.22,0.86,68.66,7.41,23.93
SL_SOIL_01970,Mullaitivu,9.053567,80.895604,Dry Zone,Alfisols,7.53,0.786,7.77,141.24,1.29,64.72,18.13,17.15
SL_SOIL_01971,Colombo,6.841098,79.959753,Wet Zone,Ultisols,5.91,1.133,18.24,123.87,1.5,58.46,21.92,19.62
SL_SOIL_01972,Mullaitivu,9.108762,80.923475,Dry Zone,Alfisols,7.47,0.992,6.98,154.68,1.23,61.19,7.8,31.01
SL_SOIL_01973,Anuradhapura,8.544963,80.832919,Dry Zone,Alfisols,6.15,1.128,9.65,123.84,1.23,70.94,17.7,11.37
SL_SOIL_01974,Badulla,7.111392,81.023098,Up Country Intermediate Zone,Inceptisols,5.45,1.466,7.44,152.15,2.25,39.22,22.15,38.63
SL_SOIL_01975,Galle,5.968471,80.168666,Wet Zone,Ultisols,5.46,1.291,27.4,130.18,2.26,37.87,37.91,24.22
SL_SOIL_01976,Gampaha,7.04166,80.093933,Wet Zone,Ultisols,5.95,0.828,11.75,144.63,1.61,52.27,23.88,23.84
SL_SOIL_01977,Nuwara Eliya,6.958039,80.720117,Up Country Wet Zone,Inceptisols,4.36,1.801,13.83,148.79,3.47,40.74,38.87,20.38
SL_SOIL_01978,Galle,6.052482,80.28241,Wet Zone,Ultisols,5.6,1.293,10.25,116.68,1.88,51.38,39.62,9.0
SL_SOIL_01979,Vavuniya,8.655305,80.663402,Dry Zone,Alfisols,6.24,1.003,19.51,155.66,1.75,63.17,19.86,16.97
SL_SOIL_01980,Kurunegala,7.320194,80.298336,Intermediate Zone,Alfisols,6.21,1.096,16.0,120.35,1.12,52.16,19.36,28.48
SL_SOIL_01981,Batticaloa,7.760635,81.409408,Dry Zone,Vertisols,7.2,0.867,11.83,133.53,1.06,61.0,17.91,21.09
SL_SOIL_01982,Gampaha,7.211522,79.868045,Wet Zone,Ultisols,6.03,1.379,6.1,108.91,1.63,55.56,25.32,19.13
SL_SOIL_01983,Jaffna,9.766372,79.922896,Dry Zone,Alfisols,7.44,0.685,10.34,179.51,0.74,67.53,7.4,25.07
SL_SOIL_01984,Monaragala,6.824065,81.012991,Intermediate Zone,Alfisols,5.96,0.784,11.62,126.72,1.13,61.68,21.3,17.02
SL_SOIL_01985,Mannar,9.035998,79.815194,Dry Zone,Alfisols,6.99,0.729,17.49,155.38,0.93,78.22,13.7,8.08
SL_SOIL_01986,Trincomalee,8.766046,81.416365,Dry Zone,Alfisols,6.82,1.06,11.56,128.15,1.2,59.53,18.78,21.69
SL_SOIL_01987,Matara,5.953698,80.49345,Wet Zone,Ultisols,5.7,1.507,7.38,123.42,1.73,44.01,29.64,26.35
SL_SOIL_01988,Kilinochchi,9.328417,80.594829,Dry Zone,Alfisols,7.06,0.711,13.05,146.32,1.18,65.57,15.79,18.63
SL_SOIL_01989,Kalutara,6.626079,80.035574,Wet Zone,Ultisols,5.41,1.517,21.09,122.01,2.11,44.43,34.0,21.57
SL_SOIL_01990,Nuwara Eliya,7.088715,80.655147,Up Country Wet Zone,Inceptisols,4.84,1.738,22.88,154.15,4.06,39.75,36.39,23.86
SL_SOIL_01991,Hambantota,6.234081,80.669671,Dry Zone,Alfisols,6.36,1.201,8.08,106.89,1.15,67.02,15.03,17.95
SL_SOIL_01992,Nuwara Eliya,6.858554,80.872956,Up Country Wet Zone,Inceptisols,4.67,2.01,19.74,158.34,3.65,38.96,37.01,24.03
SL_SOIL_01993,Hambantota,6.046264,80.719212,Dry Zone,Alfisols,6.93,0.964,6.03,109.45,0.99,68.0,12.85,19.15
SL_SOIL_01994,Galle,6.076474,80.13106,Wet Zone,Ultisols,5.18,1.165,16.94,122.8,1.3,43.8,26.75,29.45
SL_SOIL_01995,Hambantota,6.190676,81.013125,Dry Zone,Alfisols,6.8,0.885,6.28,119.83,1.31,62.86,14.05,23.1
SL_SOIL_01996,Kurunegala,7.560194,80.391644,Intermediate Zone,Alfisols,6.24,1.071,10.84,135.58,0.98,57.13,15.44,27.43
SL_SOIL_01997,Mannar,9.100754,79.992086,Dry Zone,Alfisols,6.89,0.594,4.1,168.66,0.96,69.27,6.95,23.78
SL_SOIL_01998,Matara,5.967341,80.563207,Wet Zone,Ultisols,4.98,1.377,17.81,141.69,2.07,57.82,23.46,18.71
SL_SOIL_01999,Matara,5.90984,80.649538,Wet Zone,Ultisols,5.64,1.475,19.4,127.3,2.26,48.11,26.83,25.06
SL_SOIL_02000,Kurunegala,7.69934,80.627323,Intermediate Zone,Alfisols,5.96,0.836,10.95,119.84,1.51,52.25,22.5,25.25
SL_SOIL_02001,Anuradhapura,8.165794,80.394016,Dry Zone,Alfisols,5.96,0.918,7.24,118.74,0.92,71.17,20.41,8.42
SL_SOIL_02002,Batticaloa,7.944666,81.384392,Dry Zone,Vertisols,6.66,0.824,11.93,152.61,1.03,61.12,22.32,16.56
SL_SOIL_02003,Galle,6.126323,80.164418,Wet Zone,Ultisols,5.13,1.353,23.77,121.24,1.89,43.85,28.13,28.02
SL_SOIL_02004,Kilinochchi,9.631131,80.520848,Dry Zone,Alfisols,7.31,1.059,8.4,162.89,1.16,71.92,19.03,9.05
SL_SOIL_02005,Anuradhapura,7.91368,80.374066,Dry Zone,Alfisols,6.01,0.867,6.11,113.21,0.8,65.06,18.4,16.54
SL_SOIL_02006,Ampara,7.047635,81.580477,Dry Zone,Vertisols,6.6,1.261,17.31,151.87,1.69,55.62,24.11,20.27
SL_SOIL_02007,Kandy,7.222767,80.578641,Wet Zone,Ultisols,5.43,1.419,15.57,129.84,1.75,53.48,31.49,15.03
SL_SOIL_02008,Nuwara Eliya,7.01748,80.714902,Up Country Wet Zone,Inceptisols,5.03,2.121,25.19,160.1,3.59,36.77,33.57,29.66
SL_SOIL_02009,Badulla,7.094497,80.907338,Up Country Intermediate Zone,Inceptisols,5.65,1.234,14.38,120.8,1.74,42.46,40.22,17.31
SL_SOIL_02010,Kalutara,6.48657,80.199511,Wet Zone,Ultisols,5.75,1.079,3.92,124.15,1.17,54.48,24.07,21.44
SL_SOIL_02011,Hambantota,6.279133,80.990172,Dry Zone,Alfisols,6.11,0.808,13.83,117.91,1.01,71.43,14.19,14.37
SL_SOIL_02012,Jaffna,9.831405,80.030081,Dry Zone,Alfisols,7.98,0.927,11.92,167.14,1.21,59.6,7.17,33.24
SL_SOIL_02013,Vavuniya,8.742417,80.524941,Dry Zone,Alfisols,6.95,0.868,13.93,153.84,1.39,62.55,28.16,9.29
SL_SOIL_02014,Kilinochchi,9.635789,80.569196,Dry Zone,Alfisols,6.41,0.784,4.69,142.09,1.1,61.85,18.12,20.03
SL_SOIL_02015,Kurunegala,7.518771,80.199729,Intermediate Zone,Alfisols,6.06,0.858,13.83,147.5,1.07,63.25,21.66,15.09
SL_SOIL_02016,Badulla,7.146599,80.937912,Up Country Intermediate Zone,Inceptisols,5.17,1.439,21.31,164.03,2.75,38.95,38.6,22.44
SL_SOIL_02017,Mannar,9.191594,80.057369,Dry Zone,Alfisols,7.77,0.702,12.94,151.4,0.91,73.12,9.34,17.54
SL_SOIL_02018,Monaragala,7.288714,81.339638,Intermediate Zone,Alfisols,5.43,0.371,13.54,132.67,1.47,56.46,17.78,25.77
SL_SOIL_02019,Mannar,8.874005,79.806108,Dry Zone,Alfisols,7.46,0.701,13.4,187.93,0.82,73.54,14.23,12.22
SL_SOIL_02020,Mullaitivu,9.18563,80.803507,Dry Zone,Alfisols,6.49,0.853,4.91,161.92,0.64,70.54,12.86,16.6
SL_SOIL_02021,Kegalle,7.141904,80.511159,Wet Zone,Ultisols,5.45,1.064,14.81,147.22,1.56,44.13,28.4,27.47
SL_SOIL_02022,Mullaitivu,9.246096,80.573267,Dry Zone,Alfisols,6.68,0.967,11.87,139.51,1.18,79.38,13.71,6.91
SL_SOIL_02023,Puttalam,7.834086,79.909285,Dry Zone,Alfisols,6.2,0.753,7.11,111.09,1.02,71.92,10.68,17.4
SL_SOIL_02024,Puttalam,8.072725,79.726345,Dry Zone,Alfisols,7.19,0.817,8.15,114.42,0.96,78.86,15.1,6.04
SL_SOIL_02025,Monaragala,6.912083,81.29138,Intermediate Zone,Alfisols,5.69,0.773,6.0,140.38,0.95,69.91,23.79,6.29
SL_SOIL_02026,Vavuniya,8.706445,80.458314,Dry Zone,Alfisols,6.48,1.135,15.61,133.89,1.42,59.98,21.4,18.62
SL_SOIL_02027,Kandy,7.346617,80.628615,Wet Zone,Ultisols,4.93,1.102,14.75,128.74,1.77,53.88,27.26,18.86
SL_SOIL_02028,Mullaitivu,9.132028,80.72861,Dry Zone,Alfisols,6.42,0.718,20.24,143.16,1.27,58.44,20.92,20.65
SL_SOIL_02029,Matara,6.103193,80.649745,Wet Zone,Ultisols,5.44,1.255,22.49,113.98,2.68,61.91,29.76,8.33
SL_SOIL_02030,Monaragala,6.759955,81.01049,Intermediate Zone,Alfisols,6.45,0.732,10.79,117.28,1.53,63.91,17.94,18.15
SL_SOIL_02031,Polonnaruwa,7.728334,80.814093,Dry Zone,Vertisols,6.55,0.985,11.81,127.9,0.97,51.43,26.72,21.85
SL_SOIL_02032,Monaragala,6.737762,81.472147,Intermediate Zone,Alfisols,5.62,0.95,17.48,128.12,1.22,60.96,19.59,19.45
SL_SOIL_02033,Puttalam,7.987317,80.040236,Dry Zone,Alfisols,6.49,0.898,7.43,127.57,1.23,74.1,5.0,20.9
SL_SOIL_02034,Mannar,8.923684,79.901636,Dry Zone,Alfisols,7.32,0.642,8.54,168.28,0.49,70.22,10.59,19.19
SL_SOIL_02035,Kurunegala,7.770646,80.115472,Intermediate Zone,Alfisols,6.89,1.054,7.04,162.24,0.79,66.33,17.86,15.81
SL_SOIL_02036,Nuwara Eliya,6.856715,80.822319,Up Country Wet Zone,Inceptisols,4.31,1.479,21.8,130.89,3.46,34.18,23.99,41.83
SL_SOIL_02037,Kurunegala,7.959825,80.523696,Intermediate Zone,Alfisols,6.21,1.103,10.22,119.26,0.85,66.82,18.8,14.38
SL_SOIL_02038,Puttalam,8.133939,79.824392,Dry Zone,Alfisols,6.85,0.77,10.86,121.2,1.1,74.25,8.06,17.69
SL_SOIL_02039,Badulla,7.09298,80.851878,Up Country Intermediate Zone,Inceptisols,4.83,1.466,12.32,138.4,2.12,31.26,34.01,34.72
SL_SOIL_02040,Matale,7.785681,80.554909,Intermediate Zone,Alfisols,5.63,1.591,17.49,149.68,2.21,54.82,27.23,17.94
SL_SOIL_02041,Ratnapura,6.897528,80.605815,Wet Zone,Ultisols,5.28,1.487,22.14,143.15,2.45,48.96,30.68,20.36
SL_SOIL_02042,Hambantota,6.300596,80.551228,Dry Zone,Alfisols,6.83,0.756,12.57,95.79,1.12,53.55,7.97,38.47
SL_SOIL_02043,Kalutara,6.668951,80.109852,Wet Zone,Ultisols,5.61,1.489,16.86,136.92,1.76,55.83,26.43,17.73
SL_SOIL_02044,Jaffna,9.774906,79.82475,Dry Zone,Alfisols,7.42,0.562,11.23,169.11,0.68,73.52,14.79,11.69
SL_SOIL_02045,Puttalam,8.21544,79.854629,Dry Zone,Alfisols,7.02,0.88,7.63,135.95,0.63,71.1,9.03,19.87
SL_SOIL_02046,Kalutara,6.557358,80.148165,Wet Zone,Ultisols,5.73,1.46,15.44,152.9,2.1,38.52,33.56,27.92
SL_SOIL_02047,Badulla,7.08561,81.085861,Up Country Intermediate Zone,Inceptisols,5.57,1.481,13.53,148.14,2.41,44.96,32.95,22.09
SL_SOIL_02048,Batticaloa,7.962945,81.538769,Dry Zone,Vertisols,6.61,1.09,13.96,163.45,1.19,51.88,25.1,23.02
SL_SOIL_02049,Colombo,6.927201,79.881924,Wet Zone,Ultisols,6.23,0.965,9.56,130.36,1.22,51.44,28.45,20.11
SL_SOIL_02050,Galle,6.123901,80.26977,Wet Zone,Ultisols,5.07,1.491,17.87,135.01,2.67,48.16,27.87,23.97
SL_SOIL_02051,Mannar,8.801715,80.036872,Dry Zone,Alfisols,7.57,0.648,10.17,164.67,0.68,67.86,11.77,20.37
SL_SOIL_02052,Trincomalee,8.595864,81.425353,Dry Zone,Alfisols,6.71,0.964,16.13,115.14,1.18,65.64,25.85,8.52
SL_SOIL_02053,Polonnaruwa,8.1841,81.199526,Dry Zone,Vertisols,6.11,1.138,11.38,134.36,1.02,61.66,7.08,31.26
SL_SOIL_02054,Ratnapura,6.663303,80.712732,Wet Zone,Ultisols,4.36,1.431,16.21,148.5,2.42,45.79,40.3,13.91
SL_SOIL_02055,Anuradhapura,8.293196,80.304118,Dry Zone,Alfisols,6.41,0.749,11.07,117.95,1.11,77.05,8.38,14.57
SL_SOIL_02056,Matale,7.496862,80.647289,Intermediate Zone,Alfisols,5.81,1.465,10.98,102.2,1.79,49.33,27.62,23.05
SL_SOIL_02057,Kandy,7.272102,80.746711,Wet Zone,Ultisols,4.83,1.289,15.28,147.86,2.4,44.99,25.28,29.73
SL_SOIL_02058,Mannar,9.120747,79.913133,Dry Zone,Alfisols,7.17,0.809,10.44,158.69,0.93,73.66,5.0,21.34
SL_SOIL_02059,Anuradhapura,7.950861,80.600953,Dry Zone,Alfisols,6.27,0.78,14.78,112.2,1.01,65.04,15.36,19.61
SL_SOIL_02060,Ratnapura,6.567093,80.734812,Wet Zone,Ultisols,5.4,1.551,20.2,128.89,2.52,50.25,36.99,12.76
SL_SOIL_02061,Kurunegala,7.983283,80.62289,Intermediate Zone,Alfisols,6.63,0.931,11.98,128.28,1.2,66.61,19.92,13.48
SL_SOIL_02062,Trincomalee,8.701571,81.158357,Dry Zone,Alfisols,6.33,0.928,14.34,139.16,0.82,74.44,13.29,12.27
SL_SOIL_02063,Puttalam,7.770791,79.724141,Dry Zone,Alfisols,6.5,0.943,15.04,105.73,0.97,64.34,17.9,17.76
SL_SOIL_02064,Hambantota,6.319896,80.871561,Dry Zone,Alfisols,6.54,0.819,11.62,96.81,0.92,64.75,17.52,17.73
SL_SOIL_02065,Kandy,7.259942,80.66884,Wet Zone,Ultisols,5.63,1.37,25.27,125.43,2.28,52.41,33.39,14.21
SL_SOIL_02066,Polonnaruwa,8.179093,81.08874,Dry Zone,Vertisols,6.26,0.954,3.98,134.73,1.89,59.82,25.33,14.85
SL_SOIL_02067,Gampaha,7.020276,80.079655,Wet Zone,Ultisols,6.24,1.336,14.42,130.46,1.35,52.34,21.24,26.42
SL_SOIL_02068,Kandy,7.445203,80.592975,Wet Zone,Ultisols,4.89,1.53,24.76,137.23,2.23,38.9,36.72,24.38
SL_SOIL_02069,Gampaha,7.069947,79.952471,Wet Zone,Ultisols,5.95,0.999,17.8,118.71,1.35,61.58,16.12,22.3
SL_SOIL_02070,Batticaloa,7.552018,81.151589,Dry Zone,Vertisols,7.05,1.028,8.21,162.49,1.41,66.29,19.06,14.65
SL_SOIL_02071,Gampaha,7.201952,80.061553,Wet Zone,Ultisols,5.05,0.782,15.65,118.71,1.44,54.07,22.25,23.68
SL_SOIL_02072,Kandy,7.340548,80.630483,Wet Zone,Ultisols,5.27,1.455,15.82,144.56,2.21,38.48,27.62,33.9
SL_SOIL_02073,Nuwara Eliya,7.063939,80.791979,Up Country Wet Zone,Inceptisols,4.0,1.753,19.09,151.78,3.84,33.37,31.8,34.83
SL_SOIL_02074,Galle,6.056805,80.261437,Wet Zone,Ultisols,5.37,1.071,14.09,114.39,1.62,42.23,31.05,26.72
SL_SOIL_02075,Jaffna,9.734435,79.898897,Dry Zone,Alfisols,7.09,1.097,17.63,184.92,1.1,74.78,16.07,9.15
SL_SOIL_02076,Puttalam,8.223251,79.891216,Dry Zone,Alfisols,7.11,0.929,9.12,127.96,1.16,72.78,11.28,15.94
SL_SOIL_02077,Puttalam,8.004405,80.159364,Dry Zone,Alfisols,6.97,0.884,15.45,118.34,0.98,72.58,16.15,11.27
SL_SOIL_02078,Badulla,6.886857,81.106402,Up Country Intermediate Zone,Inceptisols,4.3,1.811,22.31,158.99,3.07,42.24,32.7,25.06
SL_SOIL_02079,Mannar,9.037035,79.918556,Dry Zone,Alfisols,6.75,0.883,16.49,156.97,0.8,64.76,14.16,21.08
SL_SOIL_02080,Kalutara,6.47943,80.257599,Wet Zone,Ultisols,5.62,1.183,15.42,134.12,1.75,51.58,27.78,20.64
SL_SOIL_02081,Mullaitivu,9.231928,80.917326,Dry Zone,Alfisols,6.81,0.672,7.67,148.66,1.02,62.58,17.77,19.65
SL_SOIL_02082,Kurunegala,7.937696,80.590285,Intermediate Zone,Alfisols,6.5,1.105,15.6,144.2,1.48,67.97,25.85,6.19
SL_SOIL_02083,Matara,5.994855,80.555891,Wet Zone,Ultisols,5.13,1.347,14.41,117.55,1.68,52.98,30.68,16.34
SL_SOIL_02084,Polonnaruwa,7.77506,80.9745,Dry Zone,Vertisols,6.67,0.971,8.11,149.51,1.01,53.74,14.21,32.04
SL_SOIL_02085,Batticaloa,7.537536,81.443506,Dry Zone,Vertisols,6.96,1.028,17.57,141.22,1.17,63.08,30.98,5.95
SL_SOIL_02086,Colombo,6.919081,79.829322,Wet Zone,Ultisols,6.07,0.916,18.64,120.47,1.26,64.23,27.13,8.64
SL_SOIL_02087,Kalutara,6.434639,80.257349,Wet Zone,Ultisols,5.31,1.344,24.05,133.59,1.82,45.54,27.03,27.43
SL_SOIL_02088,Matara,6.023479,80.482044,Wet Zone,Ultisols,5.57,1.304,14.28,107.47,1.77,51.73,31.84,16.43
SL_SOIL_02089,Kandy,7.357604,80.68918,Wet Zone,Ultisols,4.84,1.151,21.07,135.33,1.54,48.57,29.72,21.71
SL_SOIL_02090,Ampara,7.34309,81.732824,Dry Zone,Vertisols,6.53,1.408,14.51,158.36,1.37,60.02,23.23,16.75
SL_SOIL_02091,Monaragala,6.90147,81.234068,Intermediate Zone,Alfisols,6.31,1.138,18.38,120.21,1.5,60.17,17.98,21.85
SL_SOIL_02092,Jaffna,9.623093,79.85449,Dry Zone,Alfisols,7.03,0.545,11.41,188.62,0.62,63.88,20.37,15.75
SL_SOIL_02093,Mannar,9.168057,80.013799,Dry Zone,Alfisols,7.25,0.468,11.51,157.59,0.5,65.13,11.91,22.96
SL_SOIL_02094,Vavuniya,8.760852,80.376248,Dry Zone,Alfisols,6.81,1.129,20.09,144.13,1.56,68.49,16.84,14.67
SL_SOIL_02095,Vavuniya,8.703338,80.61226,Dry Zone,Alfisols,6.76,1.084,9.14,150.02,1.32,62.15,28.27,9.58
SL_SOIL_02096,Gampaha,7.09252,79.969057,Wet Zone,Ultisols,5.48,1.063,11.75,110.53,1.51,66.37,22.26,11.37
SL_SOIL_02097,Monaragala,7.028785,81.498803,Intermediate Zone,Alfisols,5.58,1.232,16.32,144.45,1.3,66.03,17.61,16.36
SL_SOIL_02098,Matale,7.727641,80.757536,Intermediate Zone,Alfisols,6.17,1.155,15.22,145.74,1.94,59.85,29.77,10.38
SL_SOIL_02099,Matale,7.681061,80.665676,Intermediate Zone,Alfisols,6.07,1.27,10.93,121.73,1.22,50.09,27.6,22.3
SL_SOIL_02100,Nuwara Eliya,7.028895,80.691378,Up Country Wet Zone,Inceptisols,4.41,1.643,17.54,168.74,2.72,36.12,36.32,27.56
SL_SOIL_02101,Mullaitivu,9.294342,80.659993,Dry Zone,Alfisols,6.84,0.957,8.41,133.57,0.97,68.71,18.81,12.48
SL_SOIL_02102,Hambantota,6.008824,80.586005,Dry Zone,Alfisols,6.24,1.197,12.19,87.0,1.18,71.17,17.86,10.97
SL_SOIL_02103,Badulla,6.955511,80.955403,Up Country Intermediate Zone,Inceptisols,5.09,1.339,15.74,128.41,1.96,54.12,34.37,11.51
SL_SOIL_02104,Batticaloa,7.885681,81.516709,Dry Zone,Vertisols,6.98,1.153,18.73,125.36,1.31,51.38,19.29,29.34
SL_SOIL_02105,Vavuniya,8.729568,80.393108,Dry Zone,Alfisols,6.44,0.711,11.32,161.46,1.14,60.49,24.96,14.55
SL_SOIL_02106,Ratnapura,6.601743,80.682619,Wet Zone,Ultisols,4.98,1.52,18.63,131.79,2.87,49.02,29.46,21.52
SL_SOIL_02107,Galle,6.108957,80.330924,Wet Zone,Ultisols,4.86,1.608,13.76,138.87,2.7,38.16,21.43,40.41
SL_SOIL_02108,Kegalle,7.249162,80.287576,Wet Zone,Ultisols,5.72,1.375,24.21,136.02,2.59,48.29,27.01,24.7
SL_SOIL_02109,Anuradhapura,8.174554,80.57111,Dry Zone,Alfisols,6.03,0.756,8.08,111.9,1.23,59.83,21.44,18.73
SL_SOIL_02110,Gampaha,7.01193,79.949688,Wet Zone,Ultisols,5.27,1.101,12.38,104.95,1.91,54.16,18.49,27.35
SL_SOIL_02111,Galle,6.140256,80.219101,Wet Zone,Ultisols,5.23,1.609,17.06,146.24,2.47,49.38,22.86,27.76
SL_SOIL_02112,Nuwara Eliya,7.031482,80.781598,Up Country Wet Zone,Inceptisols,4.79,1.62,11.6,157.55,2.6,47.34,32.01,20.65
SL_SOIL_02113,Trincomalee,8.69612,81.219286,Dry Zone,Alfisols,7.14,1.213,11.24,161.8,1.58,59.64,16.12,24.24
SL_SOIL_02114,Kegalle,7.088929,80.422096,Wet Zone,Ultisols,5.14,1.137,12.42,125.82,1.6,43.43,25.94,30.62
SL_SOIL_02115,Kegalle,7.262512,80.39075,Wet Zone,Ultisols,5.15,1.494,18.6,143.53,2.47,48.03,27.08,24.89
SL_SOIL_02116,Gampaha,7.164087,80.085553,Wet Zone,Ultisols,5.27,1.33,18.42,120.8,1.91,48.88,24.41,26.71
SL_SOIL_02117,Kalutara,6.589595,80.199531,Wet Zone,Ultisols,5.07,1.691,13.77,131.56,2.06,52.85,29.02,18.13
SL_SOIL_02118,Matale,7.746128,80.629153,Intermediate Zone,Alfisols,5.88,1.376,18.11,124.89,2.34,46.74,20.1,33.16
SL_SOIL_02119,Matale,7.523613,80.714083,Intermediate Zone,Alfisols,5.63,0.896,15.95,105.16,1.6,54.6,16.95,28.45
SL_SOIL_02120,Colombo,6.904662,79.960188,Wet Zone,Ultisols,5.9,1.527,9.86,136.86,2.08,66.65,21.9,11.45
SL_SOIL_02121,Matara,6.088592,80.558537,Wet Zone,Ultisols,5.89,0.975,13.35,104.1,1.53,46.85,24.58,28.57
SL_SOIL_02122,Mannar,9.05627,80.002174,Dry Zone,Alfisols,7.59,0.654,7.55,161.24,0.67,79.51,10.62,9.87
SL_SOIL_02123,Ratnapura,6.786223,80.474246,Wet Zone,Ultisols,5.38,1.433,20.59,134.66,2.67,31.68,32.37,35.96
SL_SOIL_02124,Kandy,7.227139,80.580688,Wet Zone,Ultisols,5.56,1.504,17.51,120.97,2.01,52.1,35.88,12.02
SL_SOIL_02125,Mullaitivu,9.287483,80.477791,Dry Zone,Alfisols,6.8,0.983,13.25,158.67,1.3,69.69,17.51,12.8
SL_SOIL_02126,Monaragala,7.264528,81.349611,Intermediate Zone,Alfisols,5.43,0.944,11.78,142.67,1.38,52.89,16.28,30.83
SL_SOIL_02127,Batticaloa,7.938469,81.328671,Dry Zone,Vertisols,7.44,0.969,7.02,174.73,1.53,54.95,22.73,22.32
SL_SOIL_02128,Kilinochchi,9.350802,80.44159,Dry Zone,Alfisols,6.86,0.809,12.57,153.25,1.36,68.68,16.95,14.36
SL_SOIL_02129,Jaffna,9.804666,79.899753,Dry Zone,Alfisols,7.39,0.628,11.73,162.22,1.15,70.18,8.13,21.68
SL_SOIL_02130,Kalutara,6.6537,80.162577,Wet Zone,Ultisols,5.72,1.502,18.31,125.43,2.11,59.71,30.77,9.52
SL_SOIL_02131,Badulla,7.151828,81.16712,Up Country Intermediate Zone,Inceptisols,6.07,1.754,18.91,158.05,3.11,54.5,26.33,19.17
SL_SOIL_02132,Vavuniya,8.936367,80.547112,Dry Zone,Alfisols,7.06,0.792,13.56,154.99,1.03,54.61,20.01,25.38
SL_SOIL_02133,Ampara,7.26613,81.492155,Dry Zone,Vertisols,7.1,1.193,14.69,148.46,1.35,54.42,28.27,17.3
SL_SOIL_02134,Jaffna,9.557013,80.026462,Dry Zone,Alfisols,7.43,0.754,16.78,196.91,1.22,77.13,10.49,12.38
SL_SOIL_02135,Jaffna,9.745977,79.7814,Dry Zone,Alfisols,7.52,0.952,12.56,163.38,0.99,71.24,22.6,6.16
SL_SOIL_02136,Mannar,9.079992,80.091231,Dry Zone,Alfisols,7.21,0.919,14.01,156.9,1.14,74.25,15.61,10.14
SL_SOIL_02137,Hambantota,6.335121,80.702862,Dry Zone,Alfisols,6.49,1.001,8.34,117.01,1.38,66.07,20.63,13.3
SL_SOIL_02138,Colombo,6.876846,79.949122,Wet Zone,Ultisols,5.64,1.213,12.21,92.78,1.61,48.09,19.96,31.95
SL_SOIL_02139,Matale,7.596188,80.60613,Intermediate Zone,Alfisols,6.15,1.229,17.66,129.36,1.83,55.27,31.19,13.54
SL_SOIL_02140,Anuradhapura,8.433599,80.66536,Dry Zone,Alfisols,5.72,0.754,3.53,118.83,0.77,64.77,26.07,9.16
SL_SOIL_02141,Matara,6.11247,80.498331,Wet Zone,Ultisols,5.91,1.093,8.67,105.61,1.08,47.47,26.06,26.47
SL_SOIL_02142,Kilinochchi,9.625144,80.262402,Dry Zone,Alfisols,6.58,0.995,13.45,188.21,0.94,66.72,21.5,11.78
SL_SOIL_02143,Mannar,9.168798,80.074722,Dry Zone,Alfisols,7.68,0.857,5.67,164.58,0.63,81.08,5.0,13.92
SL_SOIL_02144,Colombo,6.822393,79.923413,Wet Zone,Ultisols,5.69,1.495,10.73,136.14,1.83,58.25,18.47,23.28
SL_SOIL_02145,Kegalle,7.291288,80.248689,Wet Zone,Ultisols,5.87,1.394,17.22,100.54,2.46,53.72,28.42,17.86
SL_SOIL_02146,Badulla,6.865774,80.999004,Up Country Intermediate Zone,Inceptisols,4.85,1.649,8.42,139.06,2.23,44.36,36.85,18.8
SL_SOIL_02147,Anuradhapura,8.518112,80.568941,Dry Zone,Alfisols,6.8,0.803,19.12,114.02,1.22,63.82,21.9,14.28
SL_SOIL_02148,Kegalle,7.222548,80.494723,Wet Zone,Ultisols,5.27,1.57,20.6,129.61,2.73,55.48,21.58,22.94
SL_SOIL_02149,Kilinochchi,9.361559,80.618173,Dry Zone,Alfisols,7.17,0.904,3.0,150.71,1.09,72.62,14.12,13.27
SL_SOIL_02150,Matale,7.681443,80.650865,Intermediate Zone,Alfisols,5.11,1.573,17.94,117.37,2.1,66.35,24.28,9.37
SL_SOIL_02151,Batticaloa,7.831129,81.066386,Dry Zone,Vertisols,6.97,1.017,20.34,145.27,1.53,53.8,12.52,33.68
SL_SOIL_02152,Matale,7.692124,80.779798,Intermediate Zone,Alfisols,5.54,1.272,19.59,127.97,2.04,57.65,21.38,20.96
SL_SOIL_02153,Mannar,9.032069,79.902113,Dry Zone,Alfisols,8.1,0.857,13.06,162.26,0.88,65.98,16.92,17.1
SL_SOIL_02154,Matale,7.554053,80.832036,Intermediate Zone,Alfisols,6.15,1.349,19.61,130.53,2.09,59.89,33.14,6.97
SL_SOIL_02155,Trincomalee,8.40723,80.761943,Dry Zone,Alfisols,6.99,0.748,14.03,152.75,1.24,55.98,22.6,21.42
SL_SOIL_02156,Trincomalee,8.664542,80.984012,Dry Zone,Alfisols,6.74,1.058,4.95,149.06,1.56,72.18,16.24,11.58
SL_SOIL_02157,Ratnapura,6.573257,80.42364,Wet Zone,Ultisols,5.07,1.725,22.14,127.07,2.35,53.51,27.1,19.39
SL_SOIL_02158,Mannar,9.0391,80.078942,Dry Zone,Alfisols,6.94,0.776,8.64,176.23,0.83,79.6,12.85,7.55
SL_SOIL_02159,Ratnapura,6.784503,80.669312,Wet Zone,Ultisols,4.94,1.362,14.63,132.62,2.39,45.95,30.82,23.23
SL_SOIL_02160,Batticaloa,7.577481,81.148449,Dry Zone,Vertisols,6.84,1.076,14.11,158.56,1.45,52.75,16.36,30.89
SL_SOIL_02161,Batticaloa,7.517865,81.167783,Dry Zone,Vertisols,6.68,1.108,11.51,142.45,1.27,66.53,16.58,16.88
SL_SOIL_02162,Nuwara Eliya,6.867569,80.776199,Up Country Wet Zone,Inceptisols,5.16,1.497,18.57,137.82,2.5,45.5,42.44,12.05
SL_SOIL_02163,Mannar,9.10302,80.02339,Dry Zone,Alfisols,7.01,1.051,14.37,156.6,0.93,71.52,13.57,14.91
SL_SOIL_02164,Anuradhapura,7.997697,80.634897,Dry Zone,Alfisols,6.57,1.029,7.65,138.05,1.15,68.73,19.44,11.83
SL_SOIL_02165,Kurunegala,7.80953,80.639439,Intermediate Zone,Alfisols,6.06,1.039,13.75,128.03,1.43,64.37,21.0,14.63
SL_SOIL_02166,Vavuniya,8.924473,80.561861,Dry Zone,Alfisols,6.25,0.949,15.16,138.07,1.3,66.82,26.47,6.71
SL_SOIL_02167,Gampaha,7.247321,79.972762,Wet Zone,Ultisols,5.35,1.166,3.66,118.48,1.79,57.45,18.04,24.51
SL_SOIL_02168,Hambantota,6.047235,80.708327,Dry Zone,Alfisols,6.85,1.025,6.51,112.56,1.35,63.41,10.81,25.77
SL_SOIL_02169,Matale,7.654455,80.623993,Intermediate Zone,Alfisols,5.33,1.178,23.65,127.19,1.53,60.05,22.36,17.59
SL_SOIL_02170,Anuradhapura,7.938659,80.605999,Dry Zone,Alfisols,6.46,0.747,11.38,122.25,0.96,64.28,15.87,19.85
SL_SOIL_02171,Colombo,6.847786,79.970702,Wet Zone,Ultisols,5.61,1.141,19.5,135.05,1.82,62.26,28.28,9.46
SL_SOIL_02172,Monaragala,6.627208,81.311689,Intermediate Zone,Alfisols,6.24,0.734,10.0,125.2,1.17,61.98,32.61,5.41
SL_SOIL_02173,Kalutara,6.531131,79.979897,Wet Zone,Ultisols,6.25,1.084,13.01,114.23,1.55,56.55,28.75,14.69
SL_SOIL_02174,Nuwara Eliya,6.854793,80.731016,Up Country Wet Zone,Inceptisols,4.42,1.78,13.32,152.4,3.4,43.0,31.27,25.73
SL_SOIL_02175,Matale,7.562705,80.603179,Intermediate Zone,Alfisols,5.38,1.292,14.04,114.56,2.13,60.69,23.2,16.11
SL_SOIL_02176,Polonnaruwa,8.137065,81.059009,Dry Zone,Vertisols,6.04,0.942,11.94,124.89,1.31,61.73,21.94,16.33
SL_SOIL_02177,Matale,7.686977,80.847771,Intermediate Zone,Alfisols,5.21,1.42,17.09,119.04,1.84,59.8,32.79,7.41
SL_SOIL_02178,Colombo,6.955653,79.806421,Wet Zone,Ultisols,5.81,1.531,22.49,116.13,2.03,57.66,28.52,13.82
SL_SOIL_02179,Trincomalee,8.819796,81.095869,Dry Zone,Alfisols,6.72,0.744,5.13,135.43,1.16,47.6,26.22,26.18
SL_SOIL_02180,Puttalam,8.14379,80.035803,Dry Zone,Alfisols,7.01,0.82,8.14,132.79,0.9,59.69,19.54,20.77
SL_SOIL_02181,Vavuniya,8.790287,80.414171,Dry Zone,Alfisols,6.23,0.859,11.67,151.24,1.17,63.35,27.0,9.66
SL_SOIL_02182,Mannar,9.022119,79.938789,Dry Zone,Alfisols,7.35,0.668,12.03,160.34,0.48,73.8,20.43,5.77
SL_SOIL_02183,Jaffna,9.836176,80.192712,Dry Zone,Alfisols,7.89,0.682,8.41,161.11,0.9,69.64,6.72,23.64
SL_SOIL_02184,Anuradhapura,8.09206,80.793141,Dry Zone,Alfisols,6.3,0.895,12.93,122.55,1.0,60.02,15.07,24.9
SL_SOIL_02185,Polonnaruwa,8.027443,81.132421,Dry Zone,Vertisols,5.8,0.903,16.42,125.63,1.13,69.36,14.65,15.99
SL_SOIL_02186,Kurunegala,7.754636,80.235496,Intermediate Zone,Alfisols,6.15,0.841,9.94,113.9,0.76,59.58,21.65,18.77
SL_SOIL_02187,Ratnapura,6.850668,80.73654,Wet Zone,Ultisols,4.78,1.224,11.23,143.67,1.87,47.58,30.23,22.19
SL_SOIL_02188,Kilinochchi,9.425104,80.419734,Dry Zone,Alfisols,6.6,0.857,18.34,131.04,1.1,70.09,22.68,7.23
SL_SOIL_02189,Gampaha,7.145741,80.10825,Wet Zone,Ultisols,6.02,1.062,11.38,110.84,1.7,64.98,29.4,5.62
SL_SOIL_02190,Kegalle,7.148013,80.376807,Wet Zone,Ultisols,5.59,1.604,16.78,139.21,2.45,43.13,30.28,26.59
SL_SOIL_02191,Kurunegala,7.595319,80.152406,Intermediate Zone,Alfisols,6.51,0.872,19.37,133.22,1.41,57.96,19.49,22.55
SL_SOIL_02192,Kegalle,7.105745,80.393801,Wet Zone,Ultisols,5.11,1.557,18.1,134.41,2.22,51.45,33.96,14.58
SL_SOIL_02193,Galle,6.054098,80.316339,Wet Zone,Ultisols,4.98,1.549,15.06,150.63,2.15,50.29,34.64,15.07
SL_SOIL_02194,Ratnapura,6.797153,80.681787,Wet Zone,Ultisols,4.59,1.891,22.58,135.72,3.56,46.9,40.73,12.37
SL_SOIL_02195,Batticaloa,7.557837,81.187714,Dry Zone,Vertisols,7.5,1.118,11.35,144.02,1.23,59.26,24.87,15.87
SL_SOIL_02196,Kilinochchi,9.580685,80.389556,Dry Zone,Alfisols,7.31,0.831,12.98,172.43,1.03,68.09,14.37,17.54
SL_SOIL_02197,Kurunegala,7.494658,80.676622,Intermediate Zone,Alfisols,6.25,0.948,13.45,122.84,1.45,65.81,28.32,5.87
SL_SOIL_02198,Monaragala,7.139448,81.418091,Intermediate Zone,Alfisols,5.87,1.036,16.3,148.53,1.19,61.33,14.36,24.31
SL_SOIL_02199,Mannar,9.141012,80.091541,Dry Zone,Alfisols,7.4,0.714,7.85,170.98,0.84,71.47,9.62,18.91
SL_SOIL_02200,Nuwara Eliya,6.922523,80.810937,Up Country Wet Zone,Inceptisols,4.75,1.415,24.35,141.9,2.55,33.74,37.35,28.91
SL_SOIL_02201,Anuradhapura,8.353429,80.634273,Dry Zone,Alfisols,5.76,0.746,9.68,119.02,0.79,67.33,27.14,5.53
SL_SOIL_02202,Monaragala,7.259158,81.375497,Intermediate Zone,Alfisols,5.46,1.121,10.78,113.22,0.92,59.74,23.63,16.63
SL_SOIL_02203,Mullaitivu,9.096488,80.760915,Dry Zone,Alfisols,6.3,0.601,16.59,134.1,1.07,69.94,5.0,25.06
SL_SOIL_02204,Anuradhapura,8.20639,80.31665,Dry Zone,Alfisols,6.69,1.065,11.02,118.64,0.85,61.21,18.67,20.12
SL_SOIL_02205,Ampara,6.936835,81.80857,Dry Zone,Vertisols,6.48,1.117,13.75,166.54,1.02,66.46,26.11,7.43
SL_SOIL_02206,Kurunegala,7.728662,80.102988,Intermediate Zone,Alfisols,6.17,0.993,10.42,119.07,0.77,62.13,28.76,9.11
SL_SOIL_02207,Jaffna,9.741838,80.019871,Dry Zone,Alfisols,7.14,0.748,15.99,180.37,1.18,69.15,16.07,14.77
SL_SOIL_02208,Monaragala,6.615456,81.371841,Intermediate Zone,Alfisols,5.32,1.147,11.03,137.09,1.87,58.97,12.91,28.13
SL_SOIL_02209,Matara,6.027236,80.694783,Wet Zone,Ultisols,5.75,1.668,16.99,138.69,2.39,53.69,16.4,29.91
SL_SOIL_02210,Kurunegala,7.865013,80.57987,Intermediate Zone,Alfisols,6.63,0.87,11.05,135.36,1.17,50.29,22.01,27.7
SL_SOIL_02211,Polonnaruwa,7.940536,81.171678,Dry Zone,Vertisols,5.71,1.033,14.95,141.4,1.15,71.62,22.7,5.68
SL_SOIL_02212,Colombo,6.946882,79.877388,Wet Zone,Ultisols,5.87,1.25,14.95,97.87,2.28,49.98,34.85,15.17
SL_SOIL_02213,Monaragala,7.155128,81.069767,Intermediate Zone,Alfisols,5.64,1.003,14.14,132.42,1.42,71.66,20.84,7.5
SL_SOIL_02214,Matara,6.128044,80.489309,Wet Zone,Ultisols,5.11,0.911,15.15,121.88,1.61,61.08,22.14,16.78
SL_SOIL_02215,Nuwara Eliya,6.905979,80.704926,Up Country Wet Zone,Inceptisols,4.71,1.456,16.13,137.52,2.39,47.64,37.85,14.51
SL_SOIL_02216,Matale,7.599717,80.808072,Intermediate Zone,Alfisols,5.58,1.023,8.59,105.76,1.44,66.99,21.64,11.37
SL_SOIL_02217,Batticaloa,7.94899,81.118984,Dry Zone,Vertisols,6.74,1.018,7.45,135.18,1.1,66.73,16.51,16.76
SL_SOIL_02218,Badulla,7.053987,81.071571,Up Country Intermediate Zone,Inceptisols,5.65,1.39,10.45,130.45,2.69,39.29,27.5,33.21
SL_SOIL_02219,Batticaloa,7.893372,81.147107,Dry Zone,Vertisols,7.03,0.987,13.74,154.38,1.38,57.16,26.89,15.95
SL_SOIL_02220,Gampaha,7.010614,79.938722,Wet Zone,Ultisols,5.24,0.949,14.58,98.11,1.35,52.5,25.12,22.38
SL_SOIL_02221,Colombo,6.933406,79.862511,Wet Zone,Ultisols,6.09,1.173,21.55,128.64,1.52,57.96,32.76,9.28
SL_SOIL_02222,Monaragala,6.733406,81.5928,Intermediate Zone,Alfisols,5.56,1.135,18.91,127.0,1.63,71.35,11.29,17.36
SL_SOIL_02223,Monaragala,7.144694,81.069884,Intermediate Zone,Alfisols,6.13,0.677,6.12,113.33,0.76,58.5,20.82,20.68
SL_SOIL_02224,Kilinochchi,9.565339,80.424935,Dry Zone,Alfisols,7.42,0.822,14.81,153.3,1.02,60.31,24.63,15.06
SL_SOIL_02225,Jaffna,9.767225,79.947604,Dry Zone,Alfisols,7.38,0.575,8.82,166.46,0.66,65.23,8.74,26.03
SL_SOIL_02226,Kurunegala,7.976808,80.46224,Intermediate Zone,Alfisols,6.09,1.204,12.33,103.75,1.3,63.5,21.04,15.46
SL_SOIL_02227,Kurunegala,7.463169,80.505185,Intermediate Zone,Alfisols,6.57,1.038,15.63,144.61,1.37,68.37,9.27,22.35
SL_SOIL_02228,Trincomalee,8.493094,81.007132,Dry Zone,Alfisols,6.2,0.901,10.1,138.04,1.03,67.24,26.68,6.09
SL_SOIL_02229,Matara,6.1315,80.645776,Wet Zone,Ultisols,5.26,1.181,13.28,130.8,1.62,52.09,35.55,12.37
SL_SOIL_02230,Batticaloa,7.634012,81.091895,Dry Zone,Vertisols,6.84,1.071,13.16,149.87,1.15,62.51,24.7,12.79
SL_SOIL_02231,Matara,6.052805,80.662555,Wet Zone,Ultisols,5.06,1.132,11.91,135.66,1.67,51.11,28.89,20.0
SL_SOIL_02232,Trincomalee,8.850142,81.315989,Dry Zone,Alfisols,6.82,1.196,9.67,149.58,1.78,65.63,13.06,21.31
SL_SOIL_02233,Mannar,8.846091,80.089494,Dry Zone,Alfisols,6.37,0.664,6.13,153.74,0.82,73.44,10.09,16.47
SL_SOIL_02234,Matara,6.128292,80.597688,Wet Zone,Ultisols,5.5,1.454,13.27,131.3,2.28,42.37,25.63,32.01
SL_SOIL_02235,Kegalle,7.196015,80.341514,Wet Zone,Ultisols,5.11,1.327,16.56,128.36,2.39,45.45,28.16,26.39
SL_SOIL_02236,Vavuniya,8.911313,80.323301,Dry Zone,Alfisols,6.71,0.797,13.35,148.29,1.16,71.17,19.09,9.74
SL_SOIL_02237,Kandy,7.425035,80.586028,Wet Zone,Ultisols,5.26,1.247,10.51,142.83,1.56,51.09,26.62,22.3
SL_SOIL_02238,Colombo,6.940354,79.895257,Wet Zone,Ultisols,5.46,1.122,19.89,122.91,1.49,46.31,15.84,37.84
SL_SOIL_02239,Colombo,6.913873,79.926356,Wet Zone,Ultisols,6.27,1.35,17.38,101.65,1.83,56.25,31.57,12.19
SL_SOIL_02240,Puttalam,7.75607,80.001565,Dry Zone,Alfisols,7.43,0.91,13.16,125.96,1.06,75.36,12.69,11.95
SL_SOIL_02241,Ampara,7.477145,81.730507,Dry Zone,Vertisols,6.44,0.846,14.99,153.48,1.68,59.69,18.63,21.68
SL_SOIL_02242,Vavuniya,8.972351,80.511143,Dry Zone,Alfisols,6.79,1.033,13.21,149.82,1.34,63.73,28.64,7.63
SL_SOIL_02243,Polonnaruwa,7.943227,81.068856,Dry Zone,Vertisols,5.47,0.827,16.79,156.64,1.07,64.89,20.43,14.68
SL_SOIL_02244,Ampara,7.416359,81.872646,Dry Zone,Vertisols,6.66,1.288,17.88,147.14,1.8,50.69,30.48,18.83
SL_SOIL_02245,Matale,7.561705,80.735327,Intermediate Zone,Alfisols,5.87,1.294,7.43,131.32,1.6,57.57,31.14,11.3
SL_SOIL_02246,Hambantota,6.319526,80.878774,Dry Zone,Alfisols,6.73,0.962,7.36,116.52,1.0,66.85,19.44,13.7
SL_SOIL_02247,Gampaha,7.042959,79.894451,Wet Zone,Ultisols,5.62,1.173,12.18,95.27,1.17,54.74,20.01,25.25
SL_SOIL_02248,Kurunegala,7.924598,80.34564,Intermediate Zone,Alfisols,6.34,0.987,12.53,121.85,0.99,63.53,20.82,15.66
SL_SOIL_02249,Nuwara Eliya,6.981074,80.861413,Up Country Wet Zone,Inceptisols,5.2,1.647,18.68,160.32,3.73,41.47,38.41,20.12
SL_SOIL_02250,Hambantota,6.0923,81.02868,Dry Zone,Alfisols,6.55,1.01,10.64,107.26,1.04,68.22,19.56,12.22
SL_SOIL_02251,Colombo,6.978871,79.911252,Wet Zone,Ultisols,5.2,1.201,18.37,120.23,1.78,63.9,28.06,8.05
SL_SOIL_02252,Hambantota,6.167021,80.637845,Dry Zone,Alfisols,6.24,0.647,10.02,106.11,1.11,57.98,21.72,20.3
SL_SOIL_02253,Kegalle,7.104923,80.483409,Wet Zone,Ultisols,5.31,1.513,8.21,138.21,2.48,52.33,29.93,17.74
SL_SOIL_02254,Ampara,7.327187,81.726524,Dry Zone,Vertisols,6.7,1.555,20.15,149.95,1.74,62.81,25.66,11.53
SL_SOIL_02255,Mullaitivu,9.053896,80.677073,Dry Zone,Alfisols,6.76,0.774,14.16,147.76,1.18,67.31,17.98,14.71
SL_SOIL_02256,Hambantota,6.166557,80.891503,Dry Zone,Alfisols,6.59,0.878,4.18,121.08,1.1,63.36,24.16,12.48
SL_SOIL_02257,Polonnaruwa,8.058887,80.871913,Dry Zone,Vertisols,7.03,0.951,9.47,115.58,1.32,58.1,15.18,26.72
SL_SOIL_02258,Mullaitivu,9.272862,80.480654,Dry Zone,Alfisols,6.81,0.724,13.73,151.92,0.78,56.28,22.11,21.61
SL_SOIL_02259,Hambantota,6.112691,80.758434,Dry Zone,Alfisols,6.43,0.985,11.83,123.69,1.63,62.84,18.58,18.58
SL_SOIL_02260,Kilinochchi,9.56583,80.593856,Dry Zone,Alfisols,6.61,0.892,19.45,158.48,1.06,68.19,19.85,11.96
SL_SOIL_02261,Kandy,7.243481,80.555728,Wet Zone,Ultisols,5.05,1.207,12.34,125.69,1.78,46.79,30.93,22.28
SL_SOIL_02262,Gampaha,7.161921,80.052349,Wet Zone,Ultisols,5.9,1.048,17.26,109.28,1.69,60.61,24.41,14.99
SL_SOIL_02263,Nuwara Eliya,6.935926,80.696133,Up Country Wet Zone,Inceptisols,4.98,2.112,15.83,131.92,3.1,40.44,36.39,23.17
SL_SOIL_02264,Vavuniya,8.900468,80.584673,Dry Zone,Alfisols,6.0,1.049,13.45,149.12,1.4,61.27,18.83,19.9
SL_SOIL_02265,Kandy,7.354376,80.678621,Wet Zone,Ultisols,5.63,1.493,14.41,129.88,1.92,47.9,34.21,17.89
SL_SOIL_02266,Nuwara Eliya,6.916117,80.658082,Up Country Wet Zone,Inceptisols,4.66,1.875,11.19,156.31,3.11,39.21,35.7,25.09
SL_SOIL_02267,Puttalam,7.9628,79.705843,Dry Zone,Alfisols,7.02,0.735,12.59,119.18,0.98,78.16,15.36,6.48
SL_SOIL_02268,Nuwara Eliya,7.099154,80.874823,Up Country Wet Zone,Inceptisols,4.43,1.545,18.81,136.54,3.57,28.16,39.23,32.6
SL_SOIL_02269,Gampaha,7.121047,80.125982,Wet Zone,Ultisols,6.15,1.177,9.27,121.99,1.6,61.22,20.91,17.87
SL_SOIL_02270,Kurunegala,7.736937,80.28953,Intermediate Zone,Alfisols,5.75,1.153,8.47,123.39,1.0,56.21,19.3,24.48
SL_SOIL_02271,Mullaitivu,9.179829,80.575926,Dry Zone,Alfisols,6.83,0.976,13.06,177.79,1.2,63.48,14.33,22.19
SL_SOIL_02272,Hambantota,6.281264,80.900343,Dry Zone,Alfisols,5.94,0.734,15.64,116.04,0.87,71.9,19.07,9.02
SL_SOIL_02273,Monaragala,7.245476,81.465015,Intermediate Zone,Alfisols,5.83,0.988,19.58,129.55,0.9,56.14,19.0,24.86
SL_SOIL_02274,Puttalam,8.068253,80.007967,Dry Zone,Alfisols,7.03,0.551,11.16,104.71,1.15,70.08,12.5,17.43
SL_SOIL_02275,Mullaitivu,9.319977,80.595771,Dry Zone,Alfisols,6.77,0.936,14.14,158.54,0.87,57.75,15.1,27.15
SL_SOIL_02276,Kilinochchi,9.44347,80.41336,Dry Zone,Alfisols,7.14,0.929,10.49,159.61,0.85,59.1,13.03,27.87
SL_SOIL_02277,Colombo,6.803294,79.973108,Wet Zone,Ultisols,6.29,1.075,6.06,104.55,1.84,48.66,18.65,32.69
SL_SOIL_02278,Ratnapura,6.704241,80.723821,Wet Zone,Ultisols,4.99,1.545,15.09,112.16,2.27,46.22,36.96,16.82
SL_SOIL_02279,Badulla,7.068458,81.10324,Up Country Intermediate Zone,Inceptisols,5.0,1.48,16.76,156.93,2.2,44.6,31.4,24.0
SL_SOIL_02280,Galle,5.96649,80.124594,Wet Zone,Ultisols,5.73,1.607,10.46,135.84,2.49,46.59,32.18,21.22
SL_SOIL_02281,Kegalle,7.271901,80.285902,Wet Zone,Ultisols,5.43,1.38,16.88,143.14,2.47,32.7,35.33,31.96
SL_SOIL_02282,Polonnaruwa,8.118835,81.04681,Dry Zone,Vertisols,6.27,0.979,7.0,141.7,1.46,66.38,28.57,5.05
SL_SOIL_02283,Batticaloa,7.77101,81.211706,Dry Zone,Vertisols,6.96,1.052,7.29,146.51,1.5,54.48,16.83,28.69
SL_SOIL_02284,Colombo,6.968864,79.877533,Wet Zone,Ultisols,6.07,1.031,21.09,145.03,2.06,44.34,28.46,27.19
SL_SOIL_02285,Mannar,8.973764,79.97803,Dry Zone,Alfisols,6.79,0.801,11.53,158.3,0.93,75.93,5.0,19.07
SL_SOIL_02286,Galle,6.034126,80.22283,Wet Zone,Ultisols,4.88,1.333,13.25,121.3,1.94,41.73,27.58,30.7
SL_SOIL_02287,Batticaloa,7.533901,81.117968,Dry Zone,Vertisols,6.93,1.182,13.55,156.6,1.41,51.29,23.04,25.67
SL_SOIL_02288,Polonnaruwa,7.765291,80.81593,Dry Zone,Vertisols,6.32,0.988,11.86,131.32,1.32,66.05,18.93,15.02
SL_SOIL_02289,Puttalam,7.895068,80.005784,Dry Zone,Alfisols,7.11,0.671,6.29,121.14,0.54,71.81,10.32,17.87
SL_SOIL_02290,Kegalle,7.068005,80.342047,Wet Zone,Ultisols,5.61,1.247,7.61,146.89,1.91,50.93,23.95,25.12
SL_SOIL_02291,Colombo,6.895969,79.995195,Wet Zone,Ultisols,5.73,1.18,9.25,115.33,1.88,54.56,20.5,24.94
SL_SOIL_02292,Trincomalee,8.478175,80.739024,Dry Zone,Alfisols,6.88,0.972,3.47,141.08,1.51,59.9,18.93,21.17
SL_SOIL_02293,Trincomalee,8.451774,81.016279,Dry Zone,Alfisols,6.22,0.836,19.37,142.99,1.2,60.6,17.63,21.77
SL_SOIL_02294,Kalutara,6.731794,80.149919,Wet Zone,Ultisols,5.45,1.392,17.89,134.24,2.21,50.59,26.96,22.45
SL_SOIL_02295,Mannar,8.825187,79.978402,Dry Zone,Alfisols,6.8,0.79,11.99,159.71,1.03,77.99,12.1,9.91
SL_SOIL_02296,Nuwara Eliya,7.05433,80.704034,Up Country Wet Zone,Inceptisols,4.27,1.33,16.3,120.43,2.82,38.15,43.93,17.92
SL_SOIL_02297,Kilinochchi,9.522742,80.342915,Dry Zone,Alfisols,7.5,0.88,7.5,159.64,1.25,66.13,22.61,11.26
SL_SOIL_02298,Kalutara,6.450028,80.180366,Wet Zone,Ultisols,5.52,1.175,13.14,134.87,2.07,57.75,31.42,10.84
SL_SOIL_02299,Matara,5.952361,80.473333,Wet Zone,Ultisols,5.08,0.928,21.55,150.23,1.71,40.34,20.83,38.83
SL_SOIL_02300,Vavuniya,8.610828,80.346611,Dry Zone,Alfisols,7.08,1.111,15.16,139.27,1.01,67.67,21.82,10.51
SL_SOIL_02301,Vavuniya,8.954655,80.332073,Dry Zone,Alfisols,6.58,1.101,17.34,174.53,1.33,64.19,28.46,7.35
SL_SOIL_02302,Jaffna,9.624082,80.114312,Dry Zone,Alfisols,7.94,0.866,6.98,184.14,1.1,60.24,18.24,21.52
SL_SOIL_02303,Gampaha,7.157627,79.867597,Wet Zone,Ultisols,5.21,1.014,12.2,105.55,1.37,60.09,25.38,14.53
SL_SOIL_02304,Vavuniya,8.985788,80.513648,Dry Zone,Alfisols,6.44,0.882,9.21,107.65,0.66,59.65,16.96,23.39
SL_SOIL_02305,Hambantota,6.285638,80.650319,Dry Zone,Alfisols,6.8,1.174,6.33,127.36,1.38,60.66,22.29,17.05
SL_SOIL_02306,Kalutara,6.43482,80.151995,Wet Zone,Ultisols,5.7,1.257,15.83,130.13,2.23,39.81,28.74,31.44
SL_SOIL_02307,Polonnaruwa,8.037745,80.983293,Dry Zone,Vertisols,7.35,0.897,12.47,113.51,1.02,69.86,20.41,9.73
SL_SOIL_02308,Matara,6.120973,80.667944,Wet Zone,Ultisols,5.26,1.327,16.41,137.67,2.11,51.25,22.38,26.37
SL_SOIL_02309,Ampara,7.335099,81.875868,Dry Zone,Vertisols,6.83,0.978,15.16,127.63,1.28,59.44,29.74,10.83
SL_SOIL_02310,Gampaha,7.243262,80.130615,Wet Zone,Ultisols,6.25,1.37,10.59,127.27,1.84,56.85,28.8,14.35
SL_SOIL_02311,Nuwara Eliya,6.915477,80.652652,Up Country Wet Zone,Inceptisols,4.84,1.897,16.63,152.37,3.89,38.02,44.49,17.5
SL_SOIL_02312,Polonnaruwa,7.970787,80.930675,Dry Zone,Vertisols,5.93,0.809,13.05,142.42,1.12,67.37,12.74,19.89
SL_SOIL_02313,Kegalle,7.275359,80.384934,Wet Zone,Ultisols,5.86,1.321,13.57,118.57,2.14,45.35,32.39,22.26
SL_SOIL_02314,Mannar,8.97864,80.073616,Dry Zone,Alfisols,7.36,0.824,8.42,168.09,0.77,65.09,15.34,19.58
SL_SOIL_02315,Matale,7.79392,80.571534,Intermediate Zone,Alfisols,6.34,1.427,15.3,131.97,1.55,59.02,23.82,17.16
SL_SOIL_02316,Gampaha,7.095508,80.136752,Wet Zone,Ultisols,5.24,0.971,8.04,133.56,1.15,63.05,18.11,18.84
SL_SOIL_02317,Ampara,7.015155,81.716677,Dry Zone,Vertisols,5.76,1.027,16.53,153.41,1.25,55.85,28.37,15.78
SL_SOIL_02318,Matale,7.55372,80.732566,Intermediate Zone,Alfisols,5.04,1.147,8.23,127.1,1.71,65.24,17.93,16.83
SL_SOIL_02319,Batticaloa,7.986825,81.047932,Dry Zone,Vertisols,6.0,0.908,17.14,141.97,1.07,48.94,28.42,22.64
SL_SOIL_02320,Mannar,8.885428,79.997605,Dry Zone,Alfisols,6.88,0.746,6.76,164.8,0.77,72.85,10.72,16.43
SL_SOIL_02321,Kandy,7.340708,80.703397,Wet Zone,Ultisols,5.57,1.614,18.06,152.98,2.41,42.38,32.74,24.88
SL_SOIL_02322,Batticaloa,7.534154,81.352312,Dry Zone,Vertisols,6.69,1.015,22.68,158.7,0.88,65.2,23.28,11.52
SL_SOIL_02323,Kilinochchi,9.321089,80.607315,Dry Zone,Alfisols,6.85,0.829,8.4,134.95,0.98,66.19,16.61,17.2
SL_SOIL_02324,Ampara,7.112374,81.676579,Dry Zone,Vertisols,6.8,1.147,14.48,129.84,1.95,59.6,27.06,13.35
SL_SOIL_02325,Monaragala,6.717649,81.532119,Intermediate Zone,Alfisols,6.5,0.98,4.98,125.3,1.52,69.26,18.01,12.72
SL_SOIL_02326,Nuwara Eliya,6.867305,80.829464,Up Country Wet Zone,Inceptisols,4.42,1.515,18.01,154.39,2.91,43.09,28.36,28.55
SL_SOIL_02327,Vavuniya,8.687311,80.310069,Dry Zone,Alfisols,7.14,1.041,14.71,153.82,1.38,64.34,17.19,18.47
SL_SOIL_02328,Kurunegala,7.427192,80.166156,Intermediate Zone,Alfisols,6.38,1.073,9.42,143.52,1.34,58.63,20.76,20.61
SL_SOIL_02329,Mannar,9.155603,80.055901,Dry Zone,Alfisols,7.02,0.767,7.74,160.16,0.64,66.66,5.0,28.34
SL_SOIL_02330,Kilinochchi,9.384241,80.634118,Dry Zone,Alfisols,7.51,0.839,13.13,152.82,1.32,69.0,12.59,18.4
SL_SOIL_02331,Mullaitivu,9.202598,80.530606,Dry Zone,Alfisols,6.93,0.619,16.58,143.03,0.86,64.28,24.16,11.56
SL_SOIL_02332,Polonnaruwa,8.137968,81.120002,Dry Zone,Vertisols,7.18,1.041,15.11,125.78,0.93,56.79,28.12,15.09
SL_SOIL_02333,Monaragala,7.153054,81.266247,Intermediate Zone,Alfisols,5.91,1.145,20.19,137.84,1.29,64.05,26.33,9.62
SL_SOIL_02334,Kilinochchi,9.565815,80.596648,Dry Zone,Alfisols,7.37,0.671,6.79,159.29,1.14,60.38,18.18,21.44
SL_SOIL_02335,Monaragala,6.729472,81.547778,Intermediate Zone,Alfisols,5.97,1.026,3.69,123.59,1.04,53.8,18.39,27.81
SL_SOIL_02336,Ampara,7.111819,81.623059,Dry Zone,Vertisols,6.73,0.958,14.57,141.49,1.38,59.05,30.86,10.08
SL_SOIL_02337,Batticaloa,7.803863,81.018338,Dry Zone,Vertisols,6.69,1.089,16.83,161.75,1.56,48.33,25.93,25.73
SL_SOIL_02338,Polonnaruwa,8.080535,80.981666,Dry Zone,Vertisols,6.53,1.031,5.21,141.68,1.44,54.01,11.02,34.97
SL_SOIL_02339,Batticaloa,7.869852,81.35478,Dry Zone,Vertisols,6.77,1.218,14.91,143.36,1.37,46.63,26.08,27.3
SL_SOIL_02340,Kegalle,7.174704,80.386183,Wet Zone,Ultisols,5.45,1.499,21.43,115.92,2.97,43.35,29.28,27.37
SL_SOIL_02341,Kandy,7.274019,80.599343,Wet Zone,Ultisols,5.97,1.734,19.41,109.52,1.96,45.95,30.07,23.98
SL_SOIL_02342,Kilinochchi,9.53282,80.543511,Dry Zone,Alfisols,6.57,0.889,14.1,155.09,1.43,62.61,22.06,15.33
SL_SOIL_02343,Puttalam,7.983399,80.003331,Dry Zone,Alfisols,7.01,0.924,14.44,109.58,0.94,75.25,12.38,12.37
SL_SOIL_02344,Batticaloa,7.605761,81.571519,Dry Zone,Vertisols,6.58,1.029,16.71,158.35,1.56,58.38,14.72,26.9
SL_SOIL_02345,Kandy,7.279488,80.744082,Wet Zone,Ultisols,5.28,1.551,8.85,146.96,2.32,44.68,34.86,20.46
SL_SOIL_02346,Polonnaruwa,8.044655,81.073651,Dry Zone,Vertisols,6.69,0.992,11.97,141.5,1.44,57.89,23.85,18.26
SL_SOIL_02347,Mullaitivu,9.269547,80.646557,Dry Zone,Alfisols,6.81,0.74,7.94,165.66,1.27,63.12,13.02,23.87
SL_SOIL_02348,Badulla,6.996083,80.876654,Up Country Intermediate Zone,Inceptisols,5.61,1.551,15.96,148.44,2.05,37.81,35.21,26.99
SL_SOIL_02349,Puttalam,7.648675,79.976308,Dry Zone,Alfisols,6.34,0.752,14.97,129.74,0.93,70.88,12.72,16.4
SL_SOIL_02350,Gampaha,7.193987,80.045756,Wet Zone,Ultisols,5.89,1.169,5.68,101.47,1.58,63.47,17.54,18.99
SL_SOIL_02351,Vavuniya,8.835658,80.422277,Dry Zone,Alfisols,6.46,0.68,6.75,137.73,1.01,61.15,28.22,10.63
SL_SOIL_02352,Kandy,7.245092,80.579131,Wet Zone,Ultisols,5.35,1.14,16.21,126.58,1.15,52.65,37.41,9.94
SL_SOIL_02353,Ampara,7.149562,81.54368,Dry Zone,Vertisols,6.75,1.085,18.93,135.8,1.48,53.61,21.01,25.37
SL_SOIL_02354,Polonnaruwa,8.104608,80.860012,Dry Zone,Vertisols,5.93,0.921,10.35,136.57,0.95,68.67,22.43,8.9
SL_SOIL_02355,Anuradhapura,8.373408,80.605501,Dry Zone,Alfisols,6.12,0.801,14.59,115.37,1.12,65.99,14.19,19.81
SL_SOIL_02356,Vavuniya,8.811661,80.439147,Dry Zone,Alfisols,6.23,0.871,12.39,125.88,1.05,59.64,13.07,27.29
SL_SOIL_02357,Batticaloa,7.879352,81.252383,Dry Zone,Vertisols,6.61,0.852,19.68,141.63,1.0,50.7,12.87,36.43
SL_SOIL_02358,Kalutara,6.74849,80.218669,Wet Zone,Ultisols,5.36,1.439,20.24,135.46,2.09,50.07,14.8,35.14
SL_SOIL_02359,Matara,5.911749,80.520162,Wet Zone,Ultisols,5.88,1.462,10.2,110.9,1.31,48.8,28.07,23.13
SL_SOIL_02360,Ampara,7.343987,81.536389,Dry Zone,Vertisols,5.92,1.031,17.69,142.61,1.84,61.01,20.51,18.47
SL_SOIL_02361,Jaffna,9.67657,80.164228,Dry Zone,Alfisols,7.33,0.965,11.74,173.35,0.89,70.54,15.47,13.99
SL_SOIL_02362,Kandy,7.25163,80.550755,Wet Zone,Ultisols,5.83,1.333,18.73,157.84,2.45,46.6,36.27,17.12
SL_SOIL_02363,Kurunegala,7.636483,80.36684,Intermediate Zone,Alfisols,7.04,1.082,19.19,118.66,1.5,69.62,16.71,13.67
SL_SOIL_02364,Gampaha,7.110692,79.927275,Wet Zone,Ultisols,5.73,1.179,16.0,113.39,2.02,60.58,26.72,12.69
SL_SOIL_02365,Trincomalee,8.504535,80.917631,Dry Zone,Alfisols,6.56,0.621,13.2,143.56,1.1,54.22,24.19,21.59
SL_SOIL_02366,Mullaitivu,9.084383,80.935266,Dry Zone,Alfisols,6.66,0.884,15.79,150.67,1.07,66.51,16.68,16.81
SL_SOIL_02367,Kandy,7.286463,80.658417,Wet Zone,Ultisols,5.09,1.437,15.89,146.4,1.72,55.25,22.19,22.56
SL_SOIL_02368,Kegalle,7.117591,80.377402,Wet Zone,Ultisols,4.71,1.082,5.06,109.38,1.27,52.27,29.57,18.16
SL_SOIL_02369,Kilinochchi,9.44232,80.548455,Dry Zone,Alfisols,7.09,0.791,9.01,160.62,0.89,65.09,20.74,14.17
SL_SOIL_02370,Galle,5.951994,80.308304,Wet Zone,Ultisols,4.94,1.423,6.33,122.33,2.28,35.56,26.31,38.13
SL_SOIL_02371,Mannar,8.86667,80.052619,Dry Zone,Alfisols,7.42,0.75,9.87,141.06,0.42,73.72,18.68,7.6
SL_SOIL_02372,Jaffna,9.758564,79.871056,Dry Zone,Alfisols,7.96,0.697,12.49,188.21,1.09,69.65,19.42,10.93
SL_SOIL_02373,Galle,5.994522,80.19035,Wet Zone,Ultisols,4.88,1.388,9.03,151.99,1.89,54.41,32.57,13.02
SL_SOIL_02374,Mullaitivu,9.104336,80.667274,Dry Zone,Alfisols,7.09,1.027,10.0,139.49,1.08,63.75,20.41,15.85
SL_SOIL_02375,Galle,6.122763,80.240884,Wet Zone,Ultisols,5.46,1.222,10.85,139.95,1.67,41.31,27.17,31.52
SL_SOIL_02376,Ratnapura,6.834199,80.303246,Wet Zone,Ultisols,5.17,2.178,13.5,150.63,3.3,44.86,33.75,21.38
SL_SOIL_02377,Trincomalee,8.435703,81.413755,Dry Zone,Alfisols,6.6,1.126,3.01,135.27,0.9,60.98,16.85,22.17
SL_SOIL_02378,Jaffna,9.684732,79.707168,Dry Zone,Alfisols,7.81,0.918,9.8,154.73,1.01,63.98,21.9,14.11
SL_SOIL_02379,Jaffna,9.598724,79.959253,Dry Zone,Alfisols,7.17,0.815,6.09,158.87,1.11,76.92,12.16,10.92
SL_SOIL_02380,Ratnapura,6.749653,80.565759,Wet Zone,Ultisols,5.73,1.767,16.81,137.13,2.75,37.8,34.78,27.42
SL_SOIL_02381,Kandy,7.437187,80.599367,Wet Zone,Ultisols,4.96,1.269,12.89,104.37,2.1,43.3,28.4,28.29
SL_SOIL_02382,Anuradhapura,8.239141,80.810125,Dry Zone,Alfisols,6.19,1.042,17.19,115.98,1.19,60.91,16.42,22.67
SL_SOIL_02383,Kandy,7.304762,80.576548,Wet Zone,Ultisols,5.07,1.375,22.45,126.88,1.59,49.66,32.32,18.01
SL_SOIL_02384,Badulla,6.977618,81.126168,Up Country Intermediate Zone,Inceptisols,5.19,0.996,12.71,123.82,0.81,43.62,31.45,24.93
SL_SOIL_02385,Galle,6.118367,80.226814,Wet Zone,Ultisols,5.19,1.637,15.57,149.06,2.87,33.39,29.92,36.68
SL_SOIL_02386,Badulla,7.129349,81.119352,Up Country Intermediate Zone,Inceptisols,5.38,1.628,19.58,136.62,2.63,52.06,31.7,16.24
SL_SOIL_02387,Colombo,6.888882,80.014427,Wet Zone,Ultisols,5.88,1.501,14.85,125.59,2.0,39.5,20.65,39.84
SL_SOIL_02388,Mannar,8.853223,79.883187,Dry Zone,Alfisols,6.67,0.513,12.21,137.25,0.67,68.45,13.17,18.38
SL_SOIL_02389,Ratnapura,6.647862,80.628391,Wet Zone,Ultisols,5.37,1.209,14.52,109.48,1.13,37.14,35.63,27.23
SL_SOIL_02390,Mullaitivu,9.144302,80.509779,Dry Zone,Alfisols,6.79,1.008,14.43,151.12,0.88,66.06,11.91,22.03
SL_SOIL_02391,Jaffna,9.552299,80.013132,Dry Zone,Alfisols,6.88,0.638,26.14,161.22,1.03,63.91,18.89,17.2
SL_SOIL_02392,Batticaloa,7.734891,81.430505,Dry Zone,Vertisols,7.08,1.051,16.71,150.45,1.6,52.86,28.39,18.75
SL_SOIL_02393,Mullaitivu,9.289732,80.626234,Dry Zone,Alfisols,7.37,0.619,9.08,162.09,0.81,69.85,16.76,13.39
SL_SOIL_02394,Monaragala,7.090331,81.033483,Intermediate Zone,Alfisols,6.15,1.107,18.91,116.99,1.44,68.68,15.3,16.02
SL_SOIL_02395,Badulla,6.930066,80.869715,Up Country Intermediate Zone,Inceptisols,5.05,1.278,15.66,132.2,1.68,53.84,33.46,12.7
SL_SOIL_02396,Badulla,6.88371,81.164646,Up Country Intermediate Zone,Inceptisols,5.21,1.477,11.88,141.34,2.52,47.31,34.82,17.88
SL_SOIL_02397,Polonnaruwa,7.986226,80.84935,Dry Zone,Vertisols,6.64,0.906,13.24,160.92,1.25,53.77,27.48,18.75
SL_SOIL_02398,Badulla,6.890157,80.903248,Up Country Intermediate Zone,Inceptisols,4.42,1.89,22.32,151.11,2.8,51.38,27.24,21.39
SL_SOIL_02399,Hambantota,6.09284,80.929709,Dry Zone,Alfisols,6.24,0.736,15.33,110.89,1.19,60.19,24.55,15.26
SL_SOIL_02400,Hambantota,6.02958,80.984364,Dry Zone,Alfisols,6.41,0.858,3.0,124.74,1.06,68.17,17.77,14.07
SL_SOIL_02401,Batticaloa,7.663718,81.540089,Dry Zone,Vertisols,6.41,1.07,13.66,159.65,1.06,67.09,26.44,6.47
SL_SOIL_02402,Jaffna,9.777939,79.796381,Dry Zone,Alfisols,7.94,0.565,13.28,178.21,0.82,67.93,15.24,16.83
SL_SOIL_02403,Ratnapura,6.632531,80.661581,Wet Zone,Ultisols,5.28,1.498,10.8,146.62,2.05,49.11,45.05,5.84
SL_SOIL_02404,Kegalle,7.196091,80.531568,Wet Zone,Ultisols,4.97,1.263,16.0,147.48,1.48,44.97,34.37,20.65
SL_SOIL_02405,Jaffna,9.628282,80.160815,Dry Zone,Alfisols,7.46,0.768,11.42,165.26,1.03,60.99,19.67,19.34
SL_SOIL_02406,Matara,5.900759,80.611158,Wet Zone,Ultisols,5.22,1.553,25.88,134.9,2.31,55.36,31.06,13.58
SL_SOIL_02407,Ratnapura,6.562119,80.313696,Wet Zone,Ultisols,5.09,1.685,20.61,139.6,3.09,37.13,38.72,24.15
SL_SOIL_02408,Ampara,7.384768,81.727792,Dry Zone,Vertisols,5.44,1.024,22.38,168.48,1.62,70.72,21.79,7.49
SL_SOIL_02409,Trincomalee,8.761864,80.880614,Dry Zone,Alfisols,5.6,0.838,11.99,124.74,1.15,64.08,23.03,12.89
SL_SOIL_02410,Matale,7.508046,80.835142,Intermediate Zone,Alfisols,6.2,1.078,14.22,143.81,2.08,53.76,30.43,15.82
SL_SOIL_02411,Kandy,7.337089,80.718033,Wet Zone,Ultisols,5.53,1.45,15.7,126.94,2.35,45.09,36.06,18.86
SL_SOIL_02412,Kurunegala,7.519826,80.267098,Intermediate Zone,Alfisols,6.39,0.751,12.49,120.98,1.15,65.1,26.08,8.82
SL_SOIL_02413,Ratnapura,6.69742,80.430033,Wet Zone,Ultisols,4.46,1.402,15.98,119.02,1.58,39.3,29.59,31.11
SL_SOIL_02414,Puttalam,7.740234,80.151338,Dry Zone,Alfisols,6.76,0.655,11.51,122.95,0.91,69.18,11.63,19.19
SL_SOIL_02415,Kandy,7.384253,80.704512,Wet Zone,Ultisols,5.17,1.598,21.08,129.36,2.8,47.09,27.42,25.49
SL_SOIL_02416,Galle,5.954377,80.209394,Wet Zone,Ultisols,4.72,1.371,18.61,129.42,2.43,42.16,34.03,23.81
SL_SOIL_02417,Jaffna,9.574982,80.120917,Dry Zone,Alfisols,7.29,0.552,5.22,174.66,0.82,69.41,19.59,11.0
SL_SOIL_02418,Kegalle,7.200263,80.256216,Wet Zone,Ultisols,5.48,1.548,19.75,109.1,2.09,54.59,36.82,8.59
SL_SOIL_02419,Kurunegala,7.633377,80.146096,Intermediate Zone,Alfisols,5.46,0.839,14.64,134.83,1.29,61.44,21.98,16.58
SL_SOIL_02420,Puttalam,7.663454,79.778498,Dry Zone,Alfisols,6.42,1.064,13.78,119.43,0.74,69.18,14.26,16.56
SL_SOIL_02421,Kandy,7.235485,80.621417,Wet Zone,Ultisols,5.88,1.444,14.48,137.36,2.32,45.08,29.14,25.78
SL_SOIL_02422,Jaffna,9.666835,79.927206,Dry Zone,Alfisols,8.22,0.947,12.34,151.84,1.02,69.18,12.46,18.36
SL_SOIL_02423,Colombo,6.831328,79.805575,Wet Zone,Ultisols,6.27,1.163,15.3,106.84,1.41,51.43,27.17,21.4
SL_SOIL_02424,Monaragala,6.848376,81.417299,Intermediate Zone,Alfisols,4.78,0.8,18.2,130.12,1.31,64.28,22.8,12.92
SL_SOIL_02425,Kurunegala,7.51376,80.513767,Intermediate Zone,Alfisols,6.11,1.016,18.36,135.76,1.63,59.46,24.47,16.08
SL_SOIL_02426,Matale,7.522624,80.803,Intermediate Zone,Alfisols,5.55,1.447,13.5,106.38,2.23,57.87,32.38,9.75
SL_SOIL_02427,Batticaloa,7.679961,81.307197,Dry Zone,Vertisols,7.2,1.119,13.62,127.85,1.4,63.48,20.9,15.61
SL_SOIL_02428,Trincomalee,8.684319,81.262599,Dry Zone,Alfisols,6.44,0.834,8.38,146.55,1.25,53.03,22.75,24.22
SL_SOIL_02429,Kalutara,6.427096,79.973053,Wet Zone,Ultisols,5.71,1.571,20.63,122.78,2.3,41.21,28.88,29.92
SL_SOIL_02430,Mannar,8.902069,79.816795,Dry Zone,Alfisols,7.36,0.963,5.62,171.9,0.96,61.54,14.38,24.09
SL_SOIL_02431,Gampaha,7.204425,79.870819,Wet Zone,Ultisols,5.94,1.121,7.32,105.39,1.11,63.16,21.41,15.43
SL_SOIL_02432,Colombo,6.959461,79.963608,Wet Zone,Ultisols,5.68,1.437,12.75,134.79,1.7,58.18,28.36,13.46
SL_SOIL_02433,Monaragala,7.074907,81.19783,Intermediate Zone,Alfisols,5.94,1.189,13.39,129.84,1.9,63.03,27.06,9.91
SL_SOIL_02434,Polonnaruwa,8.142592,81.116342,Dry Zone,Vertisols,6.67,0.896,10.01,150.8,1.09,66.53,18.01,15.47
SL_SOIL_02435,Trincomalee,8.606218,80.751712,Dry Zone,Alfisols,6.34,1.18,13.9,152.89,1.26,57.08,17.48,25.44
SL_SOIL_02436,Badulla,6.808036,81.092724,Up Country Intermediate Zone,Inceptisols,4.54,1.82,23.54,144.35,2.27,45.48,36.4,18.11
SL_SOIL_02437,Ampara,7.403988,81.871105,Dry Zone,Vertisols,5.99,0.796,5.28,141.55,1.52,64.87,25.09,10.04
SL_SOIL_02438,Matale,7.478891,80.660699,Intermediate Zone,Alfisols,6.15,1.005,22.09,129.35,1.68,49.78,26.6,23.62
SL_SOIL_02439,Batticaloa,7.898533,81.286295,Dry Zone,Vertisols,7.58,1.182,15.36,154.21,1.58,60.55,22.57,16.88
SL_SOIL_02440,Kalutara,6.459277,80.076039,Wet Zone,Ultisols,5.43,1.082,12.59,122.83,1.72,51.56,29.21,19.23
SL_SOIL_02441,Galle,6.146877,80.311902,Wet Zone,Ultisols,5.93,1.458,20.83,134.53,2.66,37.97,33.32,28.7
SL_SOIL_02442,Kilinochchi,9.635403,80.272009,Dry Zone,Alfisols,6.72,0.729,7.79,175.63,0.86,57.77,17.23,25.0
SL_SOIL_02443,Jaffna,9.67442,79.851614,Dry Zone,Alfisols,7.04,0.545,18.32,155.16,0.99,63.77,18.37,17.86
SL_SOIL_02444,Hambantota,6.298103,80.682886,Dry Zone,Alfisols,7.16,0.766,8.47,97.77,0.87,64.81,5.0,30.19
SL_SOIL_02445,Vavuniya,8.902188,80.441083,Dry Zone,Alfisols,6.56,1.259,16.08,161.02,1.45,58.58,27.82,13.6
SL_SOIL_02446,Mullaitivu,9.101894,80.456258,Dry Zone,Alfisols,6.73,1.129,11.6,139.92,0.85,69.55,12.57,17.88
SL_SOIL_02447,Kegalle,7.183514,80.259894,Wet Zone,Ultisols,4.8,1.153,18.83,148.22,1.9,39.66,42.66,17.68
SL_SOIL_02448,Kegalle,7.118257,80.390219,Wet Zone,Ultisols,5.57,1.222,12.37,119.57,1.41,48.29,28.43,23.28
SL_SOIL_02449,Gampaha,7.122563,79.851898,Wet Zone,Ultisols,6.6,1.025,10.8,107.98,0.87,60.2,32.91,6.89
SL_SOIL_02450,Kalutara,6.597655,80.030752,Wet Zone,Ultisols,5.62,1.193,15.51,123.01,1.74,48.64,27.49,23.87
SL_SOIL_02451,Galle,6.198876,80.206961,Wet Zone,Ultisols,4.89,1.401,18.1,122.48,2.29,41.28,28.14,30.57
SL_SOIL_02452,Polonnaruwa,7.998919,80.815833,Dry Zone,Vertisols,6.39,1.171,8.65,120.93,0.68,66.86,16.19,16.95
SL_SOIL_02453,Kurunegala,7.406592,80.436231,Intermediate Zone,Alfisols,6.09,0.869,15.4,146.25,1.22,57.41,21.65,20.94
SL_SOIL_02454,Kalutara,6.721237,80.143839,Wet Zone,Ultisols,5.04,1.225,14.45,119.63,1.84,48.73,24.74,26.53
SL_SOIL_02455,Jaffna,9.849819,79.845932,Dry Zone,Alfisols,7.56,0.278,15.67,167.14,0.68,70.71,11.25,18.04
SL_SOIL_02456,Badulla,7.078915,80.962479,Up Country Intermediate Zone,Inceptisols,5.05,1.211,18.25,151.31,2.07,43.9,41.55,14.55
SL_SOIL_02457,Galle,6.179017,80.297485,Wet Zone,Ultisols,5.4,1.324,17.79,142.43,1.95,51.12,31.3,17.57
SL_SOIL_02458,Hambantota,6.080972,80.987585,Dry Zone,Alfisols,6.52,0.845,5.1,88.77,0.77,77.71,5.0,17.29
SL_SOIL_02459,Trincomalee,8.503093,81.236514,Dry Zone,Alfisols,6.42,1.325,15.29,128.8,1.3,64.73,18.56,16.72
SL_SOIL_02460,Kilinochchi,9.30355,80.262764,Dry Zone,Alfisols,6.17,0.752,14.57,151.42,1.01,74.28,19.76,5.96
SL_SOIL_02461,Galle,6.121783,80.23008,Wet Zone,Ultisols,5.41,1.345,9.49,139.27,2.66,55.2,24.27,20.53
SL_SOIL_02462,Ratnapura,6.723375,80.413582,Wet Zone,Ultisols,4.85,1.64,15.1,131.76,2.49,48.77,36.08,15.15
SL_SOIL_02463,Vavuniya,8.978557,80.650995,Dry Zone,Alfisols,6.74,1.111,21.84,152.38,1.4,64.69,20.48,14.83
SL_SOIL_02464,Puttalam,7.858531,79.814408,Dry Zone,Alfisols,6.72,0.621,16.1,118.54,1.16,69.55,12.62,17.83
SL_SOIL_02465,Kandy,7.341874,80.740472,Wet Zone,Ultisols,6.07,1.572,18.08,138.49,2.28,46.53,32.51,20.96
SL_SOIL_02466,Nuwara Eliya,7.059111,80.771387,Up Country Wet Zone,Inceptisols,4.88,1.707,23.66,152.15,3.94,38.17,41.55,20.28
SL_SOIL_02467,Jaffna,9.585411,80.010687,Dry Zone,Alfisols,7.78,0.865,11.68,179.49,0.88,66.34,24.14,9.53
SL_SOIL_02468,Galle,6.088057,80.13936,Wet Zone,Ultisols,5.25,1.245,16.07,138.31,1.93,50.01,36.67,13.32
SL_SOIL_02469,Mullaitivu,9.383162,80.653201,Dry Zone,Alfisols,6.89,0.791,10.6,178.7,1.37,65.67,10.14,24.2
SL_SOIL_02470,Vavuniya,8.815878,80.343182,Dry Zone,Alfisols,7.29,1.15,9.59,176.22,1.46,65.16,21.79,13.05
SL_SOIL_02471,Kandy,7.364964,80.583732,Wet Zone,Ultisols,5.93,1.158,12.46,129.82,1.98,38.85,34.62,26.53
SL_SOIL_02472,Matara,6.112417,80.680191,Wet Zone,Ultisols,5.66,1.31,10.47,106.38,1.59,45.67,23.86,30.47
SL_SOIL_02473,Matale,7.700994,80.560197,Intermediate Zone,Alfisols,5.88,1.216,11.62,148.35,2.11,59.91,19.95,20.14
SL_SOIL_02474,Colombo,6.889712,79.959998,Wet Zone,Ultisols,6.26,1.11,12.13,128.19,1.6,51.2,28.83,19.97
SL_SOIL_02475,Kandy,7.21041,80.65008,Wet Zone,Ultisols,5.53,1.332,15.56,133.91,2.01,45.14,27.92,26.94
SL_SOIL_02476,Kalutara,6.722784,80.201376,Wet Zone,Ultisols,5.53,1.531,10.96,145.36,1.93,41.97,34.24,23.79
SL_SOIL_02477,Hambantota,6.099834,81.07984,Dry Zone,Alfisols,6.68,0.509,3.6,101.26,0.99,70.67,14.33,15.0
SL_SOIL_02478,Matara,6.067602,80.464594,Wet Zone,Ultisols,5.39,1.082,15.84,150.2,1.34,57.06,27.07,15.87
SL_SOIL_02479,Colombo,6.934902,79.837898,Wet Zone,Ultisols,5.51,1.26,13.57,132.15,1.75,54.44,22.75,22.81
SL_SOIL_02480,Nuwara Eliya,6.938206,80.741581,Up Country Wet Zone,Inceptisols,4.62,2.018,27.7,162.25,3.58,43.12,39.54,17.34
SL_SOIL_02481,Hambantota,6.145159,80.991609,Dry Zone,Alfisols,7.13,0.937,9.57,123.42,1.09,67.93,19.02,13.05
SL_SOIL_02482,Galle,6.167576,80.207883,Wet Zone,Ultisols,4.87,1.261,15.34,119.61,1.66,54.11,32.47,13.42
SL_SOIL_02483,Kandy,7.383714,80.690297,Wet Zone,Ultisols,5.41,1.433,17.04,143.4,2.76,37.56,39.07,23.36
SL_SOIL_02484,Mullaitivu,9.372548,80.746386,Dry Zone,Alfisols,6.5,0.716,15.79,151.33,1.46,70.89,22.69,6.43
SL_SOIL_02485,Trincomalee,8.694546,81.47558,Dry Zone,Alfisols,6.33,1.012,8.27,142.74,0.96,72.81,13.51,13.68
SL_SOIL_02486,Gampaha,7.009939,79.926091,Wet Zone,Ultisols,6.16,1.303,11.19,125.46,2.01,56.93,19.46,23.61
SL_SOIL_02487,Matale,7.43769,80.719215,Intermediate Zone,Alfisols,5.19,0.99,18.61,129.14,1.69,49.84,24.45,25.71
SL_SOIL_02488,Mannar,8.87457,79.822576,Dry Zone,Alfisols,7.47,0.767,9.26,142.43,1.0,73.07,7.31,19.62
SL_SOIL_02489,Polonnaruwa,7.707723,81.255365,Dry Zone,Vertisols,5.99,1.056,14.63,147.84,1.5,58.93,22.34,18.73
SL_SOIL_02490,Matara,6.088357,80.476371,Wet Zone,Ultisols,5.41,1.255,14.93,148.14,1.82,57.94,31.88,10.18
SL_SOIL_02491,Nuwara Eliya,7.050916,80.858745,Up Country Wet Zone,Inceptisols,4.7,1.929,22.21,148.65,3.92,34.78,43.68,21.55
SL_SOIL_02492,Matara,5.904748,80.68488,Wet Zone,Ultisols,5.45,1.257,14.1,141.83,1.67,49.86,30.23,19.9
SL_SOIL_02493,Kurunegala,7.770861,80.571672,Intermediate Zone,Alfisols,6.39,0.985,13.36,130.72,1.17,70.89,20.17,8.94
SL_SOIL_02494,Kalutara,6.583501,80.151447,Wet Zone,Ultisols,5.51,1.288,17.29,111.9,1.45,48.19,22.04,29.76
SL_SOIL_02495,Badulla,6.900196,81.040814,Up Country Intermediate Zone,Inceptisols,4.92,1.39,13.28,138.4,1.66,33.99,30.09,35.92
SL_SOIL_02496,Mannar,9.073518,79.887992,Dry Zone,Alfisols,7.48,0.568,6.63,162.33,0.78,66.99,16.36,16.65
SL_SOIL_02497,Kalutara,6.407225,80.0637,Wet Zone,Ultisols,6.08,1.094,14.58,121.01,1.35,41.69,31.74,26.57
SL_SOIL_02498,Badulla,7.097561,80.855373,Up Country Intermediate Zone,Inceptisols,5.35,1.688,19.07,144.68,2.73,52.25,27.36,20.38
SL_SOIL_02499,Nuwara Eliya,7.02337,80.726562,Up Country Wet Zone,Inceptisols,4.7,1.681,19.33,115.32,2.62,44.09,34.85,21.06
SL_SOIL_02500,Gampaha,7.017058,80.085599,Wet Zone,Ultisols,5.87,1.236,12.76,99.78,1.57,48.34,16.27,35.39
SL_SOIL_02501,Monaragala,7.039657,81.104841,Intermediate Zone,Alfisols,6.24,0.845,11.65,105.51,1.22,66.72,19.64,13.64
SL_SOIL_02502,Mannar,8.87199,79.867417,Dry Zone,Alfisols,7.23,0.764,4.28,148.71,0.54,69.31,17.16,13.52
SL_SOIL_02503,Gampaha,7.202812,79.943367,Wet Zone,Ultisols,5.9,1.059,5.3,116.77,1.3,54.07,17.72,28.21
SL_SOIL_02504,Nuwara Eliya,7.035399,80.675841,Up Country Wet Zone,Inceptisols,4.7,2.202,16.34,175.58,4.42,40.28,25.28,34.43
SL_SOIL_02505,Trincomalee,8.516892,81.068947,Dry Zone,Alfisols,6.55,0.868,7.91,143.4,1.66,60.09,18.72,21.18
SL_SOIL_02506,Kalutara,6.662823,80.284287,Wet Zone,Ultisols,5.54,1.201,10.59,132.54,1.27,44.76,24.44,30.8
SL_SOIL_02507,Gampaha,7.08581,79.894297,Wet Zone,Ultisols,5.2,1.113,17.07,117.37,1.77,68.27,21.71,10.02
SL_SOIL_02508,Monaragala,7.299103,81.483617,Intermediate Zone,Alfisols,5.77,0.727,10.56,130.49,1.45,67.35,24.65,8.0
SL_SOIL_02509,Anuradhapura,8.186162,80.807538,Dry Zone,Alfisols,6.04,0.813,4.54,127.09,1.01,62.51,15.86,21.63
SL_SOIL_02510,Matara,6.123496,80.699953,Wet Zone,Ultisols,5.3,1.583,19.63,144.59,2.64,49.92,21.78,28.3
SL_SOIL_02511,Badulla,7.014047,80.975899,Up Country Intermediate Zone,Inceptisols,5.39,1.317,11.77,126.91,1.95,41.97,35.68,22.35
SL_SOIL_02512,Mannar,9.133899,79.948119,Dry Zone,Alfisols,7.57,0.855,10.4,135.88,1.18,78.62,13.31,8.06
SL_SOIL_02513,Kandy,7.420727,80.575849,Wet Zone,Ultisols,5.43,1.361,11.75,143.76,2.01,31.75,34.22,34.04
SL_SOIL_02514,Matale,7.48606,80.832163,Intermediate Zone,Alfisols,5.07,1.372,17.88,132.16,2.39,61.96,30.09,7.95
SL_SOIL_02515,Mullaitivu,9.359537,80.596748,Dry Zone,Alfisols,7.16,0.841,8.47,159.63,0.92,70.01,11.65,18.34
SL_SOIL_02516,Batticaloa,7.982268,81.056791,Dry Zone,Vertisols,6.92,1.006,10.98,165.3,1.25,56.07,32.63,11.3
SL_SOIL_02517,Kegalle,7.069961,80.452395,Wet Zone,Ultisols,5.46,1.729,17.06,109.05,2.23,44.19,36.05,19.75
SL_SOIL_02518,Monaragala,6.71492,81.1491,Intermediate Zone,Alfisols,5.84,0.978,8.79,143.75,1.06,58.03,13.49,28.49
SL_SOIL_02519,Ampara,7.093547,81.649171,Dry Zone,Vertisols,5.56,1.153,7.78,147.9,1.63,56.25,17.38,26.37
SL_SOIL_02520,Jaffna,9.603855,79.736492,Dry Zone,Alfisols,7.76,1.107,13.79,173.0,1.17,67.96,11.72,20.32
SL_SOIL_02521,Kegalle,7.132634,80.401591,Wet Zone,Ultisols,5.71,1.127,14.45,145.11,1.52,46.39,26.75,26.87
SL_SOIL_02522,Monaragala,6.790656,81.264136,Intermediate Zone,Alfisols,6.27,1.006,11.12,140.42,1.46,67.97,16.24,15.79
SL_SOIL_02523,Ampara,7.037627,81.660623,Dry Zone,Vertisols,6.31,1.005,12.8,140.27,1.2,47.97,18.41,33.62
SL_SOIL_02524,Mannar,9.044028,80.017411,Dry Zone,Alfisols,7.12,0.628,6.46,168.19,0.87,68.01,21.16,10.83
SL_SOIL_02525,Trincomalee,8.740569,81.096877,Dry Zone,Alfisols,7.3,1.033,9.2,156.88,1.3,62.71,11.56,25.73
SL_SOIL_02526,Ampara,7.02115,81.807962,Dry Zone,Vertisols,6.8,1.124,20.78,133.68,1.53,54.16,27.1,18.74
SL_SOIL_02527,Mannar,9.019858,79.952739,Dry Zone,Alfisols,6.93,0.321,10.29,169.22,0.49,69.66,12.04,18.29
SL_SOIL_02528,Matara,6.063428,80.502193,Wet Zone,Ultisols,5.25,1.184,11.79,130.35,1.2,53.04,20.25,26.72
SL_SOIL_02529,Anuradhapura,7.994962,80.77849,Dry Zone,Alfisols,6.68,1.058,9.68,115.46,1.15,67.91,20.67,11.42
SL_SOIL_02530,Kalutara,6.713748,79.983315,Wet Zone,Ultisols,5.16,1.384,21.05,113.6,1.91,52.95,25.54,21.5
SL_SOIL_02531,Ampara,7.294403,81.619415,Dry Zone,Vertisols,6.56,1.099,22.7,144.57,1.9,62.77,20.27,16.96
SL_SOIL_02532,Mullaitivu,9.309746,80.72241,Dry Zone,Alfisols,6.42,0.934,11.64,156.35,1.25,60.69,18.7,20.61
SL_SOIL_02533,Monaragala,7.20797,81.502203,Intermediate Zone,Alfisols,6.06,0.693,9.06,124.19,1.51,62.05,19.65,18.3
SL_SOIL_02534,Puttalam,8.25108,80.139629,Dry Zone,Alfisols,6.92,0.995,8.77,112.46,1.01,74.16,14.15,11.69
SL_SOIL_02535,Matara,5.910658,80.619416,Wet Zone,Ultisols,5.78,1.504,11.66,137.34,2.21,48.92,26.34,24.74
SL_SOIL_02536,Badulla,6.936966,81.097618,Up Country Intermediate Zone,Inceptisols,4.65,1.529,16.47,142.17,2.08,41.54,27.71,30.75
SL_SOIL_02537,Matale,7.441843,80.729121,Intermediate Zone,Alfisols,5.78,1.193,19.87,124.23,1.56,50.2,29.5,20.3
SL_SOIL_02538,Anuradhapura,8.259244,80.34336,Dry Zone,Alfisols,6.25,1.003,10.93,112.93,1.25,72.41,19.39,8.2
SL_SOIL_02539,Matara,5.9999,80.547444,Wet Zone,Ultisols,5.95,1.071,19.4,140.78,1.97,47.74,23.39,28.87
SL_SOIL_02540,Ratnapura,6.603548,80.683036,Wet Zone,Ultisols,5.03,1.363,13.94,111.78,1.96,50.95,29.69,19.36
SL_SOIL_02541,Mannar,9.01514,80.046689,Dry Zone,Alfisols,6.98,0.696,15.63,186.07,0.86,77.36,12.11,10.54
SL_SOIL_02542,Colombo,6.971603,79.861195,Wet Zone,Ultisols,6.36,1.104,18.3,129.38,1.63,51.92,26.57,21.51
SL_SOIL_02543,Kegalle,7.315527,80.298292,Wet Zone,Ultisols,5.48,1.272,7.58,107.56,1.56,45.04,29.02,25.95
SL_SOIL_02544,Polonnaruwa,7.87308,80.990788,Dry Zone,Vertisols,5.8,1.034,18.94,150.91,1.02,62.6,23.89,13.51
SL_SOIL_02545,Anuradhapura,8.011066,80.382956,Dry Zone,Alfisols,6.78,0.911,3.9,134.98,1.12,72.45,13.9,13.65
SL_SOIL_02546,Nuwara Eliya,6.862661,80.747111,Up Country Wet Zone,Inceptisols,4.88,1.603,26.75,154.0,3.46,39.34,42.79,17.86
SL_SOIL_02547,Badulla,6.81755,81.117224,Up Country Intermediate Zone,Inceptisols,5.47,1.339,5.77,123.71,1.96,49.0,34.92,16.08
SL_SOIL_02548,Kurunegala,7.384989,80.548204,Intermediate Zone,Alfisols,6.03,0.764,20.38,124.4,0.92,61.43,23.62,14.95
SL_SOIL_02549,Matara,6.003157,80.66964,Wet Zone,Ultisols,5.79,1.228,12.56,133.41,1.77,43.71,29.14,27.15
SL_SOIL_02550,Galle,6.198262,80.284115,Wet Zone,Ultisols,5.51,1.534,13.18,141.03,2.41,52.44,33.25,14.31
SL_SOIL_02551,Colombo,6.842606,79.82168,Wet Zone,Ultisols,6.15,1.057,12.09,137.91,1.7,46.94,31.5,21.56
SL_SOIL_02552,Polonnaruwa,8.02065,80.931772,Dry Zone,Vertisols,6.41,0.971,5.22,154.44,1.03,58.24,18.93,22.83
SL_SOIL_02553,Ampara,7.438852,81.693019,Dry Zone,Vertisols,6.33,1.158,16.02,137.87,1.7,64.34,28.35,7.31
SL_SOIL_02554,Mannar,8.919878,80.011098,Dry Zone,Alfisols,7.39,0.869,9.73,161.89,0.81,75.71,15.36,8.92
SL_SOIL_02555,Nuwara Eliya,6.978051,80.725702,Up Country Wet Zone,Inceptisols,4.94,2.003,16.18,167.29,3.45,37.82,31.25,30.92
SL_SOIL_02556,Anuradhapura,8.28386,80.824488,Dry Zone,Alfisols,6.83,0.789,11.31,140.48,0.88,60.1,15.95,23.95
SL_SOIL_02557,Gampaha,7.023213,79.933621,Wet Zone,Ultisols,5.47,1.158,15.01,105.98,2.11,63.21,20.54,16.26
SL_SOIL_02558,Vavuniya,8.727656,80.626977,Dry Zone,Alfisols,5.83,1.192,13.96,152.9,1.51,62.57,14.99,22.44
SL_SOIL_02559,Kandy,7.311889,80.708346,Wet Zone,Ultisols,5.41,1.42,18.59,133.99,2.12,44.92,29.93,25.15
SL_SOIL_02560,Colombo,6.936442,79.927352,Wet Zone,Ultisols,6.38,1.022,10.79,115.76,1.37,50.71,24.36,24.93
SL_SOIL_02561,Monaragala,7.213903,81.345289,Intermediate Zone,Alfisols,5.43,1.171,9.08,122.95,1.54,65.15,16.85,18.0
SL_SOIL_02562,Kurunegala,7.407241,80.398863,Intermediate Zone,Alfisols,6.68,0.704,10.47,126.41,1.01,65.08,27.31,7.61
SL_SOIL_02563,Mullaitivu,9.333854,80.726761,Dry Zone,Alfisols,6.54,0.895,14.37,150.09,0.71,71.09,6.46,22.46
SL_SOIL_02564,Gampaha,7.104795,80.105122,Wet Zone,Ultisols,5.54,1.592,17.74,112.76,1.81,47.4,26.58,26.02
SL_SOIL_02565,Hambantota,6.155436,80.746242,Dry Zone,Alfisols,6.24,0.935,6.69,122.37,1.07,76.51,15.79,7.7
SL_SOIL_02566,Polonnaruwa,7.808772,80.955926,Dry Zone,Vertisols,6.78,1.105,14.92,164.68,1.46,60.56,29.56,9.88
SL_SOIL_02567,Gampaha,7.082952,79.855854,Wet Zone,Ultisols,5.68,1.183,11.94,136.2,1.23,61.38,27.76,10.86
SL_SOIL_02568,Kegalle,7.263249,80.20363,Wet Zone,Ultisols,4.75,1.466,13.1,149.9,2.4,40.24,33.78,25.98
SL_SOIL_02569,Hambantota,6.238579,80.600627,Dry Zone,Alfisols,6.4,0.899,6.14,121.93,1.06,71.99,12.06,15.94
SL_SOIL_02570,Colombo,6.900312,80.031916,Wet Zone,Ultisols,6.29,0.982,4.85,117.33,1.22,60.08,21.38,18.54
SL_SOIL_02571,Kilinochchi,9.611793,80.450927,Dry Zone,Alfisols,6.68,1.194,14.4,143.74,1.11,64.85,21.62,13.53
SL_SOIL_02572,Kalutara,6.622329,80.009206,Wet Zone,Ultisols,5.67,1.213,16.88,145.4,1.72,45.52,30.26,24.21
SL_SOIL_02573,Anuradhapura,7.942648,80.379743,Dry Zone,Alfisols,6.27,0.897,9.02,118.82,1.12,70.77,17.65,11.58
SL_SOIL_02574,Monaragala,6.660897,81.130695,Intermediate Zone,Alfisols,6.12,1.06,16.45,127.67,0.89,66.96,24.88,8.16
SL_SOIL_02575,Kandy,7.421514,80.589872,Wet Zone,Ultisols,5.57,1.416,7.24,125.3,1.88,56.79,33.93,9.28
SL_SOIL_02576,Kurunegala,7.872012,80.107678,Intermediate Zone,Alfisols,5.92,1.298,8.61,120.82,0.98,65.6,16.85,17.56
SL_SOIL_02577,Monaragala,6.975337,81.588693,Intermediate Zone,Alfisols,5.49,1.052,8.13,136.38,1.31,67.18,14.89,17.93
SL_SOIL_02578,Nuwara Eliya,6.877085,80.650062,Up Country Wet Zone,Inceptisols,4.97,1.685,17.2,151.21,3.35,36.46,40.89,22.65
SL_SOIL_02579,Kalutara,6.487245,80.028455,Wet Zone,Ultisols,5.05,1.168,5.99,122.73,1.18,49.49,37.43,13.08
SL_SOIL_02580,Badulla,6.866671,81.113475,Up Country Intermediate Zone,Inceptisols,5.41,1.372,15.04,130.4,2.04,48.42,32.05,19.52
SL_SOIL_02581,Kilinochchi,9.410754,80.549651,Dry Zone,Alfisols,7.16,1.212,8.32,172.69,1.39,51.67,10.22,38.11
SL_SOIL_02582,Batticaloa,7.669868,81.01083,Dry Zone,Vertisols,7.01,1.119,12.17,137.75,1.41,49.15,17.69,33.15
SL_SOIL_02583,Badulla,7.119297,81.103897,Up Country Intermediate Zone,Inceptisols,5.3,1.777,21.77,152.23,2.39,51.94,35.75,12.32
SL_SOIL_02584,Matale,7.448183,80.828508,Intermediate Zone,Alfisols,5.77,1.284,10.55,136.95,1.61,58.75,24.86,16.39
SL_SOIL_02585,Anuradhapura,8.441493,80.702711,Dry Zone,Alfisols,5.99,0.691,10.96,140.5,0.95,68.0,19.9,12.09
SL_SOIL_02586,Jaffna,9.690718,80.157902,Dry Zone,Alfisols,7.31,0.914,8.28,163.17,1.04,67.53,23.88,8.6
SL_SOIL_02587,Mannar,9.009259,80.044122,Dry Zone,Alfisols,8.16,0.612,13.41,158.43,0.59,69.91,14.99,15.1
SL_SOIL_02588,Batticaloa,7.629025,81.134214,Dry Zone,Vertisols,7.74,0.867,16.88,166.01,1.02,52.41,25.04,22.55
SL_SOIL_02589,Trincomalee,8.523265,81.329912,Dry Zone,Alfisols,6.96,1.136,3.11,144.4,1.29,69.84,13.97,16.2
SL_SOIL_02590,Jaffna,9.703301,80.167474,Dry Zone,Alfisols,8.0,1.016,14.47,171.93,0.91,64.9,13.87,21.23
SL_SOIL_02591,Nuwara Eliya,6.931457,80.7538,Up Country Wet Zone,Inceptisols,4.88,1.325,13.89,116.26,2.08,46.11,37.43,16.46
SL_SOIL_02592,Kurunegala,7.771191,80.449308,Intermediate Zone,Alfisols,5.4,1.105,14.05,137.32,1.35,58.76,17.27,23.97
SL_SOIL_02593,Mullaitivu,9.217124,80.518716,Dry Zone,Alfisols,7.03,0.819,11.36,148.89,1.13,63.98,8.36,27.66
SL_SOIL_02594,Kalutara,6.548157,79.956078,Wet Zone,Ultisols,5.43,1.296,25.41,132.48,1.61,47.15,26.89,25.96
SL_SOIL_02595,Ratnapura,6.849036,80.368379,Wet Zone,Ultisols,5.0,1.418,19.02,129.59,2.27,48.43,33.91,17.66
SL_SOIL_02596,Jaffna,9.550305,79.990554,Dry Zone,Alfisols,6.87,0.462,12.86,147.71,0.71,67.0,13.16,19.84
SL_SOIL_02597,Vavuniya,8.956259,80.456222,Dry Zone,Alfisols,6.97,0.903,10.57,148.28,1.02,61.5,24.26,14.23
SL_SOIL_02598,Nuwara Eliya,6.900549,80.787106,Up Country Wet Zone,Inceptisols,4.4,1.59,9.26,113.75,2.7,33.06,33.3,33.64
SL_SOIL_02599,Kalutara,6.478504,79.952079,Wet Zone,Ultisols,5.21,1.299,22.6,115.58,1.61,52.29,34.23,13.49
SL_SOIL_02600,Ampara,7.358,81.531566,Dry Zone,Vertisols,6.77,1.423,21.91,135.54,1.82,59.44,21.55,19.01
SL_SOIL_02601,Galle,6.101504,80.152656,Wet Zone,Ultisols,5.37,1.296,25.91,148.79,2.07,45.49,29.88,24.63
SL_SOIL_02602,Anuradhapura,7.904309,80.65776,Dry Zone,Alfisols,6.47,0.974,11.83,110.05,1.21,79.78,13.84,6.38
SL_SOIL_02603,Vavuniya,8.625577,80.653605,Dry Zone,Alfisols,6.97,1.139,7.52,137.45,1.21,61.16,17.42,21.43
SL_SOIL_02604,Hambantota,6.217048,80.97941,Dry Zone,Alfisols,6.31,0.989,10.31,97.49,1.42,74.29,16.19,9.52
SL_SOIL_02605,Batticaloa,7.98299,81.153073,Dry Zone,Vertisols,6.87,1.391,14.07,139.97,1.15,53.04,24.64,22.31
SL_SOIL_02606,Polonnaruwa,7.822874,81.01246,Dry Zone,Vertisols,6.14,1.012,20.68,133.73,1.22,46.82,20.89,32.29
SL_SOIL_02607,Kalutara,6.619249,80.219441,Wet Zone,Ultisols,5.88,1.275,10.61,114.84,1.96,46.39,31.17,22.44
SL_SOIL_02608,Gampaha,7.134502,79.935921,Wet Zone,Ultisols,5.67,1.011,16.2,93.58,1.99,52.75,16.58,30.67
SL_SOIL_02609,Gampaha,7.176432,80.025386,Wet Zone,Ultisols,6.07,1.093,15.86,121.16,1.93,50.95,28.38,20.67
SL_SOIL_02610,Kalutara,6.716162,80.087387,Wet Zone,Ultisols,5.65,1.493,22.56,122.18,1.85,48.26,25.55,26.19
SL_SOIL_02611,Kurunegala,7.871734,80.402447,Intermediate Zone,Alfisols,5.83,0.946,11.26,128.75,0.94,50.26,28.71,21.03
SL_SOIL_02612,Vavuniya,8.807148,80.542295,Dry Zone,Alfisols,6.67,0.964,18.62,135.39,1.1,65.51,24.19,10.3
SL_SOIL_02613,Anuradhapura,8.031822,80.722222,Dry Zone,Alfisols,6.52,1.113,18.19,130.6,1.11,69.37,12.2,18.43
SL_SOIL_02614,Kurunegala,7.8873,80.304986,Intermediate Zone,Alfisols,6.13,0.873,8.89,161.42,1.38,59.43,24.39,16.19
SL_SOIL_02615,Jaffna,9.553971,79.861734,Dry Zone,Alfisols,7.51,0.915,10.06,165.93,0.86,78.25,13.08,8.67
SL_SOIL_02616,Kegalle,7.242395,80.266572,Wet Zone,Ultisols,4.81,1.496,14.74,136.2,1.81,50.12,37.3,12.58
SL_SOIL_02617,Gampaha,7.13865,80.054639,Wet Zone,Ultisols,5.88,1.154,15.91,107.5,1.96,53.45,20.62,25.93
SL_SOIL_02618,Kegalle,7.073852,80.348549,Wet Zone,Ultisols,5.74,1.233,7.96,130.15,2.42,46.39,37.22,16.39
SL_SOIL_02619,Badulla,6.988276,81.14632,Up Country Intermediate Zone,Inceptisols,5.13,1.394,4.94,131.01,1.94,44.52,30.07,25.41
SL_SOIL_02620,Colombo,6.88809,79.80279,Wet Zone,Ultisols,5.57,1.337,18.44,129.81,1.99,55.69,36.16,8.15
SL_SOIL_02621,Kandy,7.254755,80.605925,Wet Zone,Ultisols,5.35,1.464,12.16,158.23,2.07,45.93,27.18,26.89
SL_SOIL_02622,Vavuniya,8.864031,80.543549,Dry Zone,Alfisols,6.69,0.921,18.51,132.1,0.62,60.61,17.26,22.13
SL_SOIL_02623,Colombo,6.834511,79.884536,Wet Zone,Ultisols,6.13,0.74,11.24,111.35,1.66,60.13,24.66,15.21
SL_SOIL_02624,Vavuniya,8.91652,80.570819,Dry Zone,Alfisols,6.57,0.868,7.17,163.04,1.26,63.9,29.52,6.58
SL_SOIL_02625,Ampara,7.255851,81.566456,Dry Zone,Vertisols,6.53,0.966,9.08,156.27,1.23,51.76,27.06,21.18
SL_SOIL_02626,Badulla,6.982308,81.13037,Up Country Intermediate Zone,Inceptisols,4.63,1.592,15.26,128.85,2.79,51.32,32.18,16.5
SL_SOIL_02627,Vavuniya,8.640837,80.566759,Dry Zone,Alfisols,6.59,0.699,10.4,164.39,1.25,57.1,26.51,16.39
SL_SOIL_02628,Anuradhapura,8.480787,80.759599,Dry Zone,Alfisols,6.41,0.766,7.94,121.07,1.0,75.5,10.22,14.28
SL_SOIL_02629,Kalutara,6.480719,80.105608,Wet Zone,Ultisols,5.3,1.498,21.06,102.98,1.76,40.93,27.17,31.9
SL_SOIL_02630,Kalutara,6.554967,80.038321,Wet Zone,Ultisols,5.77,1.567,14.5,104.71,2.17,56.3,23.4,20.31
SL_SOIL_02631,Hambantota,6.294875,81.044508,Dry Zone,Alfisols,6.69,0.866,10.6,123.43,0.9,59.55,12.59,27.85
SL_SOIL_02632,Nuwara Eliya,6.875998,80.801665,Up Country Wet Zone,Inceptisols,5.36,1.666,19.49,141.42,3.66,47.46,33.72,18.82
SL_SOIL_02633,Kegalle,7.195913,80.346791,Wet Zone,Ultisols,5.07,1.458,10.2,119.65,2.0,47.96,28.7,23.33
SL_SOIL_02634,Mullaitivu,9.204691,80.980729,Dry Zone,Alfisols,6.82,0.763,10.22,170.12,1.22,62.59,30.25,7.15
SL_SOIL_02635,Polonnaruwa,7.841682,81.177371,Dry Zone,Vertisols,6.6,0.8,19.19,150.57,1.27,62.09,27.4,10.51
SL_SOIL_02636,Gampaha,7.139305,80.045698,Wet Zone,Ultisols,5.23,0.77,12.96,98.07,0.97,61.12,18.07,20.81
SL_SOIL_02637,Matara,6.141768,80.514103,Wet Zone,Ultisols,4.95,1.69,10.48,138.08,1.65,47.45,27.56,24.99
SL_SOIL_02638,Polonnaruwa,8.118149,80.865594,Dry Zone,Vertisols,6.44,0.796,12.64,140.14,1.28,63.33,20.59,16.08
SL_SOIL_02639,Gampaha,7.043556,80.079125,Wet Zone,Ultisols,5.51,1.021,11.15,110.06,1.7,55.35,23.29,21.37
SL_SOIL_02640,Kandy,7.28066,80.73165,Wet Zone,Ultisols,5.09,1.308,5.24,148.01,2.27,49.25,34.73,16.01
SL_SOIL_02641,Kegalle,7.154748,80.449032,Wet Zone,Ultisols,4.67,1.601,20.96,154.01,2.51,40.96,36.68,22.36
SL_SOIL_02642,Batticaloa,7.825418,81.347632,Dry Zone,Vertisols,6.71,0.89,8.67,123.02,1.31,66.07,20.5,13.43
SL_SOIL_02643,Kandy,7.362865,80.727982,Wet Zone,Ultisols,4.99,1.647,20.48,143.74,2.58,48.8,33.77,17.43
SL_SOIL_02644,Mullaitivu,9.267229,80.753758,Dry Zone,Alfisols,6.7,1.041,7.59,160.68,1.09,70.06,23.38,6.56
SL_SOIL_02645,Mannar,9.137756,79.905458,Dry Zone,Alfisols,6.95,0.927,6.23,166.19,0.98,73.68,15.44,10.88
SL_SOIL_02646,Mullaitivu,9.030668,80.635254,Dry Zone,Alfisols,6.81,0.811,10.53,137.81,1.29,69.36,14.15,16.49
SL_SOIL_02647,Vavuniya,8.827914,80.415009,Dry Zone,Alfisols,6.91,0.931,6.16,134.3,1.08,64.32,21.48,14.2
SL_SOIL_02648,Anuradhapura,8.123184,80.699669,Dry Zone,Alfisols,6.37,0.758,10.35,128.9,1.04,60.41,13.74,25.86
SL_SOIL_02649,Kurunegala,7.873138,80.200565,Intermediate Zone,Alfisols,6.59,0.791,10.02,123.85,0.87,64.49,14.8,20.71
SL_SOIL_02650,Nuwara Eliya,7.066338,80.722857,Up Country Wet Zone,Inceptisols,4.73,1.645,23.05,139.12,3.25,35.21,40.95,23.85
SL_SOIL_02651,Kilinochchi,9.497621,80.262974,Dry Zone,Alfisols,7.51,0.681,9.41,150.33,0.9,69.6,11.16,19.24
SL_SOIL_02652,Gampaha,7.185402,79.900661,Wet Zone,Ultisols,6.64,1.253,15.47,118.84,1.9,61.79,20.87,17.33
SL_SOIL_02653,Monaragala,6.81629,81.257918,Intermediate Zone,Alfisols,6.05,1.034,10.39,143.99,1.21,62.01,16.89,21.09
SL_SOIL_02654,Puttalam,7.988473,79.954719,Dry Zone,Alfisols,6.56,0.684,11.71,113.2,1.21,72.64,12.47,14.89
SL_SOIL_02655,Puttalam,8.236726,79.929898,Dry Zone,Alfisols,6.61,0.807,7.36,113.83,0.98,71.34,17.32,11.34
SL_SOIL_02656,Matale,7.568241,80.75383,Intermediate Zone,Alfisols,5.47,1.065,12.93,115.55,1.6,52.89,32.12,14.99
SL_SOIL_02657,Puttalam,8.236024,80.133724,Dry Zone,Alfisols,6.64,0.825,10.62,128.33,0.88,80.63,10.6,8.77
SL_SOIL_02658,Gampaha,7.196992,80.121576,Wet Zone,Ultisols,5.66,1.561,19.74,121.41,2.59,57.6,26.83,15.57
SL_SOIL_02659,Jaffna,9.664891,80.052974,Dry Zone,Alfisols,7.33,0.78,15.13,178.24,0.86,72.72,11.2,16.08
SL_SOIL_02660,Kegalle,7.244586,80.303925,Wet Zone,Ultisols,5.24,1.229,24.5,99.57,2.11,47.62,38.57,13.8
SL_SOIL_02661,Gampaha,7.225135,80.102543,Wet Zone,Ultisols,5.53,1.235,4.12,102.45,1.65,57.64,22.59,19.77
SL_SOIL_02662,Kilinochchi,9.603463,80.587853,Dry Zone,Alfisols,6.43,0.929,16.53,157.46,1.0,59.55,20.86,19.59
SL_SOIL_02663,Kurunegala,7.578722,80.657496,Intermediate Zone,Alfisols,6.07,1.064,11.24,132.82,1.18,57.53,21.37,21.11
SL_SOIL_02664,Ratnapura,6.737797,80.319182,Wet Zone,Ultisols,4.61,1.398,19.42,127.72,2.13,42.81,30.56,26.63
SL_SOIL_02665,Batticaloa,7.747152,81.019731,Dry Zone,Vertisols,7.02,1.021,11.3,144.88,0.9,63.27,19.54,17.19
SL_SOIL_02666,Hambantota,6.018788,81.026073,Dry Zone,Alfisols,6.56,0.713,5.84,115.76,1.19,71.17,18.89,9.93
SL_SOIL_02667,Monaragala,6.799764,81.526704,Intermediate Zone,Alfisols,6.28,1.022,7.84,133.86,1.77,68.27,23.31,8.42
SL_SOIL_02668,Puttalam,7.926542,79.894135,Dry Zone,Alfisols,6.75,0.591,10.57,115.22,1.16,78.92,5.66,15.41
SL_SOIL_02669,Hambantota,6.253503,80.587991,Dry Zone,Alfisols,6.38,0.702,5.94,107.41,1.23,70.02,19.56,10.42
SL_SOIL_02670,Kalutara,6.504465,80.016326,Wet Zone,Ultisols,5.56,1.703,18.38,133.11,2.2,43.08,28.98,27.94
SL_SOIL_02671,Polonnaruwa,7.999064,80.987051,Dry Zone,Vertisols,6.6,0.823,13.54,121.83,1.19,58.11,24.08,17.81
SL_SOIL_02672,Hambantota,6.219999,80.823784,Dry Zone,Alfisols,6.25,0.686,8.18,99.7,0.71,70.72,19.7,9.58
SL_SOIL_02673,Vavuniya,8.988927,80.562427,Dry Zone,Alfisols,5.97,1.007,11.01,165.56,1.31,61.56,23.13,15.32
SL_SOIL_02674,Puttalam,7.878328,79.866536,Dry Zone,Alfisols,6.69,0.934,8.05,121.95,0.9,77.73,10.0,12.27
SL_SOIL_02675,Galle,6.022431,80.152608,Wet Zone,Ultisols,5.04,1.371,17.46,112.66,1.57,49.01,28.39,22.61
SL_SOIL_02676,Ampara,7.026503,81.653272,Dry Zone,Vertisols,6.36,0.959,12.04,136.55,0.87,54.1,24.94,20.96
SL_SOIL_02677,Ampara,7.202302,81.526274,Dry Zone,Vertisols,5.5,0.974,7.81,158.02,1.24,57.41,21.21,21.38
SL_SOIL_02678,Colombo,6.962944,79.988935,Wet Zone,Ultisols,6.46,1.096,14.02,84.91,1.62,43.65,17.38,38.97
SL_SOIL_02679,Kandy,7.436869,80.598207,Wet Zone,Ultisols,4.56,1.378,21.69,133.37,2.29,42.24,30.83,26.92
SL_SOIL_02680,Kandy,7.408407,80.624306,Wet Zone,Ultisols,5.73,1.437,14.09,130.37,2.49,39.77,23.72,36.51
SL_SOIL_02681,Galle,6.055157,80.219923,Wet Zone,Ultisols,4.84,1.144,21.06,136.08,2.12,51.29,26.07,22.64
SL_SOIL_02682,Matara,6.045724,80.555389,Wet Zone,Ultisols,4.75,1.031,17.97,105.86,1.22,58.72,26.69,14.59
SL_SOIL_02683,Trincomalee,8.400051,81.440143,Dry Zone,Alfisols,6.71,0.753,13.69,143.31,1.08,68.24,24.08,7.67
SL_SOIL_02684,Matale,7.750861,80.759468,Intermediate Zone,Alfisols,5.38,1.231,15.05,99.61,1.98,56.13,20.5,23.37
SL_SOIL_02685,Galle,6.18471,80.325408,Wet Zone,Ultisols,5.24,1.268,8.48,133.78,1.76,52.34,24.17,23.49
SL_SOIL_02686,Anuradhapura,8.357978,80.416535,Dry Zone,Alfisols,5.76,0.778,9.95,114.18,0.95,68.87,23.64,7.5
SL_SOIL_02687,Anuradhapura,8.343032,80.402049,Dry Zone,Alfisols,6.22,1.016,14.15,122.35,0.95,72.44,7.47,20.09
SL_SOIL_02688,Kandy,7.267474,80.615647,Wet Zone,Ultisols,4.57,1.548,14.63,142.22,1.92,52.38,22.31,25.31
SL_SOIL_02689,Nuwara Eliya,6.875782,80.880516,Up Country Wet Zone,Inceptisols,4.99,2.02,18.39,150.49,3.84,39.94,36.86,23.2
SL_SOIL_02690,Galle,6.116987,80.140664,Wet Zone,Ultisols,4.89,1.317,19.89,128.21,1.89,40.36,40.38,19.26
SL_SOIL_02691,Kurunegala,7.413582,80.221451,Intermediate Zone,Alfisols,6.25,0.954,8.99,139.39,1.23,73.02,10.47,16.5
SL_SOIL_02692,Matale,7.407575,80.78945,Intermediate Zone,Alfisols,5.77,1.349,13.4,109.72,1.4,47.41,23.09,29.5
SL_SOIL_02693,Anuradhapura,8.405028,80.49689,Dry Zone,Alfisols,6.28,0.838,11.57,119.69,0.78,74.76,19.35,5.89
SL_SOIL_02694,Kalutara,6.560838,80.061559,Wet Zone,Ultisols,5.64,1.394,15.4,134.31,2.0,52.21,31.62,16.17
SL_SOIL_02695,Galle,6.173736,80.270372,Wet Zone,Ultisols,5.52,1.337,16.05,114.73,1.97,38.73,32.52,28.75
SL_SOIL_02696,Badulla,7.193246,81.012825,Up Country Intermediate Zone,Inceptisols,5.4,1.641,18.84,127.47,2.6,54.87,35.62,9.51
SL_SOIL_02697,Vavuniya,8.878171,80.625117,Dry Zone,Alfisols,6.24,0.83,17.47,131.8,1.04,54.48,24.15,21.37
SL_SOIL_02698,Galle,6.129021,80.193283,Wet Zone,Ultisols,5.91,1.361,10.97,128.94,2.3,43.25,36.0,20.74
SL_SOIL_02699,Matale,7.484741,80.558164,Intermediate Zone,Alfisols,5.59,1.419,11.91,127.7,2.08,61.01,26.62,12.37
SL_SOIL_02700,Badulla,6.897241,81.072739,Up Country Intermediate Zone,Inceptisols,5.11,1.29,17.64,151.49,1.29,46.18,38.12,15.7
SL_SOIL_02701,Matale,7.603085,80.797101,Intermediate Zone,Alfisols,5.38,1.185,19.27,133.36,1.62,53.69,33.23,13.08
SL_SOIL_02702,Monaragala,7.166887,81.072016,Intermediate Zone,Alfisols,6.06,1.047,19.1,129.25,1.4,54.71,21.56,23.73
SL_SOIL_02703,Gampaha,7.048798,79.98015,Wet Zone,Ultisols,5.93,0.905,3.0,103.52,0.45,61.32,26.66,12.02
SL_SOIL_02704,Polonnaruwa,7.983222,80.865352,Dry Zone,Vertisols,6.68,0.844,11.91,133.27,1.03,53.78,23.61,22.61
SL_SOIL_02705,Badulla,6.870014,81.097445,Up Country Intermediate Zone,Inceptisols,5.14,1.458,15.63,142.69,2.22,52.01,34.65,13.34
SL_SOIL_02706,Nuwara Eliya,6.880774,80.773933,Up Country Wet Zone,Inceptisols,4.62,1.621,4.19,136.66,2.63,45.57,40.02,14.41
SL_SOIL_02707,Batticaloa,7.823441,81.525772,Dry Zone,Vertisols,7.5,0.937,15.55,141.74,0.98,67.07,25.02,7.9
SL_SOIL_02708,Polonnaruwa,8.139516,81.162849,Dry Zone,Vertisols,5.88,1.071,16.63,147.01,1.59,56.63,20.25,23.12
SL_SOIL_02709,Jaffna,9.691015,79.88054,Dry Zone,Alfisols,8.05,0.869,12.39,174.78,0.87,81.97,12.96,5.08
SL_SOIL_02710,Monaragala,6.930799,81.522265,Intermediate Zone,Alfisols,5.75,1.125,12.97,127.48,1.23,60.95,15.78,23.27
SL_SOIL_02711,Ratnapura,6.579369,80.729058,Wet Zone,Ultisols,4.46,1.625,12.01,161.96,3.06,45.52,35.11,19.37
SL_SOIL_02712,Galle,6.002772,80.304024,Wet Zone,Ultisols,4.74,1.359,16.4,116.22,1.79,39.45,30.83,29.72
SL_SOIL_02713,Matale,7.636543,80.700827,Intermediate Zone,Alfisols,4.81,1.071,13.11,120.43,1.96,58.25,29.85,11.9
SL_SOIL_02714,Colombo,6.957462,79.948448,Wet Zone,Ultisols,6.28,1.356,19.49,127.23,2.17,54.96,21.78,23.26
SL_SOIL_02715,Mullaitivu,9.325077,80.916601,Dry Zone,Alfisols,6.92,1.043,6.57,134.81,1.23,67.74,13.12,19.14
SL_SOIL_02716,Polonnaruwa,7.971352,80.848471,Dry Zone,Vertisols,6.37,0.999,8.14,139.18,0.96,49.88,16.35,33.77
SL_SOIL_02717,Kurunegala,7.829487,80.484697,Intermediate Zone,Alfisols,6.52,1.271,16.1,113.6,1.5,67.72,25.69,6.59
SL_SOIL_02718,Mullaitivu,9.288071,80.673365,Dry Zone,Alfisols,6.14,0.672,15.91,146.43,0.97,64.68,22.37,12.95
SL_SOIL_02719,Polonnaruwa,7.749259,80.88927,Dry Zone,Vertisols,6.54,1.043,12.12,150.68,1.17,51.5,21.04,27.47
SL_SOIL_02720,Polonnaruwa,7.805355,80.801708,Dry Zone,Vertisols,6.26,0.849,19.3,131.83,1.27,66.35,25.03,8.62
SL_SOIL_02721,Kurunegala,7.906918,80.591895,Intermediate Zone,Alfisols,5.55,1.455,13.04,133.62,1.17,50.49,19.78,29.73
SL_SOIL_02722,Matale,7.698419,80.60485,Intermediate Zone,Alfisols,5.48,1.151,7.81,110.11,1.74,49.1,25.29,25.61
SL_SOIL_02723,Mullaitivu,9.066158,80.579709,Dry Zone,Alfisols,6.21,0.819,17.8,167.2,0.8,66.67,21.17,12.16
SL_SOIL_02724,Kandy,7.429717,80.719221,Wet Zone,Ultisols,5.27,1.51,18.05,129.62,2.44,53.79,27.07,19.14
SL_SOIL_02725,Trincomalee,8.547382,80.789266,Dry Zone,Alfisols,6.41,1.003,8.67,135.1,1.34,65.84,21.04,13.12
SL_SOIL_02726,Kalutara,6.733741,80.129169,Wet Zone,Ultisols,5.17,1.119,20.32,131.45,1.69,47.51,28.48,24.02
SL_SOIL_02727,Trincomalee,8.471551,80.997441,Dry Zone,Alfisols,6.94,1.186,13.79,140.2,1.6,49.03,27.85,23.12
SL_SOIL_02728,Kilinochchi,9.563246,80.539297,Dry Zone,Alfisols,6.67,0.686,15.58,151.13,1.18,64.46,17.4,18.14
SL_SOIL_02729,Polonnaruwa,7.718818,80.835808,Dry Zone,Vertisols,6.18,1.003,9.23,119.69,1.13,65.36,23.44,11.19
SL_SOIL_02730,Anuradhapura,8.11394,80.860592,Dry Zone,Alfisols,5.65,0.703,12.35,110.48,0.74,61.9,14.17,23.94
SL_SOIL_02731,Monaragala,6.793071,81.184729,Intermediate Zone,Alfisols,5.51,0.892,16.92,157.01,1.41,62.02,30.09,7.89
SL_SOIL_02732,Polonnaruwa,7.861298,81.281725,Dry Zone,Vertisols,6.59,0.815,7.18,145.81,0.73,70.28,23.07,6.65
SL_SOIL_02733,Kandy,7.417529,80.581292,Wet Zone,Ultisols,5.49,1.569,21.75,167.42,2.5,56.67,28.89,14.45
SL_SOIL_02734,Gampaha,7.090307,79.87416,Wet Zone,Ultisols,5.99,1.132,12.49,133.97,2.13,52.86,13.41,33.73
SL_SOIL_02735,Anuradhapura,8.180881,80.45483,Dry Zone,Alfisols,6.29,0.758,11.17,118.43,0.94,63.82,18.15,18.03
SL_SOIL_02736,Ampara,7.274721,81.681331,Dry Zone,Vertisols,6.44,1.025,14.07,154.22,0.84,54.96,23.11,21.93
SL_SOIL_02737,Kurunegala,7.989859,80.110484,Intermediate Zone,Alfisols,5.75,1.087,17.53,127.5,1.57,57.97,24.64,17.39
SL_SOIL_02738,Matara,6.091685,80.657397,Wet Zone,Ultisols,5.28,1.169,16.62,116.29,1.89,52.59,36.41,11.0
SL_SOIL_02739,Kalutara,6.427564,79.96214,Wet Zone,Ultisols,5.93,1.295,12.05,126.55,1.62,44.5,24.72,30.78
SL_SOIL_02740,Hambantota,6.016125,80.898733,Dry Zone,Alfisols,7.16,0.808,17.05,98.47,0.63,65.69,17.24,17.07
SL_SOIL_02741,Anuradhapura,8.339917,80.577907,Dry Zone,Alfisols,6.64,1.202,17.9,127.34,1.14,66.33,15.55,18.12
SL_SOIL_02742,Nuwara Eliya,6.885082,80.684349,Up Country Wet Zone,Inceptisols,4.61,1.588,13.3,114.56,3.06,46.27,24.69,29.03
SL_SOIL_02743,Jaffna,9.807936,80.015898,Dry Zone,Alfisols,7.65,0.776,10.07,168.62,0.87,68.11,11.56,20.32
SL_SOIL_02744,Polonnaruwa,7.915141,81.252652,Dry Zone,Vertisols,6.82,0.891,14.14,138.87,1.21,58.02,23.28,18.7
SL_SOIL_02745,Jaffna,9.828223,79.805607,Dry Zone,Alfisols,7.53,0.847,15.54,160.31,0.75,73.69,17.81,8.49
SL_SOIL_02746,Mullaitivu,9.396811,80.523147,Dry Zone,Alfisols,7.05,0.894,12.82,158.52,1.34,56.9,18.68,24.42
SL_SOIL_02747,Trincomalee,8.465622,81.266878,Dry Zone,Alfisols,7.46,0.855,9.26,131.14,1.26,60.46,21.69,17.85
SL_SOIL_02748,Hambantota,6.298458,80.95418,Dry Zone,Alfisols,6.65,1.25,13.74,98.52,1.19,68.21,11.36,20.44
SL_SOIL_02749,Trincomalee,8.497637,81.103807,Dry Zone,Alfisols,6.62,0.742,12.06,135.26,1.17,58.44,24.61,16.95
SL_SOIL_02750,Ratnapura,6.747623,80.684555,Wet Zone,Ultisols,4.88,1.356,11.91,135.29,2.3,47.19,30.8,22.01
SL_SOIL_02751,Hambantota,6.228842,80.678787,Dry Zone,Alfisols,6.76,0.827,11.4,94.96,0.92,62.74,21.09,16.17
SL_SOIL_02752,Hambantota,6.317763,80.982331,Dry Zone,Alfisols,6.19,0.981,3.36,110.71,0.84,65.24,17.52,17.24
SL_SOIL_02753,Colombo,6.975186,80.048867,Wet Zone,Ultisols,5.72,1.059,15.01,113.24,1.32,52.14,15.08,32.78
SL_SOIL_02754,Gampaha,7.193467,79.927336,Wet Zone,Ultisols,5.39,1.195,9.83,88.99,1.48,63.9,19.15,16.95
SL_SOIL_02755,Ampara,7.145728,81.843513,Dry Zone,Vertisols,6.88,1.397,11.46,160.83,2.37,60.25,18.83,20.92
SL_SOIL_02756,Colombo,6.942031,79.83501,Wet Zone,Ultisols,5.57,0.966,8.72,94.42,1.39,58.77,25.41,15.82
SL_SOIL_02757,Jaffna,9.624184,80.08961,Dry Zone,Alfisols,7.24,0.899,16.3,157.23,0.96,72.53,20.79,6.68
SL_SOIL_02758,Kurunegala,7.781518,80.26467,Intermediate Zone,Alfisols,6.38,0.872,9.83,135.96,1.4,50.0,21.0,28.99
SL_SOIL_02759,Matara,6.006953,80.641559,Wet Zone,Ultisols,5.22,1.327,16.18,129.4,1.65,50.82,36.75,12.43
SL_SOIL_02760,Polonnaruwa,7.885418,81.077374,Dry Zone,Vertisols,6.29,0.927,13.48,120.42,1.19,69.81,22.83,7.35
SL_SOIL_02761,Kilinochchi,9.488945,80.495708,Dry Zone,Alfisols,6.99,0.95,13.97,161.09,1.0,61.2,14.03,24.77
SL_SOIL_02762,Monaragala,7.232678,81.462409,Intermediate Zone,Alfisols,6.06,1.028,9.33,152.5,0.88,64.41,19.45,16.14
SL_SOIL_02763,Gampaha,7.040472,80.076015,Wet Zone,Ultisols,6.29,1.45,17.1,115.55,2.36,57.95,25.72,16.33
SL_SOIL_02764,Matara,5.999041,80.601693,Wet Zone,Ultisols,5.0,1.32,16.52,106.02,1.08,52.93,29.18,17.88
SL_SOIL_02765,Badulla,6.848015,81.038282,Up Country Intermediate Zone,Inceptisols,5.31,1.375,15.31,131.43,2.84,40.42,35.89,23.69
SL_SOIL_02766,Matara,6.027346,80.633708,Wet Zone,Ultisols,4.95,0.93,15.57,124.23,1.71,44.05,23.04,32.91
SL_SOIL_02767,Trincomalee,8.624644,81.279099,Dry Zone,Alfisols,6.72,0.96,17.73,132.55,1.33,62.45,17.94,19.61
SL_SOIL_02768,Batticaloa,7.756919,81.052774,Dry Zone,Vertisols,6.52,0.911,14.35,162.67,1.65,58.76,19.2,22.04
SL_SOIL_02769,Trincomalee,8.742127,81.288529,Dry Zone,Alfisols,6.71,1.24,19.33,144.2,1.15,66.24,14.26,19.51
SL_SOIL_02770,Monaragala,6.868923,81.343474,Intermediate Zone,Alfisols,5.92,1.142,15.14,123.73,1.46,61.07,16.9,22.04
SL_SOIL_02771,Ratnapura,6.746877,80.560915,Wet Zone,Ultisols,5.13,1.553,15.68,112.62,2.52,45.24,45.14,9.62
SL_SOIL_02772,Mullaitivu,9.269102,80.498321,Dry Zone,Alfisols,6.9,0.69,7.33,149.99,0.96,58.23,18.08,23.68
SL_SOIL_02773,Puttalam,8.254753,79.924235,Dry Zone,Alfisols,6.64,0.773,13.72,111.66,0.75,72.85,10.87,16.27
SL_SOIL_02774,Matale,7.468353,80.692847,Intermediate Zone,Alfisols,5.67,1.401,21.79,117.95,2.5,60.77,33.78,5.45
SL_SOIL_02775,Mannar,9.03845,80.041705,Dry Zone,Alfisols,7.55,0.564,11.56,147.66,0.87,67.65,14.4,17.95
SL_SOIL_02776,Colombo,6.90712,79.947439,Wet Zone,Ultisols,5.59,1.228,11.97,139.73,2.63,53.1,21.38,25.51
SL_SOIL_02777,Monaragala,6.778138,81.017623,Intermediate Zone,Alfisols,5.77,1.095,4.81,134.71,1.28,61.85,16.04,22.11
SL_SOIL_02778,Matale,7.484251,80.591342,Intermediate Zone,Alfisols,6.09,1.508,13.78,123.11,1.79,60.3,15.83,23.86
SL_SOIL_02779,Matara,6.11445,80.658344,Wet Zone,Ultisols,5.69,1.108,8.41,133.74,1.96,49.05,26.36,24.59
SL_SOIL_02780,Mullaitivu,9.003893,80.777055,Dry Zone,Alfisols,6.5,0.905,8.77,164.67,0.76,68.27,17.56,14.17
SL_SOIL_02781,Matara,6.047173,80.51308,Wet Zone,Ultisols,5.39,1.463,18.65,139.01,1.91,37.53,26.95,35.52
SL_SOIL_02782,Kegalle,7.14324,80.39161,Wet Zone,Ultisols,4.74,1.746,15.82,138.53,2.54,58.12,34.69,7.19
SL_SOIL_02783,Monaragala,6.875786,81.406326,Intermediate Zone,Alfisols,5.66,1.065,15.5,143.42,1.54,68.59,10.74,20.67
SL_SOIL_02784,Kilinochchi,9.533429,80.284914,Dry Zone,Alfisols,7.14,0.764,8.11,163.22,0.91,63.99,16.75,19.25
SL_SOIL_02785,Colombo,6.959907,79.87008,Wet Zone,Ultisols,5.5,1.237,13.84,125.66,2.24,57.84,24.08,18.08
SL_SOIL_02786,Mullaitivu,9.162919,80.749294,Dry Zone,Alfisols,6.72,0.697,10.16,165.56,0.88,62.9,17.53,19.57
SL_SOIL_02787,Puttalam,7.721733,80.063938,Dry Zone,Alfisols,5.9,0.878,11.24,111.21,0.46,72.95,9.75,17.3
SL_SOIL_02788,Ratnapura,6.627226,80.626516,Wet Zone,Ultisols,5.06,1.453,16.91,129.56,2.63,50.46,35.04,14.51
SL_SOIL_02789,Kalutara,6.566002,79.999891,Wet Zone,Ultisols,5.85,1.15,12.05,123.17,1.37,48.73,29.83,21.44
SL_SOIL_02790,Ratnapura,6.897589,80.565786,Wet Zone,Ultisols,4.75,1.498,24.15,137.89,2.41,50.07,44.21,5.73
SL_SOIL_02791,Trincomalee,8.893135,80.858427,Dry Zone,Alfisols,6.79,0.788,6.86,113.55,1.14,70.31,22.29,7.4
SL_SOIL_02792,Matale,7.45171,80.671287,Intermediate Zone,Alfisols,5.52,1.257,13.48,113.56,2.09,49.39,31.66,18.96
SL_SOIL_02793,Anuradhapura,8.119742,80.700393,Dry Zone,Alfisols,6.51,0.738,15.27,120.09,0.85,66.23,8.79,24.97
SL_SOIL_02794,Polonnaruwa,7.709455,81.135232,Dry Zone,Vertisols,6.28,1.031,10.55,153.18,1.05,62.38,22.99,14.64
SL_SOIL_02795,Matara,6.055035,80.680175,Wet Zone,Ultisols,5.65,1.223,11.44,115.89,1.8,59.8,30.33,9.86
SL_SOIL_02796,Vavuniya,8.817732,80.649576,Dry Zone,Alfisols,6.06,1.17,17.99,152.16,1.01,62.95,23.7,13.35
SL_SOIL_02797,Kandy,7.335968,80.624596,Wet Zone,Ultisols,5.46,1.509,14.33,124.62,2.2,48.56,25.33,26.11
SL_SOIL_02798,Kilinochchi,9.547851,80.361385,Dry Zone,Alfisols,7.0,0.772,10.51,166.78,0.71,66.53,13.93,19.53
SL_SOIL_02799,Anuradhapura,8.394709,80.523551,Dry Zone,Alfisols,6.29,0.736,6.06,147.42,0.96,68.38,11.5,20.12
SL_SOIL_02800,Batticaloa,7.610352,81.380132,Dry Zone,Vertisols,7.06,1.031,16.31,139.33,1.15,48.81,23.23,27.96
SL_SOIL_02801,Puttalam,7.930248,80.157444,Dry Zone,Alfisols,6.59,0.574,13.73,132.41,1.25,70.37,5.0,24.63
SL_SOIL_02802,Galle,6.146695,80.241231,Wet Zone,Ultisols,5.57,1.32,8.51,136.42,1.77,38.81,29.82,31.37
SL_SOIL_02803,Puttalam,8.030133,79.773734,Dry Zone,Alfisols,6.63,0.78,10.07,136.43,0.91,77.83,10.58,11.59
SL_SOIL_02804,Puttalam,7.802425,80.049807,Dry Zone,Alfisols,6.49,0.547,9.71,106.79,0.95,71.1,14.95,13.95
SL_SOIL_02805,Kilinochchi,9.585398,80.624974,Dry Zone,Alfisols,7.11,0.983,5.73,162.96,0.86,62.49,22.78,14.73
SL_SOIL_02806,Matale,7.706457,80.608897,Intermediate Zone,Alfisols,5.45,1.261,16.7,125.09,2.07,55.88,28.69,15.43
SL_SOIL_02807,Matale,7.600232,80.60849,Intermediate Zone,Alfisols,5.09,1.184,17.32,118.21,1.5,52.87,24.74,22.39
SL_SOIL_02808,Badulla,6.930188,80.976349,Up Country Intermediate Zone,Inceptisols,5.34,1.718,14.64,138.52,2.92,41.67,27.47,30.86
SL_SOIL_02809,Matara,6.033776,80.453361,Wet Zone,Ultisols,5.87,1.371,13.55,119.89,1.89,51.96,32.28,15.76
SL_SOIL_02810,Jaffna,9.842542,80.156662,Dry Zone,Alfisols,7.29,0.789,12.17,180.76,0.94,70.25,14.3,15.45
SL_SOIL_02811,Nuwara Eliya,6.93432,80.773974,Up Country Wet Zone,Inceptisols,4.74,1.499,16.24,143.69,2.52,39.94,40.79,19.27
SL_SOIL_02812,Batticaloa,7.932389,81.496117,Dry Zone,Vertisols,6.66,0.867,6.69,145.35,1.05,59.78,21.64,18.58
SL_SOIL_02813,Ampara,7.181477,81.456368,Dry Zone,Vertisols,6.46,1.174,14.04,144.64,1.58,59.54,22.88,17.59
SL_SOIL_02814,Trincomalee,8.816124,80.840075,Dry Zone,Alfisols,6.4,1.133,9.28,164.83,1.37,60.76,18.86,20.38
SL_SOIL_02815,Matara,5.989339,80.60046,Wet Zone,Ultisols,5.45,1.014,9.18,137.4,1.74,55.1,32.74,12.16
SL_SOIL_02816,Matara,6.058969,80.57933,Wet Zone,Ultisols,5.04,1.236,15.12,122.81,1.76,47.32,28.22,24.46
SL_SOIL_02817,Kegalle,7.197608,80.465135,Wet Zone,Ultisols,5.73,1.578,19.82,128.02,3.3,47.16,44.48,8.37
SL_SOIL_02818,Hambantota,6.042586,80.591533,Dry Zone,Alfisols,6.73,0.739,7.57,100.65,1.17,61.82,21.14,17.03
SL_SOIL_02819,Gampaha,7.099382,80.128654,Wet Zone,Ultisols,5.51,1.461,17.7,118.64,1.83,63.53,27.84,8.63
SL_SOIL_02820,Batticaloa,7.527191,81.376885,Dry Zone,Vertisols,6.85,1.029,10.58,140.82,1.52,59.76,17.27,22.97
SL_SOIL_02821,Kurunegala,7.659157,80.443787,Intermediate Zone,Alfisols,6.03,1.122,13.13,118.96,1.35,61.34,19.8,18.86
SL_SOIL_02822,Kalutara,6.663384,80.04135,Wet Zone,Ultisols,5.34,1.412,8.14,121.91,1.97,57.5,29.97,12.54
SL_SOIL_02823,Trincomalee,8.432285,81.462739,Dry Zone,Alfisols,6.29,0.686,13.84,164.59,1.6,55.59,17.62,26.79
SL_SOIL_02824,Kandy,7.292764,80.694441,Wet Zone,Ultisols,4.91,1.763,12.3,121.23,2.52,50.87,35.88,13.25
SL_SOIL_02825,Kandy,7.367579,80.55613,Wet Zone,Ultisols,5.92,1.631,13.03,162.76,2.0,42.69,37.92,19.39
SL_SOIL_02826,Vavuniya,8.798328,80.671327,Dry Zone,Alfisols,6.26,1.067,14.42,147.56,1.27,50.85,28.89,20.26
SL_SOIL_02827,Hambantota,6.168238,80.977482,Dry Zone,Alfisols,6.69,1.065,8.47,98.59,1.4,71.81,17.7,10.5
SL_SOIL_02828,Hambantota,6.114933,80.614108,Dry Zone,Alfisols,6.5,0.874,10.32,110.37,1.17,71.94,9.82,18.24
SL_SOIL_02829,Kegalle,7.097918,80.336519,Wet Zone,Ultisols,5.35,1.456,12.46,119.68,1.76,43.0,33.26,23.74
SL_SOIL_02830,Monaragala,6.678223,81.113614,Intermediate Zone,Alfisols,5.46,0.999,10.16,132.06,1.16,59.73,16.28,23.99
SL_SOIL_02831,Kurunegala,7.928899,80.475772,Intermediate Zone,Alfisols,7.2,1.094,9.2,138.19,1.21,69.81,21.64,8.54
SL_SOIL_02832,Jaffna,9.703563,80.187847,Dry Zone,Alfisols,7.75,0.678,6.32,181.68,0.82,81.23,7.95,10.82
SL_SOIL_02833,Polonnaruwa,7.941836,81.240693,Dry Zone,Vertisols,6.18,0.888,14.2,136.82,1.23,57.94,27.88,14.18
SL_SOIL_02834,Kandy,7.283388,80.640453,Wet Zone,Ultisols,4.79,1.39,13.74,138.94,2.15,51.67,37.91,10.42
SL_SOIL_02835,Mannar,8.995892,79.965858,Dry Zone,Alfisols,6.96,0.713,17.12,166.27,0.8,69.33,8.0,22.67
SL_SOIL_02836,Matara,6.099124,80.564126,Wet Zone,Ultisols,5.64,1.141,10.58,131.05,2.04,49.95,33.7,16.35
SL_SOIL_02837,Gampaha,7.206156,80.103439,Wet Zone,Ultisols,5.27,1.105,5.46,120.95,1.45,63.12,20.35,16.53
SL_SOIL_02838,Badulla,6.898762,80.858445,Up Country Intermediate Zone,Inceptisols,5.64,1.719,16.81,157.58,2.86,36.06,34.37,29.57
SL_SOIL_02839,Mullaitivu,9.07523,80.974363,Dry Zone,Alfisols,6.5,0.884,8.69,130.31,0.87,61.94,23.97,14.09
SL_SOIL_02840,Polonnaruwa,8.194595,80.891989,Dry Zone,Vertisols,6.19,0.786,10.68,124.1,0.9,55.0,19.76,25.23
SL_SOIL_02841,Ampara,7.273325,81.678649,Dry Zone,Vertisols,6.79,0.872,17.33,132.06,1.38,55.78,33.08,11.14
SL_SOIL_02842,Gampaha,7.217546,80.106745,Wet Zone,Ultisols,6.3,1.348,17.43,123.46,1.66,56.37,20.22,23.41
SL_SOIL_02843,Kilinochchi,9.359181,80.454587,Dry Zone,Alfisols,6.73,0.785,17.61,159.15,1.12,69.7,16.93,13.37
SL_SOIL_02844,Jaffna,9.73659,79.787254,Dry Zone,Alfisols,7.72,0.966,4.03,162.87,0.99,59.32,10.8,29.88
SL_SOIL_02845,Batticaloa,7.916355,81.535867,Dry Zone,Vertisols,6.76,1.375,19.82,145.68,1.45,64.32,28.13,7.55
SL_SOIL_02846,Trincomalee,8.898428,81.335907,Dry Zone,Alfisols,6.67,0.912,13.92,144.81,1.18,65.85,28.69,5.46
SL_SOIL_02847,Matara,5.982121,80.601573,Wet Zone,Ultisols,4.77,1.273,8.89,103.74,2.0,50.5,29.28,20.21
SL_SOIL_02848,Kurunegala,7.449999,80.213575,Intermediate Zone,Alfisols,6.3,1.041,5.47,128.93,1.17,68.12,19.24,12.64
SL_SOIL_02849,Monaragala,7.223993,81.598008,Intermediate Zone,Alfisols,5.96,0.928,11.82,115.48,1.41,65.92,20.81,13.27
SL_SOIL_02850,Hambantota,6.256726,80.920422,Dry Zone,Alfisols,6.91,0.859,12.27,120.8,1.37,64.26,23.17,12.58
SL_SOIL_02851,Kegalle,7.333106,80.3486,Wet Zone,Ultisols,5.69,1.717,24.81,132.01,2.28,44.29,18.06,37.64
SL_SOIL_02852,Matara,5.945131,80.54935,Wet Zone,Ultisols,5.74,0.95,20.87,139.81,1.59,50.62,27.28,22.1
SL_SOIL_02853,Vavuniya,8.897775,80.511428,Dry Zone,Alfisols,6.23,1.127,11.86,134.58,1.16,63.0,13.09,23.92
SL_SOIL_02854,Kegalle,7.324033,80.3176,Wet Zone,Ultisols,5.43,1.395,15.01,112.91,1.81,42.33,38.15,19.52
SL_SOIL_02855,Kurunegala,7.953453,80.691631,Intermediate Zone,Alfisols,6.54,0.822,11.87,131.9,0.85,63.65,22.9,13.46
SL_SOIL_02856,Badulla,6.846241,81.048906,Up Country Intermediate Zone,Inceptisols,5.07,1.145,11.45,127.75,2.13,40.02,37.65,22.34
SL_SOIL_02857,Anuradhapura,8.185889,80.464734,Dry Zone,Alfisols,6.53,0.974,10.87,130.62,0.74,62.33,13.2,24.47
SL_SOIL_02858,Anuradhapura,8.426733,80.757312,Dry Zone,Alfisols,6.25,0.837,8.16,138.41,1.08,65.88,9.3,24.83
SL_SOIL_02859,Polonnaruwa,7.846395,80.908512,Dry Zone,Vertisols,6.28,0.79,11.11,135.54,1.18,58.79,18.11,23.1
SL_SOIL_02860,Mannar,9.100251,80.09613,Dry Zone,Alfisols,8.07,0.596,4.77,168.58,0.74,63.87,5.0,31.13
SL_SOIL_02861,Puttalam,8.280613,79.932975,Dry Zone,Alfisols,6.67,0.818,9.78,123.37,1.34,75.25,13.38,11.37
SL_SOIL_02862,Vavuniya,8.600995,80.328786,Dry Zone,Alfisols,6.54,0.975,16.18,136.21,0.89,61.73,29.78,8.49
SL_SOIL_02863,Trincomalee,8.706488,80.768649,Dry Zone,Alfisols,6.73,1.325,16.12,186.36,1.59,65.17,5.0,29.83
SL_SOIL_02864,Ratnapura,6.812572,80.492244,Wet Zone,Ultisols,4.82,1.726,20.13,137.6,2.41,47.42,36.42,16.16
SL_SOIL_02865,Polonnaruwa,7.70476,80.893657,Dry Zone,Vertisols,6.8,0.928,14.17,141.74,1.14,58.75,32.93,8.32
SL_SOIL_02866,Kalutara,6.683222,80.024111,Wet Zone,Ultisols,5.75,1.043,17.16,111.31,1.46,50.25,22.8,26.95
SL_SOIL_02867,Monaragala,7.299726,81.569619,Intermediate Zone,Alfisols,5.8,0.958,21.03,144.26,1.19,62.32,18.97,18.71
SL_SOIL_02868,Galle,6.06151,80.130982,Wet Zone,Ultisols,5.05,1.009,21.62,149.1,2.53,35.2,30.18,34.62
SL_SOIL_02869,Trincomalee,8.565526,80.746169,Dry Zone,Alfisols,6.78,0.763,18.64,135.06,1.28,58.65,21.62,19.73
SL_SOIL_02870,Mannar,8.800569,79.898062,Dry Zone,Alfisols,7.51,0.603,8.92,184.43,1.0,72.79,17.45,9.76
SL_SOIL_02871,Hambantota,6.15085,80.780429,Dry Zone,Alfisols,6.84,1.005,7.14,89.8,1.07,68.56,10.02,21.43
SL_SOIL_02872,Batticaloa,7.55409,81.502906,Dry Zone,Vertisols,6.84,1.035,12.26,143.87,1.05,62.05,26.64,11.31
SL_SOIL_02873,Kurunegala,7.806046,80.413693,Intermediate Zone,Alfisols,6.81,0.787,6.17,149.81,1.12,54.69,19.06,26.25
SL_SOIL_02874,Polonnaruwa,7.905805,81.109724,Dry Zone,Vertisols,6.4,1.067,13.14,142.29,1.46,55.78,19.92,24.3
SL_SOIL_02875,Mullaitivu,9.100092,80.649148,Dry Zone,Alfisols,6.39,0.857,15.61,150.23,1.24,65.83,17.62,16.55
SL_SOIL_02876,Polonnaruwa,7.901563,80.83445,Dry Zone,Vertisols,6.66,1.217,19.28,130.62,1.42,56.16,21.01,22.83
SL_SOIL_02877,Matara,6.084525,80.6913,Wet Zone,Ultisols,4.94,1.374,15.56,140.58,2.17,47.47,33.64,18.89
SL_SOIL_02878,Vavuniya,8.67243,80.313764,Dry Zone,Alfisols,7.21,0.967,13.37,129.07,1.27,60.82,32.29,6.89
SL_SOIL_02879,Matara,6.026733,80.615307,Wet Zone,Ultisols,5.21,1.34,19.89,119.89,2.23,53.83,26.19,19.97
SL_SOIL_02880,Vavuniya,8.75641,80.321794,Dry Zone,Alfisols,6.6,1.073,12.54,163.13,1.27,54.28,14.52,31.2
SL_SOIL_02881,Galle,6.07706,80.110561,Wet Zone,Ultisols,5.87,1.189,12.79,130.23,1.93,41.54,39.65,18.81
SL_SOIL_02882,Monaragala,6.784243,81.106952,Intermediate Zone,Alfisols,5.08,1.038,9.4,134.91,1.05,63.96,20.01,16.03
SL_SOIL_02883,Mannar,8.950337,80.064996,Dry Zone,Alfisols,7.03,0.707,5.52,149.92,0.64,77.42,9.4,13.18
SL_SOIL_02884,Kilinochchi,9.41214,80.402111,Dry Zone,Alfisols,7.17,0.645,12.37,158.29,0.89,66.37,20.92,12.71
SL_SOIL_02885,Badulla,6.870391,81.115484,Up Country Intermediate Zone,Inceptisols,5.37,1.444,14.8,151.67,2.44,37.11,35.67,27.23
SL_SOIL_02886,Badulla,6.852392,81.19662,Up Country Intermediate Zone,Inceptisols,5.16,1.454,17.68,120.95,2.29,46.51,28.76,24.73
SL_SOIL_02887,Kilinochchi,9.311671,80.374397,Dry Zone,Alfisols,7.26,0.426,3.27,151.74,0.74,55.68,11.47,32.85
SL_SOIL_02888,Kegalle,7.1006,80.454917,Wet Zone,Ultisols,5.06,1.344,9.19,134.0,2.01,61.51,23.36,15.13
SL_SOIL_02889,Badulla,6.909772,80.970244,Up Country Intermediate Zone,Inceptisols,5.13,1.521,20.04,141.63,1.63,50.61,34.58,14.81
SL_SOIL_02890,Mullaitivu,9.04169,80.601875,Dry Zone,Alfisols,7.18,0.825,20.58,163.98,1.13,63.65,17.16,19.19
SL_SOIL_02891,Kurunegala,7.352674,80.35223,Intermediate Zone,Alfisols,6.51,0.929,8.1,121.17,1.07,66.61,24.39,9.0
SL_SOIL_02892,Gampaha,7.162501,80.089314,Wet Zone,Ultisols,5.58,1.296,18.87,120.66,1.64,59.64,13.4,26.96
SL_SOIL_02893,Polonnaruwa,8.151188,80.834125,Dry Zone,Vertisols,6.49,1.075,9.6,132.88,1.31,64.33,20.06,15.61
SL_SOIL_02894,Batticaloa,7.749384,81.20066,Dry Zone,Vertisols,6.86,1.098,13.92,139.5,1.51,49.24,18.09,32.66
SL_SOIL_02895,Anuradhapura,8.236117,80.828437,Dry Zone,Alfisols,6.54,0.94,14.91,141.49,1.29,59.6,13.19,27.2
SL_SOIL_02896,Kurunegala,7.612007,80.28117,Intermediate Zone,Alfisols,5.61,0.703,14.12,123.5,1.23,70.61,21.92,7.47
SL_SOIL_02897,Batticaloa,7.564052,81.492307,Dry Zone,Vertisols,6.76,1.16,8.94,140.92,1.4,61.76,21.81,16.43
SL_SOIL_02898,Puttalam,8.135091,79.879659,Dry Zone,Alfisols,6.98,0.728,13.91,125.87,0.85,61.68,16.37,21.95
SL_SOIL_02899,Monaragala,6.736288,81.393995,Intermediate Zone,Alfisols,6.03,1.189,13.73,130.31,1.33,55.01,10.17,34.82
SL_SOIL_02900,Ratnapura,6.638631,80.707149,Wet Zone,Ultisols,5.44,1.584,9.33,149.93,2.78,51.84,33.36,14.8
SL_SOIL_02901,Mannar,8.810712,79.803402,Dry Zone,Alfisols,7.19,0.952,14.58,149.27,0.7,78.63,8.61,12.76
SL_SOIL_02902,Mullaitivu,9.059669,80.584418,Dry Zone,Alfisols,6.52,0.971,12.29,165.53,0.69,66.0,10.66,23.34
SL_SOIL_02903,Badulla,7.037348,81.153168,Up Country Intermediate Zone,Inceptisols,5.11,1.437,21.38,154.16,2.85,46.39,26.61,27.0
SL_SOIL_02904,Kilinochchi,9.525394,80.611102,Dry Zone,Alfisols,7.23,0.678,6.23,145.59,0.99,55.55,10.29,34.16
SL_SOIL_02905,Matale,7.484173,80.671088,Intermediate Zone,Alfisols,5.52,1.089,17.44,137.38,1.92,41.89,33.76,24.35
SL_SOIL_02906,Colombo,6.942503,79.929676,Wet Zone,Ultisols,6.0,1.092,7.96,118.95,1.74,54.27,16.48,29.24
SL_SOIL_02907,Ratnapura,6.816561,80.497568,Wet Zone,Ultisols,5.18,1.427,17.98,140.62,1.83,48.51,40.81,10.69
SL_SOIL_02908,Kalutara,6.703145,79.952769,Wet Zone,Ultisols,5.76,1.328,13.65,128.96,1.71,54.41,27.62,17.97
SL_SOIL_02909,Badulla,6.843899,81.110849,Up Country Intermediate Zone,Inceptisols,5.09,1.408,21.32,146.84,2.27,49.44,36.8,13.76
SL_SOIL_02910,Puttalam,7.669246,80.09929,Dry Zone,Alfisols,6.76,0.91,17.7,125.63,0.72,70.28,16.97,12.75
SL_SOIL_02911,Monaragala,6.671479,81.061234,Intermediate Zone,Alfisols,5.62,0.606,17.39,132.56,1.18,66.44,23.95,9.61
SL_SOIL_02912,Galle,6.125248,80.260949,Wet Zone,Ultisols,5.47,1.097,12.46,137.28,1.99,41.84,29.69,28.48
SL_SOIL_02913,Mannar,9.012288,79.972061,Dry Zone,Alfisols,6.5,0.998,14.15,165.34,1.17,66.72,11.13,22.14
SL_SOIL_02914,Batticaloa,7.787818,81.532803,Dry Zone,Vertisols,6.11,1.103,15.4,167.74,1.11,57.34,28.97,13.7
SL_SOIL_02915,Kegalle,7.077568,80.416471,Wet Zone,Ultisols,5.51,1.476,10.97,102.59,2.13,45.03,34.86,20.11
SL_SOIL_02916,Matale,7.68584,80.57508,Intermediate Zone,Alfisols,5.79,1.243,18.52,107.5,1.75,66.32,27.87,5.81
SL_SOIL_02917,Batticaloa,7.775731,81.333488,Dry Zone,Vertisols,6.0,0.865,14.21,155.97,1.35,68.74,16.58,14.68
SL_SOIL_02918,Matara,5.957837,80.545951,Wet Zone,Ultisols,6.29,1.37,24.15,117.24,2.26,53.11,34.35,12.54
SL_SOIL_02919,Jaffna,9.769441,79.873636,Dry Zone,Alfisols,7.64,0.894,10.65,182.45,0.72,65.78,7.74,26.48
SL_SOIL_02920,Ampara,7.373491,81.873943,Dry Zone,Vertisols,6.25,1.12,17.17,168.16,1.41,57.38,33.91,8.71
SL_SOIL_02921,Matara,6.017441,80.670677,Wet Zone,Ultisols,5.51,1.44,19.99,109.66,2.0,57.87,30.04,12.09
SL_SOIL_02922,Colombo,6.967794,79.90459,Wet Zone,Ultisols,5.94,1.292,18.73,115.45,2.0,55.07,26.8,18.12
SL_SOIL_02923,Mannar,8.861221,79.852679,Dry Zone,Alfisols,6.87,1.009,12.84,158.68,0.87,66.04,13.5,20.46
SL_SOIL_02924,Matale,7.693273,80.676204,Intermediate Zone,Alfisols,6.35,1.329,14.78,117.35,2.28,60.7,22.27,17.02
SL_SOIL_02925,Kalutara,6.400144,80.047011,Wet Zone,Ultisols,5.68,1.392,18.38,115.2,2.49,50.85,23.44,25.71
SL_SOIL_02926,Colombo,6.826765,79.882051,Wet Zone,Ultisols,5.92,0.814,10.05,149.52,1.69,54.22,23.12,22.66
SL_SOIL_02927,Kandy,7.215345,80.573617,Wet Zone,Ultisols,5.57,1.834,17.29,138.79,2.59,51.01,32.88,16.11
SL_SOIL_02928,Matara,6.092833,80.644278,Wet Zone,Ultisols,5.38,1.646,23.27,133.74,1.92,59.66,25.22,15.13
SL_SOIL_02929,Kalutara,6.718227,80.149949,Wet Zone,Ultisols,6.03,1.137,14.54,141.42,1.47,51.17,34.35,14.47
SL_SOIL_02930,Jaffna,9.62546,80.058507,Dry Zone,Alfisols,7.49,0.701,7.41,155.2,0.79,67.99,8.01,23.99
SL_SOIL_02931,Gampaha,7.244176,79.97218,Wet Zone,Ultisols,5.42,1.076,19.33,115.95,1.5,71.54,20.94,7.52
SL_SOIL_02932,Kilinochchi,9.628915,80.605808,Dry Zone,Alfisols,6.75,0.529,14.81,156.19,1.23,65.68,16.32,18.0
SL_SOIL_02933,Kegalle,7.144151,80.395817,Wet Zone,Ultisols,5.04,1.615,12.54,138.97,2.92,52.48,32.48,15.03
SL_SOIL_02934,Jaffna,9.616523,79.885108,Dry Zone,Alfisols,7.46,0.541,16.44,161.54,0.56,69.02,7.39,23.59
SL_SOIL_02935,Polonnaruwa,7.710004,81.053833,Dry Zone,Vertisols,6.28,0.877,11.76,138.2,1.06,46.44,13.6,39.96
SL_SOIL_02936,Vavuniya,8.717942,80.553433,Dry Zone,Alfisols,6.42,1.233,12.43,141.01,1.34,65.23,22.55,12.23
SL_SOIL_02937,Galle,6.119679,80.122983,Wet Zone,Ultisols,5.06,1.455,19.26,155.48,2.55,46.92,26.24,26.84
SL_SOIL_02938,Gampaha,7.000677,79.996389,Wet Zone,Ultisols,5.5,1.188,13.51,108.88,1.54,58.06,19.55,22.39
SL_SOIL_02939,Hambantota,6.133535,80.811483,Dry Zone,Alfisols,6.21,1.039,13.61,116.9,1.28,65.09,10.67,24.24
SL_SOIL_02940,Ampara,7.462867,81.881629,Dry Zone,Vertisols,6.29,1.047,13.66,146.28,0.55,54.92,16.97,28.11
SL_SOIL_02941,Mullaitivu,9.334396,80.92276,Dry Zone,Alfisols,6.75,0.793,12.98,156.2,1.06,59.56,16.05,24.38
SL_SOIL_02942,Hambantota,6.14032,80.977425,Dry Zone,Alfisols,6.2,0.869,11.71,95.14,1.04,67.94,21.69,10.37
SL_SOIL_02943,Anuradhapura,8.395341,80.577606,Dry Zone,Alfisols,5.99,0.941,11.13,121.25,0.9,61.28,14.08,24.63
SL_SOIL_02944,Kandy,7.423089,80.693479,Wet Zone,Ultisols,6.04,1.414,13.73,117.41,1.84,43.59,29.4,27.0
SL_SOIL_02945,Badulla,7.018533,81.043162,Up Country Intermediate Zone,Inceptisols,4.61,1.378,15.62,134.62,1.92,56.1,31.64,12.26
SL_SOIL_02946,Jaffna,9.692258,80.147775,Dry Zone,Alfisols,8.14,0.622,18.97,177.49,0.78,71.77,5.0,23.23
SL_SOIL_02947,Badulla,6.891143,80.897569,Up Country Intermediate Zone,Inceptisols,5.28,1.427,17.07,150.16,2.24,41.42,29.05,29.53
SL_SOIL_02948,Mannar,8.958336,79.837216,Dry Zone,Alfisols,7.0,0.729,6.56,157.9,1.12,70.15,5.0,24.85
SL_SOIL_02949,Trincomalee,8.508236,80.721529,Dry Zone,Alfisols,6.58,0.896,9.54,111.41,0.85,66.54,27.68,5.78
SL_SOIL_02950,Vavuniya,8.79009,80.424363,Dry Zone,Alfisols,6.68,0.688,12.56,134.54,1.05,63.13,25.67,11.21
SL_SOIL_02951,Vavuniya,8.798108,80.597197,Dry Zone,Alfisols,6.21,0.855,22.19,142.43,1.07,65.05,27.44,7.51
SL_SOIL_02952,Kegalle,7.075936,80.460178,Wet Zone,Ultisols,5.78,1.156,17.65,160.81,1.89,56.11,32.11,11.78
SL_SOIL_02953,Gampaha,7.248279,80.040077,Wet Zone,Ultisols,5.25,1.166,11.55,111.71,1.42,60.31,24.06,15.63
SL_SOIL_02954,Polonnaruwa,7.941009,81.116187,Dry Zone,Vertisols,7.21,0.853,16.73,148.28,1.45,54.59,27.77,17.64
SL_SOIL_02955,Kegalle,7.18524,80.242132,Wet Zone,Ultisols,5.35,1.247,9.58,117.95,1.39,47.42,23.52,29.06
SL_SOIL_02956,Anuradhapura,7.946884,80.476022,Dry Zone,Alfisols,6.12,0.599,6.59,99.84,0.81,62.92,23.14,13.94
SL_SOIL_02957,Kilinochchi,9.514764,80.372814,Dry Zone,Alfisols,6.43,1.27,13.99,153.7,1.1,64.03,22.44,13.53
SL_SOIL_02958,Ampara,6.957336,81.764688,Dry Zone,Vertisols,6.54,0.855,12.74,167.42,1.55,63.23,24.35,12.41
SL_SOIL_02959,Puttalam,8.201815,79.728767,Dry Zone,Alfisols,6.32,0.802,7.43,125.91,1.33,71.76,5.0,23.24
SL_SOIL_02960,Monaragala,6.701739,81.262673,Intermediate Zone,Alfisols,5.4,0.679,10.65,124.42,0.9,68.04,13.99,17.97
SL_SOIL_02961,Nuwara Eliya,6.868231,80.745581,Up Country Wet Zone,Inceptisols,4.99,1.754,22.8,147.49,3.21,46.58,31.45,21.97
SL_SOIL_02962,Ratnapura,6.747912,80.664248,Wet Zone,Ultisols,4.49,1.8,15.12,130.59,2.8,49.93,33.27,16.8
SL_SOIL_02963,Puttalam,7.609775,79.705266,Dry Zone,Alfisols,6.51,0.874,7.38,128.15,0.71,64.86,5.0,30.14
SL_SOIL_02964,Matale,7.515241,80.762766,Intermediate Zone,Alfisols,6.21,1.229,11.92,113.91,1.59,49.92,24.6,25.48
SL_SOIL_02965,Kandy,7.328862,80.744036,Wet Zone,Ultisols,5.23,1.701,13.13,138.45,1.82,50.84,38.18,10.98
SL_SOIL_02966,Batticaloa,7.955372,81.568761,Dry Zone,Vertisols,7.29,0.799,12.97,156.89,1.29,57.93,20.84,21.23
SL_SOIL_02967,Kandy,7.349304,80.690055,Wet Zone,Ultisols,5.61,1.304,16.28,138.48,1.67,57.53,35.35,7.13
SL_SOIL_02968,Anuradhapura,8.229306,80.7202,Dry Zone,Alfisols,6.11,0.809,8.5,110.58,1.18,60.3,14.63,25.08
SL_SOIL_02969,Jaffna,9.812311,79.756744,Dry Zone,Alfisols,7.96,0.495,15.07,170.42,0.95,79.1,12.54,8.36
SL_SOIL_02970,Ratnapura,6.757179,80.596449,Wet Zone,Ultisols,4.68,1.39,8.29,137.92,1.65,38.32,28.73,32.95
SL_SOIL_02971,Badulla,7.158711,80.899943,Up Country Intermediate Zone,Inceptisols,5.69,1.658,14.15,140.93,2.49,54.41,35.6,9.99
SL_SOIL_02972,Kalutara,6.709907,80.097475,Wet Zone,Ultisols,6.32,1.429,20.8,122.57,2.2,55.18,22.8,22.02
SL_SOIL_02973,Matale,7.604174,80.599472,Intermediate Zone,Alfisols,5.55,1.31,19.23,116.91,1.48,61.25,23.83,14.93
SL_SOIL_02974,Nuwara Eliya,7.079811,80.768828,Up Country Wet Zone,Inceptisols,4.73,1.387,22.72,145.84,3.15,26.21,45.1,28.68
SL_SOIL_02975,Polonnaruwa,8.180677,81.284279,Dry Zone,Vertisols,6.92,0.723,16.51,151.14,0.94,62.89,19.77,17.34
SL_SOIL_02976,Badulla,6.879589,81.123638,Up Country Intermediate Zone,Inceptisols,4.92,1.545,19.42,155.09,2.01,34.08,31.51,34.41
SL_SOIL_02977,Matara,6.018597,80.453776,Wet Zone,Ultisols,4.95,1.586,11.11,129.36,2.06,59.53,26.81,13.66
SL_SOIL_02978,Galle,6.180331,80.250583,Wet Zone,Ultisols,5.04,1.379,14.09,116.94,1.49,38.8,26.73,34.46
SL_SOIL_02979,Polonnaruwa,7.807743,80.977754,Dry Zone,Vertisols,6.57,1.156,15.81,132.67,1.24,58.12,18.27,23.61
SL_SOIL_02980,Jaffna,9.756964,80.169679,Dry Zone,Alfisols,6.94,0.843,10.81,183.7,0.79,69.07,8.53,22.4
SL_SOIL_02981,Nuwara Eliya,6.990805,80.840851,Up Country Wet Zone,Inceptisols,4.47,1.511,21.59,117.44,2.94,41.67,29.41,28.92
SL_SOIL_02982,Vavuniya,8.861441,80.309239,Dry Zone,Alfisols,5.94,0.793,16.56,157.56,1.3,59.32,24.44,16.24
SL_SOIL_02983,Kandy,7.293524,80.688718,Wet Zone,Ultisols,5.7,1.369,12.45,124.71,1.77,45.84,29.0,25.15
SL_SOIL_02984,Kegalle,7.149408,80.425078,Wet Zone,Ultisols,5.25,1.283,11.42,109.54,2.28,54.46,30.79,14.75
SL_SOIL_02985,Mullaitivu,9.397531,80.904243,Dry Zone,Alfisols,6.49,0.804,16.72,138.05,1.03,66.15,22.25,11.6
SL_SOIL_02986,Anuradhapura,8.042443,80.535768,Dry Zone,Alfisols,5.93,0.573,6.62,107.55,0.83,63.99,21.86,14.15
SL_SOIL_02987,Trincomalee,8.807348,81.154338,Dry Zone,Alfisols,6.56,0.877,9.14,142.78,0.98,55.97,19.64,24.39
SL_SOIL_02988,Monaragala,6.833536,81.091534,Intermediate Zone,Alfisols,6.43,1.054,10.06,119.27,0.85,63.28,19.64,17.07
SL_SOIL_02989,Galle,6.014589,80.194859,Wet Zone,Ultisols,5.35,1.293,14.75,143.03,2.01,49.74,23.37,26.89
SL_SOIL_02990,Kandy,7.444246,80.749006,Wet Zone,Ultisols,5.85,1.613,13.18,148.1,2.39,49.08,26.19,24.72
SL_SOIL_02991,Vavuniya,8.981658,80.651317,Dry Zone,Alfisols,6.7,1.092,6.29,152.08,1.43,59.82,12.58,27.61
SL_SOIL_02992,Kalutara,6.567882,80.280534,Wet Zone,Ultisols,5.73,1.417,16.09,128.58,1.43,55.53,34.06,10.41
SL_SOIL_02993,Ratnapura,6.588033,80.74773,Wet Zone,Ultisols,5.11,1.305,13.41,143.9,1.93,46.29,31.58,22.13
SL_SOIL_02994,Matale,7.649504,80.779929,Intermediate Zone,Alfisols,5.53,1.232,14.21,121.27,2.3,64.01,26.31,9.68
SL_SOIL_02995,Ampara,7.102885,81.62685,Dry Zone,Vertisols,6.89,0.898,16.51,160.59,1.87,60.86,22.82,16.32
SL_SOIL_02996,Monaragala,7.068124,81.453465,Intermediate Zone,Alfisols,5.57,1.217,21.42,127.75,1.47,61.06,17.98,20.97
SL_SOIL_02997,Anuradhapura,8.549272,80.853303,Dry Zone,Alfisols,5.98,1.111,16.12,147.39,1.24,68.61,18.88,12.51
SL_SOIL_02998,Kandy,7.241374,80.623744,Wet Zone,Ultisols,5.63,1.395,24.65,117.74,2.16,47.65,33.45,18.91
SL_SOIL_02999,Ratnapura,6.657349,80.367772,Wet Zone,Ultisols,5.02,1.466,21.84,124.65,1.92,49.61,43.54,6.85
SL_SOIL_03000,Ratnapura,6.648242,80.478337,Wet Zone,Ultisols,5.35,1.52,8.05,133.78,2.34,40.04,34.41,25.55
SL_SOIL_03001,Gampaha,7.058276,79.879298,Wet Zone,Ultisols,5.96,0.796,15.31,119.57,1.28,61.23,18.57,20.2
SL_SOIL_03002,Kurunegala,7.597959,80.2105,Intermediate Zone,Alfisols,6.41,1.188,12.52,132.22,1.69,55.39,29.1,15.51
SL_SOIL_03003,Puttalam,8.093266,80.079614,Dry Zone,Alfisols,6.67,0.669,15.58,97.55,0.88,78.4,6.12,15.48
SL_SOIL_03004,Puttalam,7.717688,79.946768,Dry Zone,Alfisols,6.63,0.869,15.57,122.13,0.79,70.88,9.16,19.96
SL_SOIL_03005,Trincomalee,8.425742,81.455159,Dry Zone,Alfisols,6.44,0.987,17.11,139.07,1.19,61.02,14.36,24.61
SL_SOIL_03006,Vavuniya,8.768149,80.413123,Dry Zone,Alfisols,6.53,0.835,14.13,146.54,0.9,66.1,17.38,16.52
SL_SOIL_03007,Puttalam,8.030595,80.072528,Dry Zone,Alfisols,6.92,0.88,9.9,138.32,1.16,69.99,12.94,17.07
SL_SOIL_03008,Badulla,6.820603,81.182382,Up Country Intermediate Zone,Inceptisols,5.6,1.388,11.66,141.9,2.2,42.43,36.45,21.13
SL_SOIL_03009,Ratnapura,6.895101,80.712395,Wet Zone,Ultisols,5.57,1.336,20.75,149.81,3.04,43.21,41.22,15.57
SL_SOIL_03010,Mullaitivu,9.205628,80.618864,Dry Zone,Alfisols,6.9,0.742,13.23,157.27,0.95,71.02,21.5,7.49
SL_SOIL_03011,Mannar,8.847989,79.847658,Dry Zone,Alfisols,6.8,0.698,14.21,162.54,0.63,62.36,15.74,21.9
SL_SOIL_03012,Nuwara Eliya,6.868658,80.875663,Up Country Wet Zone,Inceptisols,4.25,1.726,20.74,174.63,3.64,37.88,34.23,27.89
SL_SOIL_03013,Polonnaruwa,8.115111,80.817601,Dry Zone,Vertisols,6.25,0.759,16.48,112.72,0.84,56.23,23.2,20.57
SL_SOIL_03014,Kandy,7.315345,80.712502,Wet Zone,Ultisols,5.26,1.437,16.85,133.58,1.96,47.57,22.23,30.2
SL_SOIL_03015,Puttalam,8.056423,79.801133,Dry Zone,Alfisols,7.05,0.644,6.97,140.38,1.19,72.71,17.09,10.2
SL_SOIL_03016,Ampara,7.154566,81.833725,Dry Zone,Vertisols,7.58,1.169,6.27,149.89,1.41,56.34,24.61,19.05
SL_SOIL_03017,Mullaitivu,9.314374,80.983133,Dry Zone,Alfisols,6.84,0.967,13.69,161.71,1.31,67.44,21.31,11.25
SL_SOIL_03018,Kandy,7.368806,80.681891,Wet Zone,Ultisols,5.36,1.177,17.44,114.74,2.38,50.29,40.02,9.69
SL_SOIL_03019,Monaragala,6.89321,81.506953,Intermediate Zone,Alfisols,5.84,0.882,10.03,110.15,0.82,57.11,14.01,28.88
SL_SOIL_03020,Trincomalee,8.766421,80.721707,Dry Zone,Alfisols,7.45,1.07,15.13,159.63,1.23,55.87,24.76,19.36
SL_SOIL_03021,Monaragala,6.734829,81.241658,Intermediate Zone,Alfisols,5.77,0.625,13.81,144.04,1.34,63.52,14.59,21.89
SL_SOIL_03022,Colombo,6.932153,79.924093,Wet Zone,Ultisols,6.01,0.618,11.48,106.66,0.92,56.62,27.08,16.3
SL_SOIL_03023,Kurunegala,7.619662,80.563952,Intermediate Zone,Alfisols,6.36,1.284,15.44,137.17,0.96,57.16,27.81,15.03
SL_SOIL_03024,Anuradhapura,8.200244,80.866747,Dry Zone,Alfisols,6.65,0.789,7.04,127.5,0.79,61.39,13.41,25.19
SL_SOIL_03025,Trincomalee,8.669467,80.978003,Dry Zone,Alfisols,6.85,0.554,4.82,139.99,1.08,71.0,15.05,13.95
SL_SOIL_03026,Batticaloa,7.780645,81.435849,Dry Zone,Vertisols,7.22,0.899,7.22,175.04,1.57,54.06,27.76,18.18
SL_SOIL_03027,Kilinochchi,9.550076,80.470446,Dry Zone,Alfisols,7.17,0.739,13.0,146.07,0.77,71.28,18.48,10.24
SL_SOIL_03028,Kegalle,7.22823,80.494772,Wet Zone,Ultisols,5.67,1.306,9.98,150.07,2.04,48.48,30.76,20.76
SL_SOIL_03029,Badulla,6.956561,80.856723,Up Country Intermediate Zone,Inceptisols,5.03,1.23,15.66,153.04,2.04,40.66,36.76,22.58
SL_SOIL_03030,Mullaitivu,9.278033,80.747997,Dry Zone,Alfisols,7.0,0.89,13.48,161.36,1.12,77.44,16.8,5.76
SL_SOIL_03031,Colombo,6.811289,80.036152,Wet Zone,Ultisols,5.86,1.453,16.19,120.33,2.74,55.5,24.63,19.87
SL_SOIL_03032,Trincomalee,8.558159,81.120157,Dry Zone,Alfisols,6.84,0.847,9.4,124.45,0.89,53.96,28.12,17.92
SL_SOIL_03033,Nuwara Eliya,6.999199,80.826369,Up Country Wet Zone,Inceptisols,4.6,1.827,22.26,144.92,4.14,40.15,40.43,19.42
SL_SOIL_03034,Kandy,7.385105,80.569062,Wet Zone,Ultisols,4.88,1.177,16.11,123.32,1.57,40.62,32.15,27.23
SL_SOIL_03035,Anuradhapura,8.343029,80.615456,Dry Zone,Alfisols,6.33,0.808,15.58,128.93,1.0,73.01,18.11,8.87
SL_SOIL_03036,Ampara,7.02969,81.688111,Dry Zone,Vertisols,6.72,1.04,16.31,146.0,1.37,65.98,26.99,7.03
SL_SOIL_03037,Batticaloa,7.584182,81.392526,Dry Zone,Vertisols,6.85,0.676,8.57,158.12,1.24,63.92,19.05,17.03
SL_SOIL_03038,Batticaloa,7.990341,81.417055,Dry Zone,Vertisols,6.6,1.075,10.18,140.21,1.01,66.09,26.98,6.93
SL_SOIL_03039,Nuwara Eliya,6.983683,80.651315,Up Country Wet Zone,Inceptisols,4.96,1.619,16.43,150.62,2.94,48.5,43.73,7.77
SL_SOIL_03040,Batticaloa,7.843072,81.205345,Dry Zone,Vertisols,7.16,0.689,9.88,147.14,1.12,47.78,25.56,26.66
SL_SOIL_03041,Vavuniya,8.972364,80.684203,Dry Zone,Alfisols,6.89,0.752,16.23,133.0,1.11,52.28,21.68,26.05
SL_SOIL_03042,Kilinochchi,9.611422,80.513641,Dry Zone,Alfisols,6.91,0.705,3.28,162.3,1.18,65.3,15.71,18.99
SL_SOIL_03043,Galle,5.970545,80.302544,Wet Zone,Ultisols,5.25,1.525,7.16,131.73,1.67,40.29,26.69,33.02
SL_SOIL_03044,Hambantota,6.006424,81.0123,Dry Zone,Alfisols,6.35,0.812,3.0,89.44,0.88,56.87,10.89,32.24
SL_SOIL_03045,Ampara,7.198052,81.43659,Dry Zone,Vertisols,6.17,0.958,11.76,138.02,1.2,56.0,21.1,22.9
SL_SOIL_03046,Matale,7.697707,80.836665,Intermediate Zone,Alfisols,5.05,1.421,10.15,123.5,1.88,52.34,29.9,17.76
SL_SOIL_03047,Kegalle,7.170326,80.235926,Wet Zone,Ultisols,5.26,1.262,16.52,124.68,2.21,51.09,30.01,18.9
SL_SOIL_03048,Anuradhapura,8.30443,80.461825,Dry Zone,Alfisols,6.74,0.935,15.02,104.05,1.06,70.57,18.29,11.14
SL_SOIL_03049,Jaffna,9.666279,79.968467,Dry Zone,Alfisols,7.47,1.023,11.2,176.07,1.07,73.44,14.59,11.98
SL_SOIL_03050,Kurunegala,7.448379,80.290409,Intermediate Zone,Alfisols,5.87,0.876,20.15,129.03,0.91,60.28,22.86,16.86
SL_SOIL_03051,Kalutara,6.508698,80.09203,Wet Zone,Ultisols,5.26,0.921,11.97,126.79,1.39,52.37,29.36,18.28
SL_SOIL_03052,Mullaitivu,9.309064,80.533609,Dry Zone,Alfisols,7.38,1.044,8.1,158.14,0.92,68.5,24.1,7.4
SL_SOIL_03053,Kilinochchi,9.302568,80.457707,Dry Zone,Alfisols,6.77,0.563,8.94,147.71,0.97,58.16,15.19,26.65
SL_SOIL_03054,Trincomalee,8.457667,80.76745,Dry Zone,Alfisols,6.39,1.013,14.45,157.71,1.08,66.85,12.4,20.75
SL_SOIL_03055,Badulla,6.843752,80.954573,Up Country Intermediate Zone,Inceptisols,4.86,1.692,17.79,127.13,2.79,44.51,45.63,9.86
SL_SOIL_03056,Mullaitivu,9.320547,80.698973,Dry Zone,Alfisols,6.51,0.759,11.1,153.28,0.91,61.39,22.62,16.0
SL_SOIL_03057,Nuwara Eliya,7.030141,80.669591,Up Country Wet Zone,Inceptisols,4.65,1.157,16.89,114.66,2.35,44.59,38.64,16.78
SL_SOIL_03058,Trincomalee,8.752555,81.044783,Dry Zone,Alfisols,7.41,1.072,13.44,117.29,1.13,67.39,26.64,5.97
SL_SOIL_03059,Mullaitivu,9.354106,80.790503,Dry Zone,Alfisols,6.85,0.783,9.34,155.51,0.79,60.68,18.74,20.58
SL_SOIL_03060,Puttalam,7.774134,80.029441,Dry Zone,Alfisols,6.21,0.846,14.85,119.33,1.06,79.88,14.74,5.37
SL_SOIL_03061,Polonnaruwa,7.845911,81.074881,Dry Zone,Vertisols,6.17,1.196,14.47,118.98,1.16,62.63,17.61,19.76
SL_SOIL_03062,Puttalam,8.285742,79.89961,Dry Zone,Alfisols,6.42,0.501,9.14,115.84,0.8,68.36,21.35,10.29
SL_SOIL_03063,Jaffna,9.667477,79.972788,Dry Zone,Alfisols,7.43,0.832,19.0,178.35,1.03,61.42,18.96,19.62
SL_SOIL_03064,Kalutara,6.682128,80.071098,Wet Zone,Ultisols,5.1,1.394,13.31,126.15,2.15,49.33,25.17,25.51
SL_SOIL_03065,Vavuniya,8.648585,80.691493,Dry Zone,Alfisols,7.0,0.886,11.5,152.37,1.1,63.53,23.09,13.38
SL_SOIL_03066,Puttalam,7.659458,80.106081,Dry Zone,Alfisols,6.37,0.923,9.0,122.2,0.99,80.52,9.99,9.48
SL_SOIL_03067,Matale,7.574172,80.573475,Intermediate Zone,Alfisols,5.87,0.987,8.13,117.96,0.77,54.41,32.71,12.88
SL_SOIL_03068,Matale,7.451333,80.675078,Intermediate Zone,Alfisols,5.83,1.288,13.33,112.38,2.03,55.92,24.46,19.62
SL_SOIL_03069,Anuradhapura,8.237347,80.59878,Dry Zone,Alfisols,6.31,0.88,10.8,105.46,0.81,67.38,18.07,14.55
SL_SOIL_03070,Trincomalee,8.513378,81.201461,Dry Zone,Alfisols,7.43,1.025,11.46,167.97,1.67,61.23,19.21,19.56
SL_SOIL_03071,Polonnaruwa,7.946923,80.921558,Dry Zone,Vertisols,6.35,1.0,9.53,156.62,1.1,60.11,18.15,21.74
SL_SOIL_03072,Jaffna,9.756685,80.196472,Dry Zone,Alfisols,7.01,0.89,13.84,193.91,0.91,82.04,8.6,9.35
SL_SOIL_03073,Matale,7.5546,80.634057,Intermediate Zone,Alfisols,5.85,1.489,10.03,105.2,2.05,51.45,29.93,18.62
SL_SOIL_03074,Kandy,7.287923,80.701896,Wet Zone,Ultisols,5.46,1.463,20.11,148.32,2.52,57.45,25.3,17.24
SL_SOIL_03075,Nuwara Eliya,6.997619,80.845158,Up Country Wet Zone,Inceptisols,4.82,1.668,17.93,124.84,3.11,41.46,38.76,19.78
SL_SOIL_03076,Kandy,7.417137,80.652195,Wet Zone,Ultisols,5.17,1.215,12.65,107.38,1.84,58.74,27.84,13.41
SL_SOIL_03077,Galle,6.034978,80.265741,Wet Zone,Ultisols,5.08,1.453,15.96,111.78,2.03,47.67,36.3,16.04
SL_SOIL_03078,Galle,6.077805,80.261257,Wet Zone,Ultisols,5.41,1.53,14.39,133.31,2.41,54.68,28.27,17.06
SL_SOIL_03079,Kurunegala,7.393147,80.541564,Intermediate Zone,Alfisols,6.53,1.135,16.77,138.27,1.32,60.92,20.19,18.9
SL_SOIL_03080,Kalutara,6.692512,80.172964,Wet Zone,Ultisols,4.76,1.165,13.77,126.11,1.35,50.88,23.44,25.68
SL_SOIL_03081,Colombo,6.87313,79.947628,Wet Zone,Ultisols,5.59,1.14,14.9,114.07,1.25,47.72,20.34,31.94
SL_SOIL_03082,Ratnapura,6.561576,80.488145,Wet Zone,Ultisols,5.31,1.445,18.16,128.58,2.15,47.6,27.19,25.22
SL_SOIL_03083,Kegalle,7.196365,80.501744,Wet Zone,Ultisols,4.96,1.473,11.24,130.39,2.29,44.89,25.66,29.45
SL_SOIL_03084,Kandy,7.275253,80.61599,Wet Zone,Ultisols,5.25,1.548,15.61,110.19,2.31,47.57,35.8,16.63
SL_SOIL_03085,Nuwara Eliya,7.018024,80.8262,Up Country Wet Zone,Inceptisols,4.38,1.551,16.78,140.39,2.7,46.72,38.98,14.31
SL_SOIL_03086,Hambantota,6.109805,80.62138,Dry Zone,Alfisols,6.92,0.868,4.0,132.12,1.01,68.58,11.28,20.14
SL_SOIL_03087,Badulla,7.120364,81.19118,Up Country Intermediate Zone,Inceptisols,4.82,1.598,20.16,140.94,2.34,48.66,35.7,15.64
SL_SOIL_03088,Vavuniya,8.815378,80.306362,Dry Zone,Alfisols,6.56,0.942,14.76,164.16,1.17,55.97,22.47,21.55
SL_SOIL_03089,Mannar,8.864004,80.046631,Dry Zone,Alfisols,7.58,0.782,14.54,163.99,0.72,73.94,15.4,10.65
SL_SOIL_03090,Kegalle,7.258723,80.242391,Wet Zone,Ultisols,5.16,1.493,18.13,160.83,2.41,55.32,29.18,15.5
SL_SOIL_03091,Anuradhapura,8.539141,80.75199,Dry Zone,Alfisols,6.01,0.767,14.23,149.43,1.12,67.24,19.19,13.57
SL_SOIL_03092,Ratnapura,6.648907,80.400944,Wet Zone,Ultisols,5.1,1.615,16.83,147.98,2.68,47.8,46.02,6.18
SL_SOIL_03093,Kegalle,7.153997,80.250548,Wet Zone,Ultisols,5.81,1.448,14.81,134.94,2.81,56.45,31.32,12.23
SL_SOIL_03094,Kandy,7.371622,80.559399,Wet Zone,Ultisols,5.34,1.768,22.26,123.46,2.24,46.87,32.1,21.02
SL_SOIL_03095,Polonnaruwa,8.119275,80.975092,Dry Zone,Vertisols,6.87,0.973,15.92,151.67,1.08,56.98,24.39,18.63
SL_SOIL_03096,Ratnapura,6.65923,80.647808,Wet Zone,Ultisols,4.76,1.493,13.4,128.71,2.56,42.93,41.24,15.83
SL_SOIL_03097,Mannar,9.028652,79.809925,Dry Zone,Alfisols,6.96,0.895,13.69,157.22,0.95,71.01,8.39,20.6
SL_SOIL_03098,Jaffna,9.804452,79.855987,Dry Zone,Alfisols,7.77,0.68,9.58,159.89,0.75,59.53,8.38,32.09
SL_SOIL_03099,Badulla,6.879478,80.878158,Up Country Intermediate Zone,Inceptisols,5.59,1.504,14.78,132.02,1.92,42.46,33.59,23.95
SL_SOIL_03100,Galle,6.070412,80.139464,Wet Zone,Ultisols,5.53,1.5,20.24,129.34,2.15,39.59,32.03,28.38
SL_SOIL_03101,Kalutara,6.695725,80.11307,Wet Zone,Ultisols,5.57,1.331,20.9,131.26,2.24,52.51,19.42,28.08
SL_SOIL_03102,Monaragala,7.256029,81.202641,Intermediate Zone,Alfisols,6.29,1.152,12.38,130.91,1.21,74.36,7.54,18.1
SL_SOIL_03103,Vavuniya,8.732137,80.321878,Dry Zone,Alfisols,6.31,0.769,8.24,151.04,1.28,56.51,24.56,18.93
SL_SOIL_03104,Ratnapura,6.637248,80.429279,Wet Zone,Ultisols,4.79,1.367,12.79,128.74,2.02,33.84,30.76,35.4
SL_SOIL_03105,Jaffna,9.65148,80.030337,Dry Zone,Alfisols,7.27,0.8,5.85,179.38,1.12,77.11,14.88,8.01
SL_SOIL_03106,Ampara,7.494579,81.576564,Dry Zone,Vertisols,6.2,0.901,8.91,139.85,0.94,62.97,20.06,16.98
SL_SOIL_03107,Ampara,6.982972,81.863072,Dry Zone,Vertisols,6.64,0.936,5.5,142.1,0.94,64.76,22.83,12.41
SL_SOIL_03108,Badulla,7.10456,80.894722,Up Country Intermediate Zone,Inceptisols,5.26,1.591,14.76,147.17,2.67,55.89,35.57,8.53
SL_SOIL_03109,Jaffna,9.733907,79.911975,Dry Zone,Alfisols,7.21,0.866,10.2,174.56,0.76,72.55,17.2,10.25
SL_SOIL_03110,Kegalle,7.218465,80.204522,Wet Zone,Ultisols,5.81,1.416,14.46,141.24,1.71,50.21,40.66,9.13
SL_SOIL_03111,Mullaitivu,9.372723,80.596297,Dry Zone,Alfisols,6.82,0.522,12.53,129.4,0.86,69.78,23.78,6.43
SL_SOIL_03112,Nuwara Eliya,7.060017,80.85307,Up Country Wet Zone,Inceptisols,4.78,1.837,14.7,130.07,3.81,37.92,29.85,32.23
SL_SOIL_03113,Mannar,9.1946,79.971972,Dry Zone,Alfisols,7.02,0.754,7.79,155.72,0.92,83.1,5.0,11.9
SL_SOIL_03114,Hambantota,6.024799,80.902095,Dry Zone,Alfisols,6.42,1.026,17.84,104.4,0.94,68.15,19.9,11.95
SL_SOIL_03115,Mullaitivu,9.398672,80.628808,Dry Zone,Alfisols,6.44,1.084,21.85,135.16,1.01,61.63,15.84,22.53
SL_SOIL_03116,Kandy,7.327936,80.7245,Wet Zone,Ultisols,5.27,1.591,16.7,144.57,2.52,34.33,30.36,35.3
SL_SOIL_03117,Ratnapura,6.621698,80.497277,Wet Zone,Ultisols,5.47,1.575,19.78,123.78,2.38,46.71,26.82,26.47
SL_SOIL_03118,Kilinochchi,9.403167,80.28791,Dry Zone,Alfisols,7.09,1.179,8.53,147.04,1.22,69.14,21.21,9.65
SL_SOIL_03119,Anuradhapura,8.245159,80.389402,Dry Zone,Alfisols,6.29,0.947,17.05,122.12,0.99,63.13,18.83,18.05
SL_SOIL_03120,Kurunegala,7.99264,80.190012,Intermediate Zone,Alfisols,5.88,0.822,11.38,130.46,1.27,56.88,21.0,22.12
SL_SOIL_03121,Kilinochchi,9.384463,80.534959,Dry Zone,Alfisols,7.21,0.753,3.0,169.93,1.18,63.53,18.0,18.47
SL_SOIL_03122,Kegalle,7.300286,80.481877,Wet Zone,Ultisols,6.01,1.37,14.17,128.17,2.1,37.89,27.01,35.1
SL_SOIL_03123,Polonnaruwa,8.038483,81.047529,Dry Zone,Vertisols,5.91,0.889,15.84,139.87,1.08,56.14,27.77,16.09
SL_SOIL_03124,Kandy,7.220218,80.743262,Wet Zone,Ultisols,5.05,1.23,19.72,132.29,1.89,43.73,34.23,22.04
SL_SOIL_03125,Kurunegala,7.60703,80.425747,Intermediate Zone,Alfisols,6.42,1.346,11.96,135.66,1.75,63.25,19.71,17.04
SL_SOIL_03126,Colombo,6.904665,79.868164,Wet Zone,Ultisols,6.12,1.345,18.12,121.06,1.67,51.26,30.19,18.54
SL_SOIL_03127,Galle,5.971857,80.140523,Wet Zone,Ultisols,4.85,1.233,13.22,123.21,1.58,46.18,29.87,23.96
SL_SOIL_03128,Nuwara Eliya,6.943238,80.696359,Up Country Wet Zone,Inceptisols,5.32,1.837,15.02,149.23,3.73,30.96,43.16,25.88
SL_SOIL_03129,Batticaloa,7.824155,81.304786,Dry Zone,Vertisols,6.41,0.982,19.15,142.45,1.13,55.78,22.38,21.84
SL_SOIL_03130,Kurunegala,7.48334,80.674461,Intermediate Zone,Alfisols,5.96,1.042,15.29,141.97,1.42,64.2,26.77,9.03
SL_SOIL_03131,Ratnapura,6.553892,80.476609,Wet Zone,Ultisols,4.88,1.208,14.95,132.79,1.78,48.5,31.76,19.74
SL_SOIL_03132,Kilinochchi,9.382635,80.264949,Dry Zone,Alfisols,7.2,0.652,11.57,161.31,0.54,69.54,22.65,7.8
SL_SOIL_03133,Anuradhapura,8.051631,80.843094,Dry Zone,Alfisols,5.64,0.666,13.87,108.1,0.95,67.07,11.05,21.88
SL_SOIL_03134,Ratnapura,6.644447,80.51723,Wet Zone,Ultisols,5.0,1.55,17.55,131.74,2.67,40.7,38.78,20.52
SL_SOIL_03135,Batticaloa,7.853777,81.432521,Dry Zone,Vertisols,6.32,1.175,20.28,168.4,1.66,62.09,18.03,19.88
SL_SOIL_03136,Ampara,7.131868,81.436567,Dry Zone,Vertisols,6.13,0.771,7.76,141.73,1.16,56.38,27.55,16.07
SL_SOIL_03137,Galle,6.162888,80.211238,Wet Zone,Ultisols,5.09,1.466,16.71,143.49,2.13,51.16,34.03,14.82
SL_SOIL_03138,Polonnaruwa,7.875627,81.042539,Dry Zone,Vertisols,6.18,0.791,22.53,143.46,1.18,57.61,25.76,16.63
SL_SOIL_03139,Jaffna,9.845241,80.123845,Dry Zone,Alfisols,7.01,0.675,14.75,157.37,0.81,65.82,15.56,18.63
SL_SOIL_03140,Mannar,8.833125,79.809427,Dry Zone,Alfisols,7.42,0.573,10.33,152.12,0.83,69.34,15.04,15.62
SL_SOIL_03141,Ratnapura,6.720951,80.733746,Wet Zone,Ultisols,5.18,1.279,19.46,157.43,2.88,43.29,42.69,14.02
SL_SOIL_03142,Vavuniya,8.987949,80.556206,Dry Zone,Alfisols,6.71,1.109,10.01,126.97,0.83,58.8,22.12,19.09
SL_SOIL_03143,Kegalle,7.192742,80.501752,Wet Zone,Ultisols,5.19,1.165,12.66,121.63,1.97,49.5,23.39,27.11
SL_SOIL_03144,Matale,7.638161,80.78912,Intermediate Zone,Alfisols,5.45,1.33,21.68,138.14,2.26,55.41,30.23,14.36
SL_SOIL_03145,Polonnaruwa,7.868002,80.969366,Dry Zone,Vertisols,6.68,0.93,16.87,149.14,1.47,55.23,17.03,27.74
SL_SOIL_03146,Kurunegala,7.450226,80.189041,Intermediate Zone,Alfisols,5.95,0.823,12.44,133.8,0.89,58.46,28.47,13.07
SL_SOIL_03147,Matale,7.640084,80.700239,Intermediate Zone,Alfisols,5.34,1.321,11.88,136.71,2.04,59.58,25.72,14.71
SL_SOIL_03148,Kalutara,6.744969,80.217123,Wet Zone,Ultisols,5.61,1.284,12.12,125.91,1.89,48.86,22.69,28.45
SL_SOIL_03149,Monaragala,6.971355,81.568495,Intermediate Zone,Alfisols,5.85,0.951,5.12,127.82,0.91,63.4,28.79,7.81
SL_SOIL_03150,Matale,7.727584,80.740511,Intermediate Zone,Alfisols,5.86,1.551,14.5,123.65,2.41,47.25,27.84,24.91
SL_SOIL_03151,Ratnapura,6.663146,80.622686,Wet Zone,Ultisols,4.62,1.736,12.67,126.51,3.4,47.66,32.62,19.72
SL_SOIL_03152,Trincomalee,8.818473,80.817142,Dry Zone,Alfisols,6.87,1.028,17.64,145.6,1.62,58.1,29.88,12.02
SL_SOIL_03153,Puttalam,8.247613,79.718147,Dry Zone,Alfisols,7.44,0.815,14.29,117.49,0.92,80.8,9.93,9.27
SL_SOIL_03154,Puttalam,8.214733,80.04154,Dry Zone,Alfisols,7.34,0.987,9.93,143.22,1.21,80.01,13.18,6.81
SL_SOIL_03155,Kegalle,7.199174,80.275538,Wet Zone,Ultisols,5.11,1.306,16.71,124.71,2.11,56.56,35.07,8.37
SL_SOIL_03156,Polonnaruwa,8.184292,81.054177,Dry Zone,Vertisols,6.24,0.98,5.39,154.81,0.84,57.76,27.24,14.99
SL_SOIL_03157,Mannar,9.059512,79.86104,Dry Zone,Alfisols,6.79,0.833,12.68,166.32,0.75,72.88,7.77,19.35
SL_SOIL_03158,Kegalle,7.093776,80.509929,Wet Zone,Ultisols,5.57,1.21,19.52,133.08,1.71,39.82,31.95,28.24
SL_SOIL_03159,Hambantota,6.020288,80.722444,Dry Zone,Alfisols,6.38,1.271,10.65,114.84,1.39,59.82,25.47,14.71
SL_SOIL_03160,Colombo,6.954909,79.876762,Wet Zone,Ultisols,5.57,1.306,17.14,120.86,1.8,60.3,16.46,23.24
SL_SOIL_03161,Kurunegala,7.969302,80.262696,Intermediate Zone,Alfisols,6.77,1.119,13.39,105.55,1.25,63.31,10.44,26.25
SL_SOIL_03162,Polonnaruwa,7.788215,81.077485,Dry Zone,Vertisols,6.57,0.94,12.32,109.41,1.25,52.57,18.06,29.36
SL_SOIL_03163,Kandy,7.289576,80.588676,Wet Zone,Ultisols,5.16,1.072,24.47,128.88,2.23,46.16,34.97,18.87
SL_SOIL_03164,Jaffna,9.792843,79.817762,Dry Zone,Alfisols,8.11,0.861,14.0,156.0,0.78,73.47,7.86,18.66
SL_SOIL_03165,Kegalle,7.126957,80.327828,Wet Zone,Ultisols,5.3,1.318,17.65,131.29,2.52,41.84,29.89,28.27
SL_SOIL_03166,Galle,6.105423,80.318024,Wet Zone,Ultisols,5.5,1.35,12.87,131.01,1.99,39.18,29.41,31.41
SL_SOIL_03167,Badulla,6.976843,81.103444,Up Country Intermediate Zone,Inceptisols,5.59,1.793,3.95,145.21,2.61,48.53,37.99,13.48
SL_SOIL_03168,Monaragala,7.04834,81.548125,Intermediate Zone,Alfisols,6.32,0.652,16.4,120.22,1.05,60.9,24.53,14.57
SL_SOIL_03169,Colombo,6.825622,79.923527,Wet Zone,Ultisols,5.2,1.184,17.36,117.28,1.58,55.12,18.4,26.48
SL_SOIL_03170,Trincomalee,8.656708,81.124854,Dry Zone,Alfisols,7.06,1.074,8.25,132.56,1.49,68.95,24.45,6.59
SL_SOIL_03171,Ratnapura,6.628965,80.300376,Wet Zone,Ultisols,4.67,1.624,19.81,141.57,2.73,47.46,25.27,27.27
SL_SOIL_03172,Gampaha,7.1242,80.090897,Wet Zone,Ultisols,6.34,1.14,5.7,131.35,1.22,57.03,20.02,22.95
SL_SOIL_03173,Kilinochchi,9.379661,80.585434,Dry Zone,Alfisols,6.8,0.904,11.91,166.02,0.84,55.25,11.91,32.84
SL_SOIL_03174,Hambantota,6.114001,80.899746,Dry Zone,Alfisols,6.32,1.066,11.8,121.1,0.91,67.45,25.84,6.7
SL_SOIL_03175,Galle,6.06433,80.152788,Wet Zone,Ultisols,5.2,1.133,18.02,114.17,1.89,40.01,17.04,42.96
SL_SOIL_03176,Badulla,7.173661,81.102283,Up Country Intermediate Zone,Inceptisols,4.94,1.374,14.33,130.87,2.2,57.32,27.86,14.82
SL_SOIL_03177,Trincomalee,8.649864,80.755818,Dry Zone,Alfisols,6.32,0.707,12.83,134.78,1.21,60.53,18.54,20.93
SL_SOIL_03178,Trincomalee,8.833466,80.945737,Dry Zone,Alfisols,6.51,0.652,12.3,128.92,1.63,62.95,22.01,15.03
SL_SOIL_03179,Gampaha,7.121078,80.034847,Wet Zone,Ultisols,5.75,0.932,8.18,103.46,1.31,55.15,30.11,14.74
SL_SOIL_03180,Nuwara Eliya,7.028022,80.87508,Up Country Wet Zone,Inceptisols,4.68,1.567,20.99,153.85,3.81,39.4,43.38,17.22
SL_SOIL_03181,Vavuniya,8.962743,80.477622,Dry Zone,Alfisols,6.66,1.012,12.3,164.36,1.26,68.45,21.7,9.84
SL_SOIL_03182,Nuwara Eliya,7.061093,80.826119,Up Country Wet Zone,Inceptisols,4.86,2.094,19.83,145.51,4.23,45.95,39.45,14.6
SL_SOIL_03183,Gampaha,7.178672,79.925842,Wet Zone,Ultisols,6.23,1.386,15.65,101.12,1.6,60.54,14.14,25.32
SL_SOIL_03184,Colombo,6.902652,79.831376,Wet Zone,Ultisols,5.92,1.169,21.24,111.25,1.93,42.17,24.86,32.98
SL_SOIL_03185,Jaffna,9.698553,80.10685,Dry Zone,Alfisols,7.29,0.59,6.86,169.96,0.6,71.97,10.26,17.77
SL_SOIL_03186,Polonnaruwa,7.909985,81.185861,Dry Zone,Vertisols,6.29,1.001,7.18,150.31,1.09,57.52,16.21,26.27
SL_SOIL_03187,Matale,7.482155,80.797367,Intermediate Zone,Alfisols,5.29,1.465,12.67,113.69,1.93,41.53,19.75,38.73
SL_SOIL_03188,Gampaha,7.018299,79.904168,Wet Zone,Ultisols,5.53,0.941,19.8,125.59,1.18,53.09,23.69,23.22
SL_SOIL_03189,Badulla,7.066744,80.984603,Up Country Intermediate Zone,Inceptisols,5.22,1.503,23.59,139.55,2.78,34.41,33.13,32.46
SL_SOIL_03190,Ampara,7.08882,81.800095,Dry Zone,Vertisols,6.16,1.037,12.2,146.57,1.61,61.19,17.2,21.61
SL_SOIL_03191,Kegalle,7.319981,80.525782,Wet Zone,Ultisols,5.62,1.453,14.96,102.15,2.49,58.82,30.39,10.79
SL_SOIL_03192,Gampaha,7.125545,79.863121,Wet Zone,Ultisols,6.08,1.123,6.85,115.16,1.77,49.51,18.69,31.8
SL_SOIL_03193,Jaffna,9.716866,79.725723,Dry Zone,Alfisols,7.27,0.723,14.24,151.17,0.68,70.11,18.76,11.12
SL_SOIL_03194,Gampaha,7.141577,79.899432,Wet Zone,Ultisols,5.74,1.173,13.12,90.78,1.6,56.96,27.75,15.29
SL_SOIL_03195,Ampara,7.351736,81.885628,Dry Zone,Vertisols,6.9,1.176,18.09,154.4,1.74,56.61,30.75,12.65
SL_SOIL_03196,Ampara,7.442341,81.625893,Dry Zone,Vertisols,6.17,0.833,10.64,147.67,1.18,59.74,21.91,18.35
SL_SOIL_03197,Puttalam,7.615223,79.895154,Dry Zone,Alfisols,6.36,0.556,8.88,118.43,0.91,66.77,18.38,14.85
SL_SOIL_03198,Galle,5.994849,80.219108,Wet Zone,Ultisols,5.37,1.725,18.04,130.81,2.14,48.89,32.95,18.16
SL_SOIL_03199,Badulla,6.97583,81.114384,Up Country Intermediate Zone,Inceptisols,5.26,1.432,16.74,158.39,2.3,41.09,35.84,23.07
SL_SOIL_03200,Mannar,9.190895,79.946736,Dry Zone,Alfisols,7.34,0.578,9.8,160.44,0.86,68.71,13.29,18.0
SL_SOIL_03201,Ratnapura,6.78787,80.523898,Wet Zone,Ultisols,4.71,1.746,22.61,130.39,3.0,33.7,34.46,31.83
SL_SOIL_03202,Batticaloa,7.64901,81.035697,Dry Zone,Vertisols,7.07,1.019,18.77,143.37,1.81,66.9,21.65,11.45
SL_SOIL_03203,Matara,5.940434,80.63927,Wet Zone,Ultisols,5.43,1.054,13.16,128.83,1.91,47.48,28.88,23.65
SL_SOIL_03204,Nuwara Eliya,7.090184,80.683947,Up Country Wet Zone,Inceptisols,4.74,1.77,28.53,125.17,3.58,35.24,41.39,23.37
SL_SOIL_03205,Jaffna,9.843745,80.090442,Dry Zone,Alfisols,7.56,0.289,11.42,170.86,0.98,73.65,16.78,9.57
SL_SOIL_03206,Kalutara,6.439001,80.295014,Wet Zone,Ultisols,5.5,1.102,16.28,123.16,1.76,47.41,27.93,24.66
SL_SOIL_03207,Puttalam,7.755184,79.915406,Dry Zone,Alfisols,6.93,0.93,11.89,141.55,1.31,70.67,16.18,13.15
SL_SOIL_03208,Trincomalee,8.650765,81.416735,Dry Zone,Alfisols,6.76,0.811,16.09,132.56,1.22,57.84,6.74,35.42
SL_SOIL_03209,Galle,5.966196,80.209503,Wet Zone,Ultisols,5.22,1.246,12.28,119.07,1.8,42.31,29.02,28.68
SL_SOIL_03210,Polonnaruwa,7.948788,81.218324,Dry Zone,Vertisols,6.0,0.941,8.81,148.85,0.83,56.32,28.97,14.71
SL_SOIL_03211,Anuradhapura,8.259573,80.602253,Dry Zone,Alfisols,6.33,0.886,11.66,141.17,1.14,72.64,16.54,10.83
SL_SOIL_03212,Kandy,7.369648,80.672977,Wet Zone,Ultisols,5.86,1.525,15.07,135.02,2.61,52.69,38.71,8.6
SL_SOIL_03213,Vavuniya,8.727064,80.554052,Dry Zone,Alfisols,6.35,1.175,14.84,164.98,1.36,50.66,20.95,28.39
SL_SOIL_03214,Anuradhapura,7.983474,80.696239,Dry Zone,Alfisols,6.8,0.91,9.15,107.72,1.16,72.18,11.57,16.26
SL_SOIL_03215,Badulla,6.981645,81.044302,Up Country Intermediate Zone,Inceptisols,5.22,1.434,14.01,153.66,2.65,39.3,43.6,17.1
SL_SOIL_03216,Batticaloa,7.982107,81.165652,Dry Zone,Vertisols,6.82,1.216,9.48,169.67,1.19,54.11,28.3,17.6
SL_SOIL_03217,Ratnapura,6.720924,80.618957,Wet Zone,Ultisols,4.96,1.397,17.01,144.46,2.36,48.53,37.54,13.93
SL_SOIL_03218,Matara,6.06155,80.55272,Wet Zone,Ultisols,5.14,1.104,16.98,138.31,1.36,52.13,29.37,18.5
SL_SOIL_03219,Polonnaruwa,8.057851,81.020555,Dry Zone,Vertisols,6.88,1.038,11.55,141.35,0.96,55.19,12.23,32.58
SL_SOIL_03220,Batticaloa,7.60472,81.105801,Dry Zone,Vertisols,6.41,0.894,7.15,143.44,0.69,52.9,13.05,34.05
SL_SOIL_03221,Badulla,6.80795,80.983289,Up Country Intermediate Zone,Inceptisols,5.23,1.79,25.69,143.66,3.03,40.67,36.29,23.04
SL_SOIL_03222,Anuradhapura,8.372473,80.516108,Dry Zone,Alfisols,6.95,0.808,16.73,111.55,1.1,72.01,16.07,11.92
SL_SOIL_03223,Vavuniya,8.996776,80.559572,Dry Zone,Alfisols,6.99,1.135,13.08,140.59,1.28,61.51,22.91,15.57
SL_SOIL_03224,Hambantota,6.178768,81.069692,Dry Zone,Alfisols,6.62,1.27,7.38,123.55,1.25,63.92,12.28,23.8
SL_SOIL_03225,Matara,5.992598,80.626639,Wet Zone,Ultisols,5.39,1.539,14.15,108.83,1.55,46.79,38.61,14.6
SL_SOIL_03226,Trincomalee,8.422296,80.934865,Dry Zone,Alfisols,6.63,1.168,17.11,129.26,1.18,60.23,17.24,22.54
SL_SOIL_03227,Gampaha,7.220255,79.955075,Wet Zone,Ultisols,5.67,1.126,10.52,132.69,1.5,53.82,23.13,23.05
SL_SOIL_03228,Kegalle,7.13562,80.505261,Wet Zone,Ultisols,5.52,1.837,23.19,104.85,2.56,47.5,28.69,23.81
SL_SOIL_03229,Ratnapura,6.833585,80.598795,Wet Zone,Ultisols,4.6,1.655,17.36,145.68,2.93,44.13,40.66,15.21
SL_SOIL_03230,Kalutara,6.573218,80.237176,Wet Zone,Ultisols,5.36,0.966,12.55,120.88,0.94,49.41,24.51,26.08
SL_SOIL_03231,Matara,6.046393,80.602133,Wet Zone,Ultisols,4.98,1.22,13.95,89.04,1.54,47.69,31.67,20.65
SL_SOIL_03232,Mannar,8.923336,79.854246,Dry Zone,Alfisols,7.24,1.075,10.02,150.97,0.76,70.17,13.1,16.74
SL_SOIL_03233,Colombo,6.949686,79.824539,Wet Zone,Ultisols,5.73,1.058,9.75,118.78,1.89,49.72,30.09,20.2
SL_SOIL_03234,Jaffna,9.697796,80.008251,Dry Zone,Alfisols,7.14,0.809,12.06,184.39,0.92,70.87,12.39,16.73
SL_SOIL_03235,Anuradhapura,8.308262,80.425802,Dry Zone,Alfisols,6.62,0.729,13.97,112.25,0.75,62.84,16.24,20.92
SL_SOIL_03236,Kalutara,6.650368,80.177605,Wet Zone,Ultisols,5.96,1.112,13.02,117.74,1.44,45.34,30.4,24.26
SL_SOIL_03237,Nuwara Eliya,6.980849,80.711283,Up Country Wet Zone,Inceptisols,5.38,1.588,12.54,149.83,3.25,50.42,39.07,10.51
SL_SOIL_03238,Galle,6.01936,80.196264,Wet Zone,Ultisols,5.18,1.137,20.03,138.62,2.11,46.7,33.24,20.06
SL_SOIL_03239,Anuradhapura,8.55283,80.670173,Dry Zone,Alfisols,6.61,0.643,19.65,121.93,0.95,65.43,19.22,15.35
SL_SOIL_03240,Monaragala,6.836379,81.197205,Intermediate Zone,Alfisols,5.83,0.996,8.69,138.91,1.07,62.07,19.61,18.32
SL_SOIL_03241,Kegalle,7.085796,80.382689,Wet Zone,Ultisols,5.75,1.407,12.85,124.72,2.23,41.06,25.34,33.6
SL_SOIL_03242,Kurunegala,7.516743,80.558387,Intermediate Zone,Alfisols,5.73,1.123,11.92,113.12,1.02,65.42,28.27,6.31
SL_SOIL_03243,Kilinochchi,9.506007,80.623863,Dry Zone,Alfisols,7.06,1.169,7.66,157.66,1.24,68.63,18.86,12.51
SL_SOIL_03244,Puttalam,7.938036,80.022085,Dry Zone,Alfisols,6.89,1.01,16.25,123.83,0.68,72.03,18.29,9.68
SL_SOIL_03245,Matale,7.405859,80.715365,Intermediate Zone,Alfisols,5.36,1.38,14.83,135.55,1.89,53.68,24.91,21.41
SL_SOIL_03246,Puttalam,8.151096,79.958353,Dry Zone,Alfisols,6.84,0.708,9.05,114.38,0.88,71.22,5.84,22.94
SL_SOIL_03247,Kilinochchi,9.462042,80.307888,Dry Zone,Alfisols,6.44,0.934,8.97,155.5,1.11,63.85,8.98,27.17
SL_SOIL_03248,Ratnapura,6.617391,80.440192,Wet Zone,Ultisols,5.16,1.671,21.37,136.98,2.84,46.29,39.0,14.71
SL_SOIL_03249,Mannar,8.982336,80.021299,Dry Zone,Alfisols,7.29,0.808,8.11,159.57,0.89,78.38,13.88,7.74
SL_SOIL_03250,Jaffna,9.583603,79.874921,Dry Zone,Alfisols,8.17,0.631,9.85,171.84,0.99,69.8,14.7,15.5
SL_SOIL_03251,Matara,6.086215,80.481709,Wet Zone,Ultisols,6.16,1.05,13.53,134.45,2.16,43.03,15.89,41.08
SL_SOIL_03252,Ratnapura,6.793035,80.481869,Wet Zone,Ultisols,4.75,1.573,16.38,142.19,2.68,46.19,37.24,16.57
SL_SOIL_03253,Hambantota,6.299283,80.885736,Dry Zone,Alfisols,6.51,0.996,11.23,106.92,1.27,67.61,16.76,15.63
SL_SOIL_03254,Kandy,7.440225,80.587121,Wet Zone,Ultisols,5.78,1.339,9.76,122.34,2.2,43.87,34.3,21.83
SL_SOIL_03255,Matale,7.71138,80.657835,Intermediate Zone,Alfisols,5.17,1.084,10.5,115.6,2.15,48.97,23.81,27.22
SL_SOIL_03256,Polonnaruwa,7.811081,81.14901,Dry Zone,Vertisols,6.68,1.056,11.92,158.45,1.15,62.29,17.68,20.02
SL_SOIL_03257,Matara,5.95789,80.521979,Wet Zone,Ultisols,5.16,1.217,13.34,132.06,1.86,54.06,20.1,25.84
SL_SOIL_03258,Monaragala,6.801968,81.145385,Intermediate Zone,Alfisols,5.45,0.898,13.37,114.85,1.13,58.41,12.08,29.51
SL_SOIL_03259,Hambantota,6.144188,80.610356,Dry Zone,Alfisols,6.19,0.766,10.63,96.71,0.87,74.13,12.77,13.1
SL_SOIL_03260,Batticaloa,7.823169,81.476997,Dry Zone,Vertisols,6.65,1.047,8.96,171.32,1.26,52.71,23.04,24.25
SL_SOIL_03261,Batticaloa,7.790876,81.509449,Dry Zone,Vertisols,6.78,1.166,12.8,171.44,1.59,55.53,30.13,14.34
SL_SOIL_03262,Ampara,6.992492,81.58336,Dry Zone,Vertisols,6.61,1.019,15.38,154.63,1.5,51.85,26.21,21.94
SL_SOIL_03263,Vavuniya,8.800338,80.378677,Dry Zone,Alfisols,6.06,1.271,8.54,142.55,1.71,66.34,23.17,10.49
SL_SOIL_03264,Matara,6.146013,80.528949,Wet Zone,Ultisols,5.41,1.401,23.27,112.34,1.94,50.77,19.01,30.22
SL_SOIL_03265,Kurunegala,7.828245,80.39521,Intermediate Zone,Alfisols,6.37,1.077,9.5,113.59,1.5,70.71,18.76,10.53
SL_SOIL_03266,Jaffna,9.683847,79.868298,Dry Zone,Alfisols,7.44,0.807,18.54,167.21,0.92,69.36,22.61,8.03
SL_SOIL_03267,Anuradhapura,7.95303,80.768331,Dry Zone,Alfisols,6.71,0.997,3.55,127.83,0.72,72.51,17.94,9.55
SL_SOIL_03268,Nuwara Eliya,6.949632,80.770408,Up Country Wet Zone,Inceptisols,4.67,1.729,24.37,142.7,3.3,36.84,35.44,27.72
SL_SOIL_03269,Mannar,8.924101,79.845003,Dry Zone,Alfisols,6.84,0.784,4.72,162.12,0.9,68.76,19.66,11.57
SL_SOIL_03270,Gampaha,7.004048,80.008862,Wet Zone,Ultisols,5.51,0.937,17.17,126.42,1.21,62.08,21.87,16.04
SL_SOIL_03271,Galle,6.09593,80.263148,Wet Zone,Ultisols,5.26,1.284,19.04,127.33,1.22,36.54,30.99,32.47
SL_SOIL_03272,Ampara,7.313385,81.642609,Dry Zone,Vertisols,7.16,1.158,20.51,139.74,1.65,50.58,18.92,30.5
SL_SOIL_03273,Kalutara,6.724335,80.194535,Wet Zone,Ultisols,5.26,1.423,19.61,121.21,2.24,48.91,19.17,31.92
SL_SOIL_03274,Mullaitivu,9.030645,80.818714,Dry Zone,Alfisols,6.7,0.883,9.91,146.71,0.99,62.61,13.29,24.09
SL_SOIL_03275,Kalutara,6.520461,80.171888,Wet Zone,Ultisols,5.8,1.404,15.83,115.6,1.31,55.66,33.44,10.9
SL_SOIL_03276,Kurunegala,7.789506,80.653281,Intermediate Zone,Alfisols,6.4,1.088,13.24,144.03,1.67,60.09,26.5,13.41
SL_SOIL_03277,Kilinochchi,9.380177,80.64126,Dry Zone,Alfisols,7.21,0.974,14.57,166.3,1.57,69.86,17.65,12.49
SL_SOIL_03278,Matara,6.126906,80.59222,Wet Zone,Ultisols,5.56,1.036,21.58,136.38,1.14,53.82,30.96,15.22
SL_SOIL_03279,Nuwara Eliya,7.056618,80.842283,Up Country Wet Zone,Inceptisols,4.49,1.496,15.4,159.63,2.77,33.0,47.82,19.18
SL_SOIL_03280,Colombo,6.864098,79.851319,Wet Zone,Ultisols,5.94,1.043,12.87,107.85,1.85,58.81,19.39,21.79
SL_SOIL_03281,Colombo,6.910776,79.895281,Wet Zone,Ultisols,5.69,1.237,13.64,108.79,1.57,51.34,28.59,20.07
SL_SOIL_03282,Monaragala,7.240279,81.045103,Intermediate Zone,Alfisols,5.56,1.248,11.06,144.7,1.29,56.94,20.92,22.14
SL_SOIL_03283,Matara,5.992459,80.646063,Wet Zone,Ultisols,6.07,1.071,18.43,143.82,1.83,44.52,30.21,25.27
SL_SOIL_03284,Matale,7.517101,80.627991,Intermediate Zone,Alfisols,5.36,1.514,14.14,130.84,1.98,51.68,26.37,21.96
SL_SOIL_03285,Ampara,7.436642,81.470294,Dry Zone,Vertisols,6.1,0.892,18.45,109.81,0.92,64.61,26.64,8.75
SL_SOIL_03286,Kilinochchi,9.578907,80.319741,Dry Zone,Alfisols,6.85,0.959,10.9,190.18,1.28,65.52,9.81,24.67
SL_SOIL_03287,Matale,7.794919,80.79068,Intermediate Zone,Alfisols,5.71,1.191,18.46,133.3,1.68,44.43,18.35,37.22
SL_SOIL_03288,Kandy,7.299344,80.658888,Wet Zone,Ultisols,5.45,1.923,21.73,129.6,2.51,51.85,33.16,14.98
SL_SOIL_03289,Nuwara Eliya,6.997005,80.809538,Up Country Wet Zone,Inceptisols,4.49,1.671,23.34,145.71,3.58,39.76,38.85,21.39
SL_SOIL_03290,Vavuniya,8.984311,80.54276,Dry Zone,Alfisols,6.41,0.966,10.01,129.56,1.13,61.8,27.09,11.12
SL_SOIL_03291,Badulla,7.086722,81.106048,Up Country Intermediate Zone,Inceptisols,5.55,1.439,14.89,139.39,2.38,41.05,36.96,21.98
SL_SOIL_03292,Puttalam,8.005849,79.880296,Dry Zone,Alfisols,6.49,0.565,7.82,119.81,1.05,69.24,8.89,21.86
SL_SOIL_03293,Hambantota,6.158475,81.005176,Dry Zone,Alfisols,6.91,1.068,8.42,107.92,1.04,61.78,25.64,12.58
SL_SOIL_03294,Mannar,9.054203,79.917955,Dry Zone,Alfisols,6.94,0.964,7.62,168.32,0.91,83.4,7.29,9.31
SL_SOIL_03295,Kilinochchi,9.343681,80.558159,Dry Zone,Alfisols,6.76,0.873,9.75,142.25,0.84,73.52,18.26,8.22
SL_SOIL_03296,Vavuniya,8.70667,80.456807,Dry Zone,Alfisols,6.05,0.965,15.54,153.64,1.05,58.26,20.22,21.52
SL_SOIL_03297,Monaragala,7.196662,81.407767,Intermediate Zone,Alfisols,5.85,0.958,3.86,142.54,1.47,66.38,19.51,14.11
SL_SOIL_03298,Ampara,7.198433,81.828938,Dry Zone,Vertisols,6.46,0.586,18.21,143.73,0.61,66.57,17.95,15.48
SL_SOIL_03299,Colombo,6.818589,79.90239,Wet Zone,Ultisols,5.86,1.091,5.91,111.23,1.24,63.75,21.59,14.66
SL_SOIL_03300,Mullaitivu,9.362502,80.879498,Dry Zone,Alfisols,6.56,0.746,9.95,151.45,1.06,72.9,14.35,12.75
SL_SOIL_03301,Monaragala,6.814816,81.288199,Intermediate Zone,Alfisols,5.75,1.144,9.11,132.58,1.35,64.63,11.04,24.33
SL_SOIL_03302,Polonnaruwa,8.132618,80.833104,Dry Zone,Vertisols,5.96,1.039,14.03,130.05,1.32,51.31,24.39,24.29
SL_SOIL_03303,Polonnaruwa,7.853522,81.058315,Dry Zone,Vertisols,6.37,1.197,10.51,146.28,1.63,58.77,30.23,11.0
SL_SOIL_03304,Mullaitivu,9.13788,80.81799,Dry Zone,Alfisols,6.41,0.963,17.1,159.89,1.07,57.85,18.01,24.14
SL_SOIL_03305,Gampaha,7.203881,80.044545,Wet Zone,Ultisols,5.3,0.855,12.56,115.24,1.3,60.13,21.67,18.2
SL_SOIL_03306,Kandy,7.212967,80.609424,Wet Zone,Ultisols,5.36,1.114,16.26,121.96,1.33,44.99,38.33,16.67
SL_SOIL_03307,Nuwara Eliya,6.892339,80.887997,Up Country Wet Zone,Inceptisols,5.18,1.807,15.75,149.92,2.73,39.79,34.8,25.41
SL_SOIL_03308,Monaragala,6.901264,81.060354,Intermediate Zone,Alfisols,6.18,0.942,6.33,136.07,1.3,68.52,20.82,10.66
SL_SOIL_03309,Matale,7.650446,80.686722,Intermediate Zone,Alfisols,5.52,0.838,8.86,137.98,1.81,48.75,29.38,21.87
SL_SOIL_03310,Kegalle,7.108319,80.345561,Wet Zone,Ultisols,5.16,1.264,6.45,127.27,2.32,32.64,27.96,39.4
SL_SOIL_03311,Kalutara,6.699308,79.993493,Wet Zone,Ultisols,5.71,1.498,14.93,122.54,2.21,44.44,35.43,20.13
SL_SOIL_03312,Colombo,6.970354,79.948362,Wet Zone,Ultisols,5.36,0.669,15.03,95.79,1.02,56.86,20.62,22.52
SL_SOIL_03313,Kandy,7.423224,80.702157,Wet Zone,Ultisols,5.75,1.53,23.14,125.14,2.29,48.31,36.55,15.13
SL_SOIL_03314,Kegalle,7.190975,80.471605,Wet Zone,Ultisols,4.37,1.371,17.96,134.99,2.28,41.25,29.8,28.94
SL_SOIL_03315,Anuradhapura,8.43104,80.653059,Dry Zone,Alfisols,6.17,0.838,9.26,132.05,0.74,63.53,10.2,26.28
SL_SOIL_03316,Gampaha,7.039675,79.946483,Wet Zone,Ultisols,6.25,1.307,21.19,103.34,1.38,56.83,24.61,18.56
SL_SOIL_03317,Matale,7.579199,80.643096,Intermediate Zone,Alfisols,6.26,1.459,12.89,98.23,1.78,60.95,25.26,13.79
SL_SOIL_03318,Kalutara,6.580443,80.298135,Wet Zone,Ultisols,6.0,1.399,8.09,139.43,1.97,49.8,28.14,22.06
SL_SOIL_03319,Hambantota,6.29894,80.915078,Dry Zone,Alfisols,6.87,0.675,9.79,100.23,1.25,69.08,16.01,14.92
SL_SOIL_03320,Anuradhapura,8.251632,80.411493,Dry Zone,Alfisols,7.01,0.786,10.39,150.93,1.02,70.17,24.56,5.27
SL_SOIL_03321,Nuwara Eliya,7.062049,80.72203,Up Country Wet Zone,Inceptisols,4.52,1.293,12.57,140.09,2.64,49.28,37.42,13.31
SL_SOIL_03322,Kurunegala,7.526673,80.699295,Intermediate Zone,Alfisols,6.28,1.026,8.78,122.63,1.6,68.73,21.72,9.55
SL_SOIL_03323,Nuwara Eliya,6.874368,80.791326,Up Country Wet Zone,Inceptisols,5.27,2.022,24.25,149.08,4.38,47.65,40.88,11.48
SL_SOIL_03324,Puttalam,8.17244,80.110679,Dry Zone,Alfisols,6.27,0.885,10.24,118.14,0.98,76.5,12.25,11.25
SL_SOIL_03325,Mannar,8.847876,79.831777,Dry Zone,Alfisols,6.97,0.658,9.98,156.02,0.98,69.78,20.71,9.51
SL_SOIL_03326,Kegalle,7.1551,80.53411,Wet Zone,Ultisols,4.8,1.425,17.88,135.41,2.3,51.53,40.72,7.75
SL_SOIL_03327,Kilinochchi,9.478179,80.366535,Dry Zone,Alfisols,6.55,0.671,9.75,167.02,0.86,62.73,19.73,17.54
SL_SOIL_03328,Gampaha,7.064202,79.922105,Wet Zone,Ultisols,6.01,0.88,20.79,115.07,1.6,61.36,22.02,16.62
SL_SOIL_03329,Batticaloa,7.798678,81.002448,Dry Zone,Vertisols,7.02,1.072,18.9,123.12,1.25,64.0,19.35,16.65
SL_SOIL_03330,Mannar,9.007996,79.861321,Dry Zone,Alfisols,6.81,0.617,5.39,161.83,0.85,75.42,16.01,8.58
SL_SOIL_03331,Mannar,9.109035,79.998269,Dry Zone,Alfisols,7.44,0.633,13.16,167.57,0.54,66.92,5.1,27.98
SL_SOIL_03332,Hambantota,6.313382,81.072525,Dry Zone,Alfisols,6.52,0.826,13.14,80.16,1.13,65.22,5.59,29.2
SL_SOIL_03333,Polonnaruwa,7.861717,80.858802,Dry Zone,Vertisols,6.77,0.906,9.88,135.61,0.91,57.67,20.73,21.6
SL_SOIL_03334,Ratnapura,6.843331,80.576034,Wet Zone,Ultisols,4.77,1.856,17.55,144.88,2.52,40.44,34.42,25.13
SL_SOIL_03335,Gampaha,7.216026,79.877865,Wet Zone,Ultisols,5.59,0.937,13.54,126.49,1.21,61.37,24.68,13.95
SL_SOIL_03336,Badulla,7.18355,81.188588,Up Country Intermediate Zone,Inceptisols,4.9,1.461,12.11,131.44,2.52,44.28,31.3,24.42
SL_SOIL_03337,Kalutara,6.443385,80.22519,Wet Zone,Ultisols,5.6,1.265,10.72,141.1,1.69,40.22,40.45,19.34
SL_SOIL_03338,Mannar,8.800385,79.838251,Dry Zone,Alfisols,7.37,0.652,10.13,175.41,0.55,66.91,6.26,26.83
SL_SOIL_03339,Ampara,7.341075,81.859718,Dry Zone,Vertisols,6.91,0.866,21.35,141.56,1.16,53.53,28.53,17.94
SL_SOIL_03340,Polonnaruwa,7.762699,81.16212,Dry Zone,Vertisols,5.68,1.164,14.99,125.26,1.08,60.31,22.59,17.11
SL_SOIL_03341,Ratnapura,6.593219,80.478749,Wet Zone,Ultisols,5.08,1.706,14.96,136.61,2.85,31.75,42.99,25.26
SL_SOIL_03342,Colombo,6.839223,79.897092,Wet Zone,Ultisols,5.59,1.427,12.62,109.27,1.99,55.12,23.35,21.52
SL_SOIL_03343,Polonnaruwa,7.840471,80.805933,Dry Zone,Vertisols,6.66,0.962,15.39,120.77,1.17,58.13,22.96,18.91
SL_SOIL_03344,Kalutara,6.680018,80.258037,Wet Zone,Ultisols,5.35,1.338,7.78,109.59,2.12,52.78,28.91,18.31
SL_SOIL_03345,Anuradhapura,8.05708,80.356351,Dry Zone,Alfisols,6.07,0.736,9.74,125.18,0.87,67.54,15.36,17.1
SL_SOIL_03346,Gampaha,7.249223,79.939506,Wet Zone,Ultisols,5.94,1.42,12.75,111.54,1.88,57.62,20.26,22.12
SL_SOIL_03347,Hambantota,6.321423,81.069023,Dry Zone,Alfisols,6.49,0.938,9.58,118.56,1.19,78.06,13.46,8.48
SL_SOIL_03348,Puttalam,7.666868,79.904315,Dry Zone,Alfisols,6.82,0.705,15.86,130.07,0.81,69.64,16.72,13.64
SL_SOIL_03349,Batticaloa,7.652922,81.119432,Dry Zone,Vertisols,7.26,0.845,15.04,160.05,1.82,58.35,22.7,18.94
SL_SOIL_03350,Kurunegala,7.313704,80.216303,Intermediate Zone,Alfisols,6.06,0.99,14.76,143.46,1.46,67.07,20.08,12.85
SL_SOIL_03351,Kilinochchi,9.484784,80.398483,Dry Zone,Alfisols,6.39,0.931,10.81,156.73,1.09,62.89,8.55,28.56
SL_SOIL_03352,Kegalle,7.204635,80.281448,Wet Zone,Ultisols,5.85,1.458,19.68,130.42,2.07,44.97,33.42,21.61
SL_SOIL_03353,Monaragala,6.862228,81.150091,Intermediate Zone,Alfisols,5.83,1.243,16.74,142.46,1.44,69.55,22.95,7.5
SL_SOIL_03354,Ampara,7.207425,81.455457,Dry Zone,Vertisols,6.43,0.903,14.05,140.95,0.97,54.22,16.38,29.39
SL_SOIL_03355,Badulla,6.924695,80.880128,Up Country Intermediate Zone,Inceptisols,5.27,1.533,15.2,135.51,2.62,44.58,38.67,16.75
SL_SOIL_03356,Trincomalee,8.860203,81.442985,Dry Zone,Alfisols,6.33,0.864,15.82,138.96,0.73,59.05,19.47,21.47
SL_SOIL_03357,Matale,7.775295,80.710202,Intermediate Zone,Alfisols,5.3,1.388,13.1,134.44,2.5,46.64,37.29,16.08
SL_SOIL_03358,Mannar,8.851906,79.918632,Dry Zone,Alfisols,7.36,0.838,8.26,150.64,0.77,79.23,7.75,13.02
SL_SOIL_03359,Kilinochchi,9.61886,80.543396,Dry Zone,Alfisols,7.03,0.729,10.36,152.84,1.09,65.83,9.0,25.17
SL_SOIL_03360,Batticaloa,7.771723,81.377626,Dry Zone,Vertisols,6.31,0.998,22.33,126.96,1.24,60.68,20.29,19.02
SL_SOIL_03361,Kalutara,6.620931,80.224464,Wet Zone,Ultisols,6.26,1.307,14.19,136.15,2.09,58.72,24.46,16.83
SL_SOIL_03362,Colombo,6.81617,80.00178,Wet Zone,Ultisols,5.89,0.989,19.17,131.56,1.03,59.5,33.9,6.61
SL_SOIL_03363,Anuradhapura,8.166643,80.3142,Dry Zone,Alfisols,6.2,1.321,12.87,112.62,1.13,61.38,12.64,25.97
SL_SOIL_03364,Ampara,6.918237,81.878957,Dry Zone,Vertisols,6.12,1.068,8.87,148.27,1.19,63.93,21.89,14.18
SL_SOIL_03365,Gampaha,7.221451,80.059947,Wet Zone,Ultisols,6.01,1.017,13.27,113.47,1.64,58.84,18.04,23.12
SL_SOIL_03366,Gampaha,7.201821,79.875061,Wet Zone,Ultisols,5.17,0.726,4.52,120.84,0.95,59.51,23.2,17.29
SL_SOIL_03367,Kalutara,6.425042,80.25612,Wet Zone,Ultisols,5.38,1.186,14.28,118.66,1.11,45.39,24.54,30.07
SL_SOIL_03368,Matara,6.090946,80.527384,Wet Zone,Ultisols,5.58,1.566,16.71,129.8,2.44,52.59,31.4,16.01
SL_SOIL_03369,Ratnapura,6.75894,80.639764,Wet Zone,Ultisols,4.41,1.411,20.26,157.86,2.04,45.43,38.34,16.23
SL_SOIL_03370,Batticaloa,7.846519,81.070759,Dry Zone,Vertisols,6.26,0.904,11.58,145.21,0.77,55.71,24.62,19.67
SL_SOIL_03371,Galle,6.122347,80.292204,Wet Zone,Ultisols,5.55,1.404,14.62,143.36,2.23,42.69,32.5,24.8
SL_SOIL_03372,Nuwara Eliya,6.924226,80.718535,Up Country Wet Zone,Inceptisols,4.97,1.813,20.12,145.68,3.53,49.19,40.94,9.86
SL_SOIL_03373,Hambantota,6.153962,80.993771,Dry Zone,Alfisols,6.85,0.833,4.66,114.76,1.03,61.86,13.92,24.23
SL_SOIL_03374,Anuradhapura,8.243794,80.478277,Dry Zone,Alfisols,5.83,0.864,10.82,136.11,0.86,68.18,20.36,11.46
SL_SOIL_03375,Colombo,6.870356,79.996199,Wet Zone,Ultisols,6.11,1.323,16.73,148.99,2.14,51.25,23.65,25.1
SL_SOIL_03376,Matara,6.016512,80.472768,Wet Zone,Ultisols,5.59,0.853,14.68,104.49,1.4,46.47,33.12,20.41
SL_SOIL_03377,Monaragala,6.876103,81.590929,Intermediate Zone,Alfisols,5.77,1.436,15.53,102.41,1.7,62.79,14.72,22.49
SL_SOIL_03378,Monaragala,7.281535,81.054848,Intermediate Zone,Alfisols,5.74,1.047,6.96,122.94,1.43,71.19,13.24,15.57
SL_SOIL_03379,Kalutara,6.653759,79.961106,Wet Zone,Ultisols,5.38,1.335,13.27,110.21,1.54,58.88,25.11,16.01
SL_SOIL_03380,Kandy,7.447689,80.706324,Wet Zone,Ultisols,5.75,1.504,13.78,119.96,1.84,54.91,28.46,16.63
SL_SOIL_03381,Kegalle,7.102286,80.384613,Wet Zone,Ultisols,4.82,1.583,16.58,131.39,2.75,43.33,34.92,21.75
SL_SOIL_03382,Batticaloa,7.865323,81.48526,Dry Zone,Vertisols,7.3,1.075,21.19,145.99,1.22,62.15,28.8,9.04
SL_SOIL_03383,Nuwara Eliya,6.978437,80.822941,Up Country Wet Zone,Inceptisols,5.1,1.708,16.38,157.47,3.04,50.06,31.97,17.97
SL_SOIL_03384,Batticaloa,7.932467,81.03152,Dry Zone,Vertisols,6.76,0.917,12.71,138.18,1.16,61.68,16.17,22.15
SL_SOIL_03385,Polonnaruwa,8.013579,81.241047,Dry Zone,Vertisols,6.03,1.05,9.81,155.89,0.93,47.26,16.74,36.0
SL_SOIL_03386,Kalutara,6.435885,80.253896,Wet Zone,Ultisols,5.37,1.397,14.27,121.03,1.79,45.96,24.04,29.99
SL_SOIL_03387,Kegalle,7.185688,80.222022,Wet Zone,Ultisols,4.65,1.467,15.61,145.91,2.33,51.57,32.64,15.79
SL_SOIL_03388,Polonnaruwa,8.093358,80.899591,Dry Zone,Vertisols,6.63,0.682,20.39,145.98,1.4,63.66,27.42,8.92
SL_SOIL_03389,Polonnaruwa,7.723623,80.975608,Dry Zone,Vertisols,6.5,1.15,12.01,162.73,1.86,47.48,21.45,31.07
SL_SOIL_03390,Vavuniya,8.903136,80.699203,Dry Zone,Alfisols,6.38,1.008,9.15,154.28,1.35,57.08,21.76,21.16
SL_SOIL_03391,Anuradhapura,7.920405,80.835752,Dry Zone,Alfisols,6.15,0.822,3.0,113.25,1.16,68.38,13.7,17.92
SL_SOIL_03392,Vavuniya,8.612678,80.570625,Dry Zone,Alfisols,7.02,0.975,15.29,144.66,0.95,64.45,21.33,14.22
SL_SOIL_03393,Kandy,7.22442,80.695611,Wet Zone,Ultisols,5.48,1.377,12.97,131.19,1.98,57.05,30.79,12.15
SL_SOIL_03394,Mannar,9.197983,79.805602,Dry Zone,Alfisols,7.53,0.758,11.09,161.09,0.88,71.51,21.59,6.9
SL_SOIL_03395,Trincomalee,8.657689,81.401976,Dry Zone,Alfisols,6.72,0.825,9.19,118.84,1.34,63.73,25.96,10.31
SL_SOIL_03396,Galle,6.067997,80.26022,Wet Zone,Ultisols,5.2,1.326,7.3,127.41,2.07,42.95,31.17,25.87
SL_SOIL_03397,Hambantota,6.1449,80.996035,Dry Zone,Alfisols,6.63,1.023,18.9,127.35,1.05,64.3,23.91,11.79
SL_SOIL_03398,Kalutara,6.516088,80.195705,Wet Zone,Ultisols,5.61,1.319,14.62,128.16,1.77,49.34,26.22,24.44
SL_SOIL_03399,Mullaitivu,9.059857,80.617357,Dry Zone,Alfisols,6.91,0.762,5.85,156.18,0.97,71.05,13.31,15.63
SL_SOIL_03400,Batticaloa,7.912509,81.151996,Dry Zone,Vertisols,6.84,0.894,14.17,143.67,1.17,57.07,18.93,24.01
SL_SOIL_03401,Kurunegala,7.825914,80.134489,Intermediate Zone,Alfisols,6.05,0.978,11.23,134.96,1.2,55.08,31.45,13.47
SL_SOIL_03402,Puttalam,8.287095,79.809937,Dry Zone,Alfisols,6.71,0.919,10.94,127.26,1.13,77.04,13.12,9.84
SL_SOIL_03403,Colombo,6.896648,79.944826,Wet Zone,Ultisols,5.24,1.3,21.89,119.66,2.06,40.99,23.24,35.77
SL_SOIL_03404,Nuwara Eliya,6.909067,80.696364,Up Country Wet Zone,Inceptisols,4.24,1.799,21.61,154.07,3.44,51.65,38.01,10.34
SL_SOIL_03405,Monaragala,6.65432,81.509717,Intermediate Zone,Alfisols,6.08,0.961,7.37,136.72,1.53,60.6,23.9,15.5
SL_SOIL_03406,Gampaha,7.072823,80.078806,Wet Zone,Ultisols,5.96,1.12,11.62,118.64,1.42,66.16,22.5,11.34
SL_SOIL_03407,Ratnapura,6.690019,80.49379,Wet Zone,Ultisols,4.55,1.484,15.51,129.27,1.84,49.33,41.81,8.86
SL_SOIL_03408,Vavuniya,8.872372,80.652625,Dry Zone,Alfisols,6.53,0.634,10.76,143.63,0.83,64.88,21.01,14.1
SL_SOIL_03409,Nuwara Eliya,6.962525,80.717475,Up Country Wet Zone,Inceptisols,4.16,1.751,19.9,137.66,3.07,42.43,32.4,25.17
SL_SOIL_03410,Vavuniya,8.61712,80.59567,Dry Zone,Alfisols,6.38,0.771,9.08,136.12,0.8,60.37,23.25,16.38
SL_SOIL_03411,Kandy,7.284579,80.551478,Wet Zone,Ultisols,4.71,1.506,19.63,132.06,1.74,48.46,26.36,25.17
SL_SOIL_03412,Polonnaruwa,7.830391,81.129013,Dry Zone,Vertisols,6.27,1.092,13.38,138.56,1.23,59.05,24.5,16.45
SL_SOIL_03413,Matara,6.133389,80.617655,Wet Zone,Ultisols,5.27,1.303,11.24,110.27,1.73,50.53,24.53,24.95
SL_SOIL_03414,Kalutara,6.419221,80.046364,Wet Zone,Ultisols,5.18,1.145,10.62,129.7,1.96,52.32,32.52,15.16
SL_SOIL_03415,Puttalam,8.267412,79.782917,Dry Zone,Alfisols,7.28,0.888,5.24,88.46,0.9,69.12,11.6,19.27
SL_SOIL_03416,Vavuniya,8.928005,80.672209,Dry Zone,Alfisols,7.35,0.961,9.03,146.98,0.8,62.25,17.43,20.32
SL_SOIL_03417,Anuradhapura,8.352715,80.800999,Dry Zone,Alfisols,6.29,0.801,3.42,126.93,1.06,69.76,18.93,11.31
SL_SOIL_03418,Trincomalee,8.429522,81.489246,Dry Zone,Alfisols,6.7,0.658,10.4,145.7,0.66,75.98,14.62,9.4
SL_SOIL_03419,Kegalle,7.16274,80.387796,Wet Zone,Ultisols,5.18,1.65,11.8,125.7,2.09,53.95,28.33,17.71
SL_SOIL_03420,Matara,6.05178,80.513068,Wet Zone,Ultisols,5.21,1.275,8.83,110.61,1.32,44.97,26.59,28.45
SL_SOIL_03421,Ratnapura,6.661897,80.650046,Wet Zone,Ultisols,4.66,1.538,19.97,119.13,2.49,46.43,41.2,12.37
SL_SOIL_03422,Vavuniya,8.649588,80.528184,Dry Zone,Alfisols,6.24,1.27,9.18,151.13,1.46,64.14,22.67,13.19
SL_SOIL_03423,Nuwara Eliya,6.869259,80.733103,Up Country Wet Zone,Inceptisols,4.25,1.804,22.59,146.12,3.1,34.07,31.6,34.33
SL_SOIL_03424,Monaragala,7.193806,81.032804,Intermediate Zone,Alfisols,5.68,0.497,5.55,128.78,0.8,53.17,21.64,25.19
SL_SOIL_03425,Badulla,7.150731,81.195861,Up Country Intermediate Zone,Inceptisols,4.91,1.548,15.77,136.53,2.85,40.62,34.44,24.94
SL_SOIL_03426,Ampara,7.000185,81.644021,Dry Zone,Vertisols,6.5,0.948,10.86,139.38,1.57,62.65,19.31,18.04
SL_SOIL_03427,Kegalle,7.172411,80.379606,Wet Zone,Ultisols,5.48,1.601,15.75,126.04,2.54,42.35,27.77,29.88
SL_SOIL_03428,Puttalam,7.914097,80.148541,Dry Zone,Alfisols,6.49,1.294,17.15,121.3,1.1,71.64,18.17,10.19
SL_SOIL_03429,Vavuniya,8.884983,80.631412,Dry Zone,Alfisols,7.12,0.936,11.87,150.92,0.97,59.23,23.84,16.92
SL_SOIL_03430,Puttalam,8.118189,79.948615,Dry Zone,Alfisols,6.07,0.76,14.53,124.66,0.85,64.73,13.3,21.97
SL_SOIL_03431,Kalutara,6.503088,79.965222,Wet Zone,Ultisols,5.63,1.6,15.87,137.55,2.29,49.53,25.48,24.99
SL_SOIL_03432,Jaffna,9.728609,80.132303,Dry Zone,Alfisols,7.88,0.717,11.55,179.89,0.78,68.17,15.14,16.69
SL_SOIL_03433,Puttalam,7.670046,80.088699,Dry Zone,Alfisols,6.79,0.683,7.76,103.31,0.97,70.57,21.13,8.3
SL_SOIL_03434,Hambantota,6.140734,80.599415,Dry Zone,Alfisols,6.73,0.961,10.34,116.28,0.91,66.11,22.0,11.89
SL_SOIL_03435,Anuradhapura,8.588485,80.707699,Dry Zone,Alfisols,5.88,0.761,14.25,117.29,0.88,62.2,17.05,20.75
SL_SOIL_03436,Mullaitivu,9.28434,80.633608,Dry Zone,Alfisols,7.65,0.85,8.9,157.49,1.0,68.71,14.54,16.75
SL_SOIL_03437,Galle,6.061877,80.27679,Wet Zone,Ultisols,5.03,1.234,14.51,138.68,2.12,55.11,27.46,17.43
SL_SOIL_03438,Vavuniya,8.611106,80.687817,Dry Zone,Alfisols,6.69,0.635,12.4,144.64,0.74,67.07,21.05,11.88
SL_SOIL_03439,Hambantota,6.206462,80.960557,Dry Zone,Alfisols,5.87,0.82,8.56,108.67,0.7,65.98,14.0,20.02
SL_SOIL_03440,Monaragala,7.242523,81.282941,Intermediate Zone,Alfisols,5.64,0.909,17.2,106.31,1.02,66.86,18.96,14.19
SL_SOIL_03441,Kegalle,7.130905,80.261539,Wet Zone,Ultisols,5.66,1.225,11.11,123.46,2.05,53.21,29.49,17.31
SL_SOIL_03442,Puttalam,7.80095,79.76528,Dry Zone,Alfisols,6.69,0.653,6.81,113.43,0.92,69.63,18.22,12.15
SL_SOIL_03443,Batticaloa,7.631567,81.439141,Dry Zone,Vertisols,7.37,1.088,15.24,155.05,1.4,59.31,25.25,15.44
SL_SOIL_03444,Anuradhapura,8.195196,80.637085,Dry Zone,Alfisols,6.18,0.858,10.32,117.15,0.82,69.05,10.93,20.02
SL_SOIL_03445,Vavuniya,8.781457,80.348839,Dry Zone,Alfisols,6.73,0.637,13.38,149.11,1.03,55.45,20.04,24.51
SL_SOIL_03446,Ratnapura,6.721494,80.364271,Wet Zone,Ultisols,5.32,1.795,11.01,109.78,2.17,48.64,33.37,17.99
SL_SOIL_03447,Nuwara Eliya,6.936146,80.693562,Up Country Wet Zone,Inceptisols,5.33,1.92,12.62,158.06,3.2,34.19,44.13,21.68
SL_SOIL_03448,Polonnaruwa,8.022954,80.878156,Dry Zone,Vertisols,6.8,1.153,8.27,135.62,1.25,60.29,29.52,10.19
SL_SOIL_03449,Kandy,7.236823,80.734284,Wet Zone,Ultisols,5.42,1.396,10.9,110.69,1.69,47.03,33.39,19.58
SL_SOIL_03450,Matara,6.081261,80.576685,Wet Zone,Ultisols,5.47,1.27,20.15,157.88,2.42,51.2,21.48,27.33
SL_SOIL_03451,Trincomalee,8.739121,80.840523,Dry Zone,Alfisols,6.8,1.091,16.64,154.19,1.22,69.42,22.59,8.0
SL_SOIL_03452,Hambantota,6.339549,80.886404,Dry Zone,Alfisols,6.32,0.658,11.4,109.19,1.09,67.17,19.87,12.96
SL_SOIL_03453,Colombo,6.942977,79.959091,Wet Zone,Ultisols,6.01,1.366,19.52,118.44,1.57,62.49,25.82,11.69
SL_SOIL_03454,Ratnapura,6.894627,80.596969,Wet Zone,Ultisols,5.4,1.621,23.93,142.16,3.16,47.34,40.56,12.1
SL_SOIL_03455,Anuradhapura,8.510532,80.542056,Dry Zone,Alfisols,6.36,0.924,15.74,125.36,0.91,61.92,15.39,22.69
SL_SOIL_03456,Kegalle,7.291195,80.235276,Wet Zone,Ultisols,5.05,1.508,8.49,134.94,3.06,49.12,32.16,18.72
SL_SOIL_03457,Vavuniya,8.669546,80.518334,Dry Zone,Alfisols,6.62,1.026,7.82,141.59,0.96,57.23,26.76,16.01
SL_SOIL_03458,Kilinochchi,9.317177,80.595358,Dry Zone,Alfisols,6.74,0.956,3.0,161.21,0.79,68.9,20.5,10.59
SL_SOIL_03459,Polonnaruwa,7.898587,80.850465,Dry Zone,Vertisols,6.49,0.97,6.43,144.28,1.54,50.44,26.05,23.51
SL_SOIL_03460,Kalutara,6.519729,80.238155,Wet Zone,Ultisols,6.03,1.331,12.1,147.99,2.38,47.87,28.8,23.34
SL_SOIL_03461,Hambantota,6.101508,80.931575,Dry Zone,Alfisols,6.31,0.833,6.98,113.17,0.97,70.16,17.01,12.84
SL_SOIL_03462,Vavuniya,8.949091,80.662046,Dry Zone,Alfisols,6.68,0.914,5.8,155.31,1.04,58.63,19.41,21.96
SL_SOIL_03463,Hambantota,6.195742,80.607461,Dry Zone,Alfisols,6.31,0.777,11.05,116.49,1.24,72.78,20.33,6.89
SL_SOIL_03464,Kandy,7.220725,80.704443,Wet Zone,Ultisols,5.08,1.336,9.58,133.42,1.66,55.24,36.99,7.77
SL_SOIL_03465,Kandy,7.39021,80.728974,Wet Zone,Ultisols,5.36,1.645,13.03,153.23,3.01,50.77,26.48,22.75
SL_SOIL_03466,Matara,6.145441,80.681051,Wet Zone,Ultisols,5.26,1.181,18.94,116.29,1.91,50.49,25.89,23.61
SL_SOIL_03467,Gampaha,7.212563,80.074834,Wet Zone,Ultisols,5.86,1.027,13.31,116.2,1.01,56.94,23.12,19.95
SL_SOIL_03468,Hambantota,6.121285,80.905412,Dry Zone,Alfisols,6.3,0.776,8.49,110.52,1.2,56.08,10.03,33.88
SL_SOIL_03469,Vavuniya,8.825883,80.402708,Dry Zone,Alfisols,6.96,0.828,12.85,144.41,0.82,56.43,25.74,17.82
SL_SOIL_03470,Badulla,6.841766,81.149089,Up Country Intermediate Zone,Inceptisols,5.76,1.43,14.17,122.58,1.7,41.17,41.96,16.87
SL_SOIL_03471,Hambantota,6.244461,81.02336,Dry Zone,Alfisols,5.98,1.105,5.33,111.74,1.25,71.84,17.22,10.94
SL_SOIL_03472,Ratnapura,6.879639,80.583029,Wet Zone,Ultisols,5.38,1.433,13.44,119.29,2.67,42.71,39.06,18.23
SL_SOIL_03473,Monaragala,6.917561,81.590099,Intermediate Zone,Alfisols,6.38,1.064,10.06,111.24,1.22,58.48,16.1,25.41
SL_SOIL_03474,Ampara,7.046378,81.401682,Dry Zone,Vertisols,5.9,0.978,21.28,141.75,1.41,52.98,19.56,27.46
SL_SOIL_03475,Trincomalee,8.407138,81.422264,Dry Zone,Alfisols,6.31,1.147,4.85,168.06,1.41,65.46,25.11,9.43
SL_SOIL_03476,Ampara,7.143268,81.462649,Dry Zone,Vertisols,6.12,1.16,20.17,124.87,1.56,63.44,27.57,8.99
SL_SOIL_03477,Mannar,8.879197,79.970994,Dry Zone,Alfisols,6.92,0.357,3.0,166.53,0.9,78.37,9.27,12.35
SL_SOIL_03478,Kalutara,6.653174,80.208864,Wet Zone,Ultisols,5.24,1.085,20.8,108.33,1.68,54.06,34.0,11.94
SL_SOIL_03479,Kilinochchi,9.439132,80.64678,Dry Zone,Alfisols,6.9,0.578,10.96,136.27,0.88,66.84,7.87,25.29
SL_SOIL_03480,Vavuniya,8.909249,80.677037,Dry Zone,Alfisols,6.01,1.084,12.41,157.92,1.23,58.63,32.89,8.48
SL_SOIL_03481,Kurunegala,7.556514,80.250426,Intermediate Zone,Alfisols,6.67,1.126,6.17,117.9,1.23,65.59,13.81,20.6
SL_SOIL_03482,Polonnaruwa,8.192955,81.279189,Dry Zone,Vertisols,5.98,1.191,14.74,137.23,1.17,60.99,13.3,25.71
SL_SOIL_03483,Polonnaruwa,7.822536,81.285629,Dry Zone,Vertisols,6.2,1.062,15.87,149.48,1.31,61.36,9.43,29.21
SL_SOIL_03484,Matale,7.487049,80.593361,Intermediate Zone,Alfisols,5.72,1.308,7.67,103.0,1.76,47.57,31.6,20.83
SL_SOIL_03485,Ampara,7.402937,81.503742,Dry Zone,Vertisols,6.57,1.208,13.06,154.18,1.57,60.29,17.07,22.64
SL_SOIL_03486,Anuradhapura,8.538428,80.774026,Dry Zone,Alfisols,6.32,0.912,11.01,121.83,0.97,68.24,11.41,20.35
SL_SOIL_03487,Matale,7.435522,80.717438,Intermediate Zone,Alfisols,5.02,1.21,18.2,135.14,1.75,59.02,26.56,14.42
SL_SOIL_03488,Kalutara,6.402742,80.057033,Wet Zone,Ultisols,5.47,1.446,16.95,133.1,2.0,49.59,26.59,23.82
SL_SOIL_03489,Mannar,8.802371,79.810815,Dry Zone,Alfisols,6.42,0.578,10.88,151.34,0.75,75.82,5.0,19.18
SL_SOIL_03490,Colombo,6.840311,79.877993,Wet Zone,Ultisols,5.46,1.161,19.62,142.55,2.76,52.35,26.66,20.99
SL_SOIL_03491,Polonnaruwa,7.999185,81.271316,Dry Zone,Vertisols,5.78,1.17,21.99,124.43,1.3,58.97,21.86,19.18
SL_SOIL_03492,Hambantota,6.013584,80.655363,Dry Zone,Alfisols,6.47,0.973,13.09,110.84,0.73,65.45,15.92,18.63
SL_SOIL_03493,Hambantota,6.071463,80.7915,Dry Zone,Alfisols,6.75,1.004,10.85,97.99,1.11,62.45,23.57,13.98
SL_SOIL_03494,Kandy,7.41724,80.599941,Wet Zone,Ultisols,5.6,1.521,9.5,133.7,1.73,47.18,32.07,20.75
SL_SOIL_03495,Kalutara,6.677703,80.191805,Wet Zone,Ultisols,5.36,0.863,11.79,118.24,1.08,52.25,28.96,18.79
SL_SOIL_03496,Trincomalee,8.745092,80.723634,Dry Zone,Alfisols,7.01,1.073,14.28,135.14,1.63,65.33,21.03,13.64
SL_SOIL_03497,Gampaha,7.019269,80.026026,Wet Zone,Ultisols,5.76,1.205,11.43,115.42,1.63,71.06,23.27,5.66
SL_SOIL_03498,Ratnapura,6.616539,80.724275,Wet Zone,Ultisols,5.37,1.51,17.68,140.28,3.21,36.28,29.97,33.75
SL_SOIL_03499,Colombo,6.867351,79.998786,Wet Zone,Ultisols,6.03,1.021,18.85,110.53,1.63,54.22,19.33,26.45
SL_SOIL_03500,Matara,5.925595,80.581179,Wet Zone,Ultisols,5.01,1.493,19.88,127.06,2.41,50.41,30.22,19.37
SL_SOIL_03501,Mullaitivu,9.194932,80.683616,Dry Zone,Alfisols,6.16,0.688,12.14,139.81,1.05,66.74,14.86,18.4
SL_SOIL_03502,Monaragala,6.659552,81.450404,Intermediate Zone,Alfisols,5.23,0.908,6.72,116.68,1.36,53.57,16.65,29.78
SL_SOIL_03503,Batticaloa,7.754084,81.160262,Dry Zone,Vertisols,6.83,0.917,14.88,157.51,1.27,64.16,28.1,7.74
SL_SOIL_03504,Matara,6.14349,80.692617,Wet Zone,Ultisols,5.28,1.339,12.31,120.27,1.63,48.71,36.49,14.8
SL_SOIL_03505,Mannar,8.881706,79.995738,Dry Zone,Alfisols,7.2,0.548,11.58,158.84,0.86,67.65,6.27,26.09
SL_SOIL_03506,Badulla,7.100016,80.952179,Up Country Intermediate Zone,Inceptisols,5.68,1.482,18.37,146.96,2.6,50.44,34.87,14.69
SL_SOIL_03507,Mannar,8.810591,79.876115,Dry Zone,Alfisols,7.08,0.863,8.05,160.0,1.01,73.93,15.44,10.63
SL_SOIL_03508,Vavuniya,8.858213,80.374357,Dry Zone,Alfisols,6.73,0.957,13.69,103.52,0.68,56.21,13.19,30.6
SL_SOIL_03509,Batticaloa,7.774746,81.07229,Dry Zone,Vertisols,7.41,0.977,16.72,158.78,1.43,68.68,26.19,5.13
SL_SOIL_03510,Batticaloa,7.810003,81.219642,Dry Zone,Vertisols,6.8,0.859,5.98,135.88,1.27,62.41,20.05,17.53
SL_SOIL_03511,Hambantota,6.235578,80.883295,Dry Zone,Alfisols,5.75,0.865,15.96,97.71,0.88,69.35,11.55,19.1
SL_SOIL_03512,Puttalam,7.637684,80.044648,Dry Zone,Alfisols,6.67,1.056,9.52,119.98,1.26,79.78,14.24,5.98
SL_SOIL_03513,Anuradhapura,7.939022,80.604903,Dry Zone,Alfisols,6.51,0.722,11.67,125.41,0.87,68.2,7.93,23.87
SL_SOIL_03514,Badulla,6.860854,81.196375,Up Country Intermediate Zone,Inceptisols,5.28,1.423,11.41,132.67,1.38,41.51,35.54,22.95
SL_SOIL_03515,Matara,6.05594,80.554858,Wet Zone,Ultisols,5.16,1.164,14.43,119.24,2.17,48.42,30.12,21.47
SL_SOIL_03516,Polonnaruwa,7.770361,81.133948,Dry Zone,Vertisols,6.56,0.881,18.81,129.2,1.23,57.17,22.29,20.54
SL_SOIL_03517,Puttalam,8.078575,79.801959,Dry Zone,Alfisols,7.09,0.656,14.04,120.06,0.78,73.68,10.19,16.13
SL_SOIL_03518,Nuwara Eliya,7.084415,80.749941,Up Country Wet Zone,Inceptisols,4.67,1.563,16.01,131.57,3.2,39.21,49.27,11.52
SL_SOIL_03519,Anuradhapura,8.259627,80.662453,Dry Zone,Alfisols,5.72,0.996,22.67,127.75,1.19,65.45,12.01,22.54
SL_SOIL_03520,Kegalle,7.082061,80.274076,Wet Zone,Ultisols,5.59,1.677,12.59,136.29,1.89,50.77,20.88,28.34
SL_SOIL_03521,Puttalam,7.922012,79.973881,Dry Zone,Alfisols,6.38,0.667,9.09,109.77,0.85,71.28,9.82,18.91
SL_SOIL_03522,Kandy,7.377597,80.743848,Wet Zone,Ultisols,5.2,1.175,18.95,126.52,1.72,50.37,32.33,17.3
SL_SOIL_03523,Monaragala,7.039014,81.423529,Intermediate Zone,Alfisols,6.03,1.043,12.64,143.81,1.9,68.07,15.61,16.33
SL_SOIL_03524,Galle,5.968067,80.329094,Wet Zone,Ultisols,5.29,1.702,18.68,143.06,2.01,45.67,26.25,28.08
SL_SOIL_03525,Kandy,7.4127,80.595732,Wet Zone,Ultisols,5.92,1.598,17.64,141.04,1.5,53.61,29.97,16.43
SL_SOIL_03526,Badulla,6.939545,81.169052,Up Country Intermediate Zone,Inceptisols,5.16,1.427,19.4,139.39,2.41,42.57,29.87,27.56
SL_SOIL_03527,Mannar,8.896573,79.910928,Dry Zone,Alfisols,7.35,0.67,14.5,157.6,0.7,74.05,12.75,13.2
SL_SOIL_03528,Mullaitivu,9.369642,80.561105,Dry Zone,Alfisols,6.9,0.954,12.2,142.55,0.91,64.94,23.71,11.34
SL_SOIL_03529,Kalutara,6.655916,79.99834,Wet Zone,Ultisols,5.67,0.986,12.61,130.8,1.41,41.18,23.64,35.19
SL_SOIL_03530,Badulla,7.182078,80.852863,Up Country Intermediate Zone,Inceptisols,5.44,1.531,25.19,125.3,1.81,53.84,35.64,10.52
SL_SOIL_03531,Mannar,9.129532,79.822005,Dry Zone,Alfisols,6.92,0.825,15.62,190.7,1.05,74.35,15.76,9.88
SL_SOIL_03532,Gampaha,7.01245,80.121704,Wet Zone,Ultisols,5.31,1.101,13.79,87.97,1.45,67.29,26.17,6.54
SL_SOIL_03533,Ratnapura,6.883864,80.682766,Wet Zone,Ultisols,5.18,2.049,18.81,138.41,3.52,48.74,42.76,8.5
SL_SOIL_03534,Gampaha,7.168927,80.027473,Wet Zone,Ultisols,5.65,0.99,9.05,141.96,1.92,58.66,24.65,16.69
SL_SOIL_03535,Monaragala,7.195488,81.077375,Intermediate Zone,Alfisols,6.1,0.976,11.12,121.66,1.67,50.62,22.05,27.33
SL_SOIL_03536,Hambantota,6.107488,80.993322,Dry Zone,Alfisols,6.2,0.984,11.59,105.05,0.8,67.34,20.0,12.65
SL_SOIL_03537,Colombo,6.922251,80.044993,Wet Zone,Ultisols,6.4,1.305,12.04,118.53,1.84,35.11,20.28,44.6
SL_SOIL_03538,Matara,5.921043,80.682879,Wet Zone,Ultisols,5.03,1.092,13.19,108.18,1.45,59.55,30.99,9.45
SL_SOIL_03539,Monaragala,7.247223,81.381421,Intermediate Zone,Alfisols,5.3,1.069,20.87,126.11,0.85,58.75,24.9,16.35
SL_SOIL_03540,Nuwara Eliya,6.896205,80.719075,Up Country Wet Zone,Inceptisols,4.05,1.433,17.84,153.06,2.43,46.25,30.03,23.72
SL_SOIL_03541,Nuwara Eliya,6.985925,80.795072,Up Country Wet Zone,Inceptisols,4.81,1.777,23.52,130.4,4.06,38.16,44.82,17.02
SL_SOIL_03542,Badulla,6.855773,80.93844,Up Country Intermediate Zone,Inceptisols,5.04,1.326,22.23,124.7,2.21,46.94,38.23,14.83
SL_SOIL_03543,Kegalle,7.131182,80.33443,Wet Zone,Ultisols,5.1,1.496,14.15,128.37,1.93,39.57,31.03,29.4
SL_SOIL_03544,Kurunegala,7.548538,80.589532,Intermediate Zone,Alfisols,6.7,1.033,14.15,128.62,1.52,56.2,15.91,27.89
SL_SOIL_03545,Trincomalee,8.610292,81.112649,Dry Zone,Alfisols,7.07,0.839,15.55,106.22,1.14,56.77,17.73,25.5
SL_SOIL_03546,Mannar,9.016455,79.871226,Dry Zone,Alfisols,7.36,0.857,12.12,149.85,1.23,82.98,5.0,12.02
SL_SOIL_03547,Nuwara Eliya,7.076242,80.770951,Up Country Wet Zone,Inceptisols,4.0,1.156,20.91,124.47,1.91,45.38,41.68,12.94
SL_SOIL_03548,Matara,5.964972,80.472487,Wet Zone,Ultisols,4.82,1.331,15.67,140.87,2.04,58.9,20.76,20.34
SL_SOIL_03549,Puttalam,7.973487,79.712915,Dry Zone,Alfisols,6.73,0.882,12.62,129.6,1.05,73.3,12.31,14.38
SL_SOIL_03550,Jaffna,9.802143,79.835776,Dry Zone,Alfisols,7.99,0.766,12.9,176.43,0.76,79.54,10.0,10.45
SL_SOIL_03551,Colombo,6.850967,80.043314,Wet Zone,Ultisols,5.85,1.356,13.28,126.87,1.93,54.89,28.7,16.41
SL_SOIL_03552,Kegalle,7.343187,80.335576,Wet Zone,Ultisols,5.27,1.234,9.19,126.28,1.89,43.59,30.52,25.89
SL_SOIL_03553,Mullaitivu,9.172003,80.905113,Dry Zone,Alfisols,7.24,0.827,7.76,149.41,1.08,64.59,23.92,11.49
SL_SOIL_03554,Trincomalee,8.430161,80.749648,Dry Zone,Alfisols,7.39,0.901,12.29,139.75,1.45,61.46,19.55,18.99
SL_SOIL_03555,Kalutara,6.649773,80.119613,Wet Zone,Ultisols,5.62,1.532,18.67,144.35,2.1,47.77,32.8,19.43
SL_SOIL_03556,Matara,5.979538,80.478528,Wet Zone,Ultisols,6.09,1.535,9.81,124.79,1.7,54.95,25.25,19.79
SL_SOIL_03557,Vavuniya,8.715737,80.398096,Dry Zone,Alfisols,6.51,1.134,10.65,137.29,1.07,64.37,23.45,12.18
SL_SOIL_03558,Kalutara,6.506684,80.007496,Wet Zone,Ultisols,4.38,1.353,9.0,133.97,1.44,37.31,28.4,34.29
SL_SOIL_03559,Ampara,7.147055,81.766033,Dry Zone,Vertisols,6.41,1.324,16.95,145.8,1.75,56.85,18.05,25.1
SL_SOIL_03560,Mullaitivu,9.394549,80.760251,Dry Zone,Alfisols,6.44,1.096,12.18,161.27,1.51,56.42,18.42,25.16
SL_SOIL_03561,Anuradhapura,8.446403,80.766269,Dry Zone,Alfisols,6.28,0.838,12.89,114.84,1.11,61.23,23.32,15.46
SL_SOIL_03562,Ratnapura,6.600529,80.615176,Wet Zone,Ultisols,4.94,1.327,17.34,104.61,1.94,46.24,38.41,15.35
SL_SOIL_03563,Trincomalee,8.703541,80.786993,Dry Zone,Alfisols,6.76,0.876,11.38,127.47,0.99,62.91,19.88,17.21
SL_SOIL_03564,Mullaitivu,9.170451,80.804296,Dry Zone,Alfisols,6.9,0.783,12.59,163.74,1.27,69.64,6.23,24.13
SL_SOIL_03565,Nuwara Eliya,7.000888,80.861926,Up Country Wet Zone,Inceptisols,4.61,1.743,20.29,150.76,3.12,35.71,37.94,26.35
SL_SOIL_03566,Trincomalee,8.58545,81.424229,Dry Zone,Alfisols,6.4,0.899,12.84,138.75,1.3,57.72,25.45,16.83
SL_SOIL_03567,Vavuniya,8.694208,80.555724,Dry Zone,Alfisols,6.31,1.112,16.34,146.17,1.06,52.51,24.28,23.21
SL_SOIL_03568,Trincomalee,8.801717,81.036652,Dry Zone,Alfisols,6.76,1.115,10.36,129.25,1.15,57.52,19.6,22.87
SL_SOIL_03569,Matara,5.925631,80.579626,Wet Zone,Ultisols,5.08,1.47,23.66,109.94,2.28,62.25,24.06,13.69
SL_SOIL_03570,Kilinochchi,9.403087,80.461059,Dry Zone,Alfisols,6.44,0.93,9.1,169.19,1.22,64.19,18.18,17.64
SL_SOIL_03571,Anuradhapura,8.046396,80.773592,Dry Zone,Alfisols,5.93,0.641,9.51,112.72,0.97,66.13,12.52,21.36
SL_SOIL_03572,Colombo,6.854728,79.992795,Wet Zone,Ultisols,5.68,0.961,13.1,111.41,1.83,55.35,22.24,22.42
SL_SOIL_03573,Galle,6.036906,80.318001,Wet Zone,Ultisols,5.69,1.147,14.13,110.41,1.16,48.01,32.41,19.58
SL_SOIL_03574,Polonnaruwa,7.754262,80.922835,Dry Zone,Vertisols,6.78,0.971,8.59,147.56,1.06,50.26,21.68,28.06
SL_SOIL_03575,Polonnaruwa,7.944593,80.89484,Dry Zone,Vertisols,6.68,0.921,15.75,107.62,1.24,59.6,17.84,22.56
SL_SOIL_03576,Trincomalee,8.875234,81.494357,Dry Zone,Alfisols,6.87,0.728,7.77,144.78,0.59,60.25,18.89,20.86
SL_SOIL_03577,Jaffna,9.652791,80.186927,Dry Zone,Alfisols,7.48,0.753,21.55,148.6,0.91,65.25,14.76,19.98
SL_SOIL_03578,Kilinochchi,9.553412,80.53238,Dry Zone,Alfisols,7.29,1.034,8.27,165.92,0.99,66.14,19.03,14.83
SL_SOIL_03579,Badulla,6.952669,80.994094,Up Country Intermediate Zone,Inceptisols,5.1,1.321,19.68,129.69,2.26,48.45,32.53,19.02
SL_SOIL_03580,Hambantota,6.123535,80.764652,Dry Zone,Alfisols,6.77,1.058,11.34,100.58,1.22,72.06,19.84,8.1
SL_SOIL_03581,Hambantota,6.218975,80.649323,Dry Zone,Alfisols,6.55,0.698,13.31,103.72,1.12,64.11,19.28,16.61
SL_SOIL_03582,Ratnapura,6.767465,80.473748,Wet Zone,Ultisols,4.92,1.575,17.22,136.33,2.61,45.58,40.7,13.72
SL_SOIL_03583,Matale,7.581091,80.777356,Intermediate Zone,Alfisols,5.84,1.463,19.49,137.61,2.14,57.5,23.83,18.67
SL_SOIL_03584,Trincomalee,8.72275,80.835995,Dry Zone,Alfisols,6.81,0.754,10.23,131.87,1.28,69.22,18.53,12.25
SL_SOIL_03585,Hambantota,6.205005,80.674503,Dry Zone,Alfisols,6.57,0.741,12.36,108.92,1.13,66.96,10.71,22.33
SL_SOIL_03586,Trincomalee,8.649273,81.104135,Dry Zone,Alfisols,6.27,0.766,10.32,123.94,0.69,60.07,19.41,20.52
SL_SOIL_03587,Ratnapura,6.624637,80.558591,Wet Zone,Ultisols,4.86,1.514,14.36,122.69,2.5,55.38,23.32,21.31
SL_SOIL_03588,Polonnaruwa,7.986604,80.876003,Dry Zone,Vertisols,6.76,0.849,11.99,135.42,1.22,60.17,28.41,11.42
SL_SOIL_03589,Puttalam,7.619519,79.760685,Dry Zone,Alfisols,7.2,0.815,13.31,113.35,0.8,68.16,16.39,15.45
SL_SOIL_03590,Galle,6.010128,80.139742,Wet Zone,Ultisols,4.95,1.698,14.34,143.88,2.18,42.59,27.8,29.61
SL_SOIL_03591,Monaragala,7.056581,81.425335,Intermediate Zone,Alfisols,5.76,1.031,9.11,122.67,1.14,60.59,19.11,20.3
SL_SOIL_03592,Hambantota,6.208828,80.769013,Dry Zone,Alfisols,6.3,0.932,7.66,126.24,1.28,70.81,13.76,15.44
SL_SOIL_03593,Galle,6.093381,80.340562,Wet Zone,Ultisols,5.35,1.511,20.24,155.44,2.34,51.5,41.76,6.74
SL_SOIL_03594,Mullaitivu,9.090356,80.700527,Dry Zone,Alfisols,7.22,0.716,12.89,161.08,1.24,60.56,14.85,24.59
SL_SOIL_03595,Kilinochchi,9.388098,80.644919,Dry Zone,Alfisols,6.53,1.063,9.44,140.65,1.41,59.77,14.86,25.37
SL_SOIL_03596,Vavuniya,8.709351,80.550881,Dry Zone,Alfisols,6.41,0.744,13.51,139.26,1.46,66.85,24.21,8.93
SL_SOIL_03597,Puttalam,8.164965,79.919248,Dry Zone,Alfisols,6.35,0.984,14.16,127.19,1.03,85.0,5.0,10.0
SL_SOIL_03598,Kilinochchi,9.416815,80.336301,Dry Zone,Alfisols,6.76,0.927,10.51,162.88,1.02,60.58,15.98,23.44
SL_SOIL_03599,Mullaitivu,9.120098,80.939588,Dry Zone,Alfisols,6.35,1.102,14.13,165.17,1.45,69.5,10.06,20.44
SL_SOIL_03600,Vavuniya,8.826974,80.327176,Dry Zone,Alfisols,6.65,1.117,9.26,134.58,1.3,59.15,29.32,11.52
SL_SOIL_03601,Mullaitivu,9.349002,80.58579,Dry Zone,Alfisols,6.78,0.85,14.99,157.3,0.92,59.75,19.68,20.58
SL_SOIL_03602,Colombo,6.951668,79.948093,Wet Zone,Ultisols,6.37,1.373,14.77,131.08,2.29,62.72,24.2,13.07
SL_SOIL_03603,Matara,5.927559,80.456925,Wet Zone,Ultisols,5.0,1.423,17.25,131.6,1.98,51.77,26.83,21.41
SL_SOIL_03604,Mannar,9.004623,79.882529,Dry Zone,Alfisols,7.64,0.656,10.31,164.5,0.64,75.63,7.69,16.67
SL_SOIL_03605,Puttalam,7.830444,79.705053,Dry Zone,Alfisols,7.06,0.672,12.79,113.94,1.01,80.61,7.69,11.7
SL_SOIL_03606,Mannar,8.866748,79.990304,Dry Zone,Alfisols,7.16,0.876,9.43,165.55,0.88,75.04,14.66,10.31
SL_SOIL_03607,Matara,5.922987,80.533618,Wet Zone,Ultisols,5.74,0.754,13.78,111.68,0.96,57.07,25.41,17.52
SL_SOIL_03608,Matara,6.086894,80.452329,Wet Zone,Ultisols,4.81,1.204,11.08,134.19,1.83,54.14,23.07,22.79
SL_SOIL_03609,Polonnaruwa,8.151763,81.277797,Dry Zone,Vertisols,5.86,0.878,9.8,139.54,1.29,60.28,24.51,15.2
SL_SOIL_03610,Mullaitivu,9.336477,80.576907,Dry Zone,Alfisols,7.17,1.018,8.22,155.94,0.97,62.04,13.46,24.5
SL_SOIL_03611,Mannar,9.185334,80.065853,Dry Zone,Alfisols,7.04,0.764,5.8,151.11,0.46,69.2,17.75,13.05
SL_SOIL_03612,Ampara,7.28133,81.869863,Dry Zone,Vertisols,6.49,1.162,18.84,131.72,1.5,54.58,19.74,25.68
SL_SOIL_03613,Colombo,6.936422,80.012658,Wet Zone,Ultisols,6.05,0.918,3.0,134.74,0.83,55.76,20.91,23.33
SL_SOIL_03614,Mullaitivu,9.275267,80.724051,Dry Zone,Alfisols,6.76,0.868,9.57,174.93,0.96,76.43,8.22,15.35
SL_SOIL_03615,Galle,6.121046,80.312732,Wet Zone,Ultisols,5.03,0.946,17.79,109.71,1.6,49.86,24.56,25.58
SL_SOIL_03616,Matale,7.796928,80.806304,Intermediate Zone,Alfisols,5.18,1.492,11.31,124.48,1.92,55.62,26.61,17.78
SL_SOIL_03617,Matara,6.03141,80.69686,Wet Zone,Ultisols,4.79,1.43,15.84,117.83,2.33,49.81,32.37,17.82
SL_SOIL_03618,Kegalle,7.089903,80.232048,Wet Zone,Ultisols,4.83,1.299,8.06,114.83,1.75,46.34,19.74,33.91
SL_SOIL_03619,Vavuniya,8.674132,80.47697,Dry Zone,Alfisols,7.01,1.027,13.88,134.2,1.07,64.11,30.5,5.39
SL_SOIL_03620,Monaragala,7.189175,81.108765,Intermediate Zone,Alfisols,5.92,0.976,3.0,120.57,1.43,55.17,19.88,24.94
SL_SOIL_03621,Mullaitivu,9.251055,80.894386,Dry Zone,Alfisols,6.63,0.86,14.35,157.44,1.05,74.81,17.3,7.88
SL_SOIL_03622,Batticaloa,7.75212,81.106619,Dry Zone,Vertisols,6.17,1.091,18.48,149.73,1.23,52.5,24.81,22.69
SL_SOIL_03623,Monaragala,6.807762,81.585615,Intermediate Zone,Alfisols,6.0,0.933,24.26,110.71,1.47,63.56,23.57,12.87
SL_SOIL_03624,Trincomalee,8.876983,81.105593,Dry Zone,Alfisols,6.99,1.02,13.23,149.87,1.42,65.13,26.67,8.2
SL_SOIL_03625,Batticaloa,7.694098,81.518441,Dry Zone,Vertisols,6.55,1.063,12.33,146.25,1.5,63.89,19.68,16.44
SL_SOIL_03626,Anuradhapura,8.134996,80.40369,Dry Zone,Alfisols,6.81,0.621,6.95,117.04,0.81,65.48,6.18,28.34
SL_SOIL_03627,Kurunegala,7.686241,80.1939,Intermediate Zone,Alfisols,5.95,1.031,15.24,128.24,1.57,67.49,9.33,23.18
SL_SOIL_03628,Kurunegala,7.570967,80.471149,Intermediate Zone,Alfisols,6.24,1.108,6.75,136.13,1.5,64.05,20.54,15.41
SL_SOIL_03629,Gampaha,7.239618,79.873862,Wet Zone,Ultisols,6.1,1.352,19.09,108.47,1.92,54.86,19.71,25.43
SL_SOIL_03630,Kandy,7.293835,80.559681,Wet Zone,Ultisols,5.22,1.246,18.91,122.87,1.94,57.45,36.03,6.52
SL_SOIL_03631,Colombo,6.888926,79.836672,Wet Zone,Ultisols,5.3,1.309,15.35,126.98,2.13,53.97,21.71,24.33
SL_SOIL_03632,Kandy,7.293336,80.707085,Wet Zone,Ultisols,5.37,1.526,18.21,164.39,2.69,51.39,33.77,14.84
SL_SOIL_03633,Kurunegala,7.855108,80.515038,Intermediate Zone,Alfisols,5.91,1.071,3.89,134.27,1.43,56.06,21.56,22.38
SL_SOIL_03634,Matale,7.579791,80.580781,Intermediate Zone,Alfisols,5.94,1.431,11.12,125.99,1.74,58.79,30.8,10.41
SL_SOIL_03635,Puttalam,7.88084,79.761845,Dry Zone,Alfisols,7.26,0.954,17.78,119.16,0.95,66.85,16.01,17.14
SL_SOIL_03636,Batticaloa,7.740368,81.13996,Dry Zone,Vertisols,7.33,0.993,12.85,136.97,1.33,62.31,18.27,19.42
SL_SOIL_03637,Matara,5.982894,80.558927,Wet Zone,Ultisols,4.9,1.398,19.72,119.82,2.4,40.33,24.72,34.95
SL_SOIL_03638,Anuradhapura,7.909081,80.333129,Dry Zone,Alfisols,5.63,0.988,10.79,140.99,0.86,71.42,22.33,6.25
SL_SOIL_03639,Trincomalee,8.500501,81.058178,Dry Zone,Alfisols,6.34,1.05,7.52,150.73,1.49,55.65,22.3,22.04
SL_SOIL_03640,Colombo,6.861902,80.026863,Wet Zone,Ultisols,5.71,1.032,16.03,117.14,1.95,57.24,23.46,19.3
SL_SOIL_03641,Mannar,8.980978,79.828362,Dry Zone,Alfisols,7.63,0.706,6.72,135.46,0.7,66.98,17.79,15.23
SL_SOIL_03642,Puttalam,7.637237,79.705878,Dry Zone,Alfisols,5.87,0.588,12.37,113.27,0.94,71.47,8.34,20.19
SL_SOIL_03643,Batticaloa,7.739546,81.208362,Dry Zone,Vertisols,6.55,0.922,10.57,150.34,1.19,58.69,26.13,15.18
SL_SOIL_03644,Hambantota,6.299544,80.865335,Dry Zone,Alfisols,7.33,0.977,8.1,109.05,1.13,63.23,24.09,12.68
SL_SOIL_03645,Galle,6.099801,80.319087,Wet Zone,Ultisols,4.94,1.477,25.89,130.22,1.93,55.35,30.87,13.78
SL_SOIL_03646,Gampaha,7.111736,79.961355,Wet Zone,Ultisols,6.15,0.993,14.59,116.48,1.7,48.37,14.04,37.59
SL_SOIL_03647,Hambantota,6.057355,80.878664,Dry Zone,Alfisols,6.34,0.922,8.78,93.19,1.24,64.13,12.48,23.38
SL_SOIL_03648,Jaffna,9.666519,79.765832,Dry Zone,Alfisols,7.3,0.952,16.69,156.44,1.1,63.79,19.81,16.4
SL_SOIL_03649,Gampaha,7.046346,80.097908,Wet Zone,Ultisols,5.95,0.96,4.17,116.46,1.76,45.04,28.48,26.48
SL_SOIL_03650,Puttalam,7.728219,79.902709,Dry Zone,Alfisols,6.88,0.301,14.99,120.55,0.77,69.31,12.99,17.7
SL_SOIL_03651,Kilinochchi,9.322448,80.641124,Dry Zone,Alfisols,6.66,0.911,12.98,178.61,1.42,71.51,9.87,18.62
SL_SOIL_03652,Mullaitivu,9.381834,80.615624,Dry Zone,Alfisols,6.69,0.73,18.36,155.98,1.06,68.66,16.96,14.39
SL_SOIL_03653,Jaffna,9.624485,79.746992,Dry Zone,Alfisols,7.44,0.571,6.81,142.21,0.56,70.94,17.22,11.84
SL_SOIL_03654,Vavuniya,8.962232,80.419657,Dry Zone,Alfisols,6.3,0.911,12.08,151.5,1.13,61.9,20.37,17.73
SL_SOIL_03655,Kurunegala,7.381114,80.641021,Intermediate Zone,Alfisols,6.03,1.035,13.85,127.75,1.08,67.63,21.05,11.32
SL_SOIL_03656,Puttalam,8.153495,79.880951,Dry Zone,Alfisols,6.81,0.866,10.25,121.32,0.98,76.57,5.0,18.43
SL_SOIL_03657,Badulla,7.141099,80.886201,Up Country Intermediate Zone,Inceptisols,5.35,1.383,12.44,146.7,1.97,40.25,32.53,27.23
SL_SOIL_03658,Hambantota,6.081368,80.675556,Dry Zone,Alfisols,6.27,0.747,10.27,96.33,0.83,68.75,19.65,11.6
SL_SOIL_03659,Kegalle,7.277106,80.540262,Wet Zone,Ultisols,5.25,1.011,17.03,143.52,1.6,56.46,33.51,10.03
SL_SOIL_03660,Galle,5.98563,80.142223,Wet Zone,Ultisols,5.41,1.15,7.7,135.49,1.71,51.3,28.1,20.59
SL_SOIL_03661,Kalutara,6.604516,80.1416,Wet Zone,Ultisols,4.98,1.348,22.37,120.8,2.0,56.37,31.44,12.18
SL_SOIL_03662,Anuradhapura,8.111022,80.376221,Dry Zone,Alfisols,6.7,1.046,11.83,103.27,1.11,64.7,21.25,14.04
SL_SOIL_03663,Nuwara Eliya,6.890553,80.82162,Up Country Wet Zone,Inceptisols,5.11,1.489,21.28,170.1,3.17,26.18,39.53,34.29
SL_SOIL_03664,Polonnaruwa,8.041506,80.947099,Dry Zone,Vertisols,6.49,0.947,9.28,125.07,0.94,62.23,18.44,19.33
SL_SOIL_03665,Gampaha,7.126415,80.09953,Wet Zone,Ultisols,6.0,1.392,12.24,116.09,1.86,52.67,23.7,23.63
SL_SOIL_03666,Nuwara Eliya,6.928913,80.832118,Up Country Wet Zone,Inceptisols,4.52,1.712,19.55,128.47,2.92,36.4,36.46,27.14
SL_SOIL_03667,Kalutara,6.705901,80.013289,Wet Zone,Ultisols,5.76,1.301,11.52,142.51,1.75,52.47,26.57,20.95
SL_SOIL_03668,Ampara,7.34621,81.85522,Dry Zone,Vertisols,6.83,1.253,21.11,157.0,1.45,58.19,31.7,10.11
SL_SOIL_03669,Matara,5.927975,80.546325,Wet Zone,Ultisols,5.68,1.383,22.7,112.92,2.38,51.45,23.73,24.82
SL_SOIL_03670,Gampaha,7.184497,79.998688,Wet Zone,Ultisols,5.39,1.465,16.08,115.77,2.02,60.01,15.92,24.07
SL_SOIL_03671,Trincomalee,8.60304,81.165079,Dry Zone,Alfisols,6.66,1.077,13.79,146.07,1.2,50.9,19.16,29.94
SL_SOIL_03672,Hambantota,6.048601,80.585586,Dry Zone,Alfisols,6.28,0.888,11.15,96.02,1.13,68.61,25.75,5.64
SL_SOIL_03673,Mannar,9.021867,79.975857,Dry Zone,Alfisols,6.56,0.614,11.01,175.45,0.75,74.72,8.4,16.87
SL_SOIL_03674,Kalutara,6.681277,79.981963,Wet Zone,Ultisols,5.91,1.449,19.05,122.27,1.93,42.91,29.09,28.0
SL_SOIL_03675,Kilinochchi,9.590343,80.613168,Dry Zone,Alfisols,6.78,1.066,11.93,177.23,1.01,66.77,16.57,16.66
SL_SOIL_03676,Colombo,6.82001,79.948774,Wet Zone,Ultisols,5.36,1.228,14.22,122.84,1.88,56.4,24.83,18.77
SL_SOIL_03677,Monaragala,6.91727,81.377641,Intermediate Zone,Alfisols,6.26,0.916,12.76,137.54,1.63,64.03,20.66,15.31
SL_SOIL_03678,Mullaitivu,9.196879,80.633679,Dry Zone,Alfisols,7.02,0.721,15.13,161.55,0.92,59.82,18.73,21.45
SL_SOIL_03679,Batticaloa,7.999179,81.535284,Dry Zone,Vertisols,7.19,1.08,7.04,132.77,0.65,54.4,18.07,27.53
SL_SOIL_03680,Matale,7.436936,80.781044,Intermediate Zone,Alfisols,6.04,1.648,16.93,130.06,1.98,58.48,29.08,12.44
SL_SOIL_03681,Polonnaruwa,7.845009,81.200242,Dry Zone,Vertisols,6.38,0.86,8.61,156.71,1.2,63.03,23.6,13.37
SL_SOIL_03682,Trincomalee,8.548632,81.228471,Dry Zone,Alfisols,6.63,1.107,11.9,146.02,1.27,74.51,18.85,6.64
SL_SOIL_03683,Kegalle,7.341046,80.218529,Wet Zone,Ultisols,5.45,1.46,11.64,143.05,2.53,48.69,31.87,19.44
SL_SOIL_03684,Monaragala,6.899729,81.096206,Intermediate Zone,Alfisols,5.96,1.046,10.35,122.99,1.49,64.63,24.21,11.16
SL_SOIL_03685,Ratnapura,6.665678,80.665735,Wet Zone,Ultisols,5.57,1.318,17.16,123.53,2.56,47.46,36.39,16.15
SL_SOIL_03686,Kegalle,7.166995,80.460821,Wet Zone,Ultisols,4.77,1.401,15.96,119.29,1.34,48.29,31.42,20.29
SL_SOIL_03687,Nuwara Eliya,6.947975,80.744339,Up Country Wet Zone,Inceptisols,5.13,1.903,23.22,107.93,3.46,37.55,32.22,30.22
SL_SOIL_03688,Polonnaruwa,7.979751,80.957732,Dry Zone,Vertisols,6.36,1.381,13.03,149.71,1.36,53.21,26.48,20.31
SL_SOIL_03689,Badulla,6.9029,81.045887,Up Country Intermediate Zone,Inceptisols,5.36,1.332,16.42,144.35,2.64,45.29,37.12,17.59
SL_SOIL_03690,Kilinochchi,9.360356,80.610313,Dry Zone,Alfisols,6.69,0.868,16.91,170.79,0.78,63.99,7.24,28.77
SL_SOIL_03691,Kurunegala,7.49112,80.346951,Intermediate Zone,Alfisols,6.08,1.248,11.66,126.64,1.65,57.13,25.31,17.56
SL_SOIL_03692,Kandy,7.42717,80.682236,Wet Zone,Ultisols,5.29,1.11,19.11,139.31,2.41,37.18,38.91,23.91
SL_SOIL_03693,Kalutara,6.480598,80.13706,Wet Zone,Ultisols,5.3,1.673,11.48,115.98,1.72,51.08,38.71,10.22
SL_SOIL_03694,Mullaitivu,9.384426,80.463775,Dry Zone,Alfisols,6.72,0.855,10.52,144.97,0.91,72.77,15.51,11.71
SL_SOIL_03695,Monaragala,7.199366,81.224971,Intermediate Zone,Alfisols,5.4,0.728,10.18,124.89,1.21,61.0,18.05,20.95
SL_SOIL_03696,Hambantota,6.215612,80.642115,Dry Zone,Alfisols,6.6,0.986,9.39,101.78,0.99,60.14,18.48,21.38
SL_SOIL_03697,Polonnaruwa,7.758753,81.219275,Dry Zone,Vertisols,6.33,1.319,11.99,115.22,1.55,65.32,19.34,15.34
SL_SOIL_03698,Nuwara Eliya,6.998698,80.856512,Up Country Wet Zone,Inceptisols,4.68,1.995,18.78,158.64,3.74,40.63,40.7,18.67
SL_SOIL_03699,Mannar,9.124317,79.960668,Dry Zone,Alfisols,6.75,0.669,10.67,143.91,0.73,70.54,13.18,16.28
SL_SOIL_03700,Gampaha,7.249583,80.105902,Wet Zone,Ultisols,5.51,0.958,6.93,116.72,1.05,59.77,27.5,12.73
SL_SOIL_03701,Kalutara,6.447608,80.149727,Wet Zone,Ultisols,4.4,1.339,7.98,147.92,2.21,53.46,35.77,10.77
SL_SOIL_03702,Kalutara,6.440444,80.269024,Wet Zone,Ultisols,5.65,1.284,18.32,150.62,2.04,54.98,26.22,18.8
SL_SOIL_03703,Mannar,9.061739,79.896999,Dry Zone,Alfisols,7.22,0.407,3.0,161.19,0.82,69.6,14.05,16.35
SL_SOIL_03704,Batticaloa,7.896544,81.032919,Dry Zone,Vertisols,7.13,0.998,12.9,183.95,1.15,56.83,18.51,24.66
SL_SOIL_03705,Hambantota,6.285281,80.757284,Dry Zone,Alfisols,6.33,0.946,10.79,130.83,1.26,57.16,17.66,25.17
SL_SOIL_03706,Monaragala,6.759998,81.343724,Intermediate Zone,Alfisols,6.14,0.968,3.0,120.68,1.0,55.62,20.96,23.42
SL_SOIL_03707,Matara,6.142821,80.659584,Wet Zone,Ultisols,5.34,1.155,16.46,126.45,1.99,46.85,33.47,19.68
SL_SOIL_03708,Kilinochchi,9.369817,80.352635,Dry Zone,Alfisols,7.14,0.655,6.1,162.62,1.19,75.89,14.98,9.13
SL_SOIL_03709,Ampara,7.085772,81.437739,Dry Zone,Vertisols,6.23,0.977,15.57,152.09,1.33,58.95,24.19,16.86
SL_SOIL_03710,Kegalle,7.148384,80.320473,Wet Zone,Ultisols,5.09,1.337,11.27,128.47,1.47,43.72,31.63,24.65
SL_SOIL_03711,Badulla,6.811143,80.866629,Up Country Intermediate Zone,Inceptisols,5.08,1.609,21.27,130.48,3.02,53.12,38.15,8.73
SL_SOIL_03712,Kandy,7.212981,80.739906,Wet Zone,Ultisols,5.19,1.566,19.25,129.64,1.85,42.84,37.38,19.78
SL_SOIL_03713,Colombo,6.937965,79.831321,Wet Zone,Ultisols,5.6,1.467,13.67,136.52,1.63,45.87,16.33,37.8
SL_SOIL_03714,Ratnapura,6.720372,80.331059,Wet Zone,Ultisols,5.2,0.98,14.24,118.59,1.44,42.99,43.34,13.67
SL_SOIL_03715,Galle,6.111506,80.233105,Wet Zone,Ultisols,5.33,1.647,15.45,133.91,2.6,45.87,35.37,18.76
SL_SOIL_03716,Gampaha,7.018035,79.878816,Wet Zone,Ultisols,5.8,0.883,7.17,101.31,1.31,52.31,16.97,30.73
SL_SOIL_03717,Ratnapura,6.667616,80.57907,Wet Zone,Ultisols,5.14,1.848,20.1,149.14,3.64,36.14,37.17,26.69
SL_SOIL_03718,Matale,7.502074,80.69823,Intermediate Zone,Alfisols,5.72,1.515,10.81,120.14,2.62,50.34,34.94,14.73
SL_SOIL_03719,Galle,5.951006,80.334462,Wet Zone,Ultisols,5.26,1.258,20.01,142.44,1.95,38.92,29.5,31.58
SL_SOIL_03720,Kandy,7.417483,80.731867,Wet Zone,Ultisols,5.32,1.263,13.89,118.9,1.7,49.75,33.35,16.89
SL_SOIL_03721,Matale,7.418371,80.612769,Intermediate Zone,Alfisols,5.78,0.933,10.56,110.6,1.72,53.98,29.86,16.15
SL_SOIL_03722,Ratnapura,6.744826,80.34427,Wet Zone,Ultisols,5.66,1.788,17.57,131.5,2.59,44.74,36.74,18.52
SL_SOIL_03723,Colombo,6.820818,79.82535,Wet Zone,Ultisols,6.06,1.585,12.19,107.74,2.28,47.51,26.2,26.29
SL_SOIL_03724,Colombo,6.82171,79.900879,Wet Zone,Ultisols,6.19,1.313,10.5,96.5,1.2,54.84,25.02,20.14
SL_SOIL_03725,Batticaloa,7.634339,81.40291,Dry Zone,Vertisols,7.21,1.099,16.96,163.17,1.64,56.4,15.06,28.54
SL_SOIL_03726,Anuradhapura,8.289724,80.473421,Dry Zone,Alfisols,6.09,0.801,10.12,125.17,1.32,74.71,17.18,8.1
SL_SOIL_03727,Puttalam,7.945835,79.93119,Dry Zone,Alfisols,7.01,0.853,16.45,125.27,0.86,71.19,17.55,11.26
SL_SOIL_03728,Jaffna,9.688735,80.146211,Dry Zone,Alfisols,7.67,0.794,13.78,162.17,0.75,60.74,12.72,26.54
SL_SOIL_03729,Kurunegala,7.595804,80.196827,Intermediate Zone,Alfisols,6.47,0.916,12.13,113.7,0.78,64.09,26.85,9.06
SL_SOIL_03730,Kalutara,6.610739,80.299701,Wet Zone,Ultisols,5.65,1.498,20.74,156.8,2.54,53.05,36.77,10.19
SL_SOIL_03731,Kilinochchi,9.568258,80.483406,Dry Zone,Alfisols,6.51,1.224,4.06,145.88,1.01,64.35,22.58,13.07
SL_SOIL_03732,Batticaloa,7.62975,81.267515,Dry Zone,Vertisols,7.24,0.856,8.35,137.26,1.06,60.05,17.76,22.19
SL_SOIL_03733,Kilinochchi,9.457809,80.535843,Dry Zone,Alfisols,6.36,1.392,10.69,160.43,1.23,72.82,16.11,11.06
SL_SOIL_03734,Trincomalee,8.472374,80.760168,Dry Zone,Alfisols,7.36,0.836,7.25,122.57,0.81,60.26,22.57,17.17
SL_SOIL_03735,Trincomalee,8.758778,81.326168,Dry Zone,Alfisols,6.18,0.965,10.42,138.7,1.33,74.99,18.62,6.38
SL_SOIL_03736,Nuwara Eliya,7.026187,80.83503,Up Country Wet Zone,Inceptisols,5.07,1.566,18.15,135.42,2.91,34.89,38.5,26.61
SL_SOIL_03737,Matale,7.523334,80.592704,Intermediate Zone,Alfisols,5.5,1.209,11.83,147.41,1.69,65.61,24.87,9.52
SL_SOIL_03738,Matara,6.113743,80.491734,Wet Zone,Ultisols,5.24,1.243,18.2,114.21,1.81,48.43,20.8,30.77
SL_SOIL_03739,Gampaha,7.13598,79.856562,Wet Zone,Ultisols,5.72,1.119,7.46,120.09,2.0,56.9,27.27,15.83
SL_SOIL_03740,Ampara,7.178512,81.814201,Dry Zone,Vertisols,6.43,1.169,16.53,134.94,1.3,61.27,27.21,11.53
SL_SOIL_03741,Anuradhapura,8.505408,80.589879,Dry Zone,Alfisols,6.81,0.894,10.59,118.46,0.88,67.27,8.17,24.56
SL_SOIL_03742,Ratnapura,6.669936,80.554034,Wet Zone,Ultisols,5.38,1.577,19.89,130.91,2.41,43.52,36.84,19.64
SL_SOIL_03743,Mannar,9.082532,79.924668,Dry Zone,Alfisols,7.24,0.91,9.95,176.6,0.83,65.37,18.77,15.86
SL_SOIL_03744,Nuwara Eliya,6.968396,80.733073,Up Country Wet Zone,Inceptisols,5.16,1.887,23.6,129.64,3.46,40.48,33.3,26.22
SL_SOIL_03745,Colombo,6.940619,79.862765,Wet Zone,Ultisols,5.52,1.134,18.24,98.0,1.7,62.45,32.44,5.11
SL_SOIL_03746,Kandy,7.281704,80.653852,Wet Zone,Ultisols,5.61,1.669,16.91,129.86,2.37,56.78,27.67,15.55
SL_SOIL_03747,Trincomalee,8.408334,80.964477,Dry Zone,Alfisols,7.1,0.956,21.76,147.06,1.33,68.5,22.55,8.95
SL_SOIL_03748,Mullaitivu,9.371498,80.694908,Dry Zone,Alfisols,6.91,0.582,8.67,164.02,1.02,72.3,12.81,14.89
SL_SOIL_03749,Kurunegala,7.428355,80.232048,Intermediate Zone,Alfisols,6.71,0.808,10.91,108.67,0.9,62.49,15.78,21.73
SL_SOIL_03750,Matale,7.538979,80.568678,Intermediate Zone,Alfisols,5.31,1.261,18.68,133.26,1.69,64.08,26.63,9.29
SL_SOIL_03751,Ratnapura,6.888587,80.453024,Wet Zone,Ultisols,4.46,1.623,18.54,145.3,3.02,40.37,31.3,28.34
SL_SOIL_03752,Ratnapura,6.76929,80.535864,Wet Zone,Ultisols,5.14,1.661,26.5,140.37,2.62,47.6,20.43,31.97
SL_SOIL_03753,Kalutara,6.652821,79.977421,Wet Zone,Ultisols,5.23,1.427,19.1,124.46,1.88,40.65,28.43,30.91
SL_SOIL_03754,Kilinochchi,9.423891,80.291186,Dry Zone,Alfisols,6.75,0.8,9.12,171.56,0.93,66.6,19.35,14.05
SL_SOIL_03755,Mullaitivu,9.396952,80.892105,Dry Zone,Alfisols,6.95,0.933,24.2,135.7,0.73,62.95,15.26,21.79
SL_SOIL_03756,Kandy,7.212404,80.626249,Wet Zone,Ultisols,5.5,1.57,21.42,139.19,2.35,47.76,29.83,22.41
SL_SOIL_03757,Vavuniya,8.653355,80.533087,Dry Zone,Alfisols,6.98,1.021,11.46,166.16,1.35,58.71,17.75,23.54
SL_SOIL_03758,Badulla,7.087381,81.06912,Up Country Intermediate Zone,Inceptisols,5.09,1.426,17.07,139.1,2.79,47.38,32.54,20.08
SL_SOIL_03759,Kilinochchi,9.402575,80.590894,Dry Zone,Alfisols,6.6,0.911,15.43,143.79,1.26,59.28,11.66,29.06
SL_SOIL_03760,Jaffna,9.613485,79.822246,Dry Zone,Alfisols,7.23,0.598,9.17,172.54,0.89,72.3,13.66,14.04
SL_SOIL_03761,Puttalam,7.936971,79.85766,Dry Zone,Alfisols,6.34,1.084,7.13,121.69,1.14,66.84,18.14,15.02
SL_SOIL_03762,Kurunegala,7.803953,80.635152,Intermediate Zone,Alfisols,6.64,1.071,10.53,125.41,1.29,69.53,24.91,5.56
SL_SOIL_03763,Nuwara Eliya,7.023662,80.759623,Up Country Wet Zone,Inceptisols,4.56,1.814,20.71,162.84,4.44,42.09,38.92,19.0
SL_SOIL_03764,Batticaloa,7.918971,81.474245,Dry Zone,Vertisols,7.25,1.084,11.48,162.1,1.14,68.65,22.39,8.95
SL_SOIL_03765,Polonnaruwa,7.858359,80.813042,Dry Zone,Vertisols,6.58,1.006,12.14,127.08,1.27,56.03,22.48,21.48
SL_SOIL_03766,Jaffna,9.800887,80.000675,Dry Zone,Alfisols,8.0,0.876,13.44,179.33,0.59,58.34,13.03,28.63
SL_SOIL_03767,Matale,7.675117,80.616842,Intermediate Zone,Alfisols,5.78,1.332,18.03,128.59,2.26,62.04,30.44,7.52
SL_SOIL_03768,Matale,7.48125,80.718575,Intermediate Zone,Alfisols,5.35,1.513,18.15,140.56,2.35,56.33,19.7,23.97
SL_SOIL_03769,Jaffna,9.637051,80.087549,Dry Zone,Alfisols,7.21,0.705,13.24,180.07,1.04,74.18,20.51,5.32
SL_SOIL_03770,Matale,7.743319,80.607017,Intermediate Zone,Alfisols,5.41,1.058,9.38,94.92,1.41,51.77,27.06,21.17
SL_SOIL_03771,Kalutara,6.419308,80.179332,Wet Zone,Ultisols,5.2,1.213,5.69,114.19,1.76,51.84,27.95,20.21
SL_SOIL_03772,Monaragala,7.076553,81.544931,Intermediate Zone,Alfisols,5.97,0.945,9.27,130.98,1.32,56.86,23.54,19.6
SL_SOIL_03773,Nuwara Eliya,7.02547,80.740657,Up Country Wet Zone,Inceptisols,4.78,1.721,26.42,139.29,3.93,39.68,31.48,28.84
SL_SOIL_03774,Kandy,7.291436,80.648353,Wet Zone,Ultisols,5.41,1.543,12.71,132.2,2.16,46.67,40.27,13.06
SL_SOIL_03775,Kurunegala,7.347709,80.494125,Intermediate Zone,Alfisols,5.82,0.87,11.66,111.03,0.86,53.5,23.36,23.14
SL_SOIL_03776,Hambantota,6.314629,80.700088,Dry Zone,Alfisols,6.84,1.284,9.34,126.28,1.08,71.39,14.29,14.32
SL_SOIL_03777,Trincomalee,8.627727,81.464664,Dry Zone,Alfisols,6.34,0.891,12.14,139.38,1.22,63.67,15.23,21.1
SL_SOIL_03778,Mullaitivu,9.003092,80.916714,Dry Zone,Alfisols,7.23,0.88,10.83,144.99,0.99,68.19,25.03,6.78
SL_SOIL_03779,Batticaloa,7.691993,81.200536,Dry Zone,Vertisols,6.68,1.251,12.19,153.65,1.1,58.29,9.32,32.39
SL_SOIL_03780,Anuradhapura,8.315768,80.400574,Dry Zone,Alfisols,6.16,0.72,10.51,119.27,0.94,74.13,19.8,6.07
SL_SOIL_03781,Trincomalee,8.689882,81.253063,Dry Zone,Alfisols,6.87,1.096,5.02,147.65,1.34,55.42,10.44,34.14
SL_SOIL_03782,Mullaitivu,9.073426,80.758964,Dry Zone,Alfisols,6.41,1.121,11.33,153.45,1.1,62.79,11.87,25.34
SL_SOIL_03783,Ampara,7.446181,81.889963,Dry Zone,Vertisols,6.33,0.974,11.57,126.66,1.22,57.29,15.36,27.34
SL_SOIL_03784,Badulla,7.171532,81.136375,Up Country Intermediate Zone,Inceptisols,5.38,1.217,18.59,140.81,1.52,44.99,44.96,10.05
SL_SOIL_03785,Kandy,7.418921,80.656653,Wet Zone,Ultisols,5.18,1.181,14.92,127.82,0.89,39.35,46.89,13.76
SL_SOIL_03786,Matale,7.418916,80.824196,Intermediate Zone,Alfisols,5.21,1.347,17.68,117.11,1.94,58.14,35.09,6.77
SL_SOIL_03787,Matale,7.468096,80.610354,Intermediate Zone,Alfisols,5.25,1.19,17.28,120.13,1.99,53.56,22.02,24.42
SL_SOIL_03788,Hambantota,6.050298,80.842315,Dry Zone,Alfisols,7.25,0.661,6.92,115.72,1.16,71.12,21.48,7.4
SL_SOIL_03789,Trincomalee,8.628256,81.357267,Dry Zone,Alfisols,7.01,1.125,6.3,145.04,1.39,63.26,26.52,10.22
SL_SOIL_03790,Mullaitivu,9.084463,80.521688,Dry Zone,Alfisols,6.84,0.855,13.07,146.84,0.93,65.06,13.22,21.72
SL_SOIL_03791,Gampaha,7.236396,79.856001,Wet Zone,Ultisols,6.2,1.164,14.04,117.4,1.51,55.24,25.97,18.79
SL_SOIL_03792,Mullaitivu,9.292111,80.921929,Dry Zone,Alfisols,7.3,0.892,10.82,174.27,1.13,76.2,15.59,8.21
SL_SOIL_03793,Badulla,7.052188,81.136105,Up Country Intermediate Zone,Inceptisols,5.25,1.691,18.72,152.8,2.99,37.59,35.37,27.04
SL_SOIL_03794,Polonnaruwa,8.094967,81.206253,Dry Zone,Vertisols,5.92,1.164,24.4,125.87,1.48,59.89,27.25,12.87
SL_SOIL_03795,Monaragala,6.84565,81.478196,Intermediate Zone,Alfisols,6.32,0.784,12.36,129.56,0.92,70.53,24.46,5.01
SL_SOIL_03796,Puttalam,8.037556,80.092889,Dry Zone,Alfisols,6.55,0.96,9.55,133.44,1.11,81.24,12.29,6.47
SL_SOIL_03797,Kalutara,6.572243,79.959201,Wet Zone,Ultisols,5.5,1.173,17.67,124.91,1.97,38.65,30.0,31.35
SL_SOIL_03798,Jaffna,9.6999,80.138294,Dry Zone,Alfisols,7.99,0.861,9.7,168.71,0.82,68.92,18.43,12.65
SL_SOIL_03799,Gampaha,7.142654,80.072185,Wet Zone,Ultisols,5.32,1.143,12.76,108.07,1.71,51.4,20.17,28.43
SL_SOIL_03800,Mullaitivu,9.245369,80.754023,Dry Zone,Alfisols,7.07,0.71,15.12,131.4,0.9,55.1,22.26,22.64
SL_SOIL_03801,Puttalam,7.799202,79.80452,Dry Zone,Alfisols,6.93,0.765,4.7,113.78,0.97,72.09,12.01,15.91
SL_SOIL_03802,Trincomalee,8.523986,81.427834,Dry Zone,Alfisols,6.92,1.228,13.41,157.87,1.23,61.65,19.04,19.31
SL_SOIL_03803,Polonnaruwa,8.132968,80.903542,Dry Zone,Vertisols,6.57,0.683,9.65,144.48,1.33,71.21,19.48,9.3
SL_SOIL_03804,Vavuniya,8.822862,80.37566,Dry Zone,Alfisols,7.38,0.866,15.89,143.71,1.16,52.97,12.2,34.84
SL_SOIL_03805,Mannar,9.069933,79.862036,Dry Zone,Alfisols,7.13,0.719,11.58,179.78,0.97,79.08,8.29,12.64
SL_SOIL_03806,Polonnaruwa,7.953807,80.90124,Dry Zone,Vertisols,5.98,1.168,21.32,116.86,0.81,61.51,12.19,26.3
SL_SOIL_03807,Mannar,9.112701,80.013678,Dry Zone,Alfisols,7.2,0.613,10.3,169.04,0.85,73.88,19.12,7.0
SL_SOIL_03808,Kilinochchi,9.64216,80.300739,Dry Zone,Alfisols,6.66,0.524,20.32,130.47,0.94,71.68,20.13,8.19
SL_SOIL_03809,Galle,6.013261,80.115259,Wet Zone,Ultisols,5.3,1.192,13.55,120.15,1.64,35.25,32.91,31.84
SL_SOIL_03810,Kandy,7.430667,80.72162,Wet Zone,Ultisols,5.63,1.407,17.76,116.96,1.95,38.29,32.05,29.66
SL_SOIL_03811,Puttalam,7.692119,79.808006,Dry Zone,Alfisols,6.91,0.847,16.74,144.45,0.87,80.19,5.0,14.81
SL_SOIL_03812,Colombo,6.813148,79.848471,Wet Zone,Ultisols,6.02,1.372,12.48,120.37,2.23,62.38,22.34,15.28
SL_SOIL_03813,Ratnapura,6.654066,80.392041,Wet Zone,Ultisols,5.02,1.281,14.99,156.65,2.39,46.12,38.06,15.82
SL_SOIL_03814,Kalutara,6.491054,80.295331,Wet Zone,Ultisols,5.0,1.586,17.27,112.92,2.04,53.84,32.06,14.1
SL_SOIL_03815,Mullaitivu,9.31121,80.62479,Dry Zone,Alfisols,6.96,0.662,9.53,145.33,0.6,66.97,21.95,11.08
SL_SOIL_03816,Batticaloa,7.775958,81.448571,Dry Zone,Vertisols,7.09,1.236,19.64,172.99,1.68,57.97,21.6,20.43
SL_SOIL_03817,Gampaha,7.225365,80.1457,Wet Zone,Ultisols,4.97,1.392,15.05,128.09,1.95,64.41,23.1,12.49
SL_SOIL_03818,Kilinochchi,9.302213,80.421613,Dry Zone,Alfisols,7.05,0.606,5.4,152.78,0.86,58.27,13.28,28.45
SL_SOIL_03819,Kandy,7.291312,80.571598,Wet Zone,Ultisols,5.8,1.233,9.74,125.48,1.2,44.27,31.07,24.66
SL_SOIL_03820,Puttalam,8.000257,80.186742,Dry Zone,Alfisols,6.16,0.952,4.87,107.2,0.98,63.45,13.1,23.45
SL_SOIL_03821,Trincomalee,8.706583,81.146354,Dry Zone,Alfisols,7.25,0.904,4.02,140.15,1.09,66.22,24.54,9.24
SL_SOIL_03822,Kalutara,6.541919,79.989392,Wet Zone,Ultisols,4.73,1.319,25.83,115.19,2.12,47.05,22.55,30.41
SL_SOIL_03823,Kurunegala,7.950443,80.288547,Intermediate Zone,Alfisols,6.26,1.127,16.91,119.36,1.08,62.24,21.2,16.56
SL_SOIL_03824,Matara,5.961144,80.680491,Wet Zone,Ultisols,5.01,1.289,18.9,133.79,2.01,46.06,26.5,27.45
SL_SOIL_03825,Badulla,7.075879,80.992475,Up Country Intermediate Zone,Inceptisols,5.53,1.618,15.65,143.36,2.45,40.51,30.68,28.8
SL_SOIL_03826,Kegalle,7.067357,80.227964,Wet Zone,Ultisols,5.52,1.181,12.79,107.36,1.65,54.01,35.29,10.7
SL_SOIL_03827,Ratnapura,6.616767,80.678125,Wet Zone,Ultisols,5.41,1.749,21.37,131.32,2.7,39.69,29.98,30.34
SL_SOIL_03828,Puttalam,7.934945,79.92266,Dry Zone,Alfisols,6.72,0.674,12.04,101.47,0.82,64.83,5.63,29.54
SL_SOIL_03829,Matale,7.472693,80.78621,Intermediate Zone,Alfisols,5.38,1.531,12.91,114.98,2.56,66.29,28.19,5.52
SL_SOIL_03830,Galle,5.967787,80.275558,Wet Zone,Ultisols,5.15,1.147,15.02,119.35,2.2,47.53,25.22,27.25
SL_SOIL_03831,Polonnaruwa,7.806645,80.893965,Dry Zone,Vertisols,6.49,0.825,14.35,164.11,1.11,57.86,28.51,13.63
SL_SOIL_03832,Matara,5.903904,80.510882,Wet Zone,Ultisols,4.86,1.374,15.6,113.56,1.57,57.01,22.82,20.16
SL_SOIL_03833,Matale,7.76007,80.708358,Intermediate Zone,Alfisols,5.73,1.454,19.06,145.09,2.85,53.68,22.33,23.99
SL_SOIL_03834,Trincomalee,8.816316,80.891059,Dry Zone,Alfisols,7.11,0.995,17.32,145.06,1.3,68.77,22.02,9.21
SL_SOIL_03835,Matale,7.787506,80.556695,Intermediate Zone,Alfisols,5.63,1.261,16.09,129.2,1.76,51.99,19.08,28.93
SL_SOIL_03836,Kandy,7.414678,80.591914,Wet Zone,Ultisols,5.26,1.533,12.78,140.87,1.99,39.28,31.97,28.75
SL_SOIL_03837,Badulla,6.933266,80.893688,Up Country Intermediate Zone,Inceptisols,4.48,1.541,17.11,148.94,2.69,40.61,31.54,27.85
SL_SOIL_03838,Puttalam,8.134148,79.922379,Dry Zone,Alfisols,6.08,0.587,12.32,135.89,1.0,68.93,12.92,18.14
SL_SOIL_03839,Polonnaruwa,7.824357,81.273059,Dry Zone,Vertisols,6.34,1.024,15.65,138.77,1.23,67.4,12.39,20.21
SL_SOIL_03840,Gampaha,7.245387,79.940143,Wet Zone,Ultisols,5.3,1.197,16.74,118.19,2.08,63.67,25.07,11.26
SL_SOIL_03841,Kilinochchi,9.624197,80.34344,Dry Zone,Alfisols,7.82,0.786,15.36,163.11,1.0,60.14,22.37,17.49
SL_SOIL_03842,Badulla,7.062012,80.855889,Up Country Intermediate Zone,Inceptisols,5.27,1.575,19.29,142.68,2.34,43.42,44.44,12.14
SL_SOIL_03843,Mullaitivu,9.042914,80.979209,Dry Zone,Alfisols,6.79,0.833,9.3,164.32,1.27,65.48,8.3,26.22
SL_SOIL_03844,Batticaloa,7.582111,81.446682,Dry Zone,Vertisols,6.73,0.976,8.96,151.55,1.09,66.21,28.5,5.28
SL_SOIL_03845,Mannar,9.076541,79.928998,Dry Zone,Alfisols,7.41,0.61,6.77,134.29,0.69,78.9,13.5,7.6
SL_SOIL_03846,Badulla,7.106213,80.872651,Up Country Intermediate Zone,Inceptisols,4.67,1.683,20.62,154.7,2.46,45.3,22.16,32.54
SL_SOIL_03847,Polonnaruwa,7.973299,81.271278,Dry Zone,Vertisols,7.1,1.279,8.07,131.24,1.65,63.13,16.17,20.69
SL_SOIL_03848,Badulla,7.075515,81.06418,Up Country Intermediate Zone,Inceptisols,5.51,1.568,16.75,134.86,2.8,46.6,23.12,30.27
SL_SOIL_03849,Kilinochchi,9.61481,80.383043,Dry Zone,Alfisols,7.12,0.734,6.13,163.89,1.17,59.27,12.14,28.58
SL_SOIL_03850,Galle,6.105018,80.224662,Wet Zone,Ultisols,5.37,1.413,14.08,141.41,2.15,47.82,27.41,24.78
SL_SOIL_03851,Matale,7.436785,80.623589,Intermediate Zone,Alfisols,5.57,1.61,15.43,132.88,2.76,46.63,17.97,35.39
SL_SOIL_03852,Trincomalee,8.752649,81.393823,Dry Zone,Alfisols,6.96,1.072,15.95,142.68,1.56,50.01,25.83,24.16
SL_SOIL_03853,Ratnapura,6.760038,80.35601,Wet Zone,Ultisols,4.75,1.834,19.92,146.11,2.63,43.95,33.57,22.48
SL_SOIL_03854,Anuradhapura,8.26184,80.858993,Dry Zone,Alfisols,6.19,0.858,15.49,134.73,1.14,68.68,20.41,10.92
SL_SOIL_03855,Hambantota,6.224579,80.868445,Dry Zone,Alfisols,6.25,1.052,14.39,106.35,1.29,68.62,14.65,16.73
SL_SOIL_03856,Vavuniya,8.984789,80.332597,Dry Zone,Alfisols,6.72,1.103,12.94,163.63,0.99,58.04,23.01,18.95
SL_SOIL_03857,Mannar,9.186592,79.801154,Dry Zone,Alfisols,7.24,0.84,4.92,175.32,0.91,80.35,5.52,14.13
SL_SOIL_03858,Nuwara Eliya,6.992663,80.694605,Up Country Wet Zone,Inceptisols,5.3,1.626,15.75,149.39,3.01,34.68,42.7,22.61
SL_SOIL_03859,Trincomalee,8.472994,80.786508,Dry Zone,Alfisols,6.89,1.072,9.72,139.12,1.16,56.0,17.21,26.79
SL_SOIL_03860,Puttalam,7.93579,79.835634,Dry Zone,Alfisols,6.39,0.839,12.5,117.07,0.93,77.93,9.08,12.99
SL_SOIL_03861,Puttalam,7.668879,79.763256,Dry Zone,Alfisols,6.98,0.801,11.96,123.29,0.76,59.21,18.03,22.77
SL_SOIL_03862,Ampara,7.217681,81.518396,Dry Zone,Vertisols,6.93,1.093,19.58,147.34,1.4,52.13,21.68,26.2
SL_SOIL_03863,Mannar,8.933616,79.929367,Dry Zone,Alfisols,7.01,0.777,11.11,157.62,0.91,74.56,15.7,9.74
SL_SOIL_03864,Mannar,8.859628,79.979072,Dry Zone,Alfisols,7.5,0.748,6.93,151.91,0.73,69.24,6.23,24.53
SL_SOIL_03865,Anuradhapura,8.44845,80.336713,Dry Zone,Alfisols,5.88,0.757,9.53,111.54,1.13,68.09,15.82,16.09
SL_SOIL_03866,Nuwara Eliya,6.928615,80.783165,Up Country Wet Zone,Inceptisols,4.96,1.743,23.37,137.38,3.43,43.3,38.45,18.25
SL_SOIL_03867,Monaragala,7.121162,81.182188,Intermediate Zone,Alfisols,6.04,0.848,16.28,139.42,1.21,63.07,19.92,17.01
SL_SOIL_03868,Kandy,7.288877,80.685498,Wet Zone,Ultisols,5.01,1.848,14.19,132.83,2.48,43.27,38.21,18.53
SL_SOIL_03869,Nuwara Eliya,6.903251,80.781281,Up Country Wet Zone,Inceptisols,4.42,1.696,12.3,156.0,3.62,42.22,34.21,23.58
SL_SOIL_03870,Kilinochchi,9.389646,80.283712,Dry Zone,Alfisols,6.78,1.029,14.11,156.64,1.27,60.43,25.2,14.37
SL_SOIL_03871,Colombo,6.818398,79.923426,Wet Zone,Ultisols,6.86,1.049,16.87,132.36,1.78,52.59,20.53,26.88
SL_SOIL_03872,Ratnapura,6.82596,80.636209,Wet Zone,Ultisols,4.91,1.686,10.22,124.76,2.2,44.28,33.45,22.27
SL_SOIL_03873,Monaragala,7.152946,81.229408,Intermediate Zone,Alfisols,5.85,1.074,13.74,128.97,1.4,52.18,24.51,23.31
SL_SOIL_03874,Batticaloa,7.591791,81.109315,Dry Zone,Vertisols,6.77,0.945,13.35,159.12,1.38,61.22,17.61,21.16
SL_SOIL_03875,Kilinochchi,9.398804,80.608979,Dry Zone,Alfisols,7.19,0.853,12.97,143.83,0.92,67.84,19.02,13.14
SL_SOIL_03876,Kegalle,7.220915,80.519488,Wet Zone,Ultisols,5.61,1.203,12.31,110.78,1.7,56.32,27.33,16.35
SL_SOIL_03877,Puttalam,7.664265,79.938579,Dry Zone,Alfisols,6.91,0.651,12.95,107.55,1.14,76.89,13.22,9.9
SL_SOIL_03878,Kurunegala,7.71368,80.442074,Intermediate Zone,Alfisols,5.98,1.185,15.7,127.87,1.31,62.35,18.82,18.83
SL_SOIL_03879,Trincomalee,8.677546,81.211255,Dry Zone,Alfisols,6.71,0.999,6.5,129.76,1.08,63.8,17.89,18.31
SL_SOIL_03880,Puttalam,8.064889,79.978733,Dry Zone,Alfisols,6.63,0.811,14.42,121.94,1.09,63.81,19.99,16.21
SL_SOIL_03881,Polonnaruwa,7.969498,80.875931,Dry Zone,Vertisols,6.12,0.865,3.0,128.94,0.93,62.51,23.83,13.66
SL_SOIL_03882,Vavuniya,8.835831,80.514652,Dry Zone,Alfisols,5.94,0.975,11.92,138.38,1.61,72.95,19.41,7.64
SL_SOIL_03883,Kurunegala,7.357646,80.169403,Intermediate Zone,Alfisols,5.95,1.225,16.64,119.52,1.52,64.96,28.31,6.73
SL_SOIL_03884,Puttalam,8.142275,80.149385,Dry Zone,Alfisols,6.7,0.855,13.43,135.12,0.9,74.67,14.34,10.99
SL_SOIL_03885,Batticaloa,7.869896,81.253999,Dry Zone,Vertisols,6.65,1.006,14.89,131.77,1.27,63.28,24.22,12.5
SL_SOIL_03886,Batticaloa,7.581644,81.590285,Dry Zone,Vertisols,6.86,1.015,8.44,164.07,1.39,51.29,17.65,31.07
SL_SOIL_03887,Kandy,7.283694,80.679307,Wet Zone,Ultisols,5.34,1.651,12.44,151.64,2.86,50.7,32.61,16.69
SL_SOIL_03888,Galle,6.104995,80.247148,Wet Zone,Ultisols,4.59,1.248,18.68,136.45,1.99,51.79,30.05,18.16
SL_SOIL_03889,Mullaitivu,9.330492,80.85553,Dry Zone,Alfisols,7.7,0.899,5.43,133.7,1.09,67.75,17.6,14.65
SL_SOIL_03890,Kalutara,6.640126,80.018303,Wet Zone,Ultisols,5.17,1.133,10.55,113.13,1.59,47.75,27.89,24.37
SL_SOIL_03891,Ampara,6.95251,81.764682,Dry Zone,Vertisols,5.78,0.942,18.82,140.54,1.13,60.56,32.0,7.44
SL_SOIL_03892,Hambantota,6.344059,80.754378,Dry Zone,Alfisols,6.44,0.747,12.08,111.34,1.11,63.03,16.13,20.84
SL_SOIL_03893,Matara,6.062734,80.455278,Wet Zone,Ultisols,4.75,1.241,13.24,135.29,1.28,52.38,29.1,18.52
SL_SOIL_03894,Anuradhapura,8.34802,80.393568,Dry Zone,Alfisols,6.29,0.864,7.33,132.6,0.87,70.61,23.11,6.28
SL_SOIL_03895,Mullaitivu,9.049464,80.489022,Dry Zone,Alfisols,7.05,1.078,13.3,122.15,0.99,63.35,17.26,19.4
SL_SOIL_03896,Trincomalee,8.470771,80.919616,Dry Zone,Alfisols,7.16,1.021,16.16,121.4,0.71,56.49,25.2,18.31
SL_SOIL_03897,Trincomalee,8.579713,81.301653,Dry Zone,Alfisols,6.62,0.83,8.78,137.24,1.33,59.02,34.56,6.42
SL_SOIL_03898,Trincomalee,8.745515,80.742041,Dry Zone,Alfisols,7.14,0.914,13.65,128.14,0.82,62.3,15.45,22.25
SL_SOIL_03899,Colombo,6.914775,79.960718,Wet Zone,Ultisols,5.94,1.024,11.13,116.97,1.75,50.98,27.82,21.2
SL_SOIL_03900,Matara,5.992196,80.507882,Wet Zone,Ultisols,4.83,1.255,18.56,98.85,1.27,53.74,25.98,20.28
SL_SOIL_03901,Puttalam,8.275804,79.945413,Dry Zone,Alfisols,5.98,0.929,15.43,99.79,1.15,74.8,16.68,8.52
SL_SOIL_03902,Nuwara Eliya,7.021564,80.86225,Up Country Wet Zone,Inceptisols,4.95,1.561,12.84,134.95,1.95,49.32,37.95,12.72
SL_SOIL_03903,Kalutara,6.459137,80.090142,Wet Zone,Ultisols,5.03,1.186,23.05,116.96,1.37,49.82,31.46,18.71
SL_SOIL_03904,Matale,7.44242,80.581674,Intermediate Zone,Alfisols,5.35,1.357,20.41,137.43,2.42,55.52,23.96,20.53
SL_SOIL_03905,Mullaitivu,9.181317,80.942812,Dry Zone,Alfisols,6.62,0.613,18.99,177.53,1.32,61.66,14.72,23.63
SL_SOIL_03906,Batticaloa,7.639579,81.480481,Dry Zone,Vertisols,6.41,1.087,7.8,131.24,1.27,62.01,20.07,17.92
SL_SOIL_03907,Vavuniya,8.800054,80.343624,Dry Zone,Alfisols,6.56,0.919,8.51,151.44,0.98,60.82,31.2,7.98
SL_SOIL_03908,Monaragala,7.167948,81.181726,Intermediate Zone,Alfisols,5.44,0.937,3.77,114.42,1.03,57.4,19.15,23.46
SL_SOIL_03909,Ampara,7.13904,81.835133,Dry Zone,Vertisols,6.29,0.87,18.58,144.78,1.22,56.06,33.01,10.93
SL_SOIL_03910,Kurunegala,7.528218,80.467827,Intermediate Zone,Alfisols,5.23,1.153,5.72,145.18,1.33,61.17,16.98,21.84
SL_SOIL_03911,Badulla,7.169856,81.088075,Up Country Intermediate Zone,Inceptisols,6.03,1.605,15.6,143.38,2.21,43.49,30.21,26.31
SL_SOIL_03912,Badulla,6.948762,81.002705,Up Country Intermediate Zone,Inceptisols,5.33,1.389,14.85,120.48,2.35,50.72,20.53,28.75
SL_SOIL_03913,Kilinochchi,9.596173,80.562304,Dry Zone,Alfisols,6.97,0.725,19.31,146.28,1.21,63.73,14.4,21.87
SL_SOIL_03914,Kalutara,6.463542,80.050987,Wet Zone,Ultisols,5.78,1.475,15.28,128.28,2.05,51.0,27.04,21.96
SL_SOIL_03915,Badulla,6.868372,80.865893,Up Country Intermediate Zone,Inceptisols,5.1,1.235,14.49,159.06,1.68,38.14,31.52,30.34
SL_SOIL_03916,Jaffna,9.845096,79.868112,Dry Zone,Alfisols,7.05,0.864,13.55,182.52,0.53,58.71,18.16,23.13
SL_SOIL_03917,Jaffna,9.715554,80.007795,Dry Zone,Alfisols,7.7,0.934,8.92,174.67,0.76,63.77,14.52,21.71
SL_SOIL_03918,Polonnaruwa,7.953931,81.253789,Dry Zone,Vertisols,6.74,1.098,18.6,138.42,1.72,52.53,21.0,26.47
SL_SOIL_03919,Ampara,7.227059,81.53192,Dry Zone,Vertisols,6.44,1.143,14.22,147.7,1.63,64.78,30.13,5.09
SL_SOIL_03920,Mannar,9.017986,79.921531,Dry Zone,Alfisols,7.65,1.035,7.82,157.49,0.91,76.59,5.0,18.41
SL_SOIL_03921,Gampaha,7.127129,79.977675,Wet Zone,Ultisols,5.29,1.124,5.9,119.09,1.17,52.8,18.46,28.74
SL_SOIL_03922,Hambantota,6.220856,80.773554,Dry Zone,Alfisols,6.63,0.892,12.37,122.62,1.08,64.86,20.46,14.68
SL_SOIL_03923,Ratnapura,6.803948,80.577005,Wet Zone,Ultisols,4.84,1.73,19.78,112.22,2.88,52.54,40.2,7.26
SL_SOIL_03924,Kalutara,6.65089,80.096953,Wet Zone,Ultisols,5.73,1.368,10.18,121.03,1.78,50.41,23.6,26.0
SL_SOIL_03925,Ratnapura,6.817123,80.379221,Wet Zone,Ultisols,5.37,1.712,11.43,115.29,1.77,54.18,38.45,7.37
SL_SOIL_03926,Kegalle,7.256266,80.252319,Wet Zone,Ultisols,5.64,1.54,20.34,131.44,3.17,41.73,30.76,27.51
SL_SOIL_03927,Batticaloa,7.505822,81.246841,Dry Zone,Vertisols,6.77,1.399,16.15,156.87,1.87,68.71,25.68,5.61
SL_SOIL_03928,Kalutara,6.42282,79.98471,Wet Zone,Ultisols,5.59,1.373,16.89,131.44,2.61,52.81,22.72,24.47
SL_SOIL_03929,Puttalam,7.787415,80.150969,Dry Zone,Alfisols,7.06,0.699,12.32,120.76,0.89,73.45,13.02,13.54
SL_SOIL_03930,Kurunegala,7.308854,80.290212,Intermediate Zone,Alfisols,6.03,1.216,16.55,141.62,1.84,63.69,18.9,17.4
SL_SOIL_03931,Matara,5.969592,80.484562,Wet Zone,Ultisols,5.63,1.404,21.19,102.64,1.69,61.61,22.45,15.93
SL_SOIL_03932,Trincomalee,8.566306,81.109626,Dry Zone,Alfisols,6.61,0.934,6.78,123.19,1.04,69.88,17.5,12.62
SL_SOIL_03933,Matara,6.096323,80.495903,Wet Zone,Ultisols,5.64,1.39,14.58,126.15,1.95,49.47,23.67,26.85
SL_SOIL_03934,Galle,6.169387,80.177875,Wet Zone,Ultisols,4.99,1.291,15.25,108.36,2.01,44.81,33.8,21.39
SL_SOIL_03935,Galle,6.035921,80.196124,Wet Zone,Ultisols,4.87,1.291,16.78,136.49,1.8,46.53,33.65,19.82
SL_SOIL_03936,Kalutara,6.608813,80.238138,Wet Zone,Ultisols,5.08,1.136,22.8,142.38,1.08,49.89,30.99,19.12
SL_SOIL_03937,Colombo,6.856844,79.884959,Wet Zone,Ultisols,5.73,1.181,16.15,125.44,1.53,61.12,27.54,11.34
SL_SOIL_03938,Kandy,7.307548,80.724751,Wet Zone,Ultisols,5.79,1.052,15.89,128.41,1.24,60.26,24.12,15.62
SL_SOIL_03939,Kegalle,7.1977,80.518407,Wet Zone,Ultisols,5.02,1.422,18.44,152.43,2.84,42.98,22.82,34.19
SL_SOIL_03940,Matale,7.544919,80.792935,Intermediate Zone,Alfisols,5.82,1.187,11.15,96.67,1.3,58.48,23.43,18.09
SL_SOIL_03941,Colombo,6.9111,79.932798,Wet Zone,Ultisols,5.79,1.225,13.67,106.3,1.73,56.86,22.17,20.97
SL_SOIL_03942,Batticaloa,7.859169,81.088387,Dry Zone,Vertisols,6.64,1.006,15.59,148.72,1.1,51.55,18.98,29.47
SL_SOIL_03943,Matale,7.470919,80.693689,Intermediate Zone,Alfisols,5.71,1.512,10.33,159.59,2.45,51.86,28.26,19.88
SL_SOIL_03944,Mullaitivu,9.321447,80.750451,Dry Zone,Alfisols,6.56,0.726,12.32,127.14,0.79,71.94,14.38,13.68
SL_SOIL_03945,Matara,5.932935,80.579106,Wet Zone,Ultisols,5.0,1.482,11.48,135.93,1.85,59.86,32.88,7.25
SL_SOIL_03946,Matara,6.092888,80.585505,Wet Zone,Ultisols,5.34,1.341,11.24,150.55,2.2,52.71,25.27,22.03
SL_SOIL_03947,Matale,7.540301,80.711213,Intermediate Zone,Alfisols,5.84,1.41,18.14,130.69,2.13,58.59,30.41,11.0
SL_SOIL_03948,Hambantota,6.305152,80.672589,Dry Zone,Alfisols,6.87,0.922,9.38,98.17,1.0,71.38,8.11,20.51
SL_SOIL_03949,Colombo,6.921992,79.856641,Wet Zone,Ultisols,5.57,1.59,6.29,125.29,1.88,66.09,26.25,7.66
SL_SOIL_03950,Kandy,7.205317,80.610641,Wet Zone,Ultisols,5.4,1.289,7.31,127.6,1.93,48.36,32.76,18.89
SL_SOIL_03951,Kalutara,6.654816,80.209802,Wet Zone,Ultisols,5.58,1.321,12.21,137.43,1.92,49.03,29.32,21.64
SL_SOIL_03952,Gampaha,7.102986,80.117639,Wet Zone,Ultisols,6.6,1.195,3.0,105.06,1.11,46.72,20.56,32.72
SL_SOIL_03953,Matara,6.058239,80.463059,Wet Zone,Ultisols,5.33,1.434,19.29,111.57,2.2,51.21,31.13,17.66
SL_SOIL_03954,Monaragala,6.730041,81.153607,Intermediate Zone,Alfisols,5.93,1.191,4.75,119.8,1.78,50.42,13.04,36.53
SL_SOIL_03955,Hambantota,6.236444,80.731751,Dry Zone,Alfisols,6.69,0.734,6.96,97.39,0.91,66.3,12.83,20.87
SL_SOIL_03956,Gampaha,7.120872,79.902851,Wet Zone,Ultisols,5.62,1.013,10.4,113.44,1.67,63.2,28.69,8.11
SL_SOIL_03957,Vavuniya,8.619892,80.6765,Dry Zone,Alfisols,6.56,0.945,18.07,165.68,1.27,66.87,24.18,8.95
SL_SOIL_03958,Vavuniya,8.630322,80.529597,Dry Zone,Alfisols,6.75,0.956,10.52,127.48,1.07,60.79,13.96,25.25
SL_SOIL_03959,Kandy,7.311681,80.685787,Wet Zone,Ultisols,5.39,1.945,16.49,130.47,2.6,51.87,31.79,16.33
SL_SOIL_03960,Nuwara Eliya,7.025359,80.894519,Up Country Wet Zone,Inceptisols,4.75,1.797,26.43,130.16,3.32,51.6,36.91,11.49
SL_SOIL_03961,Kilinochchi,9.303605,80.402505,Dry Zone,Alfisols,7.21,0.861,11.6,145.79,1.03,67.3,16.45,16.24
SL_SOIL_03962,Kalutara,6.726417,80.227224,Wet Zone,Ultisols,5.02,1.472,18.38,128.55,2.04,48.66,34.18,17.15
SL_SOIL_03963,Matara,6.085639,80.699527,Wet Zone,Ultisols,5.57,1.057,7.8,153.94,1.95,56.97,34.48,8.55
SL_SOIL_03964,Kalutara,6.538135,80.253865,Wet Zone,Ultisols,4.93,1.391,16.27,127.49,1.84,44.71,31.06,24.23
SL_SOIL_03965,Vavuniya,8.661975,80.667794,Dry Zone,Alfisols,6.29,0.916,7.71,157.13,1.0,69.09,19.87,11.04
SL_SOIL_03966,Mullaitivu,9.124084,80.726889,Dry Zone,Alfisols,6.71,0.885,12.89,142.72,0.71,64.38,21.55,14.07
SL_SOIL_03967,Mullaitivu,9.224045,80.691905,Dry Zone,Alfisols,7.12,0.887,17.06,136.63,0.92,74.7,17.93,7.37
SL_SOIL_03968,Gampaha,7.144115,80.120761,Wet Zone,Ultisols,5.94,1.174,13.59,109.25,1.95,53.85,23.96,22.19
SL_SOIL_03969,Mullaitivu,9.048064,80.49496,Dry Zone,Alfisols,7.1,0.845,15.81,163.26,0.74,66.31,12.73,20.96
SL_SOIL_03970,Puttalam,7.949067,80.18798,Dry Zone,Alfisols,6.93,0.837,11.36,114.54,0.9,73.69,7.05,19.26
SL_SOIL_03971,Nuwara Eliya,6.89519,80.653666,Up Country Wet Zone,Inceptisols,4.91,1.582,18.15,141.37,3.47,46.85,31.66,21.49
SL_SOIL_03972,Ampara,7.159372,81.667736,Dry Zone,Vertisols,6.79,1.223,9.06,143.0,1.64,55.39,20.27,24.34
SL_SOIL_03973,Gampaha,7.200446,79.932195,Wet Zone,Ultisols,5.73,0.93,15.86,133.42,1.41,56.69,22.54,20.77
SL_SOIL_03974,Matara,5.973234,80.694043,Wet Zone,Ultisols,6.29,1.493,12.77,117.95,2.16,59.72,30.29,9.99
SL_SOIL_03975,Trincomalee,8.86553,81.258182,Dry Zone,Alfisols,7.3,0.93,8.35,141.57,1.02,69.81,21.58,8.61
SL_SOIL_03976,Monaragala,7.171262,81.121375,Intermediate Zone,Alfisols,6.51,1.026,10.48,131.49,1.63,54.32,25.68,20.0
SL_SOIL_03977,Gampaha,7.064391,80.006935,Wet Zone,Ultisols,5.55,1.206,20.44,115.92,2.02,49.31,12.4,38.29
SL_SOIL_03978,Jaffna,9.632297,79.792551,Dry Zone,Alfisols,8.23,0.782,7.4,185.14,0.88,71.85,21.14,7.02
SL_SOIL_03979,Ampara,7.22524,81.564481,Dry Zone,Vertisols,6.54,1.019,8.91,128.5,1.44,65.79,26.88,7.33
SL_SOIL_03980,Nuwara Eliya,7.066787,80.751681,Up Country Wet Zone,Inceptisols,4.73,1.734,13.86,155.71,3.83,47.4,41.45,11.15
SL_SOIL_03981,Gampaha,7.118611,80.074373,Wet Zone,Ultisols,5.8,1.26,10.02,117.15,1.58,67.88,19.35,12.76
SL_SOIL_03982,Gampaha,7.157372,80.009105,Wet Zone,Ultisols,5.0,1.287,13.08,101.04,1.38,62.13,15.89,21.98
SL_SOIL_03983,Mullaitivu,9.208129,80.878312,Dry Zone,Alfisols,6.2,1.071,14.67,164.37,1.37,52.25,14.88,32.87
SL_SOIL_03984,Ratnapura,6.570847,80.565113,Wet Zone,Ultisols,5.88,1.406,22.82,130.49,2.58,35.53,35.85,28.62
SL_SOIL_03985,Batticaloa,7.848784,81.470083,Dry Zone,Vertisols,6.31,0.619,16.63,153.17,1.05,63.4,19.82,16.78
SL_SOIL_03986,Gampaha,7.222372,79.894213,Wet Zone,Ultisols,5.03,1.252,14.38,91.7,1.34,56.36,25.83,17.81
SL_SOIL_03987,Galle,5.999807,80.219664,Wet Zone,Ultisols,5.13,1.282,16.53,119.21,1.71,51.88,38.17,9.95
SL_SOIL_03988,Kalutara,6.684434,79.95755,Wet Zone,Ultisols,6.59,1.227,6.03,115.92,1.46,57.67,16.66,25.67
SL_SOIL_03989,Matara,6.01486,80.455791,Wet Zone,Ultisols,4.85,1.323,13.34,134.18,1.99,47.02,30.28,22.7
SL_SOIL_03990,Monaragala,6.704524,81.501748,Intermediate Zone,Alfisols,5.9,0.703,8.04,119.95,0.95,64.63,19.84,15.53
SL_SOIL_03991,Vavuniya,8.731963,80.484433,Dry Zone,Alfisols,6.36,1.142,12.79,161.0,0.92,62.46,31.33,6.21
SL_SOIL_03992,Ratnapura,6.78968,80.540103,Wet Zone,Ultisols,5.11,1.361,16.52,166.46,2.14,42.74,36.54,20.72
SL_SOIL_03993,Monaragala,7.081109,81.363511,Intermediate Zone,Alfisols,6.21,1.211,13.16,120.94,1.69,59.9,18.18,21.92
SL_SOIL_03994,Badulla,7.071889,81.042346,Up Country Intermediate Zone,Inceptisols,5.3,1.254,21.17,113.91,1.35,40.77,36.33,22.9
SL_SOIL_03995,Galle,6.020728,80.259123,Wet Zone,Ultisols,5.84,1.199,20.76,144.6,2.23,47.99,27.71,24.31
SL_SOIL_03996,Polonnaruwa,8.120864,80.982097,Dry Zone,Vertisols,5.99,0.772,13.46,144.4,0.79,64.02,18.09,17.89
SL_SOIL_03997,Galle,5.959629,80.199102,Wet Zone,Ultisols,5.39,1.382,16.97,132.32,2.23,38.56,36.47,24.97
SL_SOIL_03998,Colombo,6.90003,79.913095,Wet Zone,Ultisols,6.16,1.317,12.05,122.89,1.84,58.28,34.11,7.61
SL_SOIL_03999,Trincomalee,8.746745,80.949128,Dry Zone,Alfisols,6.55,0.817,12.66,118.55,1.54,61.05,17.61,21.34
SL_SOIL_04000,Hambantota,6.209551,80.773566,Dry Zone,Alfisols,6.65,1.024,5.6,96.98,1.5,68.58,13.04,18.38
SL_SOIL_04001,Polonnaruwa,7.908452,81.206145,Dry Zone,Vertisols,6.56,0.916,9.8,126.07,1.19,57.74,22.34,19.92
SL_SOIL_04002,Mullaitivu,9.00448,80.76818,Dry Zone,Alfisols,6.88,0.931,4.86,152.31,0.62,71.8,18.37,9.83
SL_SOIL_04003,Polonnaruwa,8.15474,80.823767,Dry Zone,Vertisols,6.08,0.922,9.7,130.49,0.86,64.15,21.1,14.75
SL_SOIL_04004,Puttalam,7.635664,80.075205,Dry Zone,Alfisols,6.44,0.891,14.75,134.0,1.52,72.5,10.55,16.95
SL_SOIL_04005,Polonnaruwa,7.787833,80.827019,Dry Zone,Vertisols,5.83,1.02,8.76,155.81,1.26,63.75,22.1,14.15
SL_SOIL_04006,Puttalam,7.78695,80.195795,Dry Zone,Alfisols,6.57,0.613,7.58,128.27,0.91,71.4,13.57,15.03
SL_SOIL_04007,Kegalle,7.301683,80.466713,Wet Zone,Ultisols,5.21,1.282,16.06,123.88,1.8,62.6,30.57,6.83
SL_SOIL_04008,Kegalle,7.054522,80.408425,Wet Zone,Ultisols,5.39,1.34,25.32,125.55,2.47,50.86,33.06,16.08
SL_SOIL_04009,Badulla,7.129244,81.023289,Up Country Intermediate Zone,Inceptisols,5.88,1.296,16.73,135.83,1.94,42.01,32.58,25.4
SL_SOIL_04010,Trincomalee,8.69237,80.821162,Dry Zone,Alfisols,6.53,0.885,4.56,136.14,1.21,63.19,17.58,19.23
SL_SOIL_04011,Monaragala,7.156472,81.402074,Intermediate Zone,Alfisols,5.67,0.851,9.11,123.59,0.91,70.16,14.88,14.95
SL_SOIL_04012,Monaragala,6.728314,81.564553,Intermediate Zone,Alfisols,6.05,1.103,14.94,108.45,1.41,66.63,19.95,13.42
SL_SOIL_04013,Jaffna,9.62189,80.173616,Dry Zone,Alfisols,7.26,0.958,9.69,167.26,1.2,76.48,14.85,8.67
SL_SOIL_04014,Jaffna,9.690551,80.062701,Dry Zone,Alfisols,7.05,0.82,9.03,185.62,0.91,64.43,16.2,19.37
SL_SOIL_04015,Kandy,7.403734,80.618865,Wet Zone,Ultisols,5.6,1.199,17.17,135.99,2.03,38.74,33.02,28.24
SL_SOIL_04016,Matara,5.908598,80.590119,Wet Zone,Ultisols,5.63,1.651,11.63,142.44,2.36,54.57,24.95,20.48
SL_SOIL_04017,Badulla,6.878541,80.889956,Up Country Intermediate Zone,Inceptisols,5.57,1.174,14.34,149.2,2.1,52.12,31.94,15.94
SL_SOIL_04018,Anuradhapura,8.354243,80.764841,Dry Zone,Alfisols,6.47,1.162,10.18,127.94,1.41,78.18,11.14,10.67
SL_SOIL_04019,Anuradhapura,8.391316,80.595675,Dry Zone,Alfisols,7.01,0.615,9.15,134.26,1.06,63.25,28.73,8.03
SL_SOIL_04020,Kurunegala,7.629774,80.591302,Intermediate Zone,Alfisols,6.12,1.02,10.02,126.0,1.38,66.2,19.94,13.85
SL_SOIL_04021,Vavuniya,8.940925,80.398941,Dry Zone,Alfisols,7.14,0.904,10.49,164.68,1.61,59.03,20.81,20.15
SL_SOIL_04022,Kurunegala,7.637189,80.663475,Intermediate Zone,Alfisols,5.73,1.19,17.28,145.54,1.58,59.68,20.93,19.39
SL_SOIL_04023,Vavuniya,8.891967,80.674608,Dry Zone,Alfisols,6.84,0.97,10.22,146.94,1.09,64.2,16.11,19.69
SL_SOIL_04024,Anuradhapura,8.095194,80.329163,Dry Zone,Alfisols,6.42,1.078,6.87,112.56,1.27,71.15,17.76,11.09
SL_SOIL_04025,Polonnaruwa,7.897355,81.046795,Dry Zone,Vertisols,6.04,1.141,22.01,153.51,1.51,61.98,14.16,23.86
SL_SOIL_04026,Ratnapura,6.59822,80.511964,Wet Zone,Ultisols,5.12,1.721,20.19,131.56,3.15,47.17,34.19,18.64
SL_SOIL_04027,Batticaloa,7.735211,81.373439,Dry Zone,Vertisols,6.56,0.983,15.32,170.37,1.37,54.14,22.57,23.29
SL_SOIL_04028,Badulla,6.963966,80.872348,Up Country Intermediate Zone,Inceptisols,4.98,1.768,14.09,137.08,2.3,33.84,36.28,29.89
SL_SOIL_04029,Kandy,7.436671,80.668303,Wet Zone,Ultisols,5.48,1.52,15.24,131.84,1.34,58.56,29.56,11.88
SL_SOIL_04030,Mullaitivu,9.195516,80.520604,Dry Zone,Alfisols,6.32,1.088,13.89,132.32,0.98,62.91,15.02,22.06
SL_SOIL_04031,Monaragala,6.665629,81.207512,Intermediate Zone,Alfisols,5.47,0.941,7.39,149.64,1.34,62.62,29.95,7.43
SL_SOIL_04032,Matara,6.074053,80.562746,Wet Zone,Ultisols,5.79,1.266,14.45,132.68,2.26,50.71,33.16,16.13
SL_SOIL_04033,Kurunegala,7.889525,80.476835,Intermediate Zone,Alfisols,6.42,0.714,8.46,153.58,1.12,67.88,21.6,10.53
SL_SOIL_04034,Mannar,9.191363,79.991767,Dry Zone,Alfisols,7.69,0.654,6.21,165.86,0.86,75.13,11.81,13.06
SL_SOIL_04035,Monaragala,6.769042,81.520345,Intermediate Zone,Alfisols,6.18,0.73,5.72,127.0,0.99,54.93,28.71,16.36
SL_SOIL_04036,Vavuniya,8.942644,80.560939,Dry Zone,Alfisols,7.2,1.073,10.79,142.35,1.0,60.83,18.44,20.73
SL_SOIL_04037,Gampaha,7.052433,80.093888,Wet Zone,Ultisols,5.61,1.025,10.85,96.47,0.87,56.57,20.67,22.76
SL_SOIL_04038,Kurunegala,7.722096,80.470852,Intermediate Zone,Alfisols,5.66,1.234,10.9,131.75,1.49,58.79,22.26,18.95
SL_SOIL_04039,Ratnapura,6.714084,80.703378,Wet Zone,Ultisols,4.55,1.511,21.61,159.57,2.71,51.4,33.92,14.68
SL_SOIL_04040,Gampaha,7.213567,79.884155,Wet Zone,Ultisols,5.74,1.008,10.77,112.87,1.57,56.66,16.88,26.46
SL_SOIL_04041,Kilinochchi,9.590175,80.298522,Dry Zone,Alfisols,6.92,0.509,10.46,126.7,0.99,58.89,12.08,29.02
SL_SOIL_04042,Hambantota,6.1079,80.611694,Dry Zone,Alfisols,6.42,0.859,15.51,121.36,1.52,70.29,23.16,6.55
SL_SOIL_04043,Mannar,8.94126,79.815395,Dry Zone,Alfisols,6.9,0.62,16.17,139.58,0.42,67.3,14.5,18.2
SL_SOIL_04044,Trincomalee,8.607077,81.30189,Dry Zone,Alfisols,6.62,1.109,17.5,134.04,1.57,63.67,20.81,15.52
SL_SOIL_04045,Batticaloa,7.545732,81.591297,Dry Zone,Vertisols,6.92,0.877,19.59,158.93,1.11,52.62,23.32,24.06
SL_SOIL_04046,Kegalle,7.311188,80.207825,Wet Zone,Ultisols,5.72,1.402,16.17,106.65,1.79,43.34,29.36,27.29
SL_SOIL_04047,Trincomalee,8.842749,81.425379,Dry Zone,Alfisols,6.7,0.976,10.39,119.97,1.07,48.72,17.31,33.97
SL_SOIL_04048,Kurunegala,7.389109,80.399031,Intermediate Zone,Alfisols,6.25,0.994,15.9,142.85,1.52,66.92,24.2,8.88
SL_SOIL_04049,Badulla,7.179412,80.897905,Up Country Intermediate Zone,Inceptisols,4.78,1.7,15.11,120.59,2.21,49.29,36.69,14.02
SL_SOIL_04050,Nuwara Eliya,7.050955,80.681017,Up Country Wet Zone,Inceptisols,4.76,1.832,21.56,169.81,3.68,38.37,51.45,10.18
SL_SOIL_04051,Trincomalee,8.623849,81.260547,Dry Zone,Alfisols,7.41,1.284,10.08,144.89,1.07,67.97,18.09,13.94
SL_SOIL_04052,Monaragala,6.642784,81.501683,Intermediate Zone,Alfisols,6.06,1.088,13.68,142.75,1.6,56.34,20.42,23.24
SL_SOIL_04053,Ratnapura,6.700075,80.670053,Wet Zone,Ultisols,5.21,1.358,14.2,127.32,1.67,44.0,41.18,14.82
SL_SOIL_04054,Kurunegala,7.384177,80.298026,Intermediate Zone,Alfisols,5.88,0.904,7.63,129.51,0.96,63.63,21.79,14.58
SL_SOIL_04055,Matara,5.996481,80.582052,Wet Zone,Ultisols,5.92,1.347,10.53,109.48,1.83,55.05,31.62,13.32
SL_SOIL_04056,Hambantota,6.282737,80.969322,Dry Zone,Alfisols,6.07,0.958,11.93,131.91,1.24,64.52,21.38,14.1
SL_SOIL_04057,Nuwara Eliya,6.915873,80.892864,Up Country Wet Zone,Inceptisols,4.95,1.267,16.36,117.03,2.32,25.62,54.51,19.87
SL_SOIL_04058,Matale,7.639432,80.816086,Intermediate Zone,Alfisols,5.26,1.805,18.73,116.82,2.78,64.2,20.79,15.01
SL_SOIL_04059,Mannar,8.920299,80.014719,Dry Zone,Alfisols,7.03,0.83,7.95,161.1,1.17,76.43,8.73,14.84
SL_SOIL_04060,Kegalle,7.325135,80.247369,Wet Zone,Ultisols,5.53,0.993,13.09,119.3,1.76,48.87,31.0,20.13
SL_SOIL_04061,Kilinochchi,9.31639,80.256855,Dry Zone,Alfisols,7.2,0.584,10.92,151.1,1.14,63.16,9.04,27.8
SL_SOIL_04062,Kegalle,7.186788,80.472392,Wet Zone,Ultisols,4.19,1.327,10.45,124.68,2.22,41.92,35.04,23.04
SL_SOIL_04063,Colombo,6.841565,80.049636,Wet Zone,Ultisols,5.92,1.314,6.71,117.87,1.92,50.07,25.84,24.09
SL_SOIL_04064,Kilinochchi,9.600124,80.573821,Dry Zone,Alfisols,6.67,0.879,12.56,155.97,0.95,67.14,21.31,11.55
SL_SOIL_04065,Puttalam,7.685443,79.856911,Dry Zone,Alfisols,6.82,0.771,9.09,139.14,0.84,77.47,15.44,7.1
SL_SOIL_04066,Hambantota,6.063687,80.754887,Dry Zone,Alfisols,6.65,1.009,15.91,121.58,1.23,65.38,11.43,23.19
SL_SOIL_04067,Gampaha,7.133659,80.145113,Wet Zone,Ultisols,5.5,1.016,11.12,150.97,1.77,52.09,25.21,22.7
SL_SOIL_04068,Mannar,9.093063,80.037343,Dry Zone,Alfisols,7.55,0.716,15.65,177.3,0.87,80.72,11.34,7.95
SL_SOIL_04069,Kandy,7.37563,80.574401,Wet Zone,Ultisols,5.5,1.729,14.89,135.12,2.29,49.8,31.26,18.95
SL_SOIL_04070,Kandy,7.376725,80.748607,Wet Zone,Ultisols,4.76,1.254,21.5,123.14,1.91,47.75,32.26,20.0
SL_SOIL_04071,Kurunegala,7.799555,80.645773,Intermediate Zone,Alfisols,6.31,0.902,5.79,132.26,1.07,57.38,27.74,14.88
SL_SOIL_04072,Batticaloa,7.761771,81.416391,Dry Zone,Vertisols,6.11,1.063,20.2,171.84,1.22,59.97,12.02,28.0
SL_SOIL_04073,Puttalam,7.628317,79.913467,Dry Zone,Alfisols,6.93,0.611,7.53,135.6,0.87,75.78,18.91,5.3
SL_SOIL_04074,Mullaitivu,9.130452,80.854579,Dry Zone,Alfisols,6.66,1.017,17.02,125.6,0.85,72.97,11.3,15.73
SL_SOIL_04075,Puttalam,8.090674,80.053073,Dry Zone,Alfisols,7.25,0.916,9.38,122.98,1.27,74.25,12.7,13.05
SL_SOIL_04076,Trincomalee,8.559745,81.22575,Dry Zone,Alfisols,6.63,1.014,6.81,149.73,1.46,55.68,20.43,23.89
SL_SOIL_04077,Nuwara Eliya,6.894664,80.888755,Up Country Wet Zone,Inceptisols,5.54,1.572,19.83,149.75,2.91,43.81,35.73,20.46
SL_SOIL_04078,Ampara,7.477704,81.537391,Dry Zone,Vertisols,6.57,1.129,13.93,152.52,1.28,63.43,27.18,9.4
SL_SOIL_04079,Ratnapura,6.648835,80.475048,Wet Zone,Ultisols,4.6,1.877,18.74,132.85,2.01,41.68,39.69,18.63
SL_SOIL_04080,Mannar,9.154209,80.016028,Dry Zone,Alfisols,7.13,0.727,6.16,161.39,0.87,76.91,17.08,6.02
SL_SOIL_04081,Puttalam,7.917795,79.777968,Dry Zone,Alfisols,6.69,0.826,12.23,119.93,0.75,76.21,11.03,12.77
SL_SOIL_04082,Matale,7.583205,80.607347,Intermediate Zone,Alfisols,5.4,1.123,13.82,118.28,1.67,46.56,24.23,29.21
SL_SOIL_04083,Trincomalee,8.467112,81.06468,Dry Zone,Alfisols,6.82,0.823,15.07,156.83,1.22,64.57,18.94,16.48
SL_SOIL_04084,Monaragala,6.721122,81.189961,Intermediate Zone,Alfisols,5.79,0.893,3.0,154.68,1.33,73.18,20.56,6.26
SL_SOIL_04085,Colombo,6.903701,79.914243,Wet Zone,Ultisols,5.98,1.396,9.56,93.83,1.58,51.08,28.6,20.32
SL_SOIL_04086,Kegalle,7.11973,80.317685,Wet Zone,Ultisols,6.1,1.402,21.93,133.19,2.11,53.54,24.68,21.78
SL_SOIL_04087,Ratnapura,6.815204,80.346464,Wet Zone,Ultisols,4.08,1.418,13.76,157.03,2.17,47.98,33.97,18.06
SL_SOIL_04088,Monaragala,7.113856,81.253349,Intermediate Zone,Alfisols,5.26,0.901,6.92,130.42,1.14,64.92,20.92,14.16
SL_SOIL_04089,Jaffna,9.61216,80.153382,Dry Zone,Alfisols,7.09,0.711,13.51,180.41,0.99,72.52,18.27,9.21
SL_SOIL_04090,Batticaloa,7.871311,81.430398,Dry Zone,Vertisols,7.04,1.143,17.95,155.18,1.61,64.13,19.71,16.16
SL_SOIL_04091,Monaragala,7.010571,81.236997,Intermediate Zone,Alfisols,5.97,1.146,9.4,129.16,1.34,59.49,19.06,21.44
SL_SOIL_04092,Polonnaruwa,8.175182,81.167369,Dry Zone,Vertisols,6.26,1.025,5.33,154.48,1.07,55.73,24.43,19.84
SL_SOIL_04093,Polonnaruwa,7.840961,81.249286,Dry Zone,Vertisols,6.55,0.853,11.26,142.85,0.94,57.96,21.19,20.85
SL_SOIL_04094,Kilinochchi,9.517315,80.458199,Dry Zone,Alfisols,7.19,0.612,17.96,156.34,0.82,72.99,12.97,14.04
SL_SOIL_04095,Mullaitivu,9.384392,80.463506,Dry Zone,Alfisols,6.63,0.857,11.9,131.27,1.03,66.31,19.71,13.98
SL_SOIL_04096,Matale,7.687496,80.765389,Intermediate Zone,Alfisols,5.48,1.212,15.73,131.8,1.98,55.59,23.27,21.14
SL_SOIL_04097,Colombo,6.970102,80.005564,Wet Zone,Ultisols,6.1,1.177,14.75,110.39,1.85,43.68,17.36,38.96
SL_SOIL_04098,Ratnapura,6.85841,80.402915,Wet Zone,Ultisols,5.09,1.706,15.39,144.09,2.92,42.67,33.39,23.94
SL_SOIL_04099,Mannar,9.066767,80.042223,Dry Zone,Alfisols,7.05,0.875,9.62,144.95,0.67,72.35,5.0,22.65
SL_SOIL_04100,Kilinochchi,9.305672,80.258355,Dry Zone,Alfisols,5.99,0.766,7.33,150.12,1.19,62.98,15.03,21.99
SL_SOIL_04101,Trincomalee,8.64072,80.774704,Dry Zone,Alfisols,6.62,0.997,12.92,133.09,1.61,64.42,16.85,18.73
SL_SOIL_04102,Kandy,7.339422,80.651905,Wet Zone,Ultisols,5.46,1.383,11.17,130.78,2.04,45.47,34.73,19.79
SL_SOIL_04103,Batticaloa,7.5019,81.533962,Dry Zone,Vertisols,6.71,0.775,11.72,156.42,1.03,61.07,24.35,14.58
SL_SOIL_04104,Kegalle,7.107232,80.496976,Wet Zone,Ultisols,5.3,1.184,10.53,141.55,1.74,53.86,29.87,16.27
SL_SOIL_04105,Hambantota,6.324654,80.881334,Dry Zone,Alfisols,6.29,0.751,6.61,117.79,1.07,68.39,17.14,14.47
SL_SOIL_04106,Polonnaruwa,7.708649,80.834199,Dry Zone,Vertisols,6.8,1.081,9.12,133.96,1.1,55.66,18.04,26.3
SL_SOIL_04107,Anuradhapura,8.188465,80.673887,Dry Zone,Alfisols,6.06,0.669,9.45,131.06,0.59,64.99,11.18,23.83
SL_SOIL_04108,Puttalam,8.231447,80.019675,Dry Zone,Alfisols,6.52,0.628,8.31,122.91,0.83,79.78,8.88,11.34
SL_SOIL_04109,Puttalam,8.1166,80.179421,Dry Zone,Alfisols,6.45,0.392,4.77,104.13,0.55,72.11,15.5,12.39
SL_SOIL_04110,Mannar,9.152863,79.985198,Dry Zone,Alfisols,7.17,0.68,11.96,137.68,0.84,73.46,16.21,10.34
SL_SOIL_04111,Matale,7.765337,80.620539,Intermediate Zone,Alfisols,5.53,1.491,6.23,119.37,2.13,42.86,7.19,49.95
SL_SOIL_04112,Jaffna,9.838333,79.840894,Dry Zone,Alfisols,7.7,0.71,9.43,169.33,1.04,85.0,9.78,5.22
SL_SOIL_04113,Trincomalee,8.708846,80.888075,Dry Zone,Alfisols,6.93,0.984,10.8,122.93,1.29,62.01,27.04,10.95
SL_SOIL_04114,Matale,7.568655,80.675197,Intermediate Zone,Alfisols,5.72,1.565,16.05,130.95,2.19,49.72,21.38,28.9
SL_SOIL_04115,Badulla,7.01078,81.175658,Up Country Intermediate Zone,Inceptisols,5.16,1.898,19.81,134.59,2.88,45.32,31.88,22.8
SL_SOIL_04116,Ampara,7.301919,81.568562,Dry Zone,Vertisols,6.35,1.306,14.19,137.87,1.31,53.98,21.7,24.31
SL_SOIL_04117,Galle,6.044402,80.344582,Wet Zone,Ultisols,5.58,1.307,19.85,143.48,1.69,43.63,28.28,28.09
SL_SOIL_04118,Hambantota,6.254663,80.663943,Dry Zone,Alfisols,6.28,1.162,10.49,105.38,0.85,80.08,10.44,9.49
SL_SOIL_04119,Kalutara,6.488563,80.071382,Wet Zone,Ultisols,5.49,1.047,9.7,126.67,1.57,53.8,21.1,25.1
SL_SOIL_04120,Batticaloa,7.986626,81.044859,Dry Zone,Vertisols,6.73,0.875,20.23,148.29,1.19,61.0,25.41,13.58
SL_SOIL_04121,Ampara,7.130566,81.892754,Dry Zone,Vertisols,6.69,0.99,10.37,160.28,1.28,61.33,26.16,12.5
SL_SOIL_04122,Kurunegala,7.633708,80.19463,Intermediate Zone,Alfisols,6.75,0.692,15.1,146.42,0.91,59.5,18.96,21.54
SL_SOIL_04123,Vavuniya,8.890445,80.476347,Dry Zone,Alfisols,6.4,1.057,12.22,152.22,1.6,60.83,24.67,14.5
SL_SOIL_04124,Kalutara,6.717406,80.020127,Wet Zone,Ultisols,5.42,1.188,17.53,126.22,1.39,42.27,31.99,25.74
SL_SOIL_04125,Mannar,8.830526,79.820778,Dry Zone,Alfisols,7.38,0.867,13.58,170.79,0.82,64.49,16.21,19.3
SL_SOIL_04126,Hambantota,6.04638,80.897613,Dry Zone,Alfisols,6.4,1.111,10.2,91.67,1.3,71.2,18.01,10.78
SL_SOIL_04127,Galle,6.074915,80.175127,Wet Zone,Ultisols,5.59,1.135,14.43,123.81,1.1,46.61,30.76,22.64
SL_SOIL_04128,Hambantota,6.315663,80.697512,Dry Zone,Alfisols,6.43,1.033,8.71,114.08,1.66,67.47,13.69,18.84
SL_SOIL_04129,Mullaitivu,9.319147,80.496546,Dry Zone,Alfisols,6.57,0.722,12.06,147.19,0.83,73.82,7.77,18.41
SL_SOIL_04130,Kurunegala,7.448402,80.318201,Intermediate Zone,Alfisols,6.14,0.672,10.88,127.89,1.09,53.58,20.7,25.72
SL_SOIL_04131,Matale,7.439151,80.709989,Intermediate Zone,Alfisols,5.63,1.276,17.16,137.74,1.92,61.54,22.68,15.78
SL_SOIL_04132,Mullaitivu,9.152804,80.995797,Dry Zone,Alfisols,6.73,0.854,14.46,159.38,0.61,70.22,18.5,11.28
SL_SOIL_04133,Kandy,7.327283,80.668038,Wet Zone,Ultisols,6.24,1.332,17.65,96.08,1.81,46.56,37.99,15.45
SL_SOIL_04134,Gampaha,7.057986,79.999975,Wet Zone,Ultisols,5.57,0.994,15.79,123.39,1.47,53.23,18.26,28.51
SL_SOIL_04135,Ampara,7.131851,81.717246,Dry Zone,Vertisols,6.67,1.27,15.62,138.76,1.46,51.01,19.3,29.69
SL_SOIL_04136,Hambantota,6.321538,80.792877,Dry Zone,Alfisols,6.06,0.694,10.57,124.67,0.9,72.64,16.54,10.82
SL_SOIL_04137,Hambantota,6.325503,80.965865,Dry Zone,Alfisols,6.14,1.035,12.65,113.2,1.11,73.02,6.99,19.99
SL_SOIL_04138,Nuwara Eliya,7.05829,80.683453,Up Country Wet Zone,Inceptisols,5.14,1.558,7.84,146.95,3.04,32.18,40.6,27.22
SL_SOIL_04139,Kilinochchi,9.590869,80.403265,Dry Zone,Alfisols,7.51,0.766,7.54,160.14,0.97,61.52,17.87,20.6
SL_SOIL_04140,Badulla,7.099964,81.027717,Up Country Intermediate Zone,Inceptisols,4.87,1.417,17.38,152.63,1.96,51.92,37.63,10.45
SL_SOIL_04141,Ratnapura,6.746216,80.52888,Wet Zone,Ultisols,5.25,1.767,19.48,166.97,2.64,41.64,34.76,23.6
SL_SOIL_04142,Badulla,6.859556,81.013458,Up Country Intermediate Zone,Inceptisols,4.73,1.41,19.67,134.65,2.36,49.27,32.95,17.79
SL_SOIL_04143,Colombo,6.88512,80.012218,Wet Zone,Ultisols,5.65,0.843,15.56,98.4,1.08,60.73,22.83,16.44
SL_SOIL_04144,Kandy,7.219546,80.59542,Wet Zone,Ultisols,5.39,1.67,10.76,120.8,2.34,46.43,37.98,15.59
SL_SOIL_04145,Mullaitivu,9.342881,80.728261,Dry Zone,Alfisols,6.22,0.833,7.89,135.06,0.89,62.18,16.08,21.74
SL_SOIL_04146,Monaragala,6.989111,81.502216,Intermediate Zone,Alfisols,5.5,1.063,18.83,155.06,1.38,61.34,22.66,16.01
SL_SOIL_04147,Mullaitivu,9.05818,80.495526,Dry Zone,Alfisols,6.7,1.107,12.5,163.13,1.18,65.04,23.8,11.16
SL_SOIL_04148,Mullaitivu,9.266948,80.56074,Dry Zone,Alfisols,6.49,1.005,17.06,142.07,1.23,66.59,10.11,23.3
SL_SOIL_04149,Gampaha,7.245124,80.122141,Wet Zone,Ultisols,5.28,1.211,21.93,121.66,2.07,56.68,21.75,21.57
SL_SOIL_04150,Hambantota,6.233004,80.566699,Dry Zone,Alfisols,6.85,0.716,10.28,110.09,1.17,70.74,21.96,7.3
SL_SOIL_04151,Ratnapura,6.899594,80.409462,Wet Zone,Ultisols,4.92,1.41,25.68,156.02,2.75,43.0,35.54,21.46
SL_SOIL_04152,Matara,5.952928,80.640868,Wet Zone,Ultisols,4.64,1.151,10.47,106.62,1.25,56.67,36.16,7.17
SL_SOIL_04153,Galle,6.155561,80.242882,Wet Zone,Ultisols,5.18,1.446,18.51,121.05,2.24,33.42,37.0,29.58
SL_SOIL_04154,Kandy,7.243876,80.561734,Wet Zone,Ultisols,5.31,1.252,15.61,127.77,1.32,49.58,32.49,17.92
SL_SOIL_04155,Kurunegala,7.812438,80.145549,Intermediate Zone,Alfisols,6.15,1.072,14.5,124.57,1.35,66.08,23.2,10.71
SL_SOIL_04156,Kalutara,6.428656,80.261196,Wet Zone,Ultisols,5.93,1.469,5.95,113.0,1.87,56.68,29.67,13.65
SL_SOIL_04157,Nuwara Eliya,6.991482,80.682413,Up Country Wet Zone,Inceptisols,5.17,1.545,24.48,127.48,2.41,34.55,25.71,39.74
SL_SOIL_04158,Mannar,8.926375,80.048837,Dry Zone,Alfisols,7.07,1.315,18.36,155.55,1.22,76.87,10.07,13.06
SL_SOIL_04159,Mannar,9.081721,79.834181,Dry Zone,Alfisols,6.83,0.415,10.61,179.71,0.5,80.64,12.44,6.92
SL_SOIL_04160,Polonnaruwa,8.137398,81.038105,Dry Zone,Vertisols,6.67,0.687,10.64,150.0,1.38,64.89,19.68,15.42
SL_SOIL_04161,Matara,6.128994,80.480752,Wet Zone,Ultisols,4.65,1.04,12.47,142.68,1.93,49.26,24.46,26.28
SL_SOIL_04162,Badulla,6.957705,81.160146,Up Country Intermediate Zone,Inceptisols,5.16,1.531,13.55,152.42,2.98,40.81,36.4,22.79
SL_SOIL_04163,Badulla,6.982573,81.052559,Up Country Intermediate Zone,Inceptisols,5.31,1.507,17.02,116.65,2.72,44.98,29.03,25.99
SL_SOIL_04164,Colombo,6.813108,79.875748,Wet Zone,Ultisols,5.46,1.329,13.81,120.51,1.28,51.61,24.7,23.69
SL_SOIL_04165,Kandy,7.423753,80.579374,Wet Zone,Ultisols,4.67,1.559,17.92,124.61,1.64,50.35,23.25,26.4
SL_SOIL_04166,Polonnaruwa,8.163954,81.051054,Dry Zone,Vertisols,6.26,0.958,11.64,142.57,1.01,61.42,21.79,16.79
SL_SOIL_04167,Kilinochchi,9.339863,80.537411,Dry Zone,Alfisols,6.72,0.877,9.83,138.91,0.69,60.26,26.25,13.49
SL_SOIL_04168,Kalutara,6.453913,80.224563,Wet Zone,Ultisols,5.41,1.203,18.44,138.57,1.39,58.17,31.27,10.56
SL_SOIL_04169,Mullaitivu,9.072489,80.833624,Dry Zone,Alfisols,6.83,1.116,12.21,147.04,1.2,61.49,18.0,20.52
SL_SOIL_04170,Kegalle,7.302131,80.288154,Wet Zone,Ultisols,5.71,1.463,15.21,150.19,2.59,50.23,40.15,9.62
SL_SOIL_04171,Trincomalee,8.826624,81.114487,Dry Zone,Alfisols,6.3,0.941,7.71,136.43,1.39,64.2,22.94,12.86
SL_SOIL_04172,Badulla,6.98675,80.955635,Up Country Intermediate Zone,Inceptisols,5.17,1.599,19.79,131.56,2.3,40.64,30.02,29.33
SL_SOIL_04173,Badulla,6.929733,80.988169,Up Country Intermediate Zone,Inceptisols,5.37,1.932,22.78,157.62,3.51,36.92,32.46,30.63
SL_SOIL_04174,Jaffna,9.839123,79.78643,Dry Zone,Alfisols,7.74,0.62,5.99,161.74,0.67,70.97,22.82,6.21
SL_SOIL_04175,Polonnaruwa,7.872573,81.255799,Dry Zone,Vertisols,5.97,0.936,11.57,137.8,1.12,53.76,15.53,30.71
SL_SOIL_04176,Mannar,8.862747,79.997923,Dry Zone,Alfisols,6.73,0.716,11.85,156.21,0.83,68.44,21.66,9.91
SL_SOIL_04177,Batticaloa,7.615251,81.001654,Dry Zone,Vertisols,6.55,0.925,11.4,133.49,1.8,60.5,25.26,14.25
SL_SOIL_04178,Polonnaruwa,7.718723,80.877175,Dry Zone,Vertisols,5.88,0.94,5.12,138.83,1.21,65.52,29.33,5.15
SL_SOIL_04179,Jaffna,9.730103,79.868129,Dry Zone,Alfisols,7.78,0.475,12.94,148.95,0.83,71.89,12.06,16.05
SL_SOIL_04180,Vavuniya,8.851557,80.506335,Dry Zone,Alfisols,6.3,1.036,15.29,147.2,1.55,60.26,30.05,9.69
SL_SOIL_04181,Mullaitivu,9.360917,80.844607,Dry Zone,Alfisols,6.94,0.69,8.4,153.66,0.99,70.6,12.0,17.4
SL_SOIL_04182,Matale,7.471215,80.644049,Intermediate Zone,Alfisols,5.36,0.907,12.07,123.96,1.12,50.88,29.27,19.86
SL_SOIL_04183,Nuwara Eliya,7.084496,80.789803,Up Country Wet Zone,Inceptisols,5.38,1.487,11.21,157.51,2.64,37.38,39.19,23.43
SL_SOIL_04184,Ratnapura,6.681511,80.578788,Wet Zone,Ultisols,5.23,1.375,13.43,137.04,2.97,44.88,42.61,12.51
SL_SOIL_04185,Gampaha,7.047536,80.117549,Wet Zone,Ultisols,5.77,1.134,7.29,119.79,1.96,58.51,22.1,19.39
SL_SOIL_04186,Badulla,6.86476,80.862319,Up Country Intermediate Zone,Inceptisols,5.77,1.312,14.51,149.86,2.69,47.52,39.52,12.95
SL_SOIL_04187,Trincomalee,8.684924,81.309825,Dry Zone,Alfisols,6.91,0.765,8.79,119.66,0.87,69.55,20.62,9.83
SL_SOIL_04188,Kandy,7.373738,80.728324,Wet Zone,Ultisols,6.04,1.506,9.85,152.83,2.76,50.49,31.33,18.18
SL_SOIL_04189,Vavuniya,8.661933,80.408791,Dry Zone,Alfisols,6.6,1.068,7.39,158.82,1.25,60.81,22.32,16.87
SL_SOIL_04190,Jaffna,9.75922,79.974915,Dry Zone,Alfisols,7.24,0.719,5.55,164.08,1.04,66.71,17.08,16.21
SL_SOIL_04191,Kalutara,6.471753,80.038469,Wet Zone,Ultisols,5.38,1.247,13.43,108.52,1.78,52.67,22.83,24.5
SL_SOIL_04192,Kegalle,7.144012,80.433793,Wet Zone,Ultisols,5.62,1.747,17.23,125.42,2.83,32.64,32.02,35.34
SL_SOIL_04193,Kalutara,6.716649,80.145433,Wet Zone,Ultisols,4.81,1.558,18.15,112.34,2.16,48.62,22.24,29.15
SL_SOIL_04194,Batticaloa,7.782456,81.092769,Dry Zone,Vertisols,6.34,0.911,16.49,147.78,1.08,57.62,21.29,21.09
SL_SOIL_04195,Nuwara Eliya,7.00219,80.808682,Up Country Wet Zone,Inceptisols,4.0,1.625,26.1,139.67,2.89,37.58,36.81,25.61
SL_SOIL_04196,Trincomalee,8.821682,81.393638,Dry Zone,Alfisols,6.66,1.018,11.38,162.64,1.25,65.2,25.79,9.01
SL_SOIL_04197,Mannar,8.811856,79.975473,Dry Zone,Alfisols,7.36,0.58,3.0,141.45,0.42,70.21,12.88,16.91
SL_SOIL_04198,Badulla,6.973252,80.946539,Up Country Intermediate Zone,Inceptisols,5.32,1.768,15.22,123.12,2.14,50.13,32.64,17.23
SL_SOIL_04199,Anuradhapura,8.440111,80.720748,Dry Zone,Alfisols,6.0,0.773,14.56,143.65,0.92,77.96,15.94,6.09
SL_SOIL_04200,Ratnapura,6.611163,80.676037,Wet Zone,Ultisols,5.54,1.523,21.98,145.79,2.11,40.23,36.73,23.04
SL_SOIL_04201,Kilinochchi,9.509411,80.289945,Dry Zone,Alfisols,7.06,1.015,8.15,171.68,1.06,62.78,12.32,24.91
SL_SOIL_04202,Kegalle,7.10812,80.52016,Wet Zone,Ultisols,5.65,1.594,15.81,105.72,2.29,42.97,32.59,24.45
SL_SOIL_04203,Kandy,7.443058,80.568364,Wet Zone,Ultisols,5.38,1.519,21.38,149.59,2.86,33.56,31.91,34.53
SL_SOIL_04204,Nuwara Eliya,6.944204,80.79852,Up Country Wet Zone,Inceptisols,4.84,1.883,24.47,142.37,3.69,44.63,32.44,22.93
SL_SOIL_04205,Colombo,6.884014,79.96542,Wet Zone,Ultisols,5.28,1.271,13.54,129.16,1.4,64.49,29.86,5.65
SL_SOIL_04206,Anuradhapura,8.106321,80.439643,Dry Zone,Alfisols,6.63,0.795,17.85,119.61,0.76,78.54,8.99,12.47
SL_SOIL_04207,Monaragala,6.708705,81.198607,Intermediate Zone,Alfisols,6.05,0.775,8.79,144.82,1.39,68.78,15.81,15.41
SL_SOIL_04208,Ampara,6.955701,81.622194,Dry Zone,Vertisols,6.14,1.099,19.39,143.2,1.57,63.33,22.41,14.26
SL_SOIL_04209,Batticaloa,7.727257,81.019415,Dry Zone,Vertisols,6.26,1.16,9.8,161.75,1.28,60.45,22.89,16.66
SL_SOIL_04210,Trincomalee,8.831768,80.85606,Dry Zone,Alfisols,6.84,0.848,16.46,124.52,1.14,62.04,24.14,13.83
SL_SOIL_04211,Matara,6.006193,80.476239,Wet Zone,Ultisols,4.92,0.995,12.1,125.43,1.69,51.66,33.47,14.87
SL_SOIL_04212,Mannar,9.14395,79.908553,Dry Zone,Alfisols,7.45,0.592,4.8,177.31,0.78,82.65,11.99,5.36
SL_SOIL_04213,Badulla,6.814495,80.967152,Up Country Intermediate Zone,Inceptisols,4.53,1.166,11.68,139.34,2.25,49.87,25.63,24.49
SL_SOIL_04214,Polonnaruwa,7.723161,80.949739,Dry Zone,Vertisols,6.34,1.135,13.42,159.26,1.28,58.69,16.92,24.39
SL_SOIL_04215,Jaffna,9.711907,79.964707,Dry Zone,Alfisols,7.71,0.687,8.03,183.74,0.49,69.93,11.6,18.47
SL_SOIL_04216,Batticaloa,7.675355,81.441748,Dry Zone,Vertisols,6.92,0.767,14.06,135.47,1.5,54.91,27.96,17.14
SL_SOIL_04217,Hambantota,6.041112,80.723677,Dry Zone,Alfisols,6.91,0.651,9.71,112.02,1.23,72.69,15.58,11.73
SL_SOIL_04218,Gampaha,7.060527,80.014082,Wet Zone,Ultisols,6.38,1.283,10.98,115.11,1.48,57.79,10.83,31.38
SL_SOIL_04219,Matale,7.464233,80.608859,Intermediate Zone,Alfisols,6.18,1.248,8.84,138.63,2.4,55.06,27.85,17.08
SL_SOIL_04220,Nuwara Eliya,6.864547,80.764587,Up Country Wet Zone,Inceptisols,4.39,1.466,15.78,122.96,2.47,37.69,34.49,27.82
SL_SOIL_04221,Galle,5.967805,80.174323,Wet Zone,Ultisols,5.88,1.3,19.74,105.75,2.09,51.37,31.02,17.61
SL_SOIL_04222,Polonnaruwa,8.116222,80.946172,Dry Zone,Vertisols,6.5,1.151,9.62,154.17,1.28,56.82,14.64,28.54
SL_SOIL_04223,Kegalle,7.222564,80.433095,Wet Zone,Ultisols,5.97,1.546,19.4,125.76,2.09,38.36,34.07,27.57
SL_SOIL_04224,Colombo,6.890211,80.046698,Wet Zone,Ultisols,5.9,1.065,16.24,81.05,1.52,44.77,15.75,39.48
SL_SOIL_04225,Monaragala,6.941075,81.1921,Intermediate Zone,Alfisols,6.1,0.851,5.34,133.35,1.44,66.08,22.9,11.03
SL_SOIL_04226,Galle,6.097272,80.327059,Wet Zone,Ultisols,4.8,1.156,11.84,116.27,1.6,54.58,32.6,12.82
SL_SOIL_04227,Anuradhapura,8.157679,80.405848,Dry Zone,Alfisols,6.51,0.839,17.73,124.73,0.59,66.9,9.4,23.7
SL_SOIL_04228,Kegalle,7.340216,80.503929,Wet Zone,Ultisols,4.49,1.42,14.46,142.58,1.89,50.21,28.01,21.77
SL_SOIL_04229,Mannar,9.052488,80.033721,Dry Zone,Alfisols,6.65,0.587,17.11,167.29,0.64,79.72,7.07,13.22
SL_SOIL_04230,Ampara,6.999733,81.547241,Dry Zone,Vertisols,6.3,1.175,19.75,147.29,1.83,55.84,22.01,22.14
SL_SOIL_04231,Ampara,6.942314,81.655013,Dry Zone,Vertisols,6.39,0.857,13.16,122.01,1.28,66.14,27.51,6.35
SL_SOIL_04232,Kilinochchi,9.531243,80.254861,Dry Zone,Alfisols,6.74,0.764,11.16,156.48,0.65,60.36,19.05,20.59
SL_SOIL_04233,Polonnaruwa,8.165323,80.872101,Dry Zone,Vertisols,7.07,1.124,12.1,137.05,1.08,60.78,19.32,19.9
SL_SOIL_04234,Kandy,7.380144,80.697204,Wet Zone,Ultisols,5.45,1.477,17.4,165.95,2.58,42.16,31.44,26.39
SL_SOIL_04235,Mullaitivu,9.212442,80.535855,Dry Zone,Alfisols,7.16,0.786,9.26,172.4,1.34,48.82,14.8,36.37
SL_SOIL_04236,Galle,6.050856,80.185824,Wet Zone,Ultisols,5.64,1.178,8.88,145.12,2.5,57.74,37.17,5.09
SL_SOIL_04237,Kandy,7.331724,80.640472,Wet Zone,Ultisols,5.43,1.225,17.93,136.85,1.76,56.43,28.87,14.7
SL_SOIL_04238,Batticaloa,7.622701,81.455452,Dry Zone,Vertisols,6.63,0.886,22.82,176.05,1.51,55.58,22.31,22.1
SL_SOIL_04239,Puttalam,7.712829,80.174334,Dry Zone,Alfisols,6.74,0.643,10.32,101.98,0.92,79.45,9.45,11.09
SL_SOIL_04240,Hambantota,6.223311,80.644531,Dry Zone,Alfisols,6.04,0.853,11.86,104.84,0.81,67.81,19.02,13.17
SL_SOIL_04241,Kilinochchi,9.536525,80.541388,Dry Zone,Alfisols,7.19,0.905,3.62,176.37,1.05,61.44,22.39,16.16
SL_SOIL_04242,Matara,6.022608,80.584002,Wet Zone,Ultisols,5.32,1.45,20.18,133.96,2.73,61.51,28.65,9.83
SL_SOIL_04243,Colombo,6.916675,80.040684,Wet Zone,Ultisols,6.0,0.79,14.9,142.42,1.38,52.53,28.84,18.63
SL_SOIL_04244,Monaragala,6.978021,81.023535,Intermediate Zone,Alfisols,5.38,1.166,5.13,127.88,1.29,59.24,15.44,25.31
SL_SOIL_04245,Kegalle,7.244994,80.234177,Wet Zone,Ultisols,5.35,1.177,13.68,142.7,2.02,38.14,28.43,33.43
SL_SOIL_04246,Ratnapura,6.582009,80.683946,Wet Zone,Ultisols,4.6,1.376,13.38,119.19,1.95,45.11,27.16,27.72
SL_SOIL_04247,Matara,6.126305,80.495979,Wet Zone,Ultisols,6.1,1.141,12.55,111.27,1.64,59.51,29.29,11.2
SL_SOIL_04248,Mullaitivu,9.143234,80.575156,Dry Zone,Alfisols,5.92,1.06,12.47,170.34,1.13,63.64,15.98,20.38
SL_SOIL_04249,Badulla,7.153894,80.897203,Up Country Intermediate Zone,Inceptisols,5.27,1.532,10.15,118.84,1.96,44.66,41.4,13.93
SL_SOIL_04250,Kandy,7.372415,80.668571,Wet Zone,Ultisols,5.57,1.444,22.14,148.41,2.28,43.6,27.75,28.65
SL_SOIL_04251,Matara,6.126887,80.569018,Wet Zone,Ultisols,5.06,1.398,14.41,128.88,1.9,54.94,31.76,13.3
SL_SOIL_04252,Kalutara,6.705144,80.246223,Wet Zone,Ultisols,5.53,1.441,4.6,134.88,1.76,53.5,35.62,10.88
SL_SOIL_04253,Hambantota,6.024394,80.62513,Dry Zone,Alfisols,6.7,0.858,5.35,121.48,0.87,53.23,8.99,37.78
SL_SOIL_04254,Gampaha,7.112711,79.926141,Wet Zone,Ultisols,5.28,1.241,5.36,107.23,1.47,59.56,18.34,22.09
SL_SOIL_04255,Gampaha,7.146903,79.93847,Wet Zone,Ultisols,5.9,0.916,8.69,130.0,0.92,46.66,20.75,32.58
SL_SOIL_04256,Mullaitivu,9.348712,80.702144,Dry Zone,Alfisols,7.07,0.558,9.54,151.9,0.6,67.02,21.06,11.92
SL_SOIL_04257,Batticaloa,7.999453,81.36476,Dry Zone,Vertisols,6.68,0.998,7.12,134.97,0.96,51.79,22.91,25.3
SL_SOIL_04258,Monaragala,6.646083,81.544507,Intermediate Zone,Alfisols,5.87,0.807,9.87,134.65,1.0,63.17,21.43,15.41
SL_SOIL_04259,Mannar,8.990549,80.092946,Dry Zone,Alfisols,7.27,0.915,12.0,181.78,0.78,82.61,12.01,5.38
SL_SOIL_04260,Kandy,7.299289,80.619278,Wet Zone,Ultisols,5.33,1.7,9.03,155.02,2.52,55.11,37.59,7.3
SL_SOIL_04261,Matara,6.102275,80.652933,Wet Zone,Ultisols,5.34,1.362,13.42,76.55,1.62,55.72,22.73,21.55
SL_SOIL_04262,Hambantota,6.197854,80.853351,Dry Zone,Alfisols,6.55,1.135,13.32,121.18,1.25,73.52,11.66,14.82
SL_SOIL_04263,Monaragala,7.061525,81.179224,Intermediate Zone,Alfisols,6.01,0.939,10.59,145.49,1.34,57.91,20.07,22.03
SL_SOIL_04264,Matale,7.607497,80.618383,Intermediate Zone,Alfisols,5.32,1.211,12.08,113.61,2.18,55.8,24.57,19.63
SL_SOIL_04265,Ratnapura,6.71595,80.455236,Wet Zone,Ultisols,5.36,1.876,14.18,126.56,3.08,41.11,39.86,19.02
SL_SOIL_04266,Anuradhapura,8.506037,80.600567,Dry Zone,Alfisols,6.63,0.808,9.66,110.99,1.12,67.26,13.95,18.79
SL_SOIL_04267,Kurunegala,7.442017,80.111373,Intermediate Zone,Alfisols,5.85,1.176,9.95,147.01,1.11,62.35,19.86,17.8
SL_SOIL_04268,Kilinochchi,9.484407,80.437686,Dry Zone,Alfisols,7.08,0.929,14.59,157.57,1.19,61.36,17.88,20.76
SL_SOIL_04269,Batticaloa,7.573097,81.200392,Dry Zone,Vertisols,6.66,1.067,19.89,146.84,1.36,55.76,15.71,28.52
SL_SOIL_04270,Badulla,6.82046,80.881797,Up Country Intermediate Zone,Inceptisols,5.35,1.609,15.3,157.09,2.97,38.62,42.1,19.28
SL_SOIL_04271,Hambantota,6.340379,80.772729,Dry Zone,Alfisols,6.51,0.752,7.08,109.16,0.55,74.86,19.47,5.68
SL_SOIL_04272,Trincomalee,8.421828,80.827645,Dry Zone,Alfisols,6.47,1.056,18.3,154.54,1.6,59.02,25.3,15.68
SL_SOIL_04273,Mannar,9.014702,80.073586,Dry Zone,Alfisols,7.04,0.882,8.81,168.57,0.93,72.98,10.25,16.77
SL_SOIL_04274,Galle,6.129941,80.308582,Wet Zone,Ultisols,5.45,1.164,14.5,133.92,1.94,60.92,25.14,13.94
SL_SOIL_04275,Jaffna,9.579176,79.806028,Dry Zone,Alfisols,6.72,0.544,10.75,186.98,0.79,73.93,15.87,10.2
SL_SOIL_04276,Kegalle,7.161551,80.453743,Wet Zone,Ultisols,5.98,0.86,9.02,115.52,1.33,53.52,29.48,17.0
SL_SOIL_04277,Kegalle,7.114209,80.22501,Wet Zone,Ultisols,5.23,1.688,12.12,118.76,1.93,51.39,27.19,21.42
SL_SOIL_04278,Jaffna,9.849158,80.179534,Dry Zone,Alfisols,7.7,0.652,10.6,160.37,0.95,76.08,14.26,9.65
SL_SOIL_04279,Mullaitivu,9.255379,80.999074,Dry Zone,Alfisols,6.73,0.992,13.4,164.15,1.16,66.07,13.54,20.4
SL_SOIL_04280,Puttalam,8.158821,79.946297,Dry Zone,Alfisols,6.75,1.026,4.97,116.67,0.9,73.11,12.39,14.5
SL_SOIL_04281,Kilinochchi,9.429702,80.577018,Dry Zone,Alfisols,7.25,0.831,5.32,169.88,0.98,74.2,11.75,14.05
SL_SOIL_04282,Mullaitivu,9.186329,80.563897,Dry Zone,Alfisols,7.37,0.8,15.85,158.77,0.98,56.8,25.36,17.83
SL_SOIL_04283,Polonnaruwa,7.991568,81.152494,Dry Zone,Vertisols,6.28,0.971,17.14,119.02,1.25,62.4,27.77,9.82
SL_SOIL_04284,Matara,5.973924,80.591045,Wet Zone,Ultisols,5.31,1.221,15.99,114.5,1.5,53.83,27.72,18.45
SL_SOIL_04285,Matara,5.916979,80.647745,Wet Zone,Ultisols,4.76,1.337,20.61,121.25,1.76,54.32,28.86,16.82
SL_SOIL_04286,Kandy,7.312609,80.560626,Wet Zone,Ultisols,5.59,1.568,18.85,146.85,2.33,48.96,33.48,17.56
SL_SOIL_04287,Batticaloa,7.910104,81.173495,Dry Zone,Vertisols,6.42,1.06,11.84,143.54,1.46,61.29,20.76,17.96
SL_SOIL_04288,Kilinochchi,9.394582,80.473001,Dry Zone,Alfisols,6.75,0.799,6.25,151.13,1.02,57.12,23.91,18.97
SL_SOIL_04289,Kilinochchi,9.589621,80.645773,Dry Zone,Alfisols,7.15,0.968,3.0,142.52,1.17,67.25,24.95,7.8
SL_SOIL_04290,Colombo,6.943408,79.855884,Wet Zone,Ultisols,5.52,0.89,16.55,108.65,1.43,43.38,30.8,25.82
SL_SOIL_04291,Trincomalee,8.408031,80.960697,Dry Zone,Alfisols,6.88,1.106,16.16,147.71,1.37,56.07,14.57,29.36
SL_SOIL_04292,Batticaloa,7.699154,81.56823,Dry Zone,Vertisols,7.15,0.765,11.4,136.56,0.86,53.72,23.67,22.62
SL_SOIL_04293,Anuradhapura,8.323701,80.744717,Dry Zone,Alfisols,6.13,0.939,8.71,127.43,0.99,65.86,15.11,19.03
SL_SOIL_04294,Nuwara Eliya,7.094126,80.787934,Up Country Wet Zone,Inceptisols,4.24,1.574,23.61,159.13,3.74,48.83,36.18,14.99
SL_SOIL_04295,Ratnapura,6.590913,80.536551,Wet Zone,Ultisols,4.98,1.533,16.45,143.16,2.34,43.78,41.37,14.86
SL_SOIL_04296,Badulla,6.940286,81.074005,Up Country Intermediate Zone,Inceptisols,4.34,1.696,13.35,158.46,2.68,37.89,27.4,34.71
SL_SOIL_04297,Kegalle,7.061349,80.530068,Wet Zone,Ultisols,5.14,1.267,14.99,132.76,1.93,47.52,26.18,26.3
SL_SOIL_04298,Batticaloa,7.994845,81.150183,Dry Zone,Vertisols,6.5,0.979,11.56,136.86,1.85,65.82,26.8,7.38
SL_SOIL_04299,Hambantota,6.281266,80.876536,Dry Zone,Alfisols,6.25,0.878,11.46,109.75,0.85,66.14,22.14,11.72
SL_SOIL_04300,Vavuniya,8.77774,80.69552,Dry Zone,Alfisols,6.58,0.761,14.4,117.86,1.08,58.19,19.5,22.31
SL_SOIL_04301,Kurunegala,7.594471,80.202405,Intermediate Zone,Alfisols,6.36,0.922,14.43,133.5,1.33,55.13,17.12,27.75
SL_SOIL_04302,Trincomalee,8.457797,80.939397,Dry Zone,Alfisols,6.21,1.226,5.72,116.69,1.15,70.86,18.28,10.87
SL_SOIL_04303,Kurunegala,7.594228,80.661074,Intermediate Zone,Alfisols,6.5,1.205,9.8,133.75,1.56,56.25,23.77,19.99
SL_SOIL_04304,Matale,7.627861,80.627497,Intermediate Zone,Alfisols,5.72,1.427,14.5,133.43,2.07,56.89,22.55,20.57
SL_SOIL_04305,Anuradhapura,8.180635,80.89522,Dry Zone,Alfisols,6.52,0.642,11.19,91.11,0.81,63.99,15.43,20.57
SL_SOIL_04306,Anuradhapura,8.386018,80.586956,Dry Zone,Alfisols,6.76,0.846,12.48,110.98,0.7,67.46,16.48,16.07
SL_SOIL_04307,Hambantota,6.329331,80.689331,Dry Zone,Alfisols,6.88,1.103,3.0,111.91,0.78,62.76,19.38,17.86
SL_SOIL_04308,Kilinochchi,9.483266,80.576477,Dry Zone,Alfisols,6.67,0.661,12.53,159.57,0.92,62.82,18.15,19.03
SL_SOIL_04309,Ratnapura,6.887832,80.378807,Wet Zone,Ultisols,5.1,1.48,15.88,145.54,2.82,44.36,25.62,30.02
SL_SOIL_04310,Badulla,6.929947,81.054667,Up Country Intermediate Zone,Inceptisols,5.76,1.66,16.62,119.67,2.0,33.25,25.19,41.56
SL_SOIL_04311,Colombo,6.951104,79.862755,Wet Zone,Ultisols,5.26,1.117,7.48,117.76,1.89,52.01,26.04,21.96
SL_SOIL_04312,Kurunegala,7.614246,80.300912,Intermediate Zone,Alfisols,6.0,0.865,16.86,145.03,1.47,59.29,21.56,19.15
SL_SOIL_04313,Nuwara Eliya,6.996264,80.851262,Up Country Wet Zone,Inceptisols,5.31,1.332,13.47,148.7,2.08,40.01,34.31,25.68
SL_SOIL_04314,Gampaha,7.065884,80.116912,Wet Zone,Ultisols,5.66,1.235,12.49,131.83,1.87,53.16,28.96,17.88
SL_SOIL_04315,Batticaloa,7.644495,81.410753,Dry Zone,Vertisols,6.68,1.224,12.8,140.18,1.62,67.8,24.81,7.39
SL_SOIL_04316,Polonnaruwa,8.074936,80.910832,Dry Zone,Vertisols,6.41,0.802,13.98,149.39,0.95,60.86,20.19,18.96
SL_SOIL_04317,Vavuniya,8.70665,80.571669,Dry Zone,Alfisols,6.27,0.838,6.78,135.76,1.46,68.53,26.47,5.01
SL_SOIL_04318,Matale,7.453918,80.848003,Intermediate Zone,Alfisols,5.09,0.999,16.18,107.2,1.59,57.7,25.97,16.33
SL_SOIL_04319,Nuwara Eliya,6.913385,80.778447,Up Country Wet Zone,Inceptisols,5.11,2.169,20.48,130.31,4.19,37.83,39.34,22.83
SL_SOIL_04320,Nuwara Eliya,7.000346,80.719927,Up Country Wet Zone,Inceptisols,4.85,1.939,16.33,132.55,3.69,37.07,43.9,19.04
SL_SOIL_04321,Badulla,6.912525,80.939632,Up Country Intermediate Zone,Inceptisols,4.83,1.514,18.52,122.92,2.11,51.07,39.76,9.16
SL_SOIL_04322,Kurunegala,7.747928,80.307391,Intermediate Zone,Alfisols,6.1,1.31,6.57,134.47,1.4,70.81,23.33,5.87
SL_SOIL_04323,Vavuniya,8.603313,80.629125,Dry Zone,Alfisols,5.84,1.094,9.9,145.72,0.7,54.2,19.16,26.65
SL_SOIL_04324,Jaffna,9.581626,80.073874,Dry Zone,Alfisols,7.83,0.778,16.1,166.28,1.04,70.95,18.47,10.59
SL_SOIL_04325,Vavuniya,8.807759,80.407589,Dry Zone,Alfisols,6.67,0.837,11.05,128.77,0.91,58.95,32.56,8.48
SL_SOIL_04326,Mullaitivu,9.27916,80.743028,Dry Zone,Alfisols,6.81,1.049,13.73,130.24,0.5,59.56,21.99,18.45
SL_SOIL_04327,Kalutara,6.645199,80.250302,Wet Zone,Ultisols,5.17,1.224,14.38,114.01,1.88,45.93,17.48,36.59
SL_SOIL_04328,Nuwara Eliya,7.030671,80.740761,Up Country Wet Zone,Inceptisols,5.33,1.538,8.5,164.96,2.91,46.3,33.27,20.44
SL_SOIL_04329,Matara,6.082607,80.624497,Wet Zone,Ultisols,5.47,1.264,11.97,120.82,1.91,46.2,33.17,20.63
SL_SOIL_04330,Mannar,8.851424,80.027124,Dry Zone,Alfisols,7.78,0.735,11.59,161.03,0.73,70.68,18.86,10.46
SL_SOIL_04331,Mullaitivu,9.382229,80.7934,Dry Zone,Alfisols,6.06,0.946,7.54,128.6,0.96,73.79,18.63,7.58
SL_SOIL_04332,Kilinochchi,9.391024,80.627346,Dry Zone,Alfisols,6.97,0.909,3.0,150.92,1.08,64.14,18.81,17.05
SL_SOIL_04333,Mannar,8.809433,79.958774,Dry Zone,Alfisols,7.51,0.716,16.02,142.28,0.75,61.4,14.71,23.89
SL_SOIL_04334,Colombo,6.830962,80.034933,Wet Zone,Ultisols,6.01,1.39,14.98,121.09,2.44,61.51,27.55,10.94
SL_SOIL_04335,Trincomalee,8.888569,80.797304,Dry Zone,Alfisols,6.99,1.095,17.55,147.81,1.27,61.76,15.17,23.07
SL_SOIL_04336,Ampara,7.461361,81.894195,Dry Zone,Vertisols,6.45,1.241,9.41,170.72,1.89,60.77,24.55,14.68
SL_SOIL_04337,Kilinochchi,9.429075,80.446182,Dry Zone,Alfisols,6.61,0.901,9.96,166.4,0.83,52.05,29.29,18.65
SL_SOIL_04338,Mullaitivu,9.328017,80.945661,Dry Zone,Alfisols,7.24,0.819,15.02,151.92,1.09,65.81,21.74,12.46
SL_SOIL_04339,Kurunegala,7.756314,80.622847,Intermediate Zone,Alfisols,6.03,0.79,6.45,122.46,1.27,67.82,21.59,10.59
SL_SOIL_04340,Kilinochchi,9.505154,80.572803,Dry Zone,Alfisols,7.23,0.92,5.68,146.51,0.79,73.13,17.97,8.89
SL_SOIL_04341,Mannar,9.073957,79.807723,Dry Zone,Alfisols,7.36,0.571,10.18,157.88,0.47,79.73,9.83,10.44
SL_SOIL_04342,Nuwara Eliya,7.086567,80.87622,Up Country Wet Zone,Inceptisols,5.2,1.629,12.99,148.68,2.9,35.45,39.32,25.24
SL_SOIL_04343,Hambantota,6.264816,80.949546,Dry Zone,Alfisols,7.42,0.854,6.76,117.39,1.1,67.23,12.78,19.99
SL_SOIL_04344,Ampara,7.295637,81.763576,Dry Zone,Vertisols,6.09,0.982,14.77,137.86,1.83,58.8,21.05,20.15
SL_SOIL_04345,Kandy,7.306591,80.707616,Wet Zone,Ultisols,6.05,1.676,23.3,139.45,2.46,53.06,33.57,13.37
SL_SOIL_04346,Kalutara,6.527306,79.975648,Wet Zone,Ultisols,5.22,1.453,17.87,133.56,1.96,48.34,16.91,34.75
SL_SOIL_04347,Ampara,7.040193,81.777448,Dry Zone,Vertisols,7.15,1.332,10.24,159.55,1.55,62.29,26.89,10.82
SL_SOIL_04348,Ratnapura,6.857817,80.342373,Wet Zone,Ultisols,4.63,1.56,13.6,121.53,2.15,41.97,37.51,20.52
SL_SOIL_04349,Kegalle,7.224252,80.472135,Wet Zone,Ultisols,5.73,1.691,19.83,140.14,2.04,50.74,33.98,15.27
SL_SOIL_04350,Mannar,9.143152,79.829161,Dry Zone,Alfisols,6.68,0.737,10.09,164.28,0.55,68.22,20.62,11.16
SL_SOIL_04351,Kilinochchi,9.622556,80.360431,Dry Zone,Alfisols,6.72,1.224,15.93,148.83,1.07,58.96,19.77,21.26
SL_SOIL_04352,Matale,7.662876,80.68393,Intermediate Zone,Alfisols,5.48,1.219,19.98,103.56,1.15,52.5,25.36,22.15
SL_SOIL_04353,Kegalle,7.333338,80.282899,Wet Zone,Ultisols,5.86,1.704,17.93,125.65,2.09,41.23,26.95,31.82
SL_SOIL_04354,Kurunegala,7.63849,80.45355,Intermediate Zone,Alfisols,6.43,1.056,10.61,122.76,1.13,63.72,17.74,18.54
SL_SOIL_04355,Puttalam,8.192437,80.015582,Dry Zone,Alfisols,7.17,0.465,12.12,131.39,1.16,75.26,12.53,12.21
SL_SOIL_04356,Monaragala,7.128682,81.22984,Intermediate Zone,Alfisols,5.62,1.17,10.42,138.27,1.49,74.04,20.69,5.26
SL_SOIL_04357,Monaragala,6.798922,81.502816,Intermediate Zone,Alfisols,5.76,0.914,9.31,128.72,1.37,64.22,16.94,18.84
SL_SOIL_04358,Nuwara Eliya,6.988126,80.685313,Up Country Wet Zone,Inceptisols,4.86,1.559,8.71,151.54,1.99,42.57,40.95,16.48
SL_SOIL_04359,Badulla,7.137881,80.927718,Up Country Intermediate Zone,Inceptisols,5.27,1.483,11.29,162.78,1.77,40.3,25.91,33.79
SL_SOIL_04360,Kurunegala,7.793992,80.611361,Intermediate Zone,Alfisols,6.79,0.974,10.54,139.28,1.16,58.44,18.49,23.07
SL_SOIL_04361,Nuwara Eliya,7.037003,80.808694,Up Country Wet Zone,Inceptisols,4.66,1.959,15.47,145.8,3.61,29.71,48.3,21.98
SL_SOIL_04362,Kandy,7.286096,80.721667,Wet Zone,Ultisols,5.49,1.382,14.71,161.31,1.89,50.38,35.39,14.23
SL_SOIL_04363,Mannar,8.872557,79.802188,Dry Zone,Alfisols,7.21,0.805,9.89,176.95,0.81,70.06,19.08,10.86
SL_SOIL_04364,Puttalam,8.073993,79.705214,Dry Zone,Alfisols,7.11,0.637,14.98,115.99,1.35,69.87,17.57,12.56
SL_SOIL_04365,Gampaha,7.028131,79.943226,Wet Zone,Ultisols,5.04,1.249,10.45,123.32,2.05,58.64,18.4,22.96
SL_SOIL_04366,Trincomalee,8.684129,81.385902,Dry Zone,Alfisols,6.38,0.854,10.4,118.32,1.04,70.65,18.17,11.17
SL_SOIL_04367,Kilinochchi,9.630031,80.40138,Dry Zone,Alfisols,7.34,0.697,9.76,154.58,1.04,54.02,20.38,25.6
SL_SOIL_04368,Kilinochchi,9.329251,80.468463,Dry Zone,Alfisols,7.13,1.014,10.05,164.99,1.04,67.59,8.53,23.87
SL_SOIL_04369,Polonnaruwa,8.192044,81.218732,Dry Zone,Vertisols,6.22,1.051,17.22,144.09,1.33,63.9,20.33,15.77
SL_SOIL_04370,Ampara,7.323913,81.528626,Dry Zone,Vertisols,6.52,0.937,14.19,175.81,1.53,56.85,23.46,19.69
SL_SOIL_04371,Gampaha,7.058863,79.944111,Wet Zone,Ultisols,5.36,1.366,9.23,121.69,2.25,64.17,25.12,10.7
SL_SOIL_04372,Gampaha,7.220917,80.103323,Wet Zone,Ultisols,5.22,1.206,14.76,139.29,1.81,57.88,19.5,22.62
SL_SOIL_04373,Monaragala,6.89533,81.183152,Intermediate Zone,Alfisols,5.64,0.977,12.99,124.76,0.8,57.02,21.25,21.73
SL_SOIL_04374,Matara,6.035742,80.629511,Wet Zone,Ultisols,5.62,1.318,14.48,136.09,2.02,51.69,27.27,21.04
SL_SOIL_04375,Mullaitivu,9.081156,80.522354,Dry Zone,Alfisols,6.92,0.773,13.06,140.51,1.12,70.3,16.41,13.28
SL_SOIL_04376,Jaffna,9.723757,79.788012,Dry Zone,Alfisols,7.86,0.745,11.69,172.46,1.41,63.29,11.25,25.46
SL_SOIL_04377,Matara,6.09041,80.576199,Wet Zone,Ultisols,5.57,1.479,17.29,107.66,2.26,61.68,33.15,5.17
SL_SOIL_04378,Kandy,7.203012,80.552194,Wet Zone,Ultisols,5.5,1.097,9.78,121.36,1.56,50.2,30.75,19.04
SL_SOIL_04379,Batticaloa,7.977856,81.345991,Dry Zone,Vertisols,7.26,0.709,10.01,155.59,1.14,65.02,26.3,8.68
SL_SOIL_04380,Colombo,6.938057,79.939329,Wet Zone,Ultisols,5.56,1.0,14.63,118.52,1.96,46.03,32.34,21.63
SL_SOIL_04381,Kilinochchi,9.466987,80.32681,Dry Zone,Alfisols,7.36,0.801,12.16,143.64,0.82,61.55,19.51,18.95
SL_SOIL_04382,Galle,6.009248,80.27847,Wet Zone,Ultisols,5.52,1.316,19.18,154.64,1.35,41.79,29.04,29.17
SL_SOIL_04383,Trincomalee,8.774582,81.37751,Dry Zone,Alfisols,6.64,0.955,13.74,144.1,1.52,67.88,22.75,9.37
SL_SOIL_04384,Anuradhapura,8.24239,80.560555,Dry Zone,Alfisols,6.0,0.937,8.91,128.99,1.05,69.61,13.68,16.71
SL_SOIL_04385,Ratnapura,6.604772,80.503964,Wet Zone,Ultisols,4.31,1.733,17.72,145.66,3.11,47.79,45.09,7.12
SL_SOIL_04386,Kurunegala,7.756098,80.414857,Intermediate Zone,Alfisols,6.67,1.176,9.44,130.41,1.28,66.03,22.09,11.89
SL_SOIL_04387,Badulla,7.125722,81.152849,Up Country Intermediate Zone,Inceptisols,5.66,1.422,15.54,155.96,2.34,50.14,33.47,16.39
SL_SOIL_04388,Badulla,6.995169,80.862865,Up Country Intermediate Zone,Inceptisols,4.93,1.381,19.92,132.8,2.26,39.58,33.01,27.41
SL_SOIL_04389,Mannar,8.863151,80.002042,Dry Zone,Alfisols,7.22,0.634,9.77,166.41,0.73,79.14,15.04,5.82
SL_SOIL_04390,Hambantota,6.288751,80.735583,Dry Zone,Alfisols,6.39,0.981,13.86,105.09,0.75,74.93,15.57,9.5
SL_SOIL_04391,Matale,7.78405,80.674903,Intermediate Zone,Alfisols,5.47,1.298,15.88,159.37,2.17,57.88,32.43,9.68
SL_SOIL_04392,Jaffna,9.697362,79.8567,Dry Zone,Alfisols,7.82,0.634,11.67,198.04,1.15,63.23,20.76,16.01
SL_SOIL_04393,Kandy,7.377675,80.586052,Wet Zone,Ultisols,5.66,1.394,21.34,129.92,2.44,38.61,27.11,34.28
SL_SOIL_04394,Matale,7.707354,80.759851,Intermediate Zone,Alfisols,5.31,1.17,12.26,124.53,1.96,47.61,21.46,30.93
SL_SOIL_04395,Jaffna,9.55169,79.943891,Dry Zone,Alfisols,7.11,0.704,8.14,187.79,1.13,71.83,13.56,14.61
SL_SOIL_04396,Kilinochchi,9.342964,80.374192,Dry Zone,Alfisols,6.65,0.85,7.3,123.11,0.9,75.16,11.93,12.91
SL_SOIL_04397,Polonnaruwa,8.186832,80.93365,Dry Zone,Vertisols,5.84,1.002,15.55,153.0,1.49,65.57,24.55,9.88
SL_SOIL_04398,Ratnapura,6.78617,80.7475,Wet Zone,Ultisols,4.76,1.658,16.09,134.12,1.85,42.09,36.64,21.28
SL_SOIL_04399,Jaffna,9.827101,80.180696,Dry Zone,Alfisols,7.35,0.535,13.79,141.72,0.85,67.32,19.44,13.25
SL_SOIL_04400,Matara,5.909238,80.573381,Wet Zone,Ultisols,5.26,1.147,7.07,127.37,1.69,40.72,26.02,33.27
SL_SOIL_04401,Gampaha,7.113767,79.935776,Wet Zone,Ultisols,5.79,1.252,12.83,105.93,2.04,52.75,28.86,18.39
SL_SOIL_04402,Monaragala,6.644366,81.065984,Intermediate Zone,Alfisols,6.06,0.635,17.84,112.76,1.06,62.93,15.62,21.44
SL_SOIL_04403,Matara,6.102936,80.682115,Wet Zone,Ultisols,5.02,1.395,18.11,132.86,1.92,45.86,28.84,25.3
SL_SOIL_04404,Ampara,7.149341,81.621381,Dry Zone,Vertisols,6.52,0.98,9.78,121.0,1.46,53.77,32.88,13.36
SL_SOIL_04405,Badulla,7.08371,81.068059,Up Country Intermediate Zone,Inceptisols,4.94,1.809,23.38,141.86,2.79,42.12,33.56,24.31
SL_SOIL_04406,Matale,7.551826,80.617571,Intermediate Zone,Alfisols,5.63,1.322,15.32,134.94,2.32,62.47,30.02,7.51
SL_SOIL_04407,Kegalle,7.24854,80.496913,Wet Zone,Ultisols,5.4,1.142,18.66,108.75,2.47,44.9,36.48,18.62
SL_SOIL_04408,Kalutara,6.74033,80.076537,Wet Zone,Ultisols,5.44,1.142,13.83,148.41,2.47,48.49,27.02,24.49
SL_SOIL_04409,Mannar,8.894096,79.9936,Dry Zone,Alfisols,7.51,0.661,6.35,165.47,0.74,73.1,14.38,12.52
SL_SOIL_04410,Mullaitivu,9.050345,80.535263,Dry Zone,Alfisols,6.67,0.764,10.69,139.63,0.99,61.06,26.75,12.19
SL_SOIL_04411,Mullaitivu,9.351381,80.485115,Dry Zone,Alfisols,6.86,0.728,14.84,125.79,0.58,70.36,17.69,11.95
SL_SOIL_04412,Jaffna,9.656742,79.738848,Dry Zone,Alfisols,6.88,0.577,12.83,170.52,0.67,72.59,11.63,15.77
SL_SOIL_04413,Kandy,7.31271,80.723701,Wet Zone,Ultisols,5.25,1.477,17.01,128.38,2.0,53.6,30.91,15.5
SL_SOIL_04414,Hambantota,6.308073,81.089447,Dry Zone,Alfisols,6.74,0.898,8.98,99.5,1.4,62.31,20.32,17.37
SL_SOIL_04415,Badulla,6.927918,81.04734,Up Country Intermediate Zone,Inceptisols,4.84,1.53,16.79,146.76,2.93,45.92,26.67,27.41
SL_SOIL_04416,Ratnapura,6.720811,80.50129,Wet Zone,Ultisols,5.05,1.259,19.11,122.12,2.32,55.02,37.02,7.96
SL_SOIL_04417,Monaragala,7.235037,81.215052,Intermediate Zone,Alfisols,5.31,0.821,15.82,124.91,1.35,50.3,13.11,36.59
SL_SOIL_04418,Gampaha,7.173451,80.147575,Wet Zone,Ultisols,5.7,0.941,5.77,110.77,1.71,67.55,20.26,12.19
SL_SOIL_04419,Puttalam,7.890318,79.953381,Dry Zone,Alfisols,7.64,0.76,3.0,122.72,0.74,71.35,15.12,13.53
SL_SOIL_04420,Colombo,6.948597,79.804766,Wet Zone,Ultisols,5.69,1.395,8.8,141.44,1.86,50.65,27.21,22.14
SL_SOIL_04421,Kegalle,7.21575,80.23358,Wet Zone,Ultisols,5.17,1.488,23.56,126.04,2.93,57.56,36.86,5.58
SL_SOIL_04422,Galle,6.163702,80.329946,Wet Zone,Ultisols,5.17,1.355,15.93,134.11,1.93,48.69,24.98,26.33
SL_SOIL_04423,Trincomalee,8.755148,80.775592,Dry Zone,Alfisols,6.32,0.997,12.94,135.17,1.07,61.45,23.31,15.24
SL_SOIL_04424,Kalutara,6.69235,80.247227,Wet Zone,Ultisols,5.19,1.26,15.47,124.8,1.8,36.34,34.91,28.74
SL_SOIL_04425,Anuradhapura,8.071054,80.807378,Dry Zone,Alfisols,6.63,0.421,11.82,104.64,0.9,59.97,11.56,28.47
SL_SOIL_04426,Anuradhapura,8.509902,80.63479,Dry Zone,Alfisols,6.33,0.678,15.49,128.79,0.75,69.85,16.81,13.34
SL_SOIL_04427,Polonnaruwa,7.967784,81.289456,Dry Zone,Vertisols,6.43,0.891,14.0,117.72,1.31,60.03,19.49,20.48
SL_SOIL_04428,Kalutara,6.58965,80.019589,Wet Zone,Ultisols,5.79,1.467,12.72,122.96,2.02,52.49,22.23,25.28
SL_SOIL_04429,Kalutara,6.452514,80.062044,Wet Zone,Ultisols,4.87,1.436,12.63,102.12,2.33,51.92,20.17,27.9
SL_SOIL_04430,Trincomalee,8.480265,81.089573,Dry Zone,Alfisols,6.47,0.895,8.21,146.69,1.6,62.86,29.65,7.49
SL_SOIL_04431,Galle,5.978364,80.104613,Wet Zone,Ultisols,5.79,1.583,19.79,131.54,2.6,52.06,26.7,21.24
SL_SOIL_04432,Vavuniya,8.764539,80.387906,Dry Zone,Alfisols,6.55,1.148,15.18,162.83,1.33,53.49,24.62,21.89
SL_SOIL_04433,Trincomalee,8.734911,80.815176,Dry Zone,Alfisols,6.42,1.044,12.86,128.61,1.06,55.95,15.61,28.44
SL_SOIL_04434,Kurunegala,7.877285,80.171505,Intermediate Zone,Alfisols,6.18,0.958,6.84,124.54,0.98,63.96,18.57,17.47
SL_SOIL_04435,Mullaitivu,9.157215,80.450071,Dry Zone,Alfisols,7.17,0.729,7.36,169.37,1.07,73.59,16.22,10.19
SL_SOIL_04436,Anuradhapura,7.907226,80.761499,Dry Zone,Alfisols,6.4,0.933,11.43,100.23,0.94,65.15,18.55,16.29
SL_SOIL_04437,Anuradhapura,8.263871,80.603798,Dry Zone,Alfisols,6.48,0.997,14.86,132.08,1.07,60.27,17.88,21.85
SL_SOIL_04438,Polonnaruwa,8.002361,80.929088,Dry Zone,Vertisols,6.5,1.13,9.04,148.62,0.93,55.89,28.31,15.8
SL_SOIL_04439,Kurunegala,7.725539,80.558808,Intermediate Zone,Alfisols,5.98,0.918,7.89,124.93,1.41,61.69,17.82,20.49
SL_SOIL_04440,Kandy,7.327936,80.557515,Wet Zone,Ultisols,5.31,1.199,15.69,124.47,2.0,42.57,27.44,29.99
SL_SOIL_04441,Colombo,6.968666,79.972557,Wet Zone,Ultisols,5.84,1.262,15.11,112.22,1.95,57.96,24.28,17.76
SL_SOIL_04442,Kurunegala,7.941643,80.160428,Intermediate Zone,Alfisols,6.42,0.994,8.6,127.84,1.27,74.2,11.74,14.06
SL_SOIL_04443,Colombo,6.953409,79.873858,Wet Zone,Ultisols,5.55,1.194,17.69,117.44,1.74,45.12,33.45,21.43
SL_SOIL_04444,Mullaitivu,9.38983,80.552379,Dry Zone,Alfisols,6.76,0.79,12.78,162.11,1.03,66.13,14.1,19.77
SL_SOIL_04445,Anuradhapura,8.358313,80.496829,Dry Zone,Alfisols,6.15,0.981,10.5,125.16,1.11,68.07,21.03,10.9
SL_SOIL_04446,Anuradhapura,7.936434,80.895834,Dry Zone,Alfisols,6.01,0.884,12.38,132.05,0.96,60.02,15.37,24.61
SL_SOIL_04447,Monaragala,6.740148,81.356445,Intermediate Zone,Alfisols,6.51,0.729,7.65,116.05,0.9,66.01,20.43,13.57
SL_SOIL_04448,Jaffna,9.715106,80.019621,Dry Zone,Alfisols,7.19,0.87,13.96,172.81,0.95,73.03,14.8,12.17
SL_SOIL_04449,Kilinochchi,9.49338,80.62719,Dry Zone,Alfisols,6.8,0.944,10.91,147.96,1.33,59.01,18.22,22.77
SL_SOIL_04450,Hambantota,6.101253,81.090314,Dry Zone,Alfisols,6.37,1.053,13.86,96.42,0.94,65.94,8.88,25.18
SL_SOIL_04451,Hambantota,6.056135,80.68976,Dry Zone,Alfisols,6.44,0.585,7.35,123.16,0.9,64.19,26.7,9.12
SL_SOIL_04452,Matale,7.788879,80.734938,Intermediate Zone,Alfisols,5.31,0.953,17.59,134.18,1.5,63.36,22.91,13.73
SL_SOIL_04453,Colombo,6.899104,80.045105,Wet Zone,Ultisols,5.77,1.284,24.22,122.02,1.57,56.07,21.72,22.21
SL_SOIL_04454,Trincomalee,8.642806,81.014889,Dry Zone,Alfisols,6.94,1.009,11.65,118.76,1.29,64.86,26.29,8.84
SL_SOIL_04455,Badulla,6.976029,81.143196,Up Country Intermediate Zone,Inceptisols,5.11,1.74,20.56,130.58,2.52,38.48,29.68,31.84
SL_SOIL_04456,Gampaha,7.214603,79.916869,Wet Zone,Ultisols,5.89,0.922,13.77,92.29,1.19,66.31,26.84,6.85
SL_SOIL_04457,Ratnapura,6.875933,80.7171,Wet Zone,Ultisols,4.34,1.8,17.59,135.2,3.06,49.69,27.07,23.24
SL_SOIL_04458,Mullaitivu,9.24426,80.486408,Dry Zone,Alfisols,7.12,0.657,5.38,153.4,1.04,66.69,19.4,13.91
SL_SOIL_04459,Hambantota,6.247988,80.692151,Dry Zone,Alfisols,6.92,0.711,7.25,112.89,1.04,72.94,15.74,11.32
SL_SOIL_04460,Kandy,7.203419,80.555271,Wet Zone,Ultisols,5.59,1.492,22.85,128.86,2.24,51.6,34.91,13.49
SL_SOIL_04461,Matale,7.577318,80.714984,Intermediate Zone,Alfisols,6.03,0.965,8.81,103.04,1.48,50.77,25.96,23.27
SL_SOIL_04462,Kilinochchi,9.48277,80.548553,Dry Zone,Alfisols,7.3,0.615,5.67,173.67,0.91,57.87,19.96,22.17
SL_SOIL_04463,Ratnapura,6.560254,80.333577,Wet Zone,Ultisols,4.92,1.274,15.75,152.86,2.33,44.93,37.83,17.24
SL_SOIL_04464,Puttalam,8.288331,80.104123,Dry Zone,Alfisols,6.19,0.767,9.87,124.96,0.93,76.47,9.08,14.46
SL_SOIL_04465,Polonnaruwa,7.950212,80.831235,Dry Zone,Vertisols,7.14,0.885,10.63,142.17,1.02,65.78,23.94,10.28
SL_SOIL_04466,Kalutara,6.65734,80.159135,Wet Zone,Ultisols,5.14,1.265,22.34,109.42,1.82,50.8,29.75,19.45
SL_SOIL_04467,Mannar,9.160437,80.005288,Dry Zone,Alfisols,6.79,0.632,5.75,142.21,0.76,69.35,8.31,22.34
SL_SOIL_04468,Puttalam,7.787048,80.070178,Dry Zone,Alfisols,6.69,1.043,12.45,111.4,1.06,74.34,12.5,13.17
SL_SOIL_04469,Puttalam,7.934853,79.713982,Dry Zone,Alfisols,6.52,0.825,13.47,130.6,0.77,68.86,19.04,12.1
SL_SOIL_04470,Mullaitivu,9.119329,80.594768,Dry Zone,Alfisols,7.36,0.622,16.64,136.63,0.75,71.29,10.28,18.42
SL_SOIL_04471,Galle,5.958668,80.12651,Wet Zone,Ultisols,4.82,1.357,14.79,125.98,1.68,43.28,27.27,29.46
SL_SOIL_04472,Batticaloa,7.838517,81.583763,Dry Zone,Vertisols,6.4,1.097,13.56,147.78,1.48,61.63,26.75,11.63
SL_SOIL_04473,Monaragala,7.154484,81.133716,Intermediate Zone,Alfisols,5.68,0.956,16.49,123.58,1.24,50.64,15.16,34.2
SL_SOIL_04474,Galle,6.055405,80.20776,Wet Zone,Ultisols,5.98,1.534,14.8,139.57,2.32,45.36,25.13,29.51
SL_SOIL_04475,Matara,6.005112,80.625467,Wet Zone,Ultisols,4.93,1.291,14.51,128.84,1.23,63.16,25.46,11.39
SL_SOIL_04476,Matale,7.703621,80.572589,Intermediate Zone,Alfisols,6.34,1.439,18.08,124.54,2.43,57.4,34.01,8.6
SL_SOIL_04477,Polonnaruwa,7.826074,81.230537,Dry Zone,Vertisols,6.43,0.964,18.76,140.62,1.1,65.15,24.51,10.34
SL_SOIL_04478,Vavuniya,8.829313,80.352309,Dry Zone,Alfisols,7.05,0.963,22.5,139.31,1.65,60.36,26.04,13.6
SL_SOIL_04479,Kandy,7.407122,80.555809,Wet Zone,Ultisols,5.45,1.299,14.38,120.02,1.25,46.49,21.69,31.82
SL_SOIL_04480,Monaragala,7.020083,81.55367,Intermediate Zone,Alfisols,5.71,1.345,9.51,121.95,1.56,68.7,19.22,12.07
SL_SOIL_04481,Jaffna,9.723845,79.947324,Dry Zone,Alfisols,7.94,0.834,12.57,154.52,0.93,72.12,14.3,13.58
SL_SOIL_04482,Anuradhapura,8.031523,80.542948,Dry Zone,Alfisols,6.07,0.669,7.07,144.98,0.69,76.42,14.73,8.85
SL_SOIL_04483,Batticaloa,7.747268,81.579649,Dry Zone,Vertisols,6.61,0.891,11.61,145.69,1.06,72.33,21.53,6.14
SL_SOIL_04484,Kurunegala,7.893181,80.363896,Intermediate Zone,Alfisols,5.76,0.93,13.85,139.62,1.83,68.04,20.13,11.83
SL_SOIL_04485,Anuradhapura,7.915091,80.605604,Dry Zone,Alfisols,5.84,0.755,5.56,121.28,1.19,57.93,14.98,27.09
SL_SOIL_04486,Mullaitivu,9.014854,80.676223,Dry Zone,Alfisols,6.64,1.134,3.0,168.46,1.01,58.37,20.26,21.37
SL_SOIL_04487,Matara,5.951879,80.685491,Wet Zone,Ultisols,5.84,1.263,17.41,136.85,1.78,44.97,30.09,24.93
SL_SOIL_04488,Hambantota,6.283951,80.99822,Dry Zone,Alfisols,6.48,0.898,12.15,104.51,1.09,72.55,13.31,14.14
SL_SOIL_04489,Ampara,7.225306,81.735497,Dry Zone,Vertisols,6.49,1.041,16.24,158.24,1.29,51.12,18.28,30.59
SL_SOIL_04490,Puttalam,7.713027,79.796315,Dry Zone,Alfisols,6.54,0.858,9.43,137.25,1.04,77.67,14.38,7.96
SL_SOIL_04491,Ampara,7.432016,81.42177,Dry Zone,Vertisols,6.01,1.137,15.8,149.51,1.74,50.79,31.58,17.62
SL_SOIL_04492,Galle,6.011726,80.175249,Wet Zone,Ultisols,5.59,1.151,10.48,130.62,1.69,49.82,23.77,26.4
SL_SOIL_04493,Vavuniya,8.879172,80.301836,Dry Zone,Alfisols,7.31,0.586,14.39,142.44,0.96,59.68,22.68,17.64
SL_SOIL_04494,Vavuniya,8.751502,80.668403,Dry Zone,Alfisols,6.58,0.953,15.89,142.64,1.08,61.71,28.47,9.82
SL_SOIL_04495,Kegalle,7.112076,80.378241,Wet Zone,Ultisols,5.33,1.439,15.91,130.22,2.1,49.96,25.96,24.08
SL_SOIL_04496,Kandy,7.231364,80.655051,Wet Zone,Ultisols,6.19,1.365,12.23,132.4,1.48,60.71,32.13,7.16
SL_SOIL_04497,Batticaloa,7.527466,81.482432,Dry Zone,Vertisols,7.18,0.976,9.65,133.57,1.05,61.13,29.41,9.45
SL_SOIL_04498,Kalutara,6.574476,80.152502,Wet Zone,Ultisols,5.84,1.43,15.49,136.87,1.92,46.76,24.54,28.7
SL_SOIL_04499,Matale,7.470564,80.650575,Intermediate Zone,Alfisols,5.01,0.95,12.72,99.59,1.84,64.61,25.0,10.39
SL_SOIL_04500,Colombo,6.977818,79.939137,Wet Zone,Ultisols,4.82,1.391,16.63,115.0,1.5,58.16,32.75,9.09
SL_SOIL_04501,Kalutara,6.517751,80.040251,Wet Zone,Ultisols,5.51,1.192,20.07,117.45,1.2,40.5,32.01,27.49
SL_SOIL_04502,Batticaloa,7.757017,81.256927,Dry Zone,Vertisols,7.38,1.114,14.9,153.12,1.47,58.43,29.4,12.17
SL_SOIL_04503,Ratnapura,6.765864,80.526965,Wet Zone,Ultisols,5.33,1.426,19.13,125.54,2.56,41.06,33.18,25.76
SL_SOIL_04504,Matara,6.002354,80.608125,Wet Zone,Ultisols,4.95,1.156,9.89,123.28,1.95,51.15,35.6,13.25
SL_SOIL_04505,Kandy,7.379265,80.734114,Wet Zone,Ultisols,5.67,1.329,12.86,125.19,1.98,49.78,24.7,25.52
SL_SOIL_04506,Gampaha,7.142714,80.092047,Wet Zone,Ultisols,5.62,1.064,9.54,129.79,1.57,58.61,20.45,20.94
SL_SOIL_04507,Ratnapura,6.592058,80.466464,Wet Zone,Ultisols,5.04,1.655,11.02,137.14,2.55,48.37,34.19,17.43
SL_SOIL_04508,Ratnapura,6.801765,80.309833,Wet Zone,Ultisols,5.47,1.794,13.15,116.39,2.82,46.71,24.86,28.44
SL_SOIL_04509,Jaffna,9.582603,80.122457,Dry Zone,Alfisols,7.29,0.861,12.52,187.39,0.89,65.82,10.45,23.73
SL_SOIL_04510,Kandy,7.448186,80.587159,Wet Zone,Ultisols,6.19,1.454,12.95,123.77,2.04,47.06,37.25,15.69
SL_SOIL_04511,Kalutara,6.538525,80.121754,Wet Zone,Ultisols,5.11,1.09,14.09,137.07,2.48,52.78,30.43,16.78
SL_SOIL_04512,Gampaha,7.031965,79.976011,Wet Zone,Ultisols,6.01,1.312,5.94,108.8,1.53,58.11,19.72,22.16
SL_SOIL_04513,Kegalle,7.282341,80.251125,Wet Zone,Ultisols,5.35,1.583,20.1,126.22,2.5,63.63,23.61,12.76
SL_SOIL_04514,Trincomalee,8.522809,80.718028,Dry Zone,Alfisols,6.98,0.643,17.85,133.1,0.96,57.35,17.98,24.67
SL_SOIL_04515,Monaragala,6.878702,81.041739,Intermediate Zone,Alfisols,5.79,0.921,11.16,145.95,0.95,71.67,20.03,8.3
SL_SOIL_04516,Polonnaruwa,7.70128,80.81549,Dry Zone,Vertisols,6.56,1.036,23.17,123.75,0.95,56.33,23.23,20.44
SL_SOIL_04517,Ratnapura,6.816015,80.714076,Wet Zone,Ultisols,4.76,1.246,18.76,152.39,1.8,48.22,33.31,18.46
SL_SOIL_04518,Anuradhapura,8.244854,80.41076,Dry Zone,Alfisols,6.59,0.778,8.21,110.48,0.88,78.2,13.89,7.91
SL_SOIL_04519,Monaragala,6.920914,81.029429,Intermediate Zone,Alfisols,5.97,1.131,15.21,112.04,1.72,64.83,16.2,18.97
SL_SOIL_04520,Mullaitivu,9.162849,80.544254,Dry Zone,Alfisols,6.54,0.934,13.19,143.29,1.08,62.65,15.91,21.44
SL_SOIL_04521,Matale,7.492512,80.705513,Intermediate Zone,Alfisols,5.51,1.318,25.04,123.45,1.76,55.07,30.3,14.63
SL_SOIL_04522,Polonnaruwa,8.097899,81.098679,Dry Zone,Vertisols,6.33,1.211,13.65,148.86,1.13,66.17,28.62,5.21
SL_SOIL_04523,Hambantota,6.235468,80.902585,Dry Zone,Alfisols,6.56,0.877,5.26,104.5,0.95,64.45,9.53,26.02
SL_SOIL_04524,Kegalle,7.159665,80.461147,Wet Zone,Ultisols,5.62,1.866,20.18,120.37,2.37,53.38,31.15,15.48
SL_SOIL_04525,Kegalle,7.23048,80.388409,Wet Zone,Ultisols,5.28,1.435,14.57,112.22,2.69,57.75,23.7,18.55
SL_SOIL_04526,Badulla,7.068645,81.031649,Up Country Intermediate Zone,Inceptisols,4.8,1.337,8.43,151.37,1.42,46.02,41.78,12.2
SL_SOIL_04527,Nuwara Eliya,6.922363,80.686932,Up Country Wet Zone,Inceptisols,4.47,2.145,17.96,165.98,4.13,39.38,28.28,32.33
SL_SOIL_04528,Matale,7.697075,80.756525,Intermediate Zone,Alfisols,5.78,1.256,11.94,136.13,1.93,57.52,23.82,18.66
SL_SOIL_04529,Kegalle,7.320128,80.429916,Wet Zone,Ultisols,5.56,1.586,11.64,130.58,2.1,53.6,33.56,12.85
SL_SOIL_04530,Jaffna,9.625354,79.877989,Dry Zone,Alfisols,7.53,0.895,9.06,168.78,0.78,69.09,13.77,17.14
SL_SOIL_04531,Matara,6.008297,80.64531,Wet Zone,Ultisols,5.4,1.478,14.79,120.41,1.78,56.17,37.74,6.1
SL_SOIL_04532,Galle,5.980674,80.264291,Wet Zone,Ultisols,4.87,1.326,21.02,126.92,2.57,55.39,29.79,14.83
SL_SOIL_04533,Galle,6.088564,80.1399,Wet Zone,Ultisols,5.39,1.603,15.41,141.78,2.93,45.7,29.53,24.77
SL_SOIL_04534,Nuwara Eliya,7.037196,80.720186,Up Country Wet Zone,Inceptisols,5.56,1.645,16.84,131.37,3.0,43.53,26.71,29.76
SL_SOIL_04535,Polonnaruwa,8.117506,80.87931,Dry Zone,Vertisols,6.6,0.863,11.49,142.97,1.33,55.5,22.89,21.62
SL_SOIL_04536,Anuradhapura,8.474224,80.437893,Dry Zone,Alfisols,6.49,0.715,16.01,118.68,0.95,59.38,14.44,26.18
SL_SOIL_04537,Kalutara,6.710219,80.223929,Wet Zone,Ultisols,5.12,1.35,10.06,107.18,2.02,51.27,26.39,22.33
SL_SOIL_04538,Puttalam,7.900358,79.726271,Dry Zone,Alfisols,6.39,0.776,9.6,143.43,0.93,71.94,17.65,10.42
SL_SOIL_04539,Badulla,6.88423,81.131013,Up Country Intermediate Zone,Inceptisols,4.61,1.203,8.74,131.96,2.11,45.48,32.93,21.59
SL_SOIL_04540,Batticaloa,7.771147,81.095253,Dry Zone,Vertisols,6.23,0.915,14.75,154.08,1.46,63.57,11.76,24.67
SL_SOIL_04541,Kandy,7.345851,80.702153,Wet Zone,Ultisols,5.17,1.61,26.85,129.74,2.93,45.43,21.71,32.86
SL_SOIL_04542,Mannar,9.199797,80.090011,Dry Zone,Alfisols,7.04,0.665,7.27,176.94,0.99,75.95,13.68,10.37
SL_SOIL_04543,Nuwara Eliya,6.926376,80.722286,Up Country Wet Zone,Inceptisols,4.71,1.511,17.43,137.65,1.96,32.1,41.52,26.38
SL_SOIL_04544,Puttalam,7.894362,80.111377,Dry Zone,Alfisols,6.4,0.898,11.48,81.68,0.96,64.64,10.07,25.29
SL_SOIL_04545,Kandy,7.380741,80.660536,Wet Zone,Ultisols,5.29,1.637,11.58,138.34,2.44,44.39,27.4,28.21
SL_SOIL_04546,Batticaloa,7.986146,81.431319,Dry Zone,Vertisols,7.4,0.9,11.39,152.55,1.4,62.23,12.21,25.56
SL_SOIL_04547,Hambantota,6.191854,80.997743,Dry Zone,Alfisols,6.18,1.098,17.78,130.24,1.63,73.67,20.83,5.51
SL_SOIL_04548,Matale,7.705125,80.593235,Intermediate Zone,Alfisols,6.1,1.388,11.88,120.22,1.69,43.56,36.97,19.48
SL_SOIL_04549,Mullaitivu,9.242421,80.555961,Dry Zone,Alfisols,7.01,0.847,7.1,164.35,1.28,73.98,19.84,6.18
SL_SOIL_04550,Monaragala,6.692276,81.292967,Intermediate Zone,Alfisols,5.92,1.103,10.58,134.03,0.72,60.89,18.24,20.87
SL_SOIL_04551,Kurunegala,7.522582,80.1406,Intermediate Zone,Alfisols,6.59,1.261,7.24,128.23,1.33,61.68,24.65,13.67
SL_SOIL_04552,Matale,7.662636,80.785142,Intermediate Zone,Alfisols,5.35,1.376,9.06,142.66,2.51,61.56,15.41,23.03
SL_SOIL_04553,Kegalle,7.33693,80.525977,Wet Zone,Ultisols,5.5,1.351,21.39,126.23,2.23,58.22,36.69,5.09
SL_SOIL_04554,Ampara,7.405915,81.764012,Dry Zone,Vertisols,6.65,0.877,21.17,136.47,1.28,56.73,18.29,24.98
SL_SOIL_04555,Puttalam,7.742613,80.036281,Dry Zone,Alfisols,6.85,0.819,16.49,105.79,0.89,71.9,10.15,17.95
SL_SOIL_04556,Vavuniya,8.712255,80.667845,Dry Zone,Alfisols,6.77,1.025,11.12,163.65,1.48,60.57,21.16,18.27
SL_SOIL_04557,Kegalle,7.338188,80.313645,Wet Zone,Ultisols,5.72,1.587,11.73,133.47,2.47,47.16,34.8,18.04
SL_SOIL_04558,Ampara,7.491615,81.543969,Dry Zone,Vertisols,6.33,1.301,18.46,137.44,1.87,53.69,22.37,23.93
SL_SOIL_04559,Batticaloa,7.925338,81.301487,Dry Zone,Vertisols,6.53,1.11,11.32,145.02,0.88,66.05,27.86,6.1
SL_SOIL_04560,Badulla,7.162125,80.88993,Up Country Intermediate Zone,Inceptisols,4.88,1.74,16.73,154.52,2.42,45.99,39.51,14.5
SL_SOIL_04561,Kandy,7.236221,80.550989,Wet Zone,Ultisols,5.87,1.703,15.88,145.59,2.83,50.0,32.06,17.95
SL_SOIL_04562,Galle,6.125577,80.326117,Wet Zone,Ultisols,5.56,1.448,19.46,138.92,2.88,36.93,26.85,36.22
SL_SOIL_04563,Ampara,7.277779,81.540348,Dry Zone,Vertisols,5.96,0.97,12.97,136.24,1.05,51.47,29.48,19.05
SL_SOIL_04564,Ratnapura,6.647864,80.622977,Wet Zone,Ultisols,4.94,1.339,16.15,123.68,2.18,51.47,23.73,24.8
SL_SOIL_04565,Badulla,6.983151,81.10753,Up Country Intermediate Zone,Inceptisols,4.93,1.697,17.15,141.07,3.15,43.41,36.43,20.15
SL_SOIL_04566,Polonnaruwa,8.121652,81.232526,Dry Zone,Vertisols,6.58,0.753,16.25,130.81,0.91,59.65,22.61,17.74
SL_SOIL_04567,Badulla,7.050456,81.07397,Up Country Intermediate Zone,Inceptisols,5.32,1.77,17.93,153.3,1.99,43.57,28.22,28.21
SL_SOIL_04568,Polonnaruwa,8.076363,81.051281,Dry Zone,Vertisols,6.58,0.927,17.93,134.74,1.18,58.35,14.28,27.38
SL_SOIL_04569,Matara,5.913602,80.67036,Wet Zone,Ultisols,5.79,1.057,19.15,121.15,1.78,44.76,31.61,23.63
SL_SOIL_04570,Trincomalee,8.63143,80.907447,Dry Zone,Alfisols,7.07,1.081,7.78,141.89,1.07,76.61,9.86,13.54
SL_SOIL_04571,Ampara,7.439694,81.797649,Dry Zone,Vertisols,5.53,1.109,14.25,142.49,0.96,57.12,31.22,11.65
SL_SOIL_04572,Monaragala,6.89155,81.323786,Intermediate Zone,Alfisols,6.74,1.21,9.59,146.95,1.29,60.98,13.74,25.28
SL_SOIL_04573,Jaffna,9.767003,80.125876,Dry Zone,Alfisols,7.29,0.53,16.96,165.78,1.13,67.93,10.17,21.9
SL_SOIL_04574,Jaffna,9.787219,79.747308,Dry Zone,Alfisols,6.93,0.689,14.38,167.62,1.09,78.99,14.36,6.65
SL_SOIL_04575,Gampaha,7.059839,79.95234,Wet Zone,Ultisols,5.54,1.102,14.64,110.26,1.53,53.01,20.9,26.09
SL_SOIL_04576,Hambantota,6.344309,80.711574,Dry Zone,Alfisols,6.42,0.627,3.67,85.28,0.98,69.02,19.26,11.73
SL_SOIL_04577,Trincomalee,8.748755,80.826282,Dry Zone,Alfisols,6.57,0.746,17.01,158.79,1.16,66.94,16.2,16.86
SL_SOIL_04578,Kilinochchi,9.321574,80.596863,Dry Zone,Alfisols,6.93,0.61,13.4,141.5,0.84,59.9,6.91,33.19
SL_SOIL_04579,Jaffna,9.752339,80.011532,Dry Zone,Alfisols,7.76,0.586,11.11,180.19,1.05,64.15,12.96,22.88
SL_SOIL_04580,Badulla,6.843162,80.892791,Up Country Intermediate Zone,Inceptisols,4.63,1.438,18.12,118.68,2.16,34.95,40.16,24.89
SL_SOIL_04581,Kegalle,7.117992,80.21115,Wet Zone,Ultisols,5.68,1.561,14.69,140.94,1.83,46.26,33.56,20.18
SL_SOIL_04582,Trincomalee,8.638,81.296803,Dry Zone,Alfisols,6.58,0.703,11.56,160.69,1.18,73.13,19.09,7.79
SL_SOIL_04583,Kandy,7.240587,80.64502,Wet Zone,Ultisols,5.52,1.563,9.88,150.29,2.24,46.62,38.14,15.23
SL_SOIL_04584,Ampara,7.266999,81.772935,Dry Zone,Vertisols,6.47,1.162,18.4,145.09,1.21,56.31,29.62,14.07
SL_SOIL_04585,Anuradhapura,8.127426,80.692381,Dry Zone,Alfisols,6.35,1.125,8.01,131.27,0.96,72.16,17.31,10.53
SL_SOIL_04586,Batticaloa,7.578886,81.284105,Dry Zone,Vertisols,7.28,1.028,14.95,151.95,1.68,54.33,17.42,28.25
SL_SOIL_04587,Kegalle,7.224727,80.28935,Wet Zone,Ultisols,5.55,1.518,14.54,133.47,2.2,47.83,31.64,20.53
SL_SOIL_04588,Polonnaruwa,7.915939,81.204997,Dry Zone,Vertisols,6.02,0.888,11.49,134.39,1.09,61.18,13.58,25.24
SL_SOIL_04589,Matale,7.682757,80.664093,Intermediate Zone,Alfisols,6.1,1.649,16.16,141.67,1.8,55.55,25.75,18.7
SL_SOIL_04590,Nuwara Eliya,6.953773,80.862248,Up Country Wet Zone,Inceptisols,5.13,1.33,15.84,164.95,3.48,36.79,37.73,25.47
SL_SOIL_04591,Trincomalee,8.46659,81.066928,Dry Zone,Alfisols,6.67,0.8,11.32,125.38,1.15,64.71,19.63,15.66
SL_SOIL_04592,Colombo,6.803409,79.814759,Wet Zone,Ultisols,6.49,1.254,6.99,146.83,1.43,57.38,26.2,16.43
SL_SOIL_04593,Kegalle,7.214313,80.533293,Wet Zone,Ultisols,5.16,1.332,19.15,103.66,1.71,61.28,27.69,11.03
SL_SOIL_04594,Puttalam,7.925523,79.731565,Dry Zone,Alfisols,6.81,0.789,10.78,121.94,1.01,78.38,16.48,5.14
SL_SOIL_04595,Kandy,7.226931,80.717109,Wet Zone,Ultisols,4.64,1.616,19.64,120.21,1.96,45.77,30.86,23.37
SL_SOIL_04596,Trincomalee,8.428104,80.987718,Dry Zone,Alfisols,6.61,1.211,12.22,135.08,0.97,69.51,12.2,18.28
SL_SOIL_04597,Hambantota,6.085989,80.877245,Dry Zone,Alfisols,6.63,0.958,20.05,109.95,0.91,59.03,13.75,27.22
SL_SOIL_04598,Ratnapura,6.668354,80.607724,Wet Zone,Ultisols,5.12,1.879,19.2,154.73,3.44,37.4,30.43,32.17
SL_SOIL_04599,Gampaha,7.143922,79.986074,Wet Zone,Ultisols,5.7,1.335,7.44,105.82,1.66,60.12,31.43,8.45
SL_SOIL_04600,Matara,6.094899,80.671425,Wet Zone,Ultisols,5.71,1.209,16.99,134.8,2.27,50.42,27.34,22.24
SL_SOIL_04601,Batticaloa,7.710803,81.162381,Dry Zone,Vertisols,5.97,1.062,14.56,154.85,1.47,61.81,20.28,17.91
SL_SOIL_04602,Galle,5.992866,80.266301,Wet Zone,Ultisols,4.81,1.582,23.83,135.96,2.14,46.14,27.63,26.23
SL_SOIL_04603,Nuwara Eliya,6.92842,80.783126,Up Country Wet Zone,Inceptisols,4.52,1.64,16.78,141.97,2.71,39.26,36.9,23.84
SL_SOIL_04604,Colombo,6.940166,79.970518,Wet Zone,Ultisols,5.91,1.356,20.25,112.61,1.69,59.75,22.15,18.1
SL_SOIL_04605,Batticaloa,7.64299,81.025928,Dry Zone,Vertisols,7.23,0.953,10.15,143.62,1.35,59.07,27.62,13.31
SL_SOIL_04606,Monaragala,7.09675,81.268058,Intermediate Zone,Alfisols,5.8,0.8,6.35,120.11,1.2,62.98,20.14,16.88
SL_SOIL_04607,Galle,6.016958,80.201766,Wet Zone,Ultisols,4.99,0.767,5.66,128.27,1.47,46.17,32.94,20.89
SL_SOIL_04608,Kegalle,7.107081,80.298442,Wet Zone,Ultisols,5.07,1.193,21.18,124.93,1.73,43.24,36.8,19.95
SL_SOIL_04609,Trincomalee,8.836591,81.092923,Dry Zone,Alfisols,6.87,1.003,13.46,125.05,1.23,65.71,21.41,12.88
SL_SOIL_04610,Gampaha,7.200864,79.963159,Wet Zone,Ultisols,5.84,1.106,14.68,128.22,1.67,53.64,18.71,27.66
SL_SOIL_04611,Hambantota,6.26455,80.944298,Dry Zone,Alfisols,6.46,1.023,6.74,80.96,1.06,68.67,17.56,13.76
SL_SOIL_04612,Hambantota,6.242116,80.875845,Dry Zone,Alfisols,6.83,1.246,14.57,111.92,1.16,74.41,12.54,13.05
SL_SOIL_04613,Mullaitivu,9.10743,80.488901,Dry Zone,Alfisols,6.73,1.058,15.61,144.19,1.17,71.36,10.95,17.7
SL_SOIL_04614,Nuwara Eliya,7.049309,80.810675,Up Country Wet Zone,Inceptisols,4.46,1.543,16.88,126.65,2.57,41.7,39.97,18.33
SL_SOIL_04615,Nuwara Eliya,7.070392,80.791287,Up Country Wet Zone,Inceptisols,4.79,1.878,21.79,143.92,3.65,43.22,43.82,12.96
SL_SOIL_04616,Anuradhapura,8.286832,80.801138,Dry Zone,Alfisols,6.63,0.888,10.54,149.26,1.32,70.8,21.57,7.63
SL_SOIL_04617,Anuradhapura,8.283851,80.463732,Dry Zone,Alfisols,6.4,0.963,9.87,155.57,1.12,63.29,15.82,20.89
SL_SOIL_04618,Polonnaruwa,7.940905,80.856088,Dry Zone,Vertisols,6.73,0.979,10.54,147.25,1.39,61.07,18.97,19.96
SL_SOIL_04619,Kalutara,6.57226,80.298864,Wet Zone,Ultisols,5.85,1.092,12.95,118.52,1.46,55.78,28.82,15.4
SL_SOIL_04620,Trincomalee,8.58873,81.277052,Dry Zone,Alfisols,6.93,1.042,3.5,146.39,1.55,56.72,13.42,29.85
SL_SOIL_04621,Trincomalee,8.636449,80.788099,Dry Zone,Alfisols,6.26,1.195,23.53,142.12,1.5,62.13,21.1,16.77
SL_SOIL_04622,Mannar,8.94941,80.031637,Dry Zone,Alfisols,7.5,0.891,22.01,178.62,0.96,71.05,9.2,19.75
SL_SOIL_04623,Ampara,7.124415,81.827734,Dry Zone,Vertisols,6.68,1.157,16.08,153.53,1.43,50.93,18.59,30.48
SL_SOIL_04624,Batticaloa,7.872891,81.310485,Dry Zone,Vertisols,6.77,1.065,13.31,157.38,1.41,58.62,16.09,25.29
SL_SOIL_04625,Mullaitivu,9.033552,80.474183,Dry Zone,Alfisols,7.17,0.762,5.77,153.59,0.9,77.26,9.46,13.28
SL_SOIL_04626,Monaragala,6.600462,81.50061,Intermediate Zone,Alfisols,5.34,1.066,10.82,124.42,1.41,64.75,10.51,24.74
SL_SOIL_04627,Colombo,6.862121,79.874932,Wet Zone,Ultisols,5.66,0.779,8.6,125.68,1.58,58.04,29.32,12.63
SL_SOIL_04628,Trincomalee,8.454426,81.066208,Dry Zone,Alfisols,6.88,0.764,14.55,143.97,0.96,59.2,21.89,18.9
SL_SOIL_04629,Kalutara,6.668935,80.240043,Wet Zone,Ultisols,5.81,1.265,15.09,137.36,1.82,54.55,28.47,16.98
SL_SOIL_04630,Batticaloa,7.925056,81.554306,Dry Zone,Vertisols,7.2,1.505,25.07,193.41,1.78,68.09,8.64,23.27
SL_SOIL_04631,Kandy,7.253614,80.658255,Wet Zone,Ultisols,5.99,1.484,14.62,155.27,1.97,40.89,35.53,23.58
SL_SOIL_04632,Kandy,7.328463,80.618447,Wet Zone,Ultisols,5.04,1.097,8.73,125.19,1.59,53.6,24.69,21.71
SL_SOIL_04633,Kurunegala,7.541738,80.586504,Intermediate Zone,Alfisols,5.83,1.224,16.34,135.94,1.62,55.57,27.21,17.22
SL_SOIL_04634,Trincomalee,8.876381,81.224788,Dry Zone,Alfisols,6.71,0.765,12.42,136.93,1.44,66.76,13.43,19.81
SL_SOIL_04635,Puttalam,7.886615,79.939415,Dry Zone,Alfisols,7.06,0.955,7.21,116.55,0.84,72.74,6.02,21.25
SL_SOIL_04636,Kilinochchi,9.454453,80.510956,Dry Zone,Alfisols,6.33,1.282,10.17,162.02,1.15,66.73,19.67,13.6
SL_SOIL_04637,Anuradhapura,8.036986,80.674438,Dry Zone,Alfisols,5.79,1.058,15.07,107.94,0.99,71.45,18.26,10.28
SL_SOIL_04638,Kalutara,6.733247,80.187818,Wet Zone,Ultisols,5.55,1.208,14.04,102.71,1.79,53.14,30.49,16.37
SL_SOIL_04639,Matara,6.044845,80.628723,Wet Zone,Ultisols,5.33,1.247,12.82,98.12,2.03,54.33,30.49,15.18
SL_SOIL_04640,Vavuniya,8.773962,80.698904,Dry Zone,Alfisols,7.05,1.089,8.52,134.05,1.55,63.33,26.49,10.18
SL_SOIL_04641,Colombo,6.861846,80.011331,Wet Zone,Ultisols,5.06,0.807,14.9,112.74,1.29,53.21,27.39,19.4
SL_SOIL_04642,Vavuniya,8.792254,80.578199,Dry Zone,Alfisols,6.47,0.464,14.2,148.46,0.78,65.69,15.44,18.86
SL_SOIL_04643,Gampaha,7.170047,79.971441,Wet Zone,Ultisols,5.64,1.308,8.44,108.03,1.4,66.11,26.7,7.19
SL_SOIL_04644,Monaragala,7.040451,81.520612,Intermediate Zone,Alfisols,6.61,0.955,6.48,103.46,1.3,68.72,19.5,11.78
SL_SOIL_04645,Kandy,7.359157,80.638468,Wet Zone,Ultisols,5.82,1.519,15.39,129.97,2.03,55.5,33.35,11.16
SL_SOIL_04646,Ratnapura,6.857897,80.622773,Wet Zone,Ultisols,4.56,1.806,19.7,149.65,3.35,38.68,48.62,12.7
SL_SOIL_04647,Puttalam,7.996629,80.017581,Dry Zone,Alfisols,6.81,0.739,11.25,105.08,0.69,71.73,11.58,16.7
SL_SOIL_04648,Nuwara Eliya,6.969052,80.835725,Up Country Wet Zone,Inceptisols,4.58,1.843,18.95,154.2,4.06,41.24,32.74,26.02
SL_SOIL_04649,Kegalle,7.09835,80.412909,Wet Zone,Ultisols,5.95,1.474,11.68,142.95,1.88,45.16,31.73,23.11
SL_SOIL_04650,Colombo,6.839634,79.91092,Wet Zone,Ultisols,5.72,1.191,15.64,103.88,1.45,51.08,24.6,24.32
SL_SOIL_04651,Trincomalee,8.885337,81.179945,Dry Zone,Alfisols,7.06,0.819,14.69,152.59,1.28,55.52,22.35,22.13
SL_SOIL_04652,Matara,6.097992,80.507155,Wet Zone,Ultisols,5.86,1.141,10.46,129.88,1.59,56.59,30.1,13.31
SL_SOIL_04653,Puttalam,8.167244,80.077343,Dry Zone,Alfisols,7.18,0.393,7.71,114.1,0.84,79.93,5.0,15.07
SL_SOIL_04654,Polonnaruwa,7.951599,81.209201,Dry Zone,Vertisols,6.49,0.928,16.15,140.29,1.34,56.6,22.29,21.11
SL_SOIL_04655,Colombo,6.963837,80.031123,Wet Zone,Ultisols,6.09,1.166,13.48,122.88,1.66,56.24,25.98,17.78
SL_SOIL_04656,Matale,7.732623,80.688464,Intermediate Zone,Alfisols,5.17,1.536,16.54,129.81,2.12,63.64,24.79,11.57
SL_SOIL_04657,Ampara,7.32761,81.619494,Dry Zone,Vertisols,6.72,0.984,10.42,140.36,1.37,63.54,14.14,22.33
SL_SOIL_04658,Nuwara Eliya,6.905325,80.822776,Up Country Wet Zone,Inceptisols,5.18,1.634,14.17,148.87,3.24,43.23,41.85,14.92
SL_SOIL_04659,Matara,6.012107,80.522999,Wet Zone,Ultisols,5.62,1.378,20.05,130.94,2.21,55.17,23.82,21.01
SL_SOIL_04660,Mullaitivu,9.137998,80.616268,Dry Zone,Alfisols,7.05,1.063,9.98,153.83,0.85,70.37,20.65,8.98
SL_SOIL_04661,Ampara,7.276727,81.474155,Dry Zone,Vertisols,6.06,1.236,13.09,137.86,0.97,64.41,29.21,6.39
SL_SOIL_04662,Kalutara,6.707596,80.205864,Wet Zone,Ultisols,5.3,1.089,13.08,121.96,1.36,58.4,25.05,16.55
SL_SOIL_04663,Puttalam,8.009551,80.066926,Dry Zone,Alfisols,6.17,1.053,10.24,113.18,1.03,72.2,16.96,10.84
SL_SOIL_04664,Mannar,9.031608,79.986404,Dry Zone,Alfisols,6.75,0.575,17.01,177.96,0.93,76.0,15.13,8.87
SL_SOIL_04665,Ampara,7.346977,81.704093,Dry Zone,Vertisols,5.98,1.23,20.46,144.54,1.56,59.52,25.26,15.22
SL_SOIL_04666,Kilinochchi,9.637399,80.563616,Dry Zone,Alfisols,7.06,0.953,12.93,138.87,0.92,59.01,17.94,23.05
SL_SOIL_04667,Jaffna,9.699641,79.967541,Dry Zone,Alfisols,7.2,0.826,19.05,163.24,0.8,72.13,13.1,14.77
SL_SOIL_04668,Kegalle,7.052564,80.429837,Wet Zone,Ultisols,5.58,1.5,4.45,137.78,1.94,47.3,35.24,17.46
SL_SOIL_04669,Anuradhapura,8.001105,80.603045,Dry Zone,Alfisols,6.37,0.931,5.59,129.31,1.16,71.11,14.97,13.92
SL_SOIL_04670,Kandy,7.251155,80.62726,Wet Zone,Ultisols,4.35,1.252,11.57,143.87,2.06,48.98,34.46,16.56
SL_SOIL_04671,Mannar,8.887967,79.8501,Dry Zone,Alfisols,6.98,0.611,6.0,150.65,0.72,76.17,8.0,15.83
SL_SOIL_04672,Monaragala,6.985068,81.144563,Intermediate Zone,Alfisols,6.01,1.043,13.15,117.53,1.28,63.34,14.35,22.31
SL_SOIL_04673,Gampaha,7.213058,79.953719,Wet Zone,Ultisols,5.36,1.024,14.45,125.89,1.58,55.19,24.08,20.73
SL_SOIL_04674,Ratnapura,6.7707,80.36347,Wet Zone,Ultisols,4.92,1.463,21.12,152.68,2.74,39.65,41.89,18.46
SL_SOIL_04675,Badulla,6.800574,81.035115,Up Country Intermediate Zone,Inceptisols,5.78,1.503,14.47,147.76,2.69,46.89,33.81,19.3
SL_SOIL_04676,Puttalam,7.935822,79.718265,Dry Zone,Alfisols,6.45,0.799,10.47,105.76,0.65,77.91,5.43,16.66
SL_SOIL_04677,Kegalle,7.054563,80.328177,Wet Zone,Ultisols,5.43,1.553,18.25,141.76,2.48,50.37,31.73,17.89
SL_SOIL_04678,Matale,7.784166,80.603149,Intermediate Zone,Alfisols,5.49,1.5,19.92,141.25,2.34,47.97,23.67,28.36
SL_SOIL_04679,Matara,6.139656,80.693891,Wet Zone,Ultisols,4.76,0.835,5.04,116.38,1.27,59.05,29.78,11.18
SL_SOIL_04680,Galle,6.191348,80.26864,Wet Zone,Ultisols,5.54,1.403,17.08,128.22,2.31,40.69,29.36,29.95
SL_SOIL_04681,Vavuniya,8.99553,80.609205,Dry Zone,Alfisols,6.19,1.076,19.82,137.71,1.41,53.76,14.37,31.87
SL_SOIL_04682,Ratnapura,6.632296,80.493465,Wet Zone,Ultisols,5.55,1.559,13.36,155.2,2.74,44.15,37.84,18.01
SL_SOIL_04683,Monaragala,7.002128,81.307123,Intermediate Zone,Alfisols,5.83,0.833,15.37,130.41,1.04,60.18,21.71,18.11
SL_SOIL_04684,Kalutara,6.720464,80.247305,Wet Zone,Ultisols,5.96,1.505,20.66,113.91,2.4,53.73,27.1,19.17
SL_SOIL_04685,Kurunegala,7.877596,80.122333,Intermediate Zone,Alfisols,5.8,0.817,12.89,114.29,1.06,66.25,25.82,7.93
SL_SOIL_04686,Ampara,7.378072,81.453996,Dry Zone,Vertisols,6.36,1.283,6.31,138.92,1.31,48.61,27.88,23.51
SL_SOIL_04687,Monaragala,7.238853,81.370193,Intermediate Zone,Alfisols,5.96,0.894,12.8,121.63,1.4,66.67,15.26,18.07
SL_SOIL_04688,Puttalam,8.144004,79.942386,Dry Zone,Alfisols,6.52,1.105,15.69,116.42,0.96,77.42,16.77,5.81
SL_SOIL_04689,Puttalam,7.940349,79.938162,Dry Zone,Alfisols,6.86,0.847,5.66,149.92,1.05,75.51,18.52,5.97
SL_SOIL_04690,Kurunegala,7.698777,80.631198,Intermediate Zone,Alfisols,6.02,1.065,8.98,129.52,1.45,69.33,24.22,6.45
SL_SOIL_04691,Anuradhapura,8.384004,80.734989,Dry Zone,Alfisols,6.1,0.899,9.7,130.17,0.69,76.4,15.23,8.37
SL_SOIL_04692,Ampara,7.195063,81.457451,Dry Zone,Vertisols,6.13,1.05,15.79,145.64,1.04,47.86,30.95,21.19
SL_SOIL_04693,Matara,5.911139,80.607247,Wet Zone,Ultisols,5.63,1.137,15.21,120.16,2.09,49.49,30.62,19.9
SL_SOIL_04694,Colombo,6.832311,79.973084,Wet Zone,Ultisols,5.5,1.205,24.45,133.87,2.11,53.85,20.25,25.91
SL_SOIL_04695,Trincomalee,8.810696,81.231995,Dry Zone,Alfisols,6.92,1.129,12.64,130.81,1.06,67.45,17.58,14.97
SL_SOIL_04696,Mannar,9.03729,79.827101,Dry Zone,Alfisols,7.19,0.432,5.07,149.95,0.89,65.97,8.87,25.16
SL_SOIL_04697,Polonnaruwa,8.014209,81.132905,Dry Zone,Vertisols,6.18,0.861,21.33,138.97,1.33,47.86,33.16,18.98
SL_SOIL_04698,Kilinochchi,9.495726,80.50251,Dry Zone,Alfisols,6.8,0.589,11.67,136.87,1.06,63.01,18.81,18.18
SL_SOIL_04699,Matale,7.45497,80.552193,Intermediate Zone,Alfisols,6.07,1.566,6.91,112.93,1.67,56.07,15.37,28.56
SL_SOIL_04700,Mannar,9.100395,79.813558,Dry Zone,Alfisols,6.79,0.859,6.62,154.4,0.87,78.03,5.0,16.97
SL_SOIL_04701,Trincomalee,8.45643,80.860911,Dry Zone,Alfisols,7.32,0.985,14.9,143.93,1.33,59.41,23.6,17.0
SL_SOIL_04702,Nuwara Eliya,7.038889,80.672677,Up Country Wet Zone,Inceptisols,5.1,2.044,20.06,145.43,4.45,34.6,38.48,26.92
SL_SOIL_04703,Colombo,6.941477,79.85004,Wet Zone,Ultisols,5.65,1.479,10.24,132.03,2.68,52.78,28.59,18.63
SL_SOIL_04704,Matale,7.63008,80.703449,Intermediate Zone,Alfisols,5.6,1.39,18.23,127.94,1.82,45.33,30.89,23.78
SL_SOIL_04705,Kegalle,7.217497,80.351209,Wet Zone,Ultisols,4.84,1.619,20.92,144.38,2.92,53.83,22.14,24.02
SL_SOIL_04706,Vavuniya,8.646815,80.305408,Dry Zone,Alfisols,6.37,0.982,11.82,148.28,1.3,60.68,33.04,6.28
SL_SOIL_04707,Matale,7.654473,80.736958,Intermediate Zone,Alfisols,6.23,1.207,12.84,131.09,2.09,55.91,20.37,23.72
SL_SOIL_04708,Badulla,7.049301,81.000126,Up Country Intermediate Zone,Inceptisols,5.32,1.561,17.05,164.29,2.66,36.03,31.6,32.37
SL_SOIL_04709,Ratnapura,6.670212,80.543277,Wet Zone,Ultisols,4.95,1.865,15.94,120.4,2.28,39.69,21.54,38.78
SL_SOIL_04710,Colombo,6.814382,79.990338,Wet Zone,Ultisols,6.39,1.362,14.39,111.18,2.02,51.75,25.62,22.63
SL_SOIL_04711,Kurunegala,7.971591,80.57666,Intermediate Zone,Alfisols,6.43,0.901,16.12,111.66,0.95,66.47,14.5,19.03
SL_SOIL_04712,Ampara,7.216571,81.55934,Dry Zone,Vertisols,6.21,0.745,15.14,155.49,1.23,60.46,26.8,12.74
SL_SOIL_04713,Hambantota,6.0859,80.977729,Dry Zone,Alfisols,6.54,1.043,7.84,119.03,1.58,65.72,16.81,17.47
SL_SOIL_04714,Puttalam,7.908369,79.944391,Dry Zone,Alfisols,6.96,0.866,16.7,132.52,0.92,73.0,16.4,10.6
SL_SOIL_04715,Badulla,7.156052,80.98708,Up Country Intermediate Zone,Inceptisols,5.14,1.837,27.1,125.58,2.65,34.23,29.32,36.45
SL_SOIL_04716,Matale,7.716363,80.663119,Intermediate Zone,Alfisols,5.58,1.058,18.61,128.52,1.6,56.78,21.43,21.78
SL_SOIL_04717,Gampaha,7.105603,80.108592,Wet Zone,Ultisols,5.75,1.385,15.01,107.87,1.71,57.96,26.4,15.64
SL_SOIL_04718,Batticaloa,7.575719,81.12778,Dry Zone,Vertisols,7.39,0.917,11.49,152.29,1.5,62.62,27.09,10.28
SL_SOIL_04719,Galle,6.133288,80.334359,Wet Zone,Ultisols,5.5,1.209,20.76,133.26,1.39,47.85,33.68,18.47
SL_SOIL_04720,Kandy,7.442572,80.593997,Wet Zone,Ultisols,4.97,1.49,17.21,132.39,2.28,56.42,29.53,14.05
SL_SOIL_04721,Colombo,6.858183,79.893221,Wet Zone,Ultisols,5.05,1.101,9.58,117.58,1.77,59.1,24.51,16.39
SL_SOIL_04722,Mullaitivu,9.268872,80.859729,Dry Zone,Alfisols,6.85,0.708,9.83,150.57,1.02,71.31,19.7,8.99
SL_SOIL_04723,Anuradhapura,8.416265,80.380245,Dry Zone,Alfisols,6.9,0.957,9.28,123.28,1.06,57.88,17.68,24.44
SL_SOIL_04724,Badulla,7.023452,80.931958,Up Country Intermediate Zone,Inceptisols,4.23,1.089,15.91,116.97,1.85,51.31,36.37,12.32
SL_SOIL_04725,Galle,6.175175,80.309785,Wet Zone,Ultisols,5.94,1.672,12.01,124.31,2.16,49.75,29.37,20.87
SL_SOIL_04726,Batticaloa,7.50523,81.257824,Dry Zone,Vertisols,6.85,0.829,9.78,135.78,1.06,60.39,18.42,21.19
SL_SOIL_04727,Monaragala,6.612604,81.448062,Intermediate Zone,Alfisols,5.72,1.163,16.29,147.1,1.66,72.86,19.94,7.2
SL_SOIL_04728,Vavuniya,8.666331,80.417783,Dry Zone,Alfisols,6.7,0.709,9.93,143.82,0.84,55.15,17.14,27.71
SL_SOIL_04729,Monaragala,6.917523,81.215218,Intermediate Zone,Alfisols,5.92,0.955,11.02,130.2,1.31,70.47,18.2,11.32
SL_SOIL_04730,Puttalam,8.024287,79.803863,Dry Zone,Alfisols,6.65,0.717,5.29,124.06,0.94,68.45,16.66,14.89
SL_SOIL_04731,Badulla,6.808296,80.902126,Up Country Intermediate Zone,Inceptisols,5.83,1.637,19.32,136.96,2.83,37.12,34.66,28.22
SL_SOIL_04732,Ratnapura,6.683957,80.482668,Wet Zone,Ultisols,4.79,1.661,16.17,131.05,2.35,44.68,30.22,25.09
SL_SOIL_04733,Anuradhapura,8.462453,80.536092,Dry Zone,Alfisols,6.83,1.018,17.28,114.03,1.21,84.34,6.72,8.94
SL_SOIL_04734,Ratnapura,6.72659,80.515576,Wet Zone,Ultisols,4.89,1.245,21.12,126.24,1.92,48.83,32.67,18.5
SL_SOIL_04735,Kurunegala,7.806772,80.257135,Intermediate Zone,Alfisols,6.26,0.925,11.44,123.38,1.36,66.56,21.16,12.28
SL_SOIL_04736,Jaffna,9.764553,79.930909,Dry Zone,Alfisols,7.72,0.8,14.12,159.85,0.89,67.92,17.84,14.24
SL_SOIL_04737,Hambantota,6.199893,80.684963,Dry Zone,Alfisols,6.01,0.653,11.45,138.51,0.77,60.37,17.34,22.3
SL_SOIL_04738,Kegalle,7.089577,80.235467,Wet Zone,Ultisols,5.64,1.352,18.01,125.98,2.32,47.17,27.55,25.28
SL_SOIL_04739,Matara,6.049018,80.663125,Wet Zone,Ultisols,5.3,1.294,16.62,135.49,1.97,53.89,23.9,22.21
SL_SOIL_04740,Jaffna,9.845497,79.708269,Dry Zone,Alfisols,6.89,0.7,17.3,153.73,1.04,64.45,14.38,21.17
SL_SOIL_04741,Trincomalee,8.847679,81.136208,Dry Zone,Alfisols,7.07,1.06,4.31,135.9,1.19,69.84,20.36,9.8
SL_SOIL_04742,Gampaha,7.039442,79.862177,Wet Zone,Ultisols,6.21,1.209,9.89,117.93,1.3,52.8,23.72,23.48
SL_SOIL_04743,Nuwara Eliya,7.033942,80.841426,Up Country Wet Zone,Inceptisols,4.84,1.928,18.08,152.51,3.72,45.3,47.31,7.39
SL_SOIL_04744,Matale,7.645429,80.60238,Intermediate Zone,Alfisols,5.79,1.378,10.36,138.09,2.6,55.36,27.44,17.2
SL_SOIL_04745,Hambantota,6.02396,80.739243,Dry Zone,Alfisols,6.25,1.023,8.94,126.37,1.16,68.25,20.83,10.91
SL_SOIL_04746,Matale,7.777619,80.756286,Intermediate Zone,Alfisols,5.45,1.115,19.11,122.96,1.86,42.93,24.63,32.44
SL_SOIL_04747,Kurunegala,7.727946,80.488249,Intermediate Zone,Alfisols,6.3,1.267,12.93,144.93,1.52,57.23,15.67,27.1
SL_SOIL_04748,Anuradhapura,8.427007,80.689082,Dry Zone,Alfisols,6.31,0.721,19.59,122.52,0.98,61.97,19.9,18.13
SL_SOIL_04749,Hambantota,6.011795,80.98674,Dry Zone,Alfisols,7.68,0.917,12.13,121.45,1.12,60.96,24.45,14.59
SL_SOIL_04750,Trincomalee,8.791653,81.448767,Dry Zone,Alfisols,6.66,0.784,10.77,157.26,1.22,71.88,22.29,5.83
SL_SOIL_04751,Trincomalee,8.636683,81.026625,Dry Zone,Alfisols,6.85,1.023,14.81,155.84,1.1,54.18,18.16,27.66
SL_SOIL_04752,Mannar,8.974211,79.813062,Dry Zone,Alfisols,6.93,0.808,7.22,156.53,0.84,75.76,13.35,10.89
SL_SOIL_04753,Galle,5.98494,80.127312,Wet Zone,Ultisols,5.1,1.259,9.63,111.96,1.75,46.9,30.37,22.73
SL_SOIL_04754,Kalutara,6.598184,80.04045,Wet Zone,Ultisols,5.91,1.469,13.23,125.97,2.31,60.9,33.62,5.48
SL_SOIL_04755,Jaffna,9.610619,79.824152,Dry Zone,Alfisols,7.64,0.982,11.26,152.84,0.98,68.36,12.59,19.05
SL_SOIL_04756,Gampaha,7.002251,79.883999,Wet Zone,Ultisols,4.75,1.272,16.53,110.22,1.51,55.44,20.4,24.16
SL_SOIL_04757,Kegalle,7.298385,80.297879,Wet Zone,Ultisols,5.77,1.37,12.15,150.7,2.42,48.49,28.33,23.18
SL_SOIL_04758,Kalutara,6.522793,80.065723,Wet Zone,Ultisols,5.53,1.379,13.28,131.16,1.58,51.08,21.11,27.81
SL_SOIL_04759,Ampara,7.131832,81.723795,Dry Zone,Vertisols,6.2,1.185,12.33,133.17,1.31,63.12,23.6,13.28
SL_SOIL_04760,Gampaha,7.120045,80.032778,Wet Zone,Ultisols,5.92,1.002,10.84,120.04,1.74,66.61,15.28,18.12
SL_SOIL_04761,Ratnapura,6.874176,80.700943,Wet Zone,Ultisols,5.13,1.364,13.2,120.2,1.93,46.06,29.97,23.97
SL_SOIL_04762,Jaffna,9.814409,79.725219,Dry Zone,Alfisols,6.36,0.609,10.91,159.53,0.82,72.96,17.84,9.2
SL_SOIL_04763,Nuwara Eliya,7.013704,80.732138,Up Country Wet Zone,Inceptisols,5.03,1.603,20.81,136.45,2.9,44.39,39.44,16.17
SL_SOIL_04764,Badulla,6.877749,81.125291,Up Country Intermediate Zone,Inceptisols,5.49,1.64,18.87,148.43,2.36,43.62,41.27,15.12
SL_SOIL_04765,Kilinochchi,9.55898,80.469412,Dry Zone,Alfisols,6.49,0.809,14.5,144.98,0.94,60.24,22.78,16.97
SL_SOIL_04766,Monaragala,6.617602,81.573958,Intermediate Zone,Alfisols,5.85,0.912,15.21,141.65,1.45,70.63,14.99,14.39
SL_SOIL_04767,Galle,6.068244,80.138049,Wet Zone,Ultisols,5.72,1.098,12.77,128.65,1.64,48.69,25.56,25.75
SL_SOIL_04768,Batticaloa,7.528317,81.048281,Dry Zone,Vertisols,6.54,0.882,9.93,156.11,1.28,56.53,19.5,23.97
SL_SOIL_04769,Nuwara Eliya,7.05164,80.684295,Up Country Wet Zone,Inceptisols,4.82,1.589,16.24,158.88,2.84,39.89,33.91,26.2
SL_SOIL_04770,Anuradhapura,8.225211,80.838443,Dry Zone,Alfisols,5.74,0.983,8.59,116.31,1.06,63.69,14.38,21.93
SL_SOIL_04771,Hambantota,6.252919,80.997277,Dry Zone,Alfisols,6.33,0.773,16.53,101.19,0.75,72.86,11.48,15.66
SL_SOIL_04772,Badulla,7.186588,80.867547,Up Country Intermediate Zone,Inceptisols,5.49,1.606,21.7,142.77,2.71,56.89,33.41,9.71
SL_SOIL_04773,Anuradhapura,8.482524,80.397893,Dry Zone,Alfisols,5.88,0.739,15.34,136.13,1.05,63.44,14.78,21.79
SL_SOIL_04774,Mannar,9.000441,80.008038,Dry Zone,Alfisols,7.54,0.846,13.11,133.75,0.93,69.55,20.36,10.1
SL_SOIL_04775,Puttalam,7.872729,79.745242,Dry Zone,Alfisols,7.39,0.797,10.9,133.08,0.86,78.69,11.43,9.89
SL_SOIL_04776,Anuradhapura,8.5229,80.541483,Dry Zone,Alfisols,6.3,0.881,9.06,148.96,0.99,63.04,27.62,9.34
SL_SOIL_04777,Kalutara,6.450459,80.299687,Wet Zone,Ultisols,5.44,1.4,11.11,122.47,2.13,56.74,22.76,20.5
SL_SOIL_04778,Batticaloa,7.508788,81.106225,Dry Zone,Vertisols,5.89,0.884,9.62,146.0,0.83,63.54,25.15,11.31
SL_SOIL_04779,Gampaha,7.167465,80.009432,Wet Zone,Ultisols,6.25,1.168,14.08,98.71,1.29,54.7,14.87,30.43
SL_SOIL_04780,Polonnaruwa,8.09502,81.137406,Dry Zone,Vertisols,6.21,1.252,16.11,167.33,1.73,69.32,19.21,11.47
SL_SOIL_04781,Gampaha,7.233688,79.976873,Wet Zone,Ultisols,5.23,1.247,16.63,126.74,1.72,55.96,25.19,18.84
SL_SOIL_04782,Badulla,7.032972,81.159529,Up Country Intermediate Zone,Inceptisols,5.05,1.339,12.06,148.3,2.75,37.48,39.07,23.46
SL_SOIL_04783,Kalutara,6.627634,80.241542,Wet Zone,Ultisols,5.39,1.403,17.22,113.41,1.67,52.52,35.42,12.06
SL_SOIL_04784,Nuwara Eliya,6.884245,80.663959,Up Country Wet Zone,Inceptisols,5.0,1.607,15.75,137.32,2.96,32.73,38.54,28.73
SL_SOIL_04785,Batticaloa,7.802341,81.174396,Dry Zone,Vertisols,6.68,0.937,14.41,154.76,1.64,53.07,24.45,22.48
SL_SOIL_04786,Jaffna,9.551092,79.749206,Dry Zone,Alfisols,7.1,0.992,14.89,165.45,0.98,71.49,11.72,16.79
SL_SOIL_04787,Hambantota,6.054561,80.836958,Dry Zone,Alfisols,6.9,0.838,11.94,104.72,1.17,66.83,17.01,16.16
SL_SOIL_04788,Colombo,6.83149,79.821283,Wet Zone,Ultisols,6.43,1.221,9.72,137.34,1.32,49.5,20.53,29.97
SL_SOIL_04789,Ampara,7.200482,81.865747,Dry Zone,Vertisols,6.69,1.217,19.74,125.21,1.8,60.19,24.02,15.78
SL_SOIL_04790,Nuwara Eliya,6.853115,80.729987,Up Country Wet Zone,Inceptisols,5.33,1.243,8.84,133.67,1.81,41.52,38.19,20.29
SL_SOIL_04791,Hambantota,6.263834,80.926502,Dry Zone,Alfisols,6.63,0.743,11.9,110.09,0.81,64.14,22.18,13.68
SL_SOIL_04792,Kandy,7.357391,80.719614,Wet Zone,Ultisols,5.61,1.593,17.82,138.42,1.8,53.42,30.7,15.88
SL_SOIL_04793,Gampaha,7.103889,80.135464,Wet Zone,Ultisols,5.44,0.74,13.67,101.82,1.17,54.99,19.15,25.86
SL_SOIL_04794,Kandy,7.227428,80.714047,Wet Zone,Ultisols,4.87,1.866,10.36,144.13,2.55,40.9,36.04,23.06
SL_SOIL_04795,Colombo,6.978132,80.027916,Wet Zone,Ultisols,6.29,1.128,11.45,117.42,1.96,59.16,23.9,16.94
SL_SOIL_04796,Puttalam,7.606403,79.996082,Dry Zone,Alfisols,6.94,0.8,3.63,108.82,0.97,85.0,9.57,5.43
SL_SOIL_04797,Kegalle,7.051491,80.371161,Wet Zone,Ultisols,4.93,1.075,17.72,117.2,1.39,46.11,31.95,21.94
SL_SOIL_04798,Jaffna,9.564464,79.738266,Dry Zone,Alfisols,7.56,0.678,13.41,189.01,0.85,66.31,7.35,26.35
SL_SOIL_04799,Polonnaruwa,7.914507,80.82678,Dry Zone,Vertisols,5.76,1.092,9.44,136.69,1.22,64.06,21.84,14.1
SL_SOIL_04800,Batticaloa,7.981158,81.592127,Dry Zone,Vertisols,6.85,1.007,20.2,156.63,1.27,47.79,22.83,29.38
SL_SOIL_04801,Badulla,7.002538,81.105274,Up Country Intermediate Zone,Inceptisols,4.57,1.368,12.16,154.76,1.83,38.62,33.77,27.61
SL_SOIL_04802,Puttalam,7.939048,80.086857,Dry Zone,Alfisols,6.7,0.816,10.05,117.69,1.17,64.56,19.03,16.41
SL_SOIL_04803,Ampara,7.193632,81.869554,Dry Zone,Vertisols,6.24,0.929,14.1,145.22,1.09,60.8,20.44,18.76
SL_SOIL_04804,Polonnaruwa,7.712793,80.999566,Dry Zone,Vertisols,6.1,0.83,15.96,142.35,1.36,56.29,23.61,20.1
SL_SOIL_04805,Ratnapura,6.663081,80.549758,Wet Zone,Ultisols,5.68,1.614,18.14,136.79,2.48,41.87,35.46,22.67
SL_SOIL_04806,Badulla,6.817593,80.880854,Up Country Intermediate Zone,Inceptisols,5.2,1.762,15.11,130.29,2.43,45.27,30.32,24.41
SL_SOIL_04807,Kandy,7.226017,80.55138,Wet Zone,Ultisols,5.01,1.163,10.39,149.41,1.79,54.33,31.84,13.83
SL_SOIL_04808,Gampaha,7.222288,79.894523,Wet Zone,Ultisols,5.32,0.957,14.4,107.55,1.0,63.65,20.85,15.5
SL_SOIL_04809,Kegalle,7.071842,80.484181,Wet Zone,Ultisols,5.2,1.256,16.45,134.1,2.33,46.61,38.69,14.7
SL_SOIL_04810,Mullaitivu,9.175874,80.587283,Dry Zone,Alfisols,7.04,0.798,7.51,135.93,0.86,65.99,18.4,15.6
SL_SOIL_04811,Colombo,6.844149,79.869153,Wet Zone,Ultisols,5.25,1.168,12.33,131.08,1.81,39.67,27.63,32.71
SL_SOIL_04812,Trincomalee,8.62802,81.062377,Dry Zone,Alfisols,7.2,0.682,14.73,133.28,0.85,63.24,26.63,10.13
SL_SOIL_04813,Mullaitivu,9.335666,80.995976,Dry Zone,Alfisols,5.91,0.937,17.23,160.95,1.02,68.57,24.48,6.95
SL_SOIL_04814,Kandy,7.251726,80.687646,Wet Zone,Ultisols,5.88,1.589,14.66,144.02,2.16,47.59,29.16,23.25
SL_SOIL_04815,Galle,5.950989,80.138704,Wet Zone,Ultisols,5.35,1.251,11.73,131.46,1.45,41.18,39.58,19.24
SL_SOIL_04816,Trincomalee,8.61443,81.426163,Dry Zone,Alfisols,6.34,1.091,11.8,139.26,1.32,63.87,10.2,25.93
SL_SOIL_04817,Hambantota,6.016429,81.015074,Dry Zone,Alfisols,6.79,0.851,9.26,104.78,1.11,55.76,14.81,29.43
SL_SOIL_04818,Kandy,7.331686,80.565406,Wet Zone,Ultisols,5.4,1.45,11.14,139.16,2.46,50.56,40.58,8.86
SL_SOIL_04819,Puttalam,7.973123,79.714951,Dry Zone,Alfisols,7.12,0.843,11.34,125.78,0.79,71.48,9.4,19.11
SL_SOIL_04820,Colombo,6.822517,79.820944,Wet Zone,Ultisols,5.71,0.998,16.14,130.03,1.7,47.5,29.49,23.0
SL_SOIL_04821,Jaffna,9.650498,79.817901,Dry Zone,Alfisols,7.51,0.957,14.57,173.49,0.92,65.97,12.5,21.52
SL_SOIL_04822,Kandy,7.379038,80.638013,Wet Zone,Ultisols,5.06,1.466,14.39,123.29,2.05,48.88,32.75,18.37
SL_SOIL_04823,Hambantota,6.129257,80.995413,Dry Zone,Alfisols,6.35,0.89,13.98,120.7,0.93,78.28,10.66,11.05
SL_SOIL_04824,Mullaitivu,9.094423,80.76903,Dry Zone,Alfisols,6.92,0.554,11.42,132.11,1.19,72.7,18.13,9.17
SL_SOIL_04825,Vavuniya,8.909455,80.430057,Dry Zone,Alfisols,6.59,0.784,8.29,141.09,0.92,60.31,20.96,18.72
SL_SOIL_04826,Jaffna,9.700683,79.991303,Dry Zone,Alfisols,7.67,1.053,17.41,175.14,0.75,70.82,16.98,12.2
SL_SOIL_04827,Nuwara Eliya,6.965557,80.761151,Up Country Wet Zone,Inceptisols,5.11,1.66,16.56,146.27,4.12,34.37,39.52,26.1
SL_SOIL_04828,Ampara,7.086452,81.582105,Dry Zone,Vertisols,6.66,0.947,20.29,142.39,1.11,54.25,25.68,20.08
SL_SOIL_04829,Nuwara Eliya,6.897015,80.737587,Up Country Wet Zone,Inceptisols,4.69,1.74,18.4,142.97,3.71,48.11,37.1,14.79
SL_SOIL_04830,Trincomalee,8.82645,80.844238,Dry Zone,Alfisols,6.59,1.1,10.61,161.49,1.22,60.65,20.61,18.74
SL_SOIL_04831,Jaffna,9.694128,80.186357,Dry Zone,Alfisols,7.51,0.811,12.24,168.75,0.74,58.6,17.83,23.57
SL_SOIL_04832,Kurunegala,7.660658,80.360612,Intermediate Zone,Alfisols,6.42,0.736,7.81,114.56,1.24,56.9,23.68,19.41
SL_SOIL_04833,Badulla,7.118309,81.130281,Up Country Intermediate Zone,Inceptisols,5.11,1.434,15.06,155.13,3.51,40.98,32.62,26.4
SL_SOIL_04834,Kurunegala,7.441887,80.361795,Intermediate Zone,Alfisols,6.22,1.179,18.84,109.54,1.52,66.62,16.68,16.7
SL_SOIL_04835,Kalutara,6.420925,80.096036,Wet Zone,Ultisols,5.16,1.608,23.72,139.67,2.02,43.31,27.35,29.34
SL_SOIL_04836,Anuradhapura,8.480636,80.74331,Dry Zone,Alfisols,6.28,1.014,20.2,128.37,0.91,64.61,22.37,13.02
SL_SOIL_04837,Polonnaruwa,8.036131,81.187829,Dry Zone,Vertisols,6.4,0.94,13.59,166.22,1.54,59.87,22.14,17.99
SL_SOIL_04838,Kegalle,7.13118,80.311137,Wet Zone,Ultisols,5.38,1.316,19.08,130.9,1.88,57.11,34.68,8.21
SL_SOIL_04839,Batticaloa,7.860651,81.481779,Dry Zone,Vertisols,7.36,1.018,9.34,160.87,1.32,57.06,25.64,17.3
SL_SOIL_04840,Batticaloa,7.967813,81.485326,Dry Zone,Vertisols,6.87,0.94,11.49,129.86,1.0,62.01,30.57,7.42
SL_SOIL_04841,Kandy,7.309576,80.645507,Wet Zone,Ultisols,6.11,1.546,19.02,129.24,1.42,44.15,37.71,18.14
SL_SOIL_04842,Hambantota,6.266027,80.567175,Dry Zone,Alfisols,6.56,1.082,18.06,123.72,1.51,75.95,18.82,5.23
SL_SOIL_04843,Puttalam,7.618192,79.91812,Dry Zone,Alfisols,6.38,0.644,8.57,122.59,0.93,76.52,16.43,7.05
SL_SOIL_04844,Ratnapura,6.898887,80.547168,Wet Zone,Ultisols,4.93,1.876,14.92,148.31,3.55,39.92,31.75,28.34
SL_SOIL_04845,Trincomalee,8.436063,80.812311,Dry Zone,Alfisols,6.72,1.034,9.56,122.65,1.31,64.22,19.68,16.1
SL_SOIL_04846,Kilinochchi,9.619175,80.593118,Dry Zone,Alfisols,6.87,0.797,14.79,163.49,1.04,67.85,18.27,13.88
SL_SOIL_04847,Kegalle,7.330903,80.353248,Wet Zone,Ultisols,5.33,1.119,18.96,100.01,1.33,50.06,34.74,15.2
SL_SOIL_04848,Hambantota,6.0752,81.093804,Dry Zone,Alfisols,6.47,0.704,10.41,104.79,0.95,65.63,18.49,15.88
SL_SOIL_04849,Jaffna,9.556417,79.784383,Dry Zone,Alfisols,7.26,0.475,10.67,176.21,0.87,68.99,19.46,11.55
SL_SOIL_04850,Kurunegala,7.757496,80.433229,Intermediate Zone,Alfisols,6.64,1.073,11.51,127.8,1.57,57.75,22.66,19.6
SL_SOIL_04851,Anuradhapura,8.041686,80.55139,Dry Zone,Alfisols,6.58,0.595,14.95,137.67,0.88,61.14,14.32,24.54
SL_SOIL_04852,Mullaitivu,9.141374,80.700055,Dry Zone,Alfisols,6.52,0.772,18.34,150.85,0.92,63.76,19.11,17.14
SL_SOIL_04853,Matara,6.029474,80.49598,Wet Zone,Ultisols,5.17,1.331,13.1,128.74,1.9,47.85,22.72,29.43
SL_SOIL_04854,Galle,6.198233,80.171457,Wet Zone,Ultisols,5.62,1.484,19.9,115.56,2.41,52.93,37.13,9.94
SL_SOIL_04855,Trincomalee,8.602982,81.455804,Dry Zone,Alfisols,6.23,1.066,17.07,137.42,1.33,61.58,16.2,22.22
SL_SOIL_04856,Polonnaruwa,7.933263,81.284632,Dry Zone,Vertisols,6.08,1.051,11.88,130.64,1.31,67.95,23.12,8.93
SL_SOIL_04857,Monaragala,7.036651,81.485322,Intermediate Zone,Alfisols,5.77,0.853,16.92,145.76,1.19,61.16,23.31,15.54
SL_SOIL_04858,Batticaloa,7.70244,81.151265,Dry Zone,Vertisols,6.68,1.199,14.56,143.69,1.49,53.24,20.42,26.34
SL_SOIL_04859,Anuradhapura,8.007831,80.396119,Dry Zone,Alfisols,5.89,0.883,10.39,125.74,1.07,71.2,19.77,9.04
SL_SOIL_04860,Batticaloa,7.808423,81.473255,Dry Zone,Vertisols,7.24,0.893,16.98,135.39,1.26,60.51,17.33,22.16
SL_SOIL_04861,Colombo,6.928407,79.989355,Wet Zone,Ultisols,5.81,1.335,18.24,136.51,2.69,56.43,23.61,19.96
SL_SOIL_04862,Kegalle,7.201796,80.454196,Wet Zone,Ultisols,5.34,1.228,15.07,160.18,2.37,44.99,29.23,25.79
SL_SOIL_04863,Vavuniya,8.77168,80.580915,Dry Zone,Alfisols,6.35,1.349,17.31,147.54,1.37,70.07,21.05,8.89
SL_SOIL_04864,Matale,7.648688,80.741282,Intermediate Zone,Alfisols,5.42,1.422,19.01,121.81,1.76,55.99,21.07,22.94
SL_SOIL_04865,Kilinochchi,9.571807,80.263945,Dry Zone,Alfisols,6.9,0.79,5.45,169.58,0.88,65.24,16.44,18.32
SL_SOIL_04866,Ampara,7.361037,81.683337,Dry Zone,Vertisols,6.51,1.131,18.25,123.22,1.5,60.78,28.19,11.03
SL_SOIL_04867,Gampaha,7.235583,79.918913,Wet Zone,Ultisols,6.03,1.309,19.49,128.78,2.45,53.44,28.81,17.74
SL_SOIL_04868,Matara,6.089658,80.673706,Wet Zone,Ultisols,5.53,1.428,13.77,126.47,2.03,58.59,23.35,18.05
SL_SOIL_04869,Kilinochchi,9.320826,80.552638,Dry Zone,Alfisols,7.29,1.018,13.07,150.44,1.01,62.66,14.82,22.52
SL_SOIL_04870,Kurunegala,7.933099,80.564584,Intermediate Zone,Alfisols,5.81,1.011,15.36,145.78,1.48,73.68,16.93,9.39
SL_SOIL_04871,Kalutara,6.60763,80.223653,Wet Zone,Ultisols,5.63,1.467,16.18,110.27,1.7,40.29,28.83,30.88
SL_SOIL_04872,Colombo,6.857193,79.820539,Wet Zone,Ultisols,6.01,1.265,17.21,118.94,2.09,62.51,27.17,10.32
SL_SOIL_04873,Kilinochchi,9.573019,80.467443,Dry Zone,Alfisols,6.44,0.675,12.75,159.04,1.15,68.03,10.19,21.78
SL_SOIL_04874,Ampara,7.145387,81.790108,Dry Zone,Vertisols,6.54,1.009,18.49,135.73,1.3,56.71,29.8,13.49
SL_SOIL_04875,Kurunegala,7.84688,80.299334,Intermediate Zone,Alfisols,6.06,1.152,16.04,126.77,1.3,57.41,28.73,13.87
SL_SOIL_04876,Ampara,7.394164,81.759579,Dry Zone,Vertisols,6.37,0.876,17.43,127.55,1.27,52.69,28.79,18.52
SL_SOIL_04877,Monaragala,7.160963,81.499689,Intermediate Zone,Alfisols,5.76,0.961,5.23,113.65,1.64,64.08,20.04,15.89
SL_SOIL_04878,Jaffna,9.571959,80.198601,Dry Zone,Alfisols,7.77,0.776,6.71,164.77,1.02,67.23,23.09,9.68
SL_SOIL_04879,Kurunegala,7.917021,80.378695,Intermediate Zone,Alfisols,6.27,0.926,13.98,117.66,1.28,61.82,21.55,16.62
SL_SOIL_04880,Nuwara Eliya,7.097309,80.66132,Up Country Wet Zone,Inceptisols,4.87,1.509,17.86,142.37,2.66,47.54,36.99,15.47
SL_SOIL_04881,Puttalam,8.193335,79.769845,Dry Zone,Alfisols,6.29,0.621,16.42,128.78,0.86,77.16,15.99,6.85
SL_SOIL_04882,Kandy,7.302154,80.592747,Wet Zone,Ultisols,5.37,1.302,14.05,125.86,1.09,43.7,31.51,24.79
SL_SOIL_04883,Mullaitivu,9.296257,80.92689,Dry Zone,Alfisols,6.42,0.915,10.9,170.34,0.86,61.22,17.04,21.74
SL_SOIL_04884,Ratnapura,6.629809,80.328181,Wet Zone,Ultisols,4.87,1.376,9.45,140.75,2.39,53.95,32.69,13.36
SL_SOIL_04885,Vavuniya,8.698875,80.313649,Dry Zone,Alfisols,6.7,0.914,10.37,152.95,1.16,63.5,18.7,17.79
SL_SOIL_04886,Kalutara,6.622194,80.182346,Wet Zone,Ultisols,5.77,1.16,11.18,118.73,1.75,47.54,32.35,20.11
SL_SOIL_04887,Jaffna,9.697922,79.845816,Dry Zone,Alfisols,7.32,0.795,9.17,167.03,0.77,75.19,13.56,11.25
SL_SOIL_04888,Nuwara Eliya,6.961695,80.771279,Up Country Wet Zone,Inceptisols,5.24,1.826,22.52,153.32,3.52,48.98,39.56,11.45
SL_SOIL_04889,Colombo,6.926945,79.987316,Wet Zone,Ultisols,5.6,1.126,22.41,111.7,1.55,57.53,25.53,16.94
SL_SOIL_04890,Monaragala,6.616092,81.34592,Intermediate Zone,Alfisols,5.98,0.787,14.19,132.72,1.01,64.26,29.02,6.72
SL_SOIL_04891,Ratnapura,6.894602,80.658776,Wet Zone,Ultisols,5.86,1.644,10.34,125.05,2.03,45.99,39.21,14.81
SL_SOIL_04892,Vavuniya,8.964863,80.611453,Dry Zone,Alfisols,6.16,0.928,11.99,148.35,0.85,59.18,20.14,20.69
SL_SOIL_04893,Matara,6.139869,80.510198,Wet Zone,Ultisols,6.2,1.15,11.59,123.72,1.56,53.79,34.08,12.13
SL_SOIL_04894,Puttalam,8.186031,79.77589,Dry Zone,Alfisols,6.51,0.89,3.0,125.22,0.61,79.2,14.53,6.27
SL_SOIL_04895,Vavuniya,8.898606,80.395457,Dry Zone,Alfisols,6.11,0.811,14.77,127.32,0.92,66.05,24.2,9.76
SL_SOIL_04896,Jaffna,9.572706,80.103969,Dry Zone,Alfisols,7.53,0.813,10.25,166.15,0.6,67.06,7.19,25.75
SL_SOIL_04897,Trincomalee,8.758457,80.919823,Dry Zone,Alfisols,7.26,1.096,18.52,160.92,1.33,68.55,17.01,14.44
SL_SOIL_04898,Hambantota,6.338158,80.917731,Dry Zone,Alfisols,5.81,1.144,12.82,105.1,1.68,68.53,23.26,8.21
SL_SOIL_04899,Nuwara Eliya,6.894224,80.762052,Up Country Wet Zone,Inceptisols,4.5,1.38,11.51,142.91,2.33,44.12,45.55,10.34
SL_SOIL_04900,Kilinochchi,9.641448,80.412458,Dry Zone,Alfisols,6.88,0.653,7.12,161.17,0.89,58.84,12.64,28.52
SL_SOIL_04901,Kegalle,7.204892,80.304947,Wet Zone,Ultisols,5.49,1.105,22.18,131.7,1.83,40.65,30.2,29.16
SL_SOIL_04902,Galle,6.043185,80.316812,Wet Zone,Ultisols,6.1,1.459,8.69,132.17,1.62,50.89,35.52,13.59
SL_SOIL_04903,Trincomalee,8.805657,81.324658,Dry Zone,Alfisols,6.82,1.249,12.15,151.16,1.27,62.59,14.86,22.55
SL_SOIL_04904,Colombo,6.824444,79.903723,Wet Zone,Ultisols,5.63,1.253,10.47,111.56,1.19,51.56,13.43,35.02
SL_SOIL_04905,Badulla,6.959482,81.08803,Up Country Intermediate Zone,Inceptisols,5.55,1.42,18.38,121.31,1.84,42.55,30.9,26.56
SL_SOIL_04906,Matale,7.419724,80.607166,Intermediate Zone,Alfisols,5.44,1.582,13.43,131.17,2.19,47.14,39.35,13.51
SL_SOIL_04907,Hambantota,6.29337,80.935882,Dry Zone,Alfisols,6.33,0.98,14.58,101.29,1.34,69.09,6.85,24.07
SL_SOIL_04908,Kurunegala,7.518059,80.433962,Intermediate Zone,Alfisols,6.42,0.803,13.06,93.26,1.01,73.7,17.28,9.03
SL_SOIL_04909,Ratnapura,6.558987,80.698249,Wet Zone,Ultisols,6.05,1.198,9.86,135.29,2.51,36.8,30.0,33.21
SL_SOIL_04910,Polonnaruwa,7.706915,80.865447,Dry Zone,Vertisols,5.54,1.194,10.53,145.31,1.09,53.53,27.06,19.4
SL_SOIL_04911,Gampaha,7.17628,79.876035,Wet Zone,Ultisols,5.42,0.923,19.37,114.49,1.49,53.23,21.65,25.13
SL_SOIL_04912,Kilinochchi,9.380909,80.573769,Dry Zone,Alfisols,7.05,0.883,7.94,151.72,1.14,61.24,27.39,11.37
SL_SOIL_04913,Nuwara Eliya,7.083486,80.863465,Up Country Wet Zone,Inceptisols,4.84,1.999,19.52,161.07,3.68,40.17,37.52,22.31
SL_SOIL_04914,Matara,6.108708,80.502488,Wet Zone,Ultisols,5.29,0.977,17.66,135.04,1.46,62.14,25.97,11.9
SL_SOIL_04915,Kandy,7.307084,80.636922,Wet Zone,Ultisols,5.87,1.61,19.09,146.86,2.46,59.38,26.54,14.08
SL_SOIL_04916,Kurunegala,7.890276,80.530407,Intermediate Zone,Alfisols,5.89,1.046,9.69,133.08,0.99,54.24,11.35,34.41
SL_SOIL_04917,Kilinochchi,9.531945,80.468665,Dry Zone,Alfisols,6.91,0.735,8.37,164.55,1.37,68.23,15.47,16.3
SL_SOIL_04918,Matale,7.740784,80.845662,Intermediate Zone,Alfisols,5.81,1.267,14.72,145.18,1.7,49.73,29.99,20.28
SL_SOIL_04919,Batticaloa,7.802899,81.323517,Dry Zone,Vertisols,7.33,0.753,15.95,165.12,1.48,53.47,17.67,28.86
SL_SOIL_04920,Kurunegala,7.547477,80.472077,Intermediate Zone,Alfisols,6.84,1.0,17.85,150.05,1.31,63.82,15.98,20.2
SL_SOIL_04921,Gampaha,7.073731,79.985549,Wet Zone,Ultisols,5.15,1.32,14.41,122.01,2.46,58.68,25.1,16.23
SL_SOIL_04922,Badulla,6.959876,81.106138,Up Country Intermediate Zone,Inceptisols,4.87,1.097,14.25,143.22,1.51,49.8,40.4,9.8
SL_SOIL_04923,Kilinochchi,9.530198,80.389647,Dry Zone,Alfisols,7.07,0.722,7.01,160.76,0.94,65.42,8.91,25.67
SL_SOIL_04924,Kegalle,7.2951,80.335024,Wet Zone,Ultisols,5.19,1.373,12.28,134.69,2.25,44.19,24.73,31.08
SL_SOIL_04925,Mullaitivu,9.158567,80.985042,Dry Zone,Alfisols,6.74,0.936,6.85,140.23,1.01,71.23,17.57,11.2
SL_SOIL_04926,Kandy,7.311858,80.738293,Wet Zone,Ultisols,4.88,1.359,19.12,118.23,1.39,45.76,33.84,20.4
SL_SOIL_04927,Badulla,7.176708,80.868803,Up Country Intermediate Zone,Inceptisols,4.89,1.517,19.29,139.2,2.23,48.17,32.97,18.86
SL_SOIL_04928,Galle,6.048904,80.228773,Wet Zone,Ultisols,5.35,1.453,7.18,132.04,1.73,56.31,35.69,8.0
SL_SOIL_04929,Kilinochchi,9.537714,80.48448,Dry Zone,Alfisols,7.33,0.938,4.93,165.93,0.92,64.58,23.39,12.03
SL_SOIL_04930,Badulla,7.181327,80.894458,Up Country Intermediate Zone,Inceptisols,5.3,1.636,16.06,148.29,2.76,35.81,33.48,30.7
SL_SOIL_04931,Ratnapura,6.863886,80.301453,Wet Zone,Ultisols,4.84,1.273,10.21,109.61,1.81,41.55,37.52,20.92
SL_SOIL_04932,Kandy,7.444411,80.744834,Wet Zone,Ultisols,4.88,1.475,15.92,144.86,2.08,44.16,27.17,28.67
SL_SOIL_04933,Batticaloa,7.914904,81.122501,Dry Zone,Vertisols,6.81,1.018,14.33,153.3,1.31,65.63,23.75,10.62
SL_SOIL_04934,Colombo,6.969598,80.041919,Wet Zone,Ultisols,5.42,1.442,14.51,126.85,2.01,52.2,21.12,26.68
SL_SOIL_04935,Monaragala,7.264264,81.127385,Intermediate Zone,Alfisols,5.67,1.178,11.51,118.67,1.15,61.55,23.32,15.13
SL_SOIL_04936,Kalutara,6.567702,80.287435,Wet Zone,Ultisols,6.01,1.422,15.02,117.38,2.42,46.33,22.2,31.47
SL_SOIL_04937,Vavuniya,8.791887,80.369799,Dry Zone,Alfisols,6.43,1.068,16.63,153.58,1.49,55.52,20.98,23.49
SL_SOIL_04938,Nuwara Eliya,6.955897,80.756149,Up Country Wet Zone,Inceptisols,4.95,1.693,4.25,124.66,3.32,34.13,40.51,25.37
SL_SOIL_04939,Kurunegala,7.867109,80.319523,Intermediate Zone,Alfisols,5.95,1.311,15.23,141.22,1.16,57.55,19.8,22.65
SL_SOIL_04940,Kegalle,7.286631,80.2364,Wet Zone,Ultisols,5.31,1.388,14.14,147.3,2.17,42.81,29.71,27.48
SL_SOIL_04941,Colombo,6.866556,79.874103,Wet Zone,Ultisols,5.63,1.335,17.65,136.6,1.74,49.04,20.73,30.24
SL_SOIL_04942,Nuwara Eliya,6.990621,80.824905,Up Country Wet Zone,Inceptisols,4.42,1.668,19.69,157.35,3.77,31.45,35.53,33.02
SL_SOIL_04943,Nuwara Eliya,6.939037,80.782205,Up Country Wet Zone,Inceptisols,5.32,1.635,18.46,154.98,3.63,40.78,37.71,21.51
SL_SOIL_04944,Polonnaruwa,8.199841,80.802744,Dry Zone,Vertisols,6.36,1.169,16.29,150.33,1.39,62.89,24.96,12.15
SL_SOIL_04945,Ampara,7.190128,81.772742,Dry Zone,Vertisols,5.81,1.258,18.49,138.18,1.81,48.03,26.42,25.55
SL_SOIL_04946,Matale,7.413432,80.695086,Intermediate Zone,Alfisols,5.51,1.204,20.12,122.88,1.92,60.16,29.37,10.47
SL_SOIL_04947,Trincomalee,8.672173,81.35795,Dry Zone,Alfisols,7.02,1.226,15.02,132.42,1.37,63.9,13.92,22.19
SL_SOIL_04948,Jaffna,9.738814,79.831621,Dry Zone,Alfisols,7.39,0.509,12.56,176.4,0.58,57.94,16.87,25.19
SL_SOIL_04949,Polonnaruwa,7.846247,81.089756,Dry Zone,Vertisols,5.77,1.071,11.65,142.52,1.2,60.04,32.0,7.96
SL_SOIL_04950,Kurunegala,7.446375,80.189705,Intermediate Zone,Alfisols,5.42,0.942,9.26,114.83,0.85,54.49,21.49,24.02
SL_SOIL_04951,Galle,6.034832,80.334805,Wet Zone,Ultisols,5.62,1.659,11.75,114.47,2.15,51.62,28.64,19.74
SL_SOIL_04952,Kalutara,6.487717,80.287789,Wet Zone,Ultisols,5.03,1.323,18.27,130.69,1.44,50.6,26.85,22.55
SL_SOIL_04953,Mullaitivu,9.358719,80.568966,Dry Zone,Alfisols,6.86,0.953,11.65,121.48,0.8,59.49,15.92,24.59
SL_SOIL_04954,Batticaloa,7.528522,81.302951,Dry Zone,Vertisols,6.87,1.193,14.61,134.44,1.62,58.17,20.11,21.72
SL_SOIL_04955,Anuradhapura,8.297746,80.467948,Dry Zone,Alfisols,6.37,0.839,14.37,129.19,0.81,64.49,28.98,6.53
SL_SOIL_04956,Puttalam,8.10256,79.908166,Dry Zone,Alfisols,6.85,0.54,7.05,128.28,0.61,71.03,13.37,15.6
SL_SOIL_04957,Kalutara,6.6509,80.025397,Wet Zone,Ultisols,5.67,1.162,14.57,117.51,1.28,49.58,24.55,25.87
SL_SOIL_04958,Kandy,7.39221,80.606453,Wet Zone,Ultisols,5.69,1.375,15.52,136.01,2.1,45.93,30.1,23.97
SL_SOIL_04959,Matale,7.676111,80.660219,Intermediate Zone,Alfisols,5.32,1.249,5.52,120.69,1.44,48.32,29.21,22.47
SL_SOIL_04960,Colombo,6.875927,79.825002,Wet Zone,Ultisols,5.73,1.17,12.95,132.62,1.85,57.49,22.63,19.88
SL_SOIL_04961,Kandy,7.207077,80.673881,Wet Zone,Ultisols,5.76,1.353,15.85,119.03,1.38,42.56,37.77,19.67
SL_SOIL_04962,Mannar,8.946742,80.006481,Dry Zone,Alfisols,7.13,0.611,8.33,163.97,0.79,70.49,12.12,17.39
SL_SOIL_04963,Ratnapura,6.811296,80.386114,Wet Zone,Ultisols,5.67,1.567,16.18,140.86,3.15,32.75,34.73,32.52
SL_SOIL_04964,Jaffna,9.606815,79.712943,Dry Zone,Alfisols,7.67,0.735,9.23,165.8,0.9,67.14,9.8,23.06
SL_SOIL_04965,Monaragala,7.080641,81.365753,Intermediate Zone,Alfisols,5.69,0.821,7.61,121.7,1.04,64.59,26.01,9.4
SL_SOIL_04966,Kegalle,7.064652,80.215503,Wet Zone,Ultisols,4.74,1.499,7.93,118.87,2.5,51.04,27.71,21.25
SL_SOIL_04967,Polonnaruwa,7.874253,80.822494,Dry Zone,Vertisols,6.81,1.02,17.0,125.21,0.89,64.69,19.38,15.94
SL_SOIL_04968,Anuradhapura,8.580439,80.338972,Dry Zone,Alfisols,6.06,0.868,8.04,135.32,0.93,65.39,6.82,27.79
SL_SOIL_04969,Ratnapura,6.557236,80.381382,Wet Zone,Ultisols,4.97,1.351,16.89,120.72,1.86,34.69,29.97,35.33
SL_SOIL_04970,Kegalle,7.320737,80.406163,Wet Zone,Ultisols,5.75,1.884,17.23,133.6,2.8,44.25,32.51,23.25
SL_SOIL_04971,Mullaitivu,9.340144,80.851202,Dry Zone,Alfisols,6.44,0.764,11.79,167.39,0.8,52.84,14.96,32.19
SL_SOIL_04972,Monaragala,6.944211,81.066596,Intermediate Zone,Alfisols,6.2,1.162,15.12,130.06,1.55,63.73,20.83,15.44
SL_SOIL_04973,Vavuniya,8.93206,80.415749,Dry Zone,Alfisols,6.14,1.036,5.07,145.11,1.04,68.62,18.18,13.21
SL_SOIL_04974,Monaragala,7.257698,81.349906,Intermediate Zone,Alfisols,6.04,1.173,13.38,140.39,1.3,67.86,26.78,5.36
SL_SOIL_04975,Matale,7.515054,80.650343,Intermediate Zone,Alfisols,5.96,1.597,5.09,124.77,1.96,54.88,31.48,13.63
SL_SOIL_04976,Kandy,7.444564,80.651593,Wet Zone,Ultisols,6.08,1.305,14.76,120.65,1.35,49.79,33.25,16.96
SL_SOIL_04977,Vavuniya,8.761709,80.581426,Dry Zone,Alfisols,6.29,0.834,6.36,139.81,1.0,62.21,29.5,8.29
SL_SOIL_04978,Jaffna,9.74636,80.068005,Dry Zone,Alfisols,7.46,0.735,14.24,177.96,0.92,66.83,17.93,15.24
SL_SOIL_04979,Trincomalee,8.470133,81.416049,Dry Zone,Alfisols,6.67,1.229,10.91,117.48,1.33,64.68,14.63,20.69
SL_SOIL_04980,Jaffna,9.807505,80.191434,Dry Zone,Alfisols,7.59,0.688,18.0,190.17,0.72,72.17,10.49,17.34
SL_SOIL_04981,Galle,6.029016,80.311373,Wet Zone,Ultisols,4.78,1.544,20.58,133.91,2.78,51.21,25.87,22.92
SL_SOIL_04982,Ampara,7.153655,81.847246,Dry Zone,Vertisols,6.36,1.177,12.98,137.97,1.21,51.23,32.74,16.04
SL_SOIL_04983,Colombo,6.874527,80.015144,Wet Zone,Ultisols,5.5,1.318,13.18,121.2,1.93,58.55,26.14,15.31
SL_SOIL_04984,Trincomalee,8.852555,81.216118,Dry Zone,Alfisols,6.83,0.941,8.67,130.87,1.07,76.42,12.88,10.7
SL_SOIL_04985,Polonnaruwa,8.155582,81.268096,Dry Zone,Vertisols,6.63,1.428,16.7,169.45,1.85,62.4,20.52,17.07
SL_SOIL_04986,Hambantota,6.219578,80.855361,Dry Zone,Alfisols,6.51,0.945,8.02,89.06,1.33,67.18,11.83,20.99
SL_SOIL_04987,Nuwara Eliya,6.948945,80.87076,Up Country Wet Zone,Inceptisols,5.14,2.082,22.39,165.41,4.8,38.31,38.58,23.11
SL_SOIL_04988,Puttalam,7.915796,80.103912,Dry Zone,Alfisols,6.58,0.566,6.14,112.25,0.71,80.37,14.08,5.54
SL_SOIL_04989,Mullaitivu,9.163156,80.930515,Dry Zone,Alfisols,6.16,0.795,12.12,147.54,1.19,70.13,18.79,11.07
SL_SOIL_04990,Kalutara,6.569776,80.217014,Wet Zone,Ultisols,5.42,1.4,19.52,134.84,1.71,46.41,29.84,23.75
SL_SOIL_04991,Galle,5.961778,80.2746,Wet Zone,Ultisols,4.97,1.535,23.0,144.72,2.09,45.31,25.34,29.36
SL_SOIL_04992,Badulla,7.078649,81.113211,Up Country Intermediate Zone,Inceptisols,4.68,1.323,20.85,149.13,2.04,52.75,36.81,10.44
SL_SOIL_04993,Hambantota,6.12292,80.850688,Dry Zone,Alfisols,6.37,0.926,12.09,133.14,1.55,73.25,12.17,14.58
SL_SOIL_04994,Badulla,7.038154,81.09749,Up Country Intermediate Zone,Inceptisols,4.79,1.616,15.26,130.95,2.46,47.64,30.99,21.37
SL_SOIL_04995,Matale,7.506579,80.587052,Intermediate Zone,Alfisols,5.87,1.115,9.32,120.49,1.63,61.06,26.27,12.66
SL_SOIL_04996,Jaffna,9.574632,80.070298,Dry Zone,Alfisols,7.5,0.644,9.32,167.3,0.74,67.29,16.13,16.58
SL_SOIL_04997,Monaragala,6.638412,81.251821,Intermediate Zone,Alfisols,6.41,1.0,9.74,142.22,1.42,57.79,27.02,15.19
SL_SOIL_04998,Trincomalee,8.644689,81.155727,Dry Zone,Alfisols,6.2,0.772,10.37,130.12,0.89,67.14,21.42,11.44
SL_SOIL_04999,Mannar,9.000441,79.962036,Dry Zone,Alfisols,6.74,0.714,8.26,167.42,0.77,79.61,9.82,10.57
SL_SOIL_05000,Monaragala,6.901514,81.208985,Intermediate Zone,Alfisols,5.78,1.004,11.39,119.21,1.23,69.64,25.04,5.32
