N,P,K,temperature,humidity,ph,rainfall
0.7853514734303315,0.8475889585490238,-0.7672920945361879,-2.0959962263911978,0.1433550919912475,0.9372754799443346,-1.1910548439493605
0.05144164276081677,-0.38244275521316456,-0.6133924967820551,0.5510351544439702,-0.3637685268908712,1.3143162721658832,0.5084864925513292
-0.8455592613908124,-0.7061353114663721,-0.3671531403754427,0.41679321242064926,-1.2460925949355754,0.12840473456794824,0.23156570843330992
1.6823523775819607,0.2002038460426089,-0.7672920945361879,-1.4501976284424158,0.3626027407584442,0.30645708283086903,-1.230572200053591
-0.6009226511676408,-1.2887819127221456,-0.5826125772312286,0.557775335633426,-0.467037143938124,1.0805824957733985,0.404349161795078
0.7038059366892744,-0.835612333967655,-0.2748133817229631,-1.7128232025643872,-1.3178095130300416,1.5614610029415443,0.6892128061628178
0.9484425469124459,0.3296808685438919,-0.7672920945361879,-0.7462393494292411,-0.18947616853136293,-1.4394305045839437,-1.219426807297285
1.1523063887650888,-0.965089356468938,-0.551832657680402,-0.2493613618038668,-0.36779441132698343,0.0383597551380571,-1.1282729606631634
-0.7232409562792266,-0.7708738227170135,-0.7365121749853614,0.638938350789785,-0.4609515046742335,1.8392593437358902,0.3774387189700326
-0.7232409562792266,-1.0945663789702211,-0.6441724163328817,2.140313710740993,-0.9915256232660566,-0.5536380883478269,-0.055868397316498244
-0.6009226511676408,-0.05875019895995708,-0.18247362307048343,-0.588617148339793,-0.9303883549688159,0.5556394242033916,-0.324983591897347
-0.030103893980240427,-1.0298278677195796,-0.5826125772312286,0.8841124415562283,0.17925774588706692,0.07667676766141446,0.37730144825748224
1.1930791571356176,0.07072682354132591,-0.7980720140870144,-1.0889986512549488,-0.3012784237940246,-0.9378814137108186,-1.1202865158855746
-0.3562860409444692,-0.12348871021059858,-0.18247362307048343,-0.7433604748143744,0.4092949100621341,-1.0345165955159725,-1.0437599586363984
-0.030103893980240427,0.005988312290684412,1.3257424349200175,0.631074806068754,0.974042233751189,-0.6494306196562221,0.9024345964923274
0.09221441113134538,0.3944193797945334,1.9413408259365486,0.6063608083740837,1.4003178578818698,-0.8122779228804942,1.8725267220848794
0.37762378972504557,-0.31770424396252306,1.5719817913266299,0.0033954328007131064,0.7306166631955623,-1.07283360803933,1.1101709414850252
1.1523063887650888,0.005988312290684412,-0.2748133817229631,-1.883574459363926,0.3605161707315641,0.6131149429884293,0.08480716722150836
-0.5601498827971122,-1.0298278677195796,-0.7672920945361879,0.054508473487416734,-0.130267229596358,0.2912520377922204,0.42397079894196527
0.8261242418008602,-0.965089356468938,-0.1516937035196569,-1.2488740640235352,-0.6580325916048468,1.0729190932687278,-1.167303599931615
-0.3970588093149978,-0.9003508452182966,-0.6133924967820551,0.2803045433341757,-0.5397839394464788,-1.1322249774505362,-0.1541111621808863
0.09221441113134538,-1.1593048902208625,-0.4287129794770958,0.20447750495280173,-0.07053433959078503,-1.0517592511514828,0.38280842625508615
-0.9678775665023982,0.2649423572932504,-0.6441724163328817,0.14830932837400532,-0.04151052156299849,-0.049769373665667194,0.1686768810071064
-0.7232409562792266,-0.31770424396252306,-0.24403346217213653,0.09663460592151404,0.42689645131769505,-0.25668124129180064,0.31404387401521255
-1.0494231032434553,0.005988312290684412,-0.49027281857874894,0.8282251058603272,-0.3626450242575375,0.3199897971847384,0.6425273059827408
-0.3970588093149978,-0.44718126646380607,-0.39793305992626926,0.9826875914520143,-1.1593020165105499,-1.038348296768308,0.2645026046975706
0.21453271624293116,-0.5766582889650891,-0.49027281857874894,1.0200394288769141,-2.6469131282637663,0.948388802567813,0.09749797917590816
0.9076697785419173,0.7828504472983824,-0.49027281857874894,-0.6812946396948052,-0.20956779046582594,0.35064340720342496,-1.239306126038115
-0.8455592613908124,-0.7708738227170135,-0.5826125772312286,1.312956469735333,-0.31124477878252244,-2.1936062243475565,0.05335871613450816
0.7038059366892744,0.6533734247970994,0.9563834003100989,-0.5262704723373294,1.3138081551151783,-0.3639688763572036,1.1574243655934964
-0.43783157768552644,-0.6413968002157305,-0.4287129794770958,-0.428257004207331,-0.4923159531881317,-0.5632173414786663,0.004159277806942433
0.2960782529839884,0.3296808685438919,-0.7365121749853614,0.5765916747873225,0.6059078708955248,-0.4597614076656004,-1.0553337638122031
1.3969429989882605,2.1423591835618536,2.1260203432415077,-1.13625686998305,1.266246543637387,-2.143794108067191,0.3431075829194773
0.37762378972504557,0.2649423572932504,-0.1516937035196569,-0.42404439096392216,0.9009209373650571,0.11307792955860496,-1.1903193227358722
0.45916932646610276,-0.6413968002157305,-0.028574025316350685,-0.9028780962981544,-0.819348844707672,0.501995606670691,0.45905557812024733
-1.2125141767255698,-1.0298278677195796,-0.7057322554345348,1.132375782034505,-0.9830057282966096,0.1667217470913056,0.5197050088240626
-0.31551327257394063,-0.5119197777144475,-0.8288519336378409,1.383447531341721,-0.2781950763186243,-0.1225716974600482,0.38829656317449673
2.7832171235862324,2.207097694812495,3.4187769643762227,-2.8047325552561744,1.3083778923873983,-0.5670490427310034,0.355922207673432
1.356170230617732,0.1354653347919674,-0.7672920945361879,0.24688447826979237,0.811696103234475,1.0748349438948945,-1.187310133390163
-0.31551327257394063,0.07072682354132591,-0.4594928990279224,-0.6259689857646917,-0.019789470651881046,0.4732578472781712,-1.18985637052884
0.25530548461345975,0.6533734247970994,0.002205894234475865,-0.041539108462323435,0.878450884698383,1.1495531183154442,-1.2132596812273566
0.17375994787240256,-0.5119197777144475,-0.3671531403754427,-0.7661085863287875,-1.278299670424474,-0.06509617867501047,0.328812587736059
2.9870809654388757,3.5666064310759666,2.033680584589028,-2.0818481226870746,1.062424440906771,-1.0134422386281254,0.3137128093555324
0.744578705059803,1.1065430035515897,-0.8288519336378409,1.0540211757070852,-0.6673951135492941,0.8813340306519359,-1.1029747758149337
-0.9678775665023982,0.5238964022958164,-0.6749523358837082,0.5024298234444823,1.9138699846890137,1.6414941991398306,-1.2663027197201142
0.33685102135451694,0.4591578910451749,1.3257424349200175,0.09186031091231657,1.3392742148040753,-1.6092717833663448,2.553631698767986
0.6222603999482171,0.5238964022958164,1.2949625153691908,-0.7422371112827991,-0.5601942372853734,-1.3065673844318146,1.4390177371034218
1.1115336203945603,0.2649423572932504,-0.3671531403754427,-0.8837809162613635,1.2425593631179357,-1.2261016581327628,-1.262316465677174
-0.274740504203412,-0.7061353114663721,2.27991994099564,1.0380132453821287,1.9799515914625965,-1.3084832350579831,1.2085832760531516
1.6823523775819607,0.7181119360477408,-0.7672920945361879,-0.012621782123832673,-0.35520140080697143,1.1885565341377426,-1.1850488996428223
-0.7640137246497553,-1.2887819127221456,-0.5210527381295754,1.4831460447690834,0.5442088512816186,1.6974863973994652,1.0053472571660225
-1.4571507869487414,0.3944193797945334,-0.1516937035196569,-0.5071732923005395,-0.18456985687415228,2.0423395101096884,0.23548734428008836
0.21453271624293116,0.4591578910451749,-0.4287129794770958,0.08652433413733045,0.7701265058011292,0.2720935315305417,-1.1265584225475849
-0.274740504203412,-1.48299744647407,-0.39793305992626926,0.733020046559268,-0.7653270930882119,-0.5670490427310034,0.009329807979667998
-0.6009226511676408,-0.9003508452182966,-0.24403346217213653,0.7268415471356009,-0.04637903297411167,0.32956905031557776,-0.03135615458718374
-0.31551327257394063,0.005988312290684412,-0.49027281857874894,-0.6871922982355789,-0.05883118716022603,0.30657884280156367,-1.194488584181761
0.4183965580955742,0.9770659810503068,1.695101469529936,0.623211261347723,1.4111783833374285,0.08625602079225379,1.1705754381723292
-0.31551327257394063,-0.9003508452182966,0.1561054919886086,-0.20976279731581637,-0.8265579866048969,0.1149937801847735,-1.1815689877064441
-0.7232409562792266,0.005988312290684412,-0.30559330127378964,-0.055861993489916856,-0.28512334255751504,-0.33331526633851705,0.7490386125913315
-1.1309686399845127,0.5238964022958164,-0.6441724163328817,0.2651391356579003,-1.3874666762967287,1.4177722059789508,0.47812544083433484
-0.43783157768552644,-1.2887819127221456,-0.49027281857874894,0.979879182623075,-0.7715063575715473,-0.48275161517961446,0.11660283246378274
0.4999420948366314,1.1065430035515897,-0.6749523358837082,-0.23177456088573317,0.15522172341747764,-1.129820694118181,-1.1150432187772843
0.33685102135451694,-0.5119197777144475,-0.9519716118411472,-1.044643832976017,0.02126511691935304,-0.1294351537784182,-1.183633967669318
0.010668874390288173,-0.5119197777144475,1.6027617108774563,-0.8638412135758916,0.4102311622565793,-2.3602852288241656,1.1362631431999668
0.54071486320716,0.4591578910451749,1.4488621131233237,1.335423740366851,1.173089450290137,-1.3391368450766696,2.676066408032405
0.37762378972504557,-0.5119197777144475,-0.8288519336378409,0.7170121162343116,1.1489341436734637,-1.2261016581327628,-1.1253149113868357
0.2960782529839884,0.5238964022958164,-0.12091378396883033,0.6046757630767198,-0.6486700696603995,-0.26817634504880855,-1.1745708729489808
0.37762378972504557,-0.7708738227170135,-0.21325354262130997,0.9141624160258838,-0.8112970758354476,0.8679230762687612,-0.09535929720938328
0.744578705059803,0.9770659810503068,-0.7980720140870144,-1.6217859511522814,-0.6970996580776085,0.49061669542245856,-1.2457586171404178
-0.8455592613908124,-0.7708738227170135,-0.5826125772312286,0.5827701742109896,-0.28643409562973726,-0.7318121965814424,0.1763909567359101
-0.8455592613908124,0.2649423572932504,-0.8596318531886675,0.4400265973218397,1.9024441707560003,0.43838056063243674,-1.2659440966460145
-0.6416954195381694,-1.2887819127221456,-0.5210527381295754,1.539595062230773,-1.7438978867218333,0.43877253600714927,-0.2098080809024969
0.9484425469124459,0.005988312290684412,-0.4594928990279224,-1.0983433507923634,0.6268799200510868,-0.6245245615160394,0.17118812757199608
-0.8047864930202838,-0.18822722146124007,-0.5826125772312286,0.7571723624881507,-1.140015221304989,-0.7088219890674283,0.04525166934624673
0.9076697785419173,-0.44718126646380607,-0.7365121749853614,-0.2900340499914964,-0.7858998597066607,0.591514353661541,-1.1709274967333367
0.9892153152829746,0.3296808685438919,-0.18247362307048343,-0.48779527138085427,-0.7046579508881944,1.4465099653714688,0.07536240388153194
-0.5193771144265836,-1.0298278677195796,-0.6749523358837082,-0.32153746870761957,-1.3932714399022859,0.5403126191940483,0.17850654065874338
-0.8047864930202838,0.6533734247970994,-0.1516937035196569,-0.3861308717732347,0.6307185540483099,0.05751826139973578,1.0077293077661589
-0.7232409562792266,-0.25296573271188155,-0.5210527381295754,-0.08310355913063211,0.46303578602326084,0.7357293830631756,0.5838642632370056
0.25530548461345975,-0.05875019895995708,-0.05935394486717723,-1.4215912070033323,-1.7125334382079351,1.0863300476519024,0.6959471458255768
0.37762378972504557,0.07072682354132591,-0.49027281857874894,1.1048533755108954,-0.8988366560160291,0.046023157642727894,-0.042211307209048914
0.6222603999482171,0.005988312290684412,0.43312476794604754,1.1764678006488596,1.297891867809618,-1.737633775319595,1.553103157145667
-0.5193771144265836,-0.12348871021059858,-0.7057322554345348,0.4929010916849166,-0.3666709086936497,1.0805824957733985,0.8222335097891994
-0.478604346056055,-0.7061353114663721,0.3100050897427414,-0.3220991504734072,0.006706466450904654,-0.26817634504880855,-1.242937070964199
0.4999420948366314,-0.6413968002157305,-0.6133924967820551,0.616190239275373,1.069259081926218,-1.365958753843021,-1.2633688744733926
-0.7640137246497553,-1.2887819127221456,-0.7672920945361879,0.23115738882772935,-0.7055942030826389,0.2031229089884961,0.4655745911750843
-0.11164943072129763,0.2002038460426089,1.5412018717758034,-0.17718525490011502,1.6095702233402647,-0.20495327438526856,1.1318973962243495
-0.8047864930202838,-0.6413968002157305,-0.24403346217213653,1.284029858797253,-0.6825623990992985,0.21270216211933543,-0.12291033669299631
-1.2532869450960984,-0.05875019895995708,-0.7365121749853614,0.6958683812820603,1.613236800399212,0.16874183723419264,-1.290545605819889
0.6222603999482171,-0.9003508452182966,-0.2748133817229631,-0.585247057745065,-0.1534862840185875,1.4196880566051193,0.26842693212694824
-1.090195871613984,-0.5119197777144475,-0.7980720140870144,1.4067573246219218,-1.2744610364272508,1.3258113759228911,0.2640288861601425
-1.0086503348729268,-0.6413968002157305,-0.4594928990279224,0.23649336560271447,-1.0258860788021775,1.5882829117078936,0.31080590014858633
1.1523063887650888,0.005988312290684412,1.6027617108774563,0.0553509961360987,0.6157385189371948,-0.49807842018895776,1.321328287961083
-1.375605250207684,0.9770659810503068,-0.5826125772312286,0.31653301722749827,0.2184867128343004,1.4139405047266154,0.8550304437583107
0.6630331683187457,-0.5119197777144475,-0.7057322554345348,-0.975409056891079,-0.5249039353923222,-0.9838865700338348,-1.226068793835475
-0.886332029761341,-1.5477359577247114,-0.7980720140870144,-0.7032002285605363,-0.11509994404635362,-1.0211056411327961,0.38283803366367536
-1.1717414083550413,-0.05875019895995708,-0.12091378396883033,-0.6240030995844345,-1.1159535399077594,-0.06126447742267508,1.0272513563568826
2.4162622082514753,2.012882161060571,2.526159297402253,-1.8063432165680817,0.6759395350399903,-1.2375967618897707,1.4905561607095394
0.010668874390288173,0.4591578910451749,-0.3671531403754427,-0.5172835640847221,-0.07147059178523023,-0.5268161795814758,0.1750828475927843
0.2960782529839884,0.5886349135464579,-0.4287129794770958,0.32383488018274165,0.6995330903399968,-0.4597614076656004,-1.1018981427753238
-1.294059713466627,-0.5766582889650891,0.06376573333612896,0.5574944947505316,-0.5787320307353789,1.0748349438948945,1.1481949288614417
-0.5601498827971122,-0.9003508452182966,-0.5210527381295754,0.6470827363937104,-0.6812516460270763,0.5173224116800342,-0.3591693824875549
-0.31551327257394063,-1.4182589352234285,-0.4287129794770958,0.3246774028314236,-0.8587650620937947,0.5115748598015303,0.5171453137723904
1.437715767358789,0.3944193797945334,-0.7980720140870144,-0.2546503482823273,0.3024177242693988,0.25393756499547865,-1.2096832425715158
0.744578705059803,-0.12348871021059858,0.5254645265985272,0.2536246594592471,0.6748160324066566,-0.27009219567497705,1.337798081884513
0.54071486320716,-0.6413968002157305,-0.2748133817229631,1.4415815941007746,-1.0388999843049596,1.3411381809322342,-0.09807241246919976
1.437715767358789,-0.9003508452182966,-0.3363732208246162,-0.7152763865249772,0.8586959633955995,0.30657884280156367,-1.1737633981692737
-0.6009226511676408,0.9770659810503068,-0.9827515313919737,1.0439559564173355,2.104744654886404,1.2231223226301693,-1.2928548530673483
-0.5601498827971122,-0.5119197777144475,-0.21325354262130997,0.23171907059351698,0.15894107326761528,0.0824243195399184,-0.15294032375031072
0.6222603999482171,1.3654970485541558,-0.39793305992626926,-1.220789975734138,1.542160065340245,0.30657884280156367,-1.2249034675507358
-0.8455592613908124,0.9123274697996654,0.24844525064108824,-1.5297149469175133,0.7369831781177861,1.264504155885518,-1.1748400312088831
0.2960782529839884,0.5886349135464579,-0.9519716118411472,-0.9749792355366266,-0.5887350193997413,1.2013917485858465,-1.237095782688954
0.09221441113134538,-0.12348871021059858,0.06376573333612896,-2.079601395623923,0.4532051379815909,-0.07850713305818521,0.26604218994421247
-0.43783157768552644,-1.48299744647407,-0.551832657680402,0.2690709080184158,-1.8405191131885288,-0.6647574246655653,-0.22150569887785665
0.45916932646610276,-0.7061353114663721,-0.1516937035196569,1.0000997261914413,-1.148347865835547,0.13223643582028363,0.10012496379255591
-0.478604346056055,0.5238964022958164,0.002205894234475865,0.7170121162343116,1.0553089242289915,-0.4597614076656004,-1.2329782153478088
0.8261242418008602,-0.6413968002157305,2.033680584589028,-0.01598258811897112,0.26202243987598023,-0.8716692922917004,1.3031439559220745
-1.2532869450960984,-0.44718126646380607,-0.39793305992626926,0.41426564447460335,-0.5741443949825998,1.354549135315409,0.5421016676305441
-0.15242219909182622,-0.5119197777144475,-0.551832657680402,1.3137989923840152,-0.6003594564270521,-0.34481037009552495,0.039087945194481104
0.05144164276081677,0.9770659810503068,0.3407850092935679,1.699955206363235,0.04415655422869266,0.8813340306519359,-1.1086270992728846
0.6630331683187457,-0.25296573271188155,2.310699860546467,1.0764884463386029,0.2557495501731999,-0.5153210758244696,3.0277378240905275
-0.11164943072129763,1.0418044923009484,-0.3363732208246162,0.014909908999366313,0.6901705683955501,0.30657884280156367,-1.0211506648045938
-0.2339677358328834,0.5238964022958164,-0.7980720140870144,0.32383488018274165,1.0646714461734383,-1.2261016581327628,-1.1091654157926896
0.21453271624293116,0.5238964022958164,1.8797809868348954,1.526395540734756,1.1478106410401299,-1.1245615749458637,1.4900851337547103
0.7038059366892744,1.1065430035515897,-0.6749523358837082,-2.028177315234187,0.36506853786417875,-1.0853733695831191,-1.171872981361092
1.7231251459524892,3.825560476078533,2.526159297402253,-1.669854547481609,0.2734447166482058,-1.986694356721423,0.9810664905402241
-1.0086503348729268,0.7181119360477408,0.37156492884439446,1.447198411758654,1.776223113951425,0.49816390541835387,-1.2469744448627353
0.17375994787240256,-0.7061353114663721,0.09454565288695552,0.17021491723973645,-0.2934559870880729,0.21844971399783938,0.4585011121048483
-1.8241057022834988,0.8475889585490238,-0.9519716118411472,0.6817179016640678,1.490249408873898,0.9353370682611906,-1.311149292905634
-0.43783157768552644,0.1354653347919674,-0.8596318531886675,-0.3591701470154127,0.10323406769815453,0.42344573099780597,-1.051237175096488
-1.1717414083550413,-0.5119197777144475,-0.5210527381295754,-0.713310500344719,-0.5612241146992629,0.9004925369136145,0.7761482325287046
0.17375994787240256,0.07072682354132591,-0.5210527381295754,0.6175944436898436,-1.5513108103245548,0.24527162276419057,-0.3650827894576114
-0.478604346056055,-0.18822722146124007,-0.5210527381295754,0.7318966830276927,-1.6941828951968187,-0.11682414558154426,-0.29598178939285974
-0.2339677358328834,-0.835612333967655,-0.18247362307048343,1.100079080501698,-0.8667232057465749,0.948388802567813,-0.09143766136260485
1.3969429989882605,-0.5119197777144475,-0.7057322554345348,0.239582615314549,1.2893719728401716,-0.8429315328991808,-1.0254571969630328
0.7038059366892744,1.1712815148022313,1.079503078513405,0.49037352373887066,1.1094243010678952,-0.6954110346842519,2.6446044990324094
-0.3562860409444692,-0.18822722146124007,1.0487231589625785,-0.9346131160651737,0.16287333248428326,0.17630100022214665,0.7562197549655285
-0.43783157768552644,-0.7061353114663721,-0.3363732208246162,0.8035111081656569,-0.9657786879188263,-0.6800842296749086,0.3777213351429302
-0.478604346056055,-1.224043401471504,-0.8288519336378409,-0.19515907140532962,-1.0562206499021864,0.7299818311846716,0.30838885897466245
-1.1309686399845127,-0.18822722146124007,-0.7057322554345348,0.587899780679998,2.3282519740076744,1.3852450760536814,-1.2667676432422421
1.0299880836535031,0.9123274697996654,-0.3671531403754427,0.5796809244991561,-0.45130810707145275,1.0805824957733985,-1.2484628900399959
-0.030103893980240427,-1.0298278677195796,1.2949625153691908,-0.22352400057762117,0.8545764537400431,-0.4329394988992492,1.9454309283620523
-0.7232409562792266,-0.7061353114663721,-0.39793305992626926,0.3524806502379275,-0.6239530117270593,1.5308073929228576,0.31923324526613145
1.0707608520240317,0.3944193797945334,-0.8288519336378409,-2.1638943459108213,-0.4225704975944994,-1.5830286090095957,-1.1284582451719063
0.54071486320716,-0.44718126646380607,-0.6749523358837082,-1.5577990352069115,-0.7329327671604249,0.49816390541835387,-1.1500774712978594
-1.375605250207684,-1.1593048902208625,-0.7057322554345348,0.3120395631011951,-0.6167438698298351,0.6418527023809474,0.7469526360770877
-0.8047864930202838,0.2649423572932504,-0.5210527381295754,1.3373896265471092,-1.3104131206939282,0.6111990923622608,0.8769560756099631
1.3969429989882605,0.6533734247970994,0.06376573333612896,-0.18532964050404035,-0.030743621326884688,0.34681170595108957,0.034095059473290924
-0.886332029761341,0.6533734247970994,-0.49027281857874894,0.14156914718455058,0.4050817751871327,1.2779151102686928,0.8758283025009717
0.6630331683187457,0.5886349135464579,-0.890411772739494,-0.17946723030247866,-0.8567682664810845,-1.0521995078778263,-1.1986315302129897
-1.0494231032434553,0.5886349135464579,-0.39793305992626926,-0.30075524337346576,1.2377844769262674,0.5115748598015303,0.8121535329558532
1.6008068408409035,0.2002038460426089,1.2949625153691908,0.7880648596064881,-0.1663129390824802,-0.5114893745721325,1.3038195431544297
-0.19319496746235482,-1.0945663789702211,-0.3671531403754427,0.36455680820236935,0.31342268535099466,-0.26051294254413776,0.47614174445885366
0.8668970101713888,0.3296808685438919,2.156800262792334,0.11432758154383434,2.0181506809959413,0.04027560576422395,0.8435992924602544
-0.030103893980240427,-0.18822722146124007,0.3100050897427414,0.690332232359383,1.7589024483541988,-0.1992057225067646,1.873584514046296
-1.0086503348729268,-0.38244275521316456,-0.12091378396883033,0.047768292297962,0.04846331432313898,-0.09191808744136164,0.8318720670763056
-0.31551327257394063,-0.18822722146124007,-0.21325354262130997,-0.44173736658624246,-0.23690635454361192,-0.13406680121705608,0.19043563473761926
-0.478604346056055,1.0418044923009484,-0.4287129794770958,0.5765916747873225,-0.48950719660479747,-0.26817634504880855,-1.2625856239370765
-0.478604346056055,-0.25296573271188155,-0.7057322554345348,1.362665306007567,-0.873276971107688,0.4866688016613477,0.2896958178244383
-1.1717414083550413,0.1354653347919674,-0.12091378396883033,-1.4176594346428157,-0.8911593880215823,-0.013368211768476686,0.44188597272107105
-0.9271047981318696,-0.7708738227170135,-0.30559330127378964,0.983249273217803,-0.4314595605492244,-0.8180254747589981,1.043923018975239
-0.9678775665023982,-0.18822722146124007,-0.7672920945361879,1.0284348441040134,1.9691505105313682,0.04892305428941722,-1.2653986782778588
-0.682468187908698,-0.5766582889650891,2.4030396191989465,0.9473016402073737,0.9590621986400738,-0.007620659889972742,0.48903980827337834
1.437715767358789,0.07072682354132591,-0.12091378396883033,-1.5072476762859957,-0.6809707703687429,0.661011208642626,-1.0586040366700176
0.8261242418008602,-0.18822722146124007,-0.1516937035196569,-1.2550525634472034,-1.4081578497939566,0.45793104226882797,0.1164709449164306
0.744578705059803,-0.5119197777144475,1.4488621131233237,0.34152785580506295,1.0996872782456704,-1.5881974264784977,1.788145607605467
-1.090195871613984,0.005988312290684412,-0.6749523358837082,0.19970320994360327,0.05342545095369575,-0.4080334407590666,0.07428307925932331
-1.1717414083550413,-1.353520423972787,-0.551832657680402,0.5838935377425659,-0.8127950793465589,-0.9406399148337444,-0.1446502493453158
-0.9271047981318696,-0.5766582889650891,-0.6749523358837082,-0.2226814779289392,-0.5444652004187022,0.11690963081094036,0.35404079143671413
-1.294059713466627,0.3944193797945334,-0.551832657680402,0.22217048057512204,-1.2872876914911437,1.3238955252967226,0.26022837153032
-1.1309686399845127,0.1354653347919674,0.06376573333612896,0.5091898628927672,0.309864927012105,-0.2068691250114354,0.6515575656024674
-0.3562860409444692,-0.9003508452182966,-0.7057322554345348,0.6664607573133956,-1.4993488135328727,0.632273449250108,0.14390624634828555
-1.49792355531927,0.4591578910451749,-0.30559330127378964,0.8422671500050253,-1.0142765515910628,-0.30074580569366366,0.5611446145186411
0.8668970101713888,-0.6413968002157305,-0.30559330127378964,-2.327303054336411,-1.4450461862550785,0.22802896712867873,0.6888763583379398
-0.9678775665023982,0.8475889585490238,0.2792251701919148,1.0262179283005812,-0.17707983931859403,-0.7892877153664801,0.46897944316285006
2.049307292916718,1.494974071055439,3.110977768867957,-1.746524108511665,1.0295619888817613,-1.4732463889084237,0.16457490912619333
-0.7640137246497553,-1.2887819127221456,-0.8596318531886675,1.4404582305691993,-1.1569613860244383,1.6265999242312528,-0.36200361896432753
-0.682468187908698,-0.965089356468938,-0.551832657680402,0.6805028014580947,-0.7268471278965337,-0.6992427359365889,-0.2599737973831123
2.1308528296577753,3.631344942326608,1.2949625153691908,-1.8532436440113764,0.16446496121484022,-1.8966493772915318,0.7188740464040659
-0.19319496746235482,-0.7061353114663721,-0.21325354262130997,0.0654612679202823,-0.5966144476492733,-1.710811866553244,0.4402306494226711
-0.5193771144265836,-0.44718126646380607,-0.551832657680402,-0.1999333664145271,-1.9530566269607839,-0.24518613753479446,0.161304636268379
1.2746246938766748,-0.38244275521316456,-0.9519716118411472,-1.46872535303778,-0.5538881265459784,-1.4914264089480977,-1.2270294480612634
-1.090195871613984,-0.38244275521316456,-0.18247362307048343,-0.09237130826613374,0.2951657675593232,-0.28158729943198496,0.06254239596237897
-0.7640137246497553,-0.7061353114663721,-0.3363732208246162,0.6847154147015035,-0.8100799479826696,0.4905005029136831,0.027586812748850074
1.1523063887650888,-0.25296573271188155,-0.3363732208246162,0.6661799164305013,0.20659630996485157,-0.5977026527496899,-1.0960735580310352
0.7853514734303315,0.7828504472983824,-0.8596318531886675,-2.161512186140302,-0.20922419340048226,-0.09791839749297465,-1.182279202579589
-0.478604346056055,0.3296808685438919,-0.551832657680402,-1.4451818411664263,0.3846714773482375,-1.2548394175252826,-1.02800343410171
-1.6610146288013843,0.3296808685438919,-0.7980720140870144,0.982684715641374,1.84183951105337,1.2477258296394669,-1.2651902976218234
-0.7640137246497553,0.005988312290684412,-0.3671531403754427,0.8417054682392376,-1.3215545218078204,-1.314230786936487,-0.4569788025535001
0.010668874390288173,-0.835612333967655,0.06376573333612896,1.025937087417687,0.07224412006203533,-0.4597614076656004,-1.0779430576440074
2.7016715868451753,2.012882161060571,1.9105609063857218,-2.5516949197686993,0.43036058443713976,-2.1303831536840163,0.3561375342813541
-0.8047864930202838,-0.12348871021059858,-0.890411772739494,0.8309286852129083,1.541411708662451,0.6993445135597086,-1.2478609057756762
-0.7640137246497553,-0.7061353114663721,-0.21325354262130997,1.2649326787604631,-1.4574047152217493,0.2912520377922204,-0.24277458457534687
-1.0086503348729268,-0.38244275521316456,-0.6749523358837082,1.1639118091855412,1.4059233551878758,1.4944684750966601,-1.2615197230447637
1.3153974622472033,-0.5766582889650891,1.3257424349200175,-0.1679175057646134,1.1720595728762482,-0.7758767609833054,1.7342170586514152
0.45916932646610276,-0.12348871021059858,0.1561054919886086,-0.7178039544710231,-0.06641482993522854,0.44260423725948467,0.29599412110615536
0.4183965580955742,-0.5766582889650891,0.9563834003100989,0.365118489968157,-0.14318750987969564,0.13223643582028363,1.258606338656019
0.9484425469124459,1.1065430035515897,0.032985813785302416,1.2506097937328697,-0.26480666993806473,0.6897489680351457,-0.9500928841903516
-0.9678775665023982,0.6533734247970994,-0.6133924967820551,-1.4173785937599226,0.6901705683955501,-1.6092717833663448,-0.9775470267003997
0.9484425469124459,0.7828504472983824,1.4180821935724972,1.0144226112190347,1.2213064383040402,0.16097419521280334,2.513906631188986
-0.2339677358328834,-1.353520423972787,-0.551832657680402,1.1753444371172832,-0.5323875471103655,0.02494880075488067,-0.13045215113546255
0.7038059366892744,-0.965089356468938,-0.21325354262130997,0.6821878467554576,-2.2902946673997726,0.22419726587634334,0.15903294055480233
-0.31551327257394063,-0.25296573271188155,-0.30559330127378964,-0.3538341702404276,-0.3584318893825368,-0.2221959300207787,0.3767442906594842
0.45916932646610276,0.6533734247970994,-0.8596318531886675,-0.7451914000999492,-0.4692899446058742,-0.5870693081835849,-1.2327163047392866
0.7853514734303315,0.2649423572932504,2.0644605041398543,0.982406750569121,1.1754300807762492,-0.47891991392727906,2.956992267057773
1.0707608520240317,0.7181119360477408,-0.6441724163328817,-1.5858831234963087,0.8961460511733889,0.30657884280156367,-1.0846720141415682
-1.4571507869487414,-0.18822722146124007,-0.4594928990279224,1.2716728599499179,0.01812874322313023,0.34298000469875417,0.008266632853053436
-0.274740504203412,-1.4182589352234285,-0.30559330127378964,0.22076627616065242,-1.1732521742077764,-0.20112157313293147,-0.2500472407579106
0.8668970101713888,-0.9003508452182966,-0.7365121749853614,0.042993997288763526,0.6620830025622088,-1.6092717833663448,-1.1522307373770788
0.9076697785419173,1.3007585373035144,2.095240423690681,0.30080592778543624,0.6835231778149928,-1.676326555282222,2.5425746774511944
2.4162622082514753,1.5597125823060802,2.587719136503906,-2.4896290846491302,0.04986769261480612,-1.206943151871084,0.2385315241995848
0.09221441113134538,0.3944193797945334,1.8490010672840689,0.9863385229296365,0.21867396327318891,0.18588025335298597,2.1645284435052323
1.5192613040998464,0.3296808685438919,-0.2748133817229631,-1.1182830534778354,-0.6411800521048419,-0.4080334407590666,0.6904832331495573
-0.8455592613908124,-0.5119197777144475,-0.7672920945361879,0.05928276849661421,0.7310847892927842,0.6284417479977726,0.23061019661065624
2.049307292916718,1.9481436498099294,2.37225969964812,-2.050113102920055,0.7493417070844569,-2.19935377622606,0.4183453913100043
0.54071486320716,-0.31770424396252306,0.1561054919886086,-1.4555729538335034,-1.112489406788314,1.0575922882593844,0.8169176341561263
2.3754894398809467,1.8186666273086463,3.387997044825396,-2.6763882717736265,0.6183600250816405,-1.4732463889084237,0.6182842215133287
-1.49792355531927,-0.6413968002157305,-0.551832657680402,0.3844965108878412,-0.4614196307714555,0.1992912077361607,0.6076686197427769
0.010668874390288173,1.1712815148022313,-0.3671531403754427,-0.10809839770819678,0.7487799557677901,0.287420336539885,-1.0162627508047657
-0.8455592613908124,-0.965089356468938,-0.24403346217213653,-0.20723522936977049,0.032359776578690075,0.84110116750241,0.5556295617732403
-0.5601498827971122,-0.5766582889650891,-0.6133924967820551,0.4592001857376399,-0.9340397385271504,-0.34864207134786035,-0.13883643093142337
-0.8455592613908124,0.3944193797945334,-0.2748133817229631,1.699955206363235,1.5327975433957983,-0.4597614076656004,-1.005001169210448
1.8046706826935466,-0.25296573271188155,-0.890411772739494,-1.838276630760004,0.29748671615180267,-0.4353323196973076,-1.1725497002693508
1.2746246938766748,0.1354653347919674,-0.18247362307048343,-0.7880141751945177,-1.5178866069828783,-0.5210686277029736,-0.26488593562633167
0.5814876315776886,-0.835612333967655,0.9256034807592723,0.6029907177793559,0.727714281392783,-0.6417672171515513,0.9441164446208182
0.37762378972504557,0.07072682354132591,1.7566613086315892,-0.4804934084256109,0.11943123066204836,-0.5268161795814758,1.319907132348798
-0.15242219909182622,-0.835612333967655,-0.49027281857874894,0.22778729823300148,-0.05414992618800269,-0.7049902878150912,0.2000203603727447
1.9677617561756608,2.595528762316344,2.310699860546467,-0.6939324794250347,1.5147278760430154,-0.47700406330111056,0.10562925020756055
-0.6009226511676408,0.9123274697996654,-0.551832657680402,0.6673032799620776,-0.5604751129437069,-0.10916074307687178,-1.2594014817224306
0.45916932646610276,-0.9003508452182966,-0.30559330127378964,-2.0984177347778195,-0.5960526963326065,-0.08425468493668915,0.27139843931627095
-1.8241057022834988,-0.38244275521316456,-0.7672920945361879,0.8370790921230599,2.2469336033449916,1.3981305490112597,-1.2514700801050662
0.9892153152829746,-0.5119197777144475,0.06376573333612896,1.025937087417687,1.7668605920069784,1.6476742811191,-1.2246343092908334
-1.2125141767255698,0.5886349135464579,-0.09013386441800378,-0.20386513877504261,-0.5821025386353801,1.0748349438948945,0.015671176582969307
0.7853514734303315,-0.835612333967655,0.6178042852510068,-0.8486758058996162,-0.5637519956242637,0.2605984277735338,0.7276997457462666
1.4784885357293178,-0.12348871021059858,-0.6749523358837082,-1.7501750399892861,-0.12202821028524438,1.0422654832500413,-0.04469563794794837
-1.0086503348729268,-0.05875019895995708,-0.5210527381295754,-0.6624783005409086,0.01663073971201818,-0.5536380883478269,0.8070798997566924
1.763897914323018,-0.5119197777144475,-0.890411772739494,-0.5474850016593403,0.9082365292642851,-0.16702412965287997,-1.1620190227746465
-0.6416954195381694,-0.965089356468938,-0.551832657680402,1.0402599724452803,-1.6067369402356821,-0.16472041123574266,0.06604145334111078
0.9892153152829746,1.2360200260528729,-0.12091378396883033,-1.0522854459977506,1.3455471045068543,0.6897489680351457,-1.1823764624861515
-1.5386963236897986,-0.7708738227170135,-0.3671531403754427,-0.4077556197560705,-0.4803319250992393,-0.7126536903197637,0.5203590633956257
-1.0086503348729268,0.005988312290684412,-0.5210527381295754,-0.29822767542741985,0.03966254369535917,0.2759252327828771,0.24695079456933303
0.6222603999482171,0.2649423572932504,-0.9211916922903206,-0.3184729891616554,0.4950784930769024,0.49974834645565663,-1.128645436128604
0.54071486320716,0.1354653347919674,0.24844525064108824,1.7561233829420304,-0.32098180160474743,-0.4597614076656004,-1.1866829946445903
-0.886332029761341,-0.12348871021059858,-0.09013386441800378,-0.027216223434731002,-1.0314099667494012,-1.2701662225346257,0.7733436034605214
0.05144164276081677,-0.6413968002157305,-0.5826125772312286,-0.050806857597825064,-0.4899753227020194,0.13798398769878759,0.5809815782734504
0.6630331683187457,-0.5766582889650891,-0.6133924967820551,0.6299514425371777,-1.2466543462522424,2.3910243240722484,-0.3270426525856006
1.1930791571356176,-0.835612333967655,-0.49027281857874894,-1.7091722710867652,-0.8365758850854553,-1.2816613262916319,-0.07086858714086093
-1.0086503348729268,0.07072682354132591,-0.4287129794770958,-0.04322415375968736,0.16193708028983939,1.0307703794930334,1.1713667634564422
0.4183965580955742,0.07072682354132591,1.0487231589625785,-0.3473748299338652,0.03001914609257774,-0.09766563931986559,1.6505519051433428
-0.43783157768552644,0.5886349135464579,-0.39793305992626926,-0.968033181129557,1.2893719728401716,2.030844406352682,-1.0219581395843012
-2.1502878492477278,0.2649423572932504,-0.9827515313919737,1.1575393076883798,1.9532945571897224,0.11778269543638947,-1.2517817690305855
-1.090195871613984,-1.2887819127221456,-0.4287129794770958,0.5858594239228232,-1.6102946985745716,0.4445200878856532,-0.4054323041995851
-0.9271047981318696,-0.31770424396252306,-0.4287129794770958,1.2991952664735285,-1.294684083827257,0.7242342793061677,0.09733379263736758
0.744578705059803,0.5238964022958164,0.002205894234475865,0.5204234982085271,-0.31161927966030073,-0.6513464702823906,-1.1899128937634196
1.5192613040998464,0.07072682354132591,-0.9519716118411472,-1.9292070446834397,0.05990065820192908,-0.49238115172598823,-1.1539482515486212
-0.7232409562792266,0.5238964022958164,-0.4594928990279224,0.0031145919178187853,0.6293141757566428,1.212776188978984,-0.040582899736639144
0.09221441113134538,0.8475889585490238,-0.028574025316350685,1.025937087417687,1.691960416451401,1.264504155885518,-1.119931746188787
-1.8648784706540273,0.3296808685438919,-0.7672920945361879,0.5683806877680189,2.0570796249912138,0.12059998251992932,-1.2757525062261161
2.7832171235862324,2.8544828073189104,2.37225969964812,-2.7362073798300433,-0.2704241831047326,-1.9004810785438673,0.9640314642709992
3.068626502179933,2.207097694812495,2.3414797800972935,-1.4373182964453943,-0.3258503130158599,-2.4215924488615386,0.47879833648409087
0.5814876315776886,0.5886349135464579,0.8948235612084458,1.105415057276683,0.926855123151176,-0.3199043119553423,1.95622417458414
-0.7640137246497553,0.005988312290684412,-0.7980720140870144,0.7347595862215487,1.8473184354889558,1.533562115988349,-1.2665414131408748
-0.19319496746235482,0.2649423572932504,-0.7672920945361879,0.4361712333403335,-0.7516578110493188,1.0729190932687278,-1.2375539057661502
3.4355814175146904,4.084514521081099,3.6342364012320085,-1.720405906402525,-0.04113602068522147,-1.8200153522448155,0.615452676619155
0.33685102135451694,-0.7708738227170135,-0.39793305992626926,-0.8191875131957493,-0.754279317193764,1.8986507131470964,0.019127168640116526
-1.701787397171913,0.9123274697996654,-0.6749523358837082,0.7171286455418503,1.9734741812129488,1.0021969234502142,-1.273154557595072
-1.1309686399845127,-0.9003508452182966,-0.5210527381295754,-0.4094406650534344,0.4201554355176928,0.6361051505024434,0.277158426078183
-0.43783157768552644,0.4591578910451749,-0.21325354262130997,-0.38332246294429445,-0.8535220498049045,-0.45784555703943186,-1.1865268828538469
-0.3970588093149978,-0.31770424396252306,-0.6133924967820551,0.41033387211408684,-1.0763500720827481,-1.241428463142106,0.36440607602555686
-0.274740504203412,-0.18822722146124007,-0.5210527381295754,0.9071413939535347,-0.968400194063272,1.6457584304929314,-0.15392005981635568
-0.7232409562792266,-0.965089356468938,-0.5210527381295754,0.3794413749957494,-0.03561213273799653,-0.5708807439833388,0.4178447569465857
-0.9678775665023982,-0.835612333967655,-0.49027281857874894,0.9206217563324451,-0.9010836612826966,0.14947909145579547,0.6986979432417796
-1.5386963236897986,0.9770659810503068,-0.8288519336378409,0.651415611319993,1.9462703410171878,0.17127915340232897,-1.3033945639708238
0.13298717950187397,-0.7061353114663721,1.1718428371658847,-1.1446820964698696,1.5375724295874666,-0.9233972591982342,0.9188263345203854
-0.7640137246497553,0.005988312290684412,-0.7672920945361879,0.5841301798873101,2.063352138320611,0.09560952158041078,-1.2518933181992606
-0.11164943072129763,-1.353520423972787,-0.7365121749853614,1.0253754056518993,-1.3969228234606204,1.038433781997704,-0.27642205864575
-0.31551327257394063,0.005988312290684412,0.09454565288695552,0.09916217386755995,-0.8171954646604496,0.1149937801847735,-1.2631239404568813
-0.030103893980240427,-1.0945663789702211,-0.8288519336378409,-0.15359462073702096,-0.7142077232715301,0.8813340306519359,-1.260432357857857
-0.682468187908698,0.4591578910451749,0.24844525064108824,0.8197998793735075,-1.359004609585609,0.8660072256425926,1.047650860874888
1.1930791571356176,0.07072682354132591,1.5719817913266299,-0.16454741516988552,0.9871497644734152,-1.766371534712113,1.9451160131979666
0.9892153152829746,-0.5119197777144475,0.2792251701919148,1.2786938820222677,0.3063071686732154,-0.4597614076656004,-0.975124602361278
0.4999420948366314,-0.44718126646380607,-0.3671531403754427,0.6100117398517059,-0.44681409653811793,2.1419637426704203,0.3400499450869857
-0.030103893980240427,-1.0298278677195796,1.4796420326741502,0.35669326348133734,1.567719750248587,-2.07099178427281,1.3232473863541871
0.33685102135451694,-0.25296573271188155,-0.5826125772312286,0.32383488018274165,-0.3490693674380894,1.8392593437358902,-1.1546531617162008
0.17375994787240256,0.7181119360477408,0.24844525064108824,1.5314506766268476,-0.3771569332714308,0.49816390541835387,-0.9829301918984484
-2.06874231250667,-0.44718126646380607,-0.7672920945361879,0.5229156605444665,1.9665785471080437,1.2889128534555974,-1.291115293138623
0.37762378972504557,0.7828504472983824,-0.12091378396883033,-1.9360917044650994,-0.00658831471020999,0.2605984277735338,-0.06717304423240056
-0.6416954195381694,-0.25296573271188155,0.09454565288695552,0.6136626713293271,0.2748490949398716,0.7453086361940149,0.6971610495777366
-0.3970588093149978,0.3944193797945334,0.002205894234475865,-1.5297149469175133,-0.3865194552158781,-1.2261016581327628,-1.065292619428593
-1.0494231032434553,0.7181119360477408,-0.49027281857874894,0.7049359582698708,-0.6792855164187424,-0.7241487940767716,0.7880692518597836
-1.0494231032434553,0.4591578910451749,-0.30559330127378964,0.1938055514028305,-0.2135000496824939,1.71089735178264,0.7424388520585239
-1.294059713466627,-0.12348871021059858,-0.6133924967820551,1.6906874572277333,-0.5434353230048133,0.8104475574837234,0.8129610077355605
-0.3562860409444692,-0.6413968002157305,-0.6133924967820551,-0.14713528043045954,-1.1032205100633115,-0.28158729943198496,0.6115229660245795
1.8454434510640751,4.213991543582382,1.7874412281824157,-1.9936640854583654,0.49917512072882664,-1.3717063057215249,0.9265834755707737
-0.31551327257394063,0.005988312290684412,-0.3363732208246162,1.1101893522858806,0.10969420783982335,0.49816390541835387,-1.0666384107281053
0.010668874390288173,-0.18822722146124007,0.09454565288695552,0.8855166459706979,0.8025208317289169,0.8813340306519359,-1.0340702612799106
-0.15242219909182622,0.8475889585490238,-0.39793305992626926,-1.1365377108659445,-0.7329327671604249,-1.0345165955159725,-1.010653492668399
-0.8047864930202838,-1.1593048902208625,-0.6749523358837082,0.001148705737561529,-1.1608936452411063,0.7587195905771896,0.2278540160292553
-0.478604346056055,-0.6413968002157305,-0.7980720140870144,1.7083804328500536,-1.8095291655524082,2.1419637426704203,0.5591286191519721
3.0278537338094043,2.207097694812495,2.9262982515629976,-1.5358934463411815,0.8299530210261464,-2.230007386244747,1.6609979372101564
0.13298717950187397,-1.1593048902208625,-0.6441724163328817,-0.24599127120913994,-1.7734834560662867,1.0231069769883607,0.16837004059081787
0.9076697785419173,-0.38244275521316456,1.695101469529936,0.06995472204658545,1.464732008859667,-0.16472041123574266,2.586638576179822
-0.7232409562792266,-0.38244275521316456,-0.49027281857874894,-0.20414597965793693,-0.39391584755199144,-0.7797084622356407,0.08905448456276868
-1.4163780185782129,-0.5766582889650891,-0.4594928990279224,-0.9860069976347717,0.6363360672149785,0.7433927855678464,0.7441749228348948
2.4570349766220043,1.6244510935567218,3.0801978493171305,-2.127344345715899,1.2886229710846149,-1.546048712702803,0.7697207332822347
0.2960782529839884,0.7181119360477408,0.12532557243778206,-2.433741748953229,-0.6732935023742961,-0.8812485454225398,-0.1603825496366131
2.7016715868451753,2.1423591835618536,3.326437205723743,-1.2485932231406418,-0.25844015501584017,-2.0116004148616056,1.5716912265745289
-1.1309686399845127,0.1354653347919674,-0.18247362307048343,0.857713398564194,-0.14786877085191896,0.13606813707261903,0.026109133901985774
-0.9271047981318696,-0.5119197777144475,-0.05935394486717723,0.9992572035427594,-0.3912007161881014,0.6418527023809474,0.2856961260822882
-0.2339677358328834,0.9770659810503068,-0.09013386441800378,0.6889280279449134,0.09096916395092867,-1.0345165955159725,-1.1250457531269331
-0.9678775665023982,-0.7708738227170135,-0.6749523358837082,-0.0016597030913786913,-0.4164795254381092,0.5326492166893775,0.05797208870923571
1.0707608520240317,-0.38244275521316456,-0.39793305992626926,0.7302116377303287,0.13160250918983063,-0.3927066357497233,-1.1085275107167207
1.1930791571356176,-0.7708738227170135,-0.7057322554345348,-2.437954362196639,-1.1309335750188751,-0.01911576364698063,0.6554361361276615
0.744578705059803,0.7828504472983824,-0.6441724163328817,0.042993997288763526,-0.6018574599381635,-0.6513464702823906,-1.013075917007521
-0.3562860409444692,-0.7061353114663721,-0.39793305992626926,0.11208085448068277,-0.5810726612214913,1.7587936174368384,0.4075090797663325
0.4999420948366314,-0.5119197777144475,-0.7672920945361879,-0.6856567922831295,-0.17619225070445985,0.08756687261258593,-1.116270386110176
-0.886332029761341,-0.835612333967655,-0.5210527381295754,-0.6551764375856652,-0.010052447829656029,-1.691653360291565,0.5679489353289746
-0.07087666235076902,0.5238964022958164,-0.028574025316350685,-1.2881917876286924,1.3911425863763116,0.7989524537267155,-1.2059251186450153
-0.8455592613908124,0.005988312290684412,-0.30559330127378964,0.16122800898712913,-0.46778614569368004,-0.8410156822730139,-0.14384546614820762
-1.6610146288013843,-0.38244275521316456,-0.9827515313919737,0.622188104651572,1.7646012254025873,0.4624359236190826,-1.277290559531606
-1.0494231032434553,-0.31770424396252306,-0.7980720140870144,1.141081849404218,0.8041124604594725,1.1457214170631072,0.4287591243856295
0.744578705059803,0.1354653347919674,-0.7980720140870144,-0.32060446474328647,0.7920989422989595,0.5686733832479005,-1.1490224973695924
-0.6416954195381694,-1.224043401471504,-0.6441724163328817,0.5603029035794719,-0.7286260070659792,1.0710032426425593,0.3723085625362921
-0.7640137246497553,-0.38244275521316456,-0.6441724163328817,0.6299514425371777,-0.5322939218909213,-0.0018731080114687988,-0.22485402763104284
3.4355814175146904,2.983959829820193,2.310699860546467,-1.6676078204184566,0.677063037673324,-0.9483033173384169,0.9021062234152463
0.4183965580955742,0.07072682354132591,-0.5826125772312286,0.2965933145420264,-1.9969668548802415,0.4330249841286453,0.35862186502025356
0.8668970101713888,-0.44718126646380607,0.002205894234475865,0.4361712333403335,0.8025208317289169,-1.0345165955159725,-1.0316478369407889
0.33685102135451694,1.5597125823060802,0.5254645265985272,0.5754683112557463,1.0636415687595495,0.7606354412033582,1.8507060619545892
-1.2125141767255698,0.005988312290684412,-0.028574025316350685,-0.5810344445016552,0.22447872687874595,0.061349962652071176,0.28881028714935947
-0.8047864930202838,-0.965089356468938,1.356522354470844,-0.753470746598558,1.471473024659669,-1.1034872180580166,1.386076998963212
0.7038059366892744,-0.38244275521316456,0.5562444461493538,-0.7279142262552056,1.6579744617930579,-0.3869590838712194,0.6257991201298048
0.45916932646610276,-0.12348871021059858,1.5412018717758034,0.33282178843534893,0.1926461522676265,-0.8946594998057146,2.1106698756987554
0.09221441113134538,-1.224043401471504,-0.24403346217213653,-0.9304005028217639,0.43307571580103044,0.6897489680351457,-1.0773374515592269
0.9076697785419173,0.8475889585490238,2.433819538749773,-0.15387546161991428,-0.010426948707434375,0.5422284698202169,1.168344116197738
-0.7232409562792266,0.9123274697996654,-0.2748133817229631,-0.15106705279097507,-0.31087027790474475,0.9215668938014618,0.742568048023277
0.5814876315776886,0.5238964022958164,-0.7365121749853614,-0.9912356314074975,0.7233726992704701,0.8844732285369372,-1.1220276393008004
-1.0086503348729268,0.07072682354132591,-0.9519716118411472,1.1186511891901942,1.663092372999978,0.19610245254301112,-1.2719654858187381
0.2960782529839884,0.3296808685438919,-0.8288519336378409,-1.13602813350916,-0.43570029707517016,0.7059320088380373,-1.1513858906997114
0.17375994787240256,0.7828504472983824,2.033680584589028,0.5409248826597867,1.3647402744929709,-1.873659169777516,0.6258098864602009
-1.294059713466627,-0.18822722146124007,-0.30559330127378964,-0.11708530596080408,0.13319413792038626,-2.172531867459709,0.557260660828249
-0.43783157768552644,0.3296808685438919,-0.7057322554345348,-1.3331263288917288,0.42801995395102876,-1.0345165955159725,-1.0254571969630328
-0.11164943072129763,0.1354653347919674,2.7416187342580387,-0.7113446141644617,0.9453929166011807,-0.33331526633851705,0.3320774774286757
2.2939439031398896,3.825560476078533,2.2491400214448136,-2.700540587702508,0.4889699718093797,-1.1494676330860465,0.5967192617299456
-0.9271047981318696,-0.18822722146124007,0.032985813785302416,0.37017362586024877,-0.9789798438604973,0.36597021221276826,0.08956050209138522
-0.9678775665023982,-0.44718126646380607,-0.39793305992626926,1.940635843003373,-1.0823420861271944,0.5000797560445224,-0.02531624323497307
0.33685102135451694,-0.44718126646380607,-0.5210527381295754,0.7170121162343116,-0.8171954646604496,-0.4597614076656004,-1.2254417840705407
-0.7232409562792266,-1.0945663789702211,-0.3671531403754427,0.4215675074298467,-1.2689371484800267,-0.5727965946095056,-0.4060890503537471
1.356170230617732,-0.6413968002157305,-0.05935394486717723,-0.43162709480205885,-0.24542624951305897,-1.5038999989271105,-1.042075027929409
0.6222603999482171,0.5886349135464579,0.1561054919886086,0.5619879488768358,0.786323668765023,0.7491403374463503,-1.2646419930427308
-0.886332029761341,0.005988312290684412,-0.5826125772312286,1.5814403537819761,-1.1551825068549935,-0.5402271339646522,0.5226280675266031
0.21453271624293116,-0.5766582889650891,2.5569392169530794,0.33366431108403094,0.4945874849760482,-1.0824128611701693,2.1602569019205804
-0.5601498827971122,0.5238964022958164,1.017943239411752,-0.7557174736617096,-0.02278547767410382,-1.6418412440112,0.9451230965128531
-1.2125141767255698,-0.31770424396252306,0.002205894234475865,0.36090587672474717,0.16549483862872902,0.22419726587634334,0.604032291651495
0.54071486320716,1.3007585373035144,-0.1516937035196569,0.15533035044635538,0.7463457000622329,1.264504155885518,-1.249396869201857
0.21453271624293116,-0.7708738227170135,-0.24403346217213653,-1.0242013577083524,1.364272148395749,2.030844406352682,-1.203909123278346
1.1115336203945603,0.9123274697996654,-0.24403346217213653,0.6521378722858022,-0.48950719660479747,0.7797939474650368,-1.258445969899777
-1.2532869450960984,0.2649423572932504,-0.3671531403754427,0.50722397671251,-0.9742985828882733,0.7491403374463503,1.0585598451487337
-0.7232409562792266,-0.38244275521316456,-0.6441724163328817,0.566481403003139,-0.22108369245749576,-0.547890536469323,-0.45158756260765437
1.0707608520240317,-0.965089356468938,0.8948235612084458,0.6265813519424509,1.0373328820956522,-1.4081074676187135,1.0415248188795085
-0.43783157768552644,-1.353520423972787,-0.49027281857874894,0.05141922377558319,-1.007910036668839,1.743466812427495,0.44965118851925623
-0.15242219909182622,-0.18822722146124007,-0.49027281857874894,0.6715158932054874,-0.5386604368131451,-0.09574978869369703,0.21341636696808902
-1.1717414083550413,0.3296808685438919,-0.028574025316350685,0.47239970723365604,0.36997231789545565,-0.4884991670581184,0.9345344105682915
-0.3562860409444692,-1.1593048902208625,-0.551832657680402,1.0088057935611543,-0.6466103148326212,-2.1399624068148557,0.48410075420416887
-0.19319496746235482,0.2002038460426089,0.09454565288695552,-1.6235158018041018,-0.7043770752298609,0.7376452336893424,0.6379220081558103
-0.5601498827971122,0.1354653347919674,1.3257424349200175,-0.6607932552435457,0.241612142037085,0.28167278466138107,0.8052953804935392
0.21453271624293116,0.2002038460426089,-0.7672920945361879,-0.23963125028081325,0.04548487232833596,0.5468348414415403,-1.1723373748298584
-1.2125141767255698,0.07072682354132591,0.12532557243778206,0.014629068116471992,-0.8145739585160044,0.8928291344089437,0.5341291999722341
-1.2125141767255698,-1.0298278677195796,-0.3671531403754427,1.3814816451614638,-0.9639061835299372,0.5997039886052529,0.43164450093178364
0.8668970101713888,-0.9003508452182966,-0.5826125772312286,-0.42179766390076956,-0.04310215029355413,0.5192382623062011,-0.3158483605562584
1.2746246938766748,-0.05875019895995708,-0.21325354262130997,0.632759851366118,0.2969446467287674,0.1149937801847735,-1.1969110085208827
-0.19319496746235482,-1.353520423972787,-0.6441724163328817,1.0015039306059108,-0.24505174863528062,1.01544357448369,0.16543083239268302
-1.294059713466627,-0.9003508452182966,0.09454565288695552,-0.17634273225143304,0.3747472040871239,-0.6053660552543607,0.5667404147420129
-0.5601498827971122,-1.0945663789702211,-0.5826125772312286,-0.253012293281489,-0.5358516802298109,0.2950837390445558,0.20593915050799938
-0.8047864930202838,-1.2887819127221456,-0.2748133817229631,0.07135892646105606,-1.7131888147440468,-0.8180254747589981,-0.11632672565578288
0.9076697785419173,0.9123274697996654,-0.7980720140870144,-0.2288155764090217,0.8122908817835529,0.4034515747575554,-1.1943788020908939
0.33685102135451694,-0.6413968002157305,-0.5210527381295754,0.09916217386755995,1.083396490062333,0.1149937801847735,-1.1632662260330786
-0.7232409562792266,0.4591578910451749,-0.7365121749853614,1.0969811050636322,2.186851516549699,0.36495615247633895,-1.2582275975239017
-0.15242219909182622,0.9123274697996654,-0.3363732208246162,-0.01879099694791134,0.7394174338233421,0.3678860628389368,-1.0276885189376241
1.0299880836535031,0.2649423572932504,-0.49027281857874894,-0.54677185678859,-0.4520571088270088,0.8813340306519359,-1.1780699303277125
-0.7640137246497553,-1.0945663789702211,-0.5826125772312286,-0.18167870902641817,1.6638728506180598,0.30657884280156367,-0.934750863375913
0.6222603999482171,0.1354653347919674,-0.4287129794770958,0.06855051763211584,1.2006152648068114,-1.0536751017776513,-1.237440859296991
-0.11164943072129763,-0.5766582889650891,-0.7980720140870144,-0.2659309738946118,0.025431510339799325,-1.0345165955159725,-1.175378347728688
-0.7232409562792266,-0.38244275521316456,-0.4287129794770958,-1.2140497945446822,0.8769528811872722,0.32573734906324237,0.6861417104173312
1.2746246938766748,0.9123274697996654,-0.18247362307048343,-0.895576233342911,-0.535289928913144,-0.9483033173384169,-1.2648384785724598
0.05144164276081677,-0.9003508452182966,-0.7365121749853614,1.3640695104220368,-1.465643734532863,1.151468968941611,-0.19329253007488353
-0.6416954195381694,-0.38244275521316456,-0.9827515313919737,0.9128465360690847,1.7471164516482138,0.9229981338434424,-1.247929978002723
1.763897914323018,0.07072682354132591,-0.7980720140870144,0.006976477024626574,0.8389517153678324,0.3534750957361222,-1.1196809130306933
0.4999420948366314,0.5238964022958164,-0.7057322554345348,-0.6301875472180015,-0.3565349815801987,-1.4480118371040265,-1.2346526105545257
0.744578705059803,0.2649423572932504,-0.1516937035196569,0.7560489989565744,-1.430534277241186,0.6974123705398165,0.08612065952983207
-0.682468187908698,-0.6413968002157305,-0.21325354262130997,-1.0975008281436816,-0.08382912075189967,0.9503046531939815,-1.0091058326739601
0.6222603999482171,-0.5119197777144475,-0.5210527381295754,-0.07467833264381245,-1.48652215846898,-0.4999942708151263,-0.44620170582700674
-0.5601498827971122,-0.9003508452182966,-0.2748133817229631,-0.5015564746426601,-0.1408468793935833,-0.8927436491795477,0.7086890978493579
0.25530548461345975,-0.5119197777144475,0.9871633198609254,-0.04547088082283894,-0.4977462159159111,-0.936808213581409,1.6198544056014703
1.4784885357293178,0.2002038460426089,-0.21325354262130997,-1.7571960620616363,-0.3569338858714247,0.42152988037163747,0.9050265905351877
-0.8047864930202838,-0.7061353114663721,0.2176653310902617,-1.3892945054705244,0.49355760756215944,-0.6513464702823906,-1.0424141673368863
-0.8455592613908124,0.2002038460426089,-0.09013386441800378,-0.7017960241460657,0.471836556651042,1.5978621648387348,0.7782853491123302
-0.15242219909182622,-0.12348871021059858,-0.8596318531886675,0.47380391164812663,-0.661403099504848,0.7472244868201835,0.2633909810841738
0.37762378972504557,1.4302355598047973,-0.4287129794770958,-0.12551053244762275,1.1395716217290155,-0.6513464702823906,-0.9840068249380582
-0.7232409562792266,0.005988312290684412,-0.18247362307048343,1.6536164606857289,0.8438095535039293,-0.9099863048150578,0.1063963512482824
-0.6416954195381694,-0.18822722146124007,-0.5826125772312286,0.7481854542355434,-0.8835757452465799,-0.30457750694599905,0.31850113479919673
1.0299880836535031,1.0418044923009484,-0.21325354262130997,-0.2659309738946118,-0.18054397243803938,-0.07659128243201836,-1.0459132247156178
-0.7640137246497553,-0.835612333967655,-0.551832657680402,1.7993728789077041,0.009889723912015936,0.7146550261753284,-0.29850111070554664
-0.15242219909182622,-0.965089356468938,-0.6441724163328817,1.6519314153883649,0.10913245652315649,1.088245898278071,0.06571038868143066
1.3969429989882605,0.2002038460426089,-0.09013386441800378,-1.5476887634227279,-0.7497853066604298,0.626525897371604,-1.0627813728637032
-0.030103893980240427,-0.9003508452182966,-0.18247362307048343,1.4772483862283106,-1.751668779935725,0.6418527023809474,0.36973540957162504
-0.3970588093149978,-1.224043401471504,-0.05935394486717723,0.4196016212495885,-1.4624604770717504,1.8756605056330806,0.012713127306641748
-0.15242219909182622,-0.25296573271188155,-0.4594928990279224,0.8251358561484926,-1.4476676923995242,0.011537846371705934,-0.31532081036684956
-0.682468187908698,-0.6413968002157305,-0.4594928990279224,0.35669326348133734,-1.0266350805577336,1.3564649859415776,0.3316845063692179
-0.43783157768552644,0.2649423572932504,-0.7057322554345348,-1.3353730559548804,0.46837242353159597,-0.9483033173384169,-1.0200955644257765
-1.4571507869487414,-0.5119197777144475,-0.7057322554345348,0.3828967541582031,1.7334121462872312,1.0409397778398022,-1.2767981333646499
0.8668970101713888,0.3296808685438919,-0.890411772739494,-1.8117819502137091,0.4219167309346744,-1.0805394849523835,-1.185040306415469
0.25530548461345975,-1.224043401471504,1.1102829980642317,0.28704472452363045,1.102776910487338,-0.09000223681519309,1.3623076330312285
-1.1309686399845127,-0.31770424396252306,-0.4594928990279224,-0.9905004517610758,-0.5751742723964893,-0.7662975078524643,0.9060063266012327
0.25530548461345975,-0.9003508452182966,-0.30559330127378964,-1.8386399181008897,-0.7978150442354438,1.343054031558403,0.13358671866362642
-0.15242219909182622,0.9123274697996654,0.9563834003100989,1.013018406804564,0.2776578515232059,-1.53072190769346,1.7443078018151574
0.4999420948366314,-1.0298278677195796,-0.3363732208246162,-1.0489153554030228,-0.7515641858298746,0.6188624948669332,0.5063009274809214
2.0900800612872468,3.501867919825325,1.2641825958183643,-1.8641964384442409,1.2887165963040599,0.06709751453057512,0.5991147702430776
-0.9271047981318696,-1.48299744647407,-0.7672920945361879,0.10028553739913523,-0.3732246740547628,-0.8276047278898374,-0.009212504545010642
-0.31551327257394063,-0.5766582889650891,-0.30559330127378964,0.8113746528866879,0.29862990067876793,0.7012440717921536,-0.2324039168213061
-0.15242219909182622,-0.38244275521316456,-0.2748133817229631,0.5765916747873225,-0.6393075477159529,-1.6092717833663448,-1.1874904694242976
-0.7640137246497553,-0.6413968002157305,-0.24403346217213653,1.3997363025495726,-0.9675575670882718,1.0690873920163906,0.39125192086822536
-1.2532869450960984,-1.1593048902208625,-0.7057322554345348,0.748747136001331,-0.7838648865382174,-0.9483033173384169,0.15094473484473422
-1.090195871613984,-0.6413968002157305,-0.551832657680402,-0.3052486974997689,-1.0083781627660615,0.04985485889506329,0.5572095207588675
1.0707608520240317,0.1354653347919674,-0.7365121749853614,-1.8030683647335617,0.27208649558972536,-0.2828134380851813,-1.1822965446346851
0.6222603999482171,-0.44718126646380607,-0.6133924967820551,1.9451292971296783,-0.9216812095604803,-0.0459376724133318,0.22126233024424485
0.9076697785419173,0.5238964022958164,-0.3671531403754427,-0.6307432807738892,-0.2554441479936174,0.2720935315305417,-1.2384959596758085
0.9484425469124459,-0.18822722146124007,-0.8288519336378409,0.07107808557816174,1.2331968411734877,0.6897489680351457,-1.1487316799983474
0.7853514734303315,0.005988312290684412,-0.7365121749853614,0.05777539437540509,-0.30311605091616695,-0.028244487260421298,-1.140980427942275
-1.0086503348729268,-0.9003508452182966,-0.12091378396883033,-0.6119269416199926,0.37699420935379135,0.9177351925491264,0.04930250115777833
0.010668874390288173,0.9770659810503068,-0.7980720140870144,-1.1418736876409294,-0.6434270573715093,0.3966238222314548,-1.232994364843403
-0.15242219909182622,-0.9003508452182966,-0.5210527381295754,1.2772896776077982,-1.3425265709633818,-0.1264033987123836,0.0585453958028281
0.09221441113134538,0.2002038460426089,-0.24403346217213653,-0.7995286513931709,-0.3022567577158534,-1.4176867207495547,-0.9390573955343519
-0.2339677358328834,-1.48299744647407,-0.6133924967820551,0.8276634240945385,-0.7423889143243164,0.6437685530071159,-0.22965042782250414
-0.11164943072129763,-1.1593048902208625,-0.4287129794770958,-0.2735136777327495,-1.2115448889605653,1.1150678070444204,-0.03992346199987817
0.2960782529839884,-0.25296573271188155,2.37225969964812,1.4831460447690834,1.4312141802985467,-0.25668124129180064,1.9590530278957143
0.25530548461345975,0.07072682354132591,-0.9211916922903206,0.09921391037500604,0.6035456476250529,1.133759914797963,-1.1337496731602323
-0.8047864930202838,0.3296808685438919,-0.24403346217213653,0.6145051939780091,-0.11294656399913114,0.4655944447735004,0.7192939332895139
0.8668970101713888,0.7828504472983824,-0.028574025316350685,-2.1470032075184773,0.4075160308926886,0.4464359385118218,0.6496896072787446
-0.2339677358328834,-0.9003508452182966,0.06376573333612896,0.705216799152764,-1.5426036649162185,0.8525962712594178,0.39804547534816276
-0.7232409562792266,-0.835612333967655,-0.49027281857874894,1.374741463972008,-0.8328308763076765,-1.7797824890952896,0.06230284511106596
-1.0494231032434553,-0.12348871021059858,-0.39793305992626926,-0.25778658829068646,0.017754242345351886,0.28167278466138107,0.7133509189108682
0.8668970101713888,-0.7061353114663721,1.8182211477332422,-0.9834794296887258,0.8791062612344948,-1.319978338814991,1.6439979015147186
-0.3562860409444692,0.1354653347919674,-0.5210527381295754,-1.3842393695784325,-1.8513796386440875,1.0231069769883607,0.4581108326279898
-0.5193771144265836,0.3296808685438919,-0.24403346217213653,1.0256562465347936,-0.34270285251586485,1.0978251514089103,0.6440911154727739
-1.375605250207684,-0.7061353114663721,-0.24403346217213653,-0.4833018172545511,0.81160247801503,-0.09766563931986559,0.6037873576349838
-1.294059713466627,-0.25296573271188155,-0.7672920945361879,0.9856345138128062,1.5776929183443027,1.005556156779631,-1.2958944087133606
1.3969429989882605,-0.9003508452182966,0.06376573333612896,-0.7714445631037726,0.05351907617314067,0.1149937801847735,-1.1035130923347385
-0.43783157768552644,-1.1593048902208625,-0.6749523358837082,0.6299514425371777,-1.1494713684688806,1.9503786800536285,0.11595685264001687
-1.2125141767255698,-1.48299744647407,-0.18247362307048343,1.5758235361240966,-0.24046411288250155,-0.6053660552543607,0.40049750709587406
1.641579609211432,-0.18822722146124007,-0.3671531403754427,-1.8748683919942122,0.19077364787873607,0.8564279725117533,0.35864339768104553
-0.19319496746235482,-0.7061353114663721,-0.4594928990279224,-0.38500750824165836,-1.0501350106382958,0.5288175154370404,0.12276117345035044
-0.6009226511676408,-0.965089356468938,0.002205894234475865,0.8793381465470308,-1.3496420876411617,0.7146550261753284,0.3631733311952038
-0.7232409562792266,-0.18822722146124007,-0.1516937035196569,-0.01907183783080566,-2.1412433180441726,1.4944062310256672,0.3489133265855729
1.1115336203945603,0.1354653347919674,0.740923963454313,0.7361092962711016,0.2972255223871008,-1.507731700179446,2.741660275970628
0.9892153152829746,0.7828504472983824,-0.7980720140870144,1.1944416171540742,0.6059078708955248,0.30657884280156367,-1.2502043439815644
-0.8047864930202838,-0.9003508452182966,-0.4287129794770958,1.2514523163815516,-0.8757112268132445,1.8890714600162555,-0.21446721038140798
0.25530548461345975,1.3007585373035144,-0.09013386441800378,1.5033665883374505,1.729410504229189,-1.6092717833663448,-1.00742359354957
-0.3970588093149978,-0.18822722146124007,-0.7057322554345348,-0.21846886468552937,-1.1167961668827595,0.8372694662500746,0.30255081631737873
-0.15242219909182622,-0.44718126646380607,1.9413408259365486,-0.6012549880700214,0.9503550532317375,-0.15130945685256622,1.6887508453886961
-0.7232409562792266,-0.965089356468938,-0.39793305992626926,1.1649533244502064,-0.9180298260021458,1.2817468115210298,0.07690468071077283
-0.478604346056055,-1.4182589352234285,-0.49027281857874894,1.299756948239316,-1.6235894797356871,2.4963961085114827,0.19628444372529913
0.54071486320716,1.1712815148022313,1.7874412281824157,1.0908113313661962,1.4747499073402253,-1.235680911263602,2.3060760808053224
0.54071486320716,-1.5477359577247114,-0.2748133817229631,0.12275280803065401,-0.9710217002077172,0.15139494208196233,0.08468066283935415
0.2960782529839884,-0.05875019895995708,-0.05935394486717723,-1.432544001436197,-1.7763858378690651,-0.5555539389739955,0.37126961165306877
-1.2532869450960984,-0.31770424396252306,-0.21325354262130997,0.02502018078354891,0.34431900776767027,1.157216520820115,1.0272594311046797
-0.7640137246497553,-0.31770424396252306,-0.4287129794770958,1.1270398052595199,-0.10349041683523955,1.772204571820013,0.5144698806689602
-0.3970588093149978,-0.835612333967655,-0.3671531403754427,0.33731524256165313,-2.152665594816398,-0.26626049442264166,0.09410927668373649
0.7038059366892744,0.8475889585490238,-0.7980720140870144,0.7170121162343116,0.5310076953399474,0.49816390541835387,-1.1788774051074198
-0.274740504203412,-0.965089356468938,1.4488621131233237,-0.9621355225887833,1.0745020942151082,-1.5728706214691544,1.0314582999591575
0.8668970101713888,-0.05875019895995708,-0.12091378396883033,0.11180001359778845,-0.418258404607554,-1.46749883702992,0.3784642119402608
0.6630331683187457,1.1712815148022313,1.7258813890807627,0.08989442473205832,0.40966941093991244,-1.908144481048538,1.9891233886920143
-1.294059713466627,0.1354653347919674,-0.7365121749853614,0.8508426797239612,2.0188378704453678,1.232184648608458,-1.2579441726111806
0.8261242418008602,0.8475889585490238,-0.890411772739494,-1.782888133065525,-0.25942261968235075,-1.233371414640978,-1.2449504424146556
-0.3562860409444692,-1.1593048902208625,-0.24403346217213653,1.4216418914153028,-1.0030415252577265,0.08050846891374985,-0.2975025335613085
-0.030103893980240427,-0.5119197777144475,-0.3363732208246162,0.5414865644255753,-0.9717707019632725,0.3985396728576234,0.060009616736697295
-0.07087666235076902,-0.7061353114663721,-0.2748133817229631,0.6305131243029664,0.005957464695347962,1.5384707954275285,0.4838369791094643
-0.030103893980240427,1.0418044923009484,-0.4594928990279224,-0.46251959192039627,-0.44269458688256147,0.1149937801847735,-1.1891054189837122
-0.5601498827971122,-1.0298278677195796,-0.3671531403754427,0.2114985270251508,-1.1375809655994324,0.2471874733903591,0.05088515172600485
-0.886332029761341,1.4302355598047973,-0.4594928990279224,-0.23784688560521458,1.5140724995069037,-0.4597614076656004,-0.9988105292326921
-0.030103893980240427,0.07072682354132591,0.5254645265985272,0.1491518510226873,-0.4881964435325746,-0.15130945685256622,1.799353357547804
-1.6610146288013843,0.9123274697996654,-0.9827515313919737,1.1595335166716776,1.6870884371621602,0.5430681526643553,-1.3010202349020998
1.8862162194346037,1.8834051385592878,2.833958492910518,-2.3388175305350645,0.32053820202877525,-1.4138550194972175,0.7699172188119634
1.6008068408409035,-0.05875019895995708,-0.24403346217213653,-1.8080282618654455,-1.168570913235553,0.6590953580164591,-0.005681148175090688
0.8668970101713888,-0.7708738227170135,0.06376573333612896,-1.183157297426345,0.6296886766344212,-0.2796714488058164,-1.1788666387770237
1.1523063887650888,0.07072682354132591,0.9563834003100989,0.7998601766880347,0.796060691587248,-0.24901783878712985,2.726538964929309
-0.7232409562792266,-0.31770424396252306,-0.24403346217213653,0.2609265224144905,-1.3501102137383842,-0.02677916615165312,0.44943317032873553
-0.8047864930202838,0.005988312290684412,-0.2748133817229631,-0.6096802145568411,-0.3317487018408619,0.5345650673155443,0.484474884185433
-0.682468187908698,1.3007585373035144,0.3407850092935679,0.2957507918933444,1.074033968117885,-1.4176867207495547,-1.065292619428593
-1.7833329339129702,0.2002038460426089,-0.7057322554345348,0.535252509058453,2.3104960297852144,0.2285118055510388,-1.25686444858503
-0.682468187908698,-1.0945663789702211,-0.49027281857874894,0.4912160463875526,0.04425017944813758,-1.6341778415065276,0.1318210404786663
0.13298717950187397,-1.0298278677195796,1.079503078513405,-0.9239411625152025,-0.20029889374082352,-2.2606609962634336,1.840077002271042
1.4784885357293178,0.7828504472983824,-0.9827515313919737,-2.1495301379557192,0.7004919736224866,0.07026075825678584,-1.1964760611272447
-1.4163780185782129,0.1354653347919674,-0.9211916922903206,0.6817909118683932,1.7384540619035285,0.8256887565395384,-1.30875577890904
0.4999420948366314,-0.6413968002157305,-0.5826125772312286,0.4923394099191289,0.9616837047845196,-1.2261016581327628,-1.2563949839593205
-0.3970588093149978,-0.31770424396252306,-0.4594928990279224,0.5322188152900736,-0.636030665035396,0.15714249396046626,-0.3888709964677885
0.17375994787240256,0.5238964022958164,-0.24403346217213653,0.9136007342600961,-0.012018577437990017,-0.26817634504880855,-1.230017474488882
-1.294059713466627,-0.18822722146124007,-0.05935394486717723,1.607558555891116,0.08535165078426148,0.9503046531939815,0.7971856421226788
1.356170230617732,-0.31770424396252306,-0.9827515313919737,-0.18662229772823402,0.07429998382569283,0.22058902369349329,-1.2408055848483808
2.3754894398809467,2.7250057848176272,2.1875801823431607,-0.9778626120308463,0.08497714990648313,-1.8525848128896687,1.4158136035172328
-0.2339677358328834,-0.44718126646380607,-0.3363732208246162,0.6029907177793559,-0.7040961995715275,0.530733366063209,-0.10340712918046606
1.0707608520240317,1.0418044923009484,-0.5826125772312286,-0.9180435039744288,0.29638289541210056,0.214618012745504,-0.23244698214289053
1.560034072470375,2.4660517398150614,3.726576159884488,-2.2492292888918857,0.9422096591400682,-1.3046515338056477,1.4327840318040814
-0.886332029761341,0.3296808685438919,0.032985813785302416,0.3892708058970387,-1.152748251149437,0.7817097980912054,0.6984826166338578
-2.06874231250667,1.0418044923009484,-0.6749523358837082,0.544337419545555,1.574244111673281,-0.21619138785513115,-1.261986926929501
-0.9271047981318696,-0.44718126646380607,-0.12091378396883033,0.9186558701521879,-0.486511189582574,1.218523740857488,0.4647886490561691
-0.274740504203412,-0.38244275521316456,-0.39793305992626926,0.7849756098946545,-0.8100799479826696,-0.4291077976469138,0.8109638534470844
-1.090195871613984,0.07072682354132591,-0.30559330127378964,0.5723790615439127,0.0710269922092567,0.9598839063248209,0.902975604594731
-0.2339677358328834,-0.6413968002157305,-0.6749523358837082,0.7144845482882657,-1.087116972318862,0.977126561960331,0.07927327339791422
0.6630331683187457,1.1065430035515897,0.1561054919886086,-0.2659309738946118,1.7106854603402957,-1.4176867207495547,-1.0119992839679113
-0.15242219909182622,-0.25296573271188155,0.9256034807592723,0.28086622509996334,1.063267067881771,-0.3946224863758902,1.4776042652430348
2.946308197068347,4.019776009830458,2.6800588951563853,-2.235748926512974,0.049961317834251034,-1.1015713674318497,0.738129628317486
-0.5193771144265836,-0.9003508452182966,-0.24403346217213653,0.4016278047443739,-1.2381344512827952,0.1303205851941168,-0.10090664894597237
-1.0494231032434553,-0.44718126646380607,-0.3363732208246162,0.8021069037511872,-0.47396541017701477,-0.0421059711609964,0.5549781987842766
-1.9871967757656133,0.2649423572932504,-0.890411772739494,0.9590256461719362,1.4186104899497518,0.7190167724094498,-1.3008990646714245
-1.0494231032434553,0.8475889585490238,-0.3671531403754427,-0.518968609382086,0.21380545186207708,-0.11682414558154426,0.04170954664593062
0.25530548461345975,-0.12348871021059858,-0.9211916922903206,-0.1698661763987496,0.012497312667591288,-0.6093850558114611,-1.202604889852668
2.2939439031398896,3.7608219648278913,1.6027617108774563,-1.5271873789714674,1.0157990816234233,-1.0747494586654984,1.018549469814237
-0.7640137246497553,0.7828504472983824,-0.8288519336378409,0.35604844438898625,1.7989391266233454,0.5670745580040975,-1.2601730131081106
-0.31551327257394063,0.7181119360477408,1.6027617108774563,-0.07299328734644951,1.321766298767958,-0.620692860263704,1.686484532840318
1.3969429989882605,0.7828504472983824,-0.24403346217213653,-0.9938705423558037,-0.5423118203714797,-1.3161466375626556,-1.2740598405567172
-0.31551327257394063,-0.7708738227170135,-0.30559330127378964,1.025937087417687,0.8774210072844942,-0.26817634504880855,-1.1732250816494685
0.33685102135451694,0.1354653347919674,-0.21325354262130997,-0.3782673270522037,0.9991337925623076,0.49816390541835387,-1.1904512102832243
-1.1717414083550413,0.07072682354132591,-0.21325354262130997,-1.2637586308169162,-0.09300439225745784,0.3123263946800676,0.9752472889611333
-0.6009226511676408,0.005988312290684412,0.06376573333612896,0.15533035044635538,-0.1618189285491454,-1.4176867207495547,-1.0593711377107395
-0.7232409562792266,-1.2887819127221456,-0.4594928990279224,0.46734457134156526,-0.6177737472437239,0.5901247354744136,0.5776009505290759
-0.11164943072129763,-0.835612333967655,-0.21325354262130997,-1.3294753974141067,-0.26789630217973176,0.7318976818108401,0.007286896787008492
0.37762378972504557,1.1065430035515897,0.9563834003100989,1.0020656123716996,1.697297053959736,-1.145635931833711,2.366119905424357
1.437715767358789,0.1354653347919674,-0.4287129794770958,0.042993997288763526,-0.8920956402160269,1.0729190932687278,-1.1446943060998107
0.2960782529839884,0.3944193797945334,-0.4594928990279224,0.13679485217535312,0.6295014261955326,-0.33714696759085416,-1.1063634783071052
-0.43783157768552644,0.3944193797945334,1.1102829980642317,-0.31563981016684584,0.856636208567822,-1.2816613262916319,1.2243747911616274
1.7231251459524892,3.501867919825325,2.833958492910518,-1.013248563275488,-0.17502008449081577,-1.214606554375755,0.9532759002052977
0.8261242418008602,-0.7061353114663721,0.06376573333612896,0.03906222492824801,-0.2606871602825076,-0.1666362618619095,0.6750362406137568
-0.19319496746235482,-1.1593048902208625,-0.12091378396883033,0.4080871450509353,0.06288159811758734,0.1149937801847735,-1.1172401635897626
-0.5193771144265836,-0.25296573271188155,-0.7672920945361879,1.4648913873809755,-1.4988806874356502,-0.45018215453475935,0.4131560200590854
-0.07087666235076902,0.07072682354132591,-0.3671531403754427,1.9201344585521145,-0.14899227348525268,-1.1705419899738936,0.34606294061320586
0.33685102135451694,0.5238964022958164,2.0644605041398543,-0.08619280884246565,0.25312804402875416,0.40620307536229416,1.8126820745781727
1.0707608520240317,0.8475889585490238,0.3407850092935679,0.6979149361975207,0.7010310938511088,0.5901247354744136,2.5968262163171287
0.9076697785419173,0.7181119360477408,0.2176653310902617,0.6299514425371777,0.796060691587248,0.7280659805585031,-1.2609572164646667
-0.19319496746235482,-0.9003508452182966,-0.12091378396883033,1.0995173987359093,-0.21593430538804984,-0.34864207134786035,-0.3472968116432586
-0.9678775665023982,-1.48299744647407,-0.3671531403754427,0.8293484693919024,-1.2867259401744768,0.5939564367267507,-0.03626021808260608
1.3153974622472033,0.3296808685438919,-0.6749523358837082,-1.9919883865455843,-0.35105453011728377,0.6068501267676638,-1.157020699975859
0.744578705059803,-0.18822722146124007,0.12532557243778206,-1.0379625609701584,-0.16650018952136872,0.46367859414733187,0.5718463469323618
-2.1502878492477278,-0.25296573271188155,-0.9827515313919737,0.6530353358364048,1.6649633222739733,0.2654975183803305,-1.2754550141875944
0.8668970101713888,-0.25296573271188155,-0.7057322554345348,-0.41906084141287947,-0.8876859869416637,1.256541451532624,-1.2361046108690046
-0.11164943072129763,-0.5766582889650891,-0.8596318531886675,-0.31002299250896637,-0.04076151980744313,-1.011526388001957,-1.1785274993695465
-0.9678775665023982,-1.0945663789702211,-0.6749523358837082,1.0127375659216709,-0.22707570650194198,1.06142398951172,0.3951843230453999
-1.0494231032434553,-0.12348871021059858,-0.7057322554345348,1.0955856263753938,-0.02868386649910578,-0.7931194166188155,0.17621331228437473
-0.3970588093149978,-0.25296573271188155,-0.7057322554345348,1.0939005810780298,-0.28137833377973626,0.1226571826894443,0.14577420467200836
0.37762378972504557,-0.6413968002157305,-0.4594928990279224,-0.005872316334788522,1.0171098346956469,0.28933618716605186,-1.1650965022004152
-0.2339677358328834,-1.0945663789702211,-0.6133924967820551,0.0236159763690793,-1.1365510881855438,0.4042872247361273,0.7065439065179356
0.6630331683187457,-0.9003508452182966,1.9721207454873748,-0.3254692410681351,0.7070231078955558,-0.46550895954410265,1.740981005722763
0.54071486320716,1.0418044923009484,1.9721207454873748,0.7105527759277502,1.8750913456847886,0.1188254814371089,1.3983775314407532
0.010668874390288173,-0.44718126646380607,0.9563834003100989,-0.11034512477134835,-0.2739819414436229,-0.9253131098244011,1.3350257518075177
-0.886332029761341,0.005988312290684412,-0.6749523358837082,0.37859885234706747,-0.7000703151354146,-0.1187399962077128,0.19151765094242684
0.8261242418008602,-0.5766582889650891,1.8797809868348954,-1.0677316945569195,0.6643300078288762,-1.5939449783570014,1.7856908842751567
1.356170230617732,0.3296808685438919,1.2334026762675379,1.0464384718689475,0.600571233387191,-0.6494306196562221,2.087075462635708
-0.6009226511676408,-0.9003508452182966,-0.4594928990279224,-0.17690441401722068,-1.4765042599884217,-0.1666362618619095,0.7344636928176149
-0.7640137246497553,-1.612474468975353,-0.2748133817229631,0.1999840508264976,-0.6590624690187363,-0.9578825704692562,0.46484517229074884
-1.1717414083550413,-0.9003508452182966,-0.12091378396883033,1.4281012317218642,-0.7855501404882179,0.8660072256425926,0.7032655589123239
0.25530548461345975,0.5886349135464579,0.12532557243778206,-1.361210417181127,1.1021215339512276,1.6476742811191,-1.1091654157926896
-1.0494231032434553,-0.7708738227170135,-0.4287129794770958,1.2079219795329847,0.4929022310260477,1.6400108786144274,0.5457649115478163
-1.2532869450960984,-1.224043401471504,-0.21325354262130997,-0.127476418627881,0.2320623696537485,-0.07659128243201836,-0.09993498762772463
0.37762378972504557,0.5238964022958164,-0.05935394486717723,0.8582750803299827,-0.7300303853576456,-0.17621551499274885,-1.17901467581997
-0.3970588093149978,-0.9003508452182966,-0.4594928990279224,-0.17353432342249284,-1.2569531203911342,0.44260423725948467,0.018960290518976984
0.4183965580955742,-0.6413968002157305,-0.551832657680402,0.15533035044635538,-0.10564379688246203,-1.4176867207495547,-1.2426679127042963
2.253171134769361,3.4371294085746835,2.218360101893987,-1.5235364474938462,1.248645002381826,-1.285493027543969,0.9747870283367004
2.0085345245461896,2.012882161060571,3.4187769643762227,-1.163217594740872,0.5168702872038325,-0.3716322788618761,1.0561024302358244
0.54071486320716,-1.0945663789702211,-0.5210527381295754,-0.3838841447100831,0.5672406552649581,0.9598839063248209,-1.1533800431468622
-0.2339677358328834,-0.12348871021059858,-0.6133924967820551,0.21121768614225647,-1.5978425443884574,-0.6800842296749086,0.15864804424314174
0.5814876315776886,0.005988312290684412,-0.3671531403754427,0.07107808557816174,1.2331968411734877,-1.2261016581327628,-1.242937070964199
-0.9271047981318696,-0.44718126646380607,-0.30559330127378964,0.933540436945569,-1.803537151507962,0.017285398250209878,0.26772173748600375
0.7853514734303315,0.6533734247970994,0.09454565288695552,0.5485075864979243,0.6901705683955501,0.8813340306519359,-1.2636622569766862
-0.43783157768552644,0.5886349135464579,-0.21325354262130997,0.8012643811025052,0.6808080464511035,-1.4176867207495547,-1.0117301257080087
0.744578705059803,-0.25296573271188155,-0.4594928990279224,-1.9565930889163599,-0.7727234854243252,-0.37354812948804467,0.07770677232528209
-0.3562860409444692,-1.0945663789702211,-0.3671531403754427,0.2915381786499346,-1.5034683231884294,1.8775763562592491,-0.08995459935054248
0.7853514734303315,0.07072682354132591,0.002205894234475865,-0.7995286513931709,-0.8265579866048969,-0.8429315328991808,-1.1153560557704454
-0.274740504203412,0.4591578910451749,1.695101469529936,0.604956603959614,1.1884439862790306,-0.27009219567497705,3.1627637567531823
-0.7232409562792266,-0.38244275521316456,-0.4594928990279224,-0.42011261860340565,-1.4072215975995122,1.8890714600162555,0.3539169786371589
-1.4571507869487414,0.7828504472983824,-0.8288519336378409,0.4736056520268475,2.1231117910951616,1.6195140932148513,-1.2616875065873736
-1.2532869450960984,0.07072682354132591,-0.9211916922903206,1.1550371698842796,1.3956362673488747,0.6253390508989024,-1.2726390213384255
-1.4571507869487414,-0.44718126646380607,-0.7365121749853614,1.3646311921878254,-0.8401336434243449,-0.130235099964719,0.6391251455775743
-1.090195871613984,0.2002038460426089,-0.9519716118411472,0.9158822855927264,1.8568244614885057,0.6211381594833514,-1.285436853604619
-0.682468187908698,-0.7061353114663721,0.1561054919886086,1.1624257565041605,0.32100632812599716,1.574871957324719,0.8032713103790727
0.21453271624293116,-0.5119197777144475,0.2792251701919148,-1.5785812605410654,-0.9818822256632759,0.009621995745537387,0.6133882327657035
-0.274740504203412,0.4591578910451749,-0.7980720140870144,-1.1365377108659445,-0.8265579866048969,0.1149937801847735,-1.0911318123792264
1.1523063887650888,0.2649423572932504,1.5104219522249769,-0.24262118061441207,0.15088930439539083,0.2778410834090457,1.6240667323689435
1.9269889878051323,1.9481436498099294,3.6342364012320085,-2.416329614213802,0.34506800952322564,-1.4176867207495547,1.4909814307601856
-0.6009226511676408,-0.25296573271188155,-0.3363732208246162,0.9942020676506675,-1.609264821160683,0.04410730701656105,-0.08914443298823604
1.4784885357293178,1.2360200260528729,3.4803368034778757,-1.8521202804798,0.6594614964177631,-2.3066414112914635,0.43214782687780123
0.21453271624293116,-0.31770424396252306,-0.9211916922903206,-2.057884023509499,-0.08356673513815481,0.25767965999817743,-1.203335481432626
-0.3562860409444692,-0.7061353114663721,-0.12091378396883033,-0.361136033195671,-1.3469269562772723,1.157216520820115,0.012131745465252471
0.010668874390288173,0.5238964022958164,-0.09013386441800378,-1.3050422406023305,1.3829971922846436,0.8813340306519359,-1.1979876415604926
-0.030103893980240427,-0.31770424396252306,-0.21325354262130997,1.510668451292694,-1.2300826824105708,-0.09958148994603243,-0.00999037191612864
-0.7640137246497553,1.1065430035515897,-0.24403346217213653,1.025937087417687,1.6170602408958237,-0.6513464702823906,-1.016844132646155
-1.1717414083550413,0.7181119360477408,-0.9211916922903206,0.7864959420142009,2.230965055378189,-0.12910815830939446,-1.2758020360292919
-0.030103893980240427,-0.38244275521316456,-0.6749523358837082,-0.16089648369226434,-2.230000026077532,0.48283710040901057,-0.3239661736749157
2.57935328173359,3.0486983410708346,2.833958492910518,-1.26263526728534,0.8875325309844976,-0.6877476321795811,0.6536327757863154
-2.06874231250667,-0.18822722146124007,-0.7980720140870144,0.8566690833159272,1.4351880297101955,0.7387009861671006,-1.2897687101639208
0.9484425469124459,-0.7061353114663721,-0.3671531403754427,-1.8771151190573647,-0.4565511193603429,0.22611311650251187,0.14353211636702115
1.3969429989882605,1.6244510935567218,2.1875801823431607,-1.7147890887446455,0.39712363153435315,-1.0709177574131632,0.576177103334192
0.8668970101713888,-1.0945663789702211,0.6485842048018334,0.9548843440455105,1.2878739693290595,0.36213851096043287,2.252903866561597
0.21453271624293116,-0.965089356468938,-0.1516937035196569,-0.952306091687494,-0.5565428537270395,0.7817097980912054,0.22419615527718145
0.09221441113134538,-0.44718126646380607,-0.12091378396883033,-1.2367979060590943,-0.43398744147422524,0.7644671424556936,-0.05995421970181725
1.2338519255061462,1.6891896048073634,2.8647384124613446,-1.7670254929629254,-0.7108372153715291,-0.8889119479272106,1.5860481281577248
0.25530548461345975,1.3007585373035144,-0.5826125772312286,-0.7995286513931709,-0.18054397243803938,-1.4176867207495547,-1.1767241390282002
0.54071486320716,0.5886349135464579,1.1410629176150582,-0.07889094588722227,1.1797368408706943,-0.23177518315161802,1.518677815704146
-0.9678775665023982,-0.835612333967655,-0.6749523358837082,0.8082854031748543,-1.378010529132837,-1.4330135257588978,0.12428999236659621
-0.7232409562792266,-0.6413968002157305,-0.4287129794770958,0.06630379056896427,-0.3075933952241879,1.377539342829425,0.07259814855233383
0.7853514734303315,0.3296808685438919,1.9413408259365486,0.4347670289258639,1.0551216737901017,-0.8812485454225398,1.1302555308389446
-0.31551327257394063,0.3296808685438919,2.1260203432415077,0.6712350523225931,0.2557495501731999,-2.1936062243475565,0.9182799432527835
-1.4571507869487414,-0.25296573271188155,-0.9211916922903206,0.9924782101432881,1.5609716563819944,1.0540604080507907,-1.2893015343523901
0.744578705059803,-0.5766582889650891,-0.30559330127378964,-0.4599920239743504,0.5741689215038489,-0.5881233996188489,0.6063874264256413
-0.9271047981318696,0.2002038460426089,-0.21325354262130997,1.1562472570804934,-0.6885544131437448,0.9043242381659516,0.26679583307193955
-0.682468187908698,-1.0298278677195796,0.402344848395221,-1.361210417181127,-0.5737698941048222,1.6476742811191,-1.071483259406349
0.8668970101713888,0.1354653347919674,1.5412018717758034,0.21851954909749985,1.0889203780095564,-1.005778836123453,0.8107592931695585
1.2746246938766748,0.7181119360477408,-0.2748133817229631,0.632759851366118,-0.3865194552158781,0.8813340306519359,-1.2590865665583448
-1.1309686399845127,0.8475889585490238,-0.8288519336378409,0.9729766192351301,2.0585010955029426,0.15090254931253197,-1.2702876355081865
0.45916932646610276,0.1354653347919674,-0.09013386441800378,1.6437870297844397,1.1114840558956742,-0.26817634504880855,-1.2133296623749312
0.7038059366892744,0.7828504472983824,-0.12091378396883033,-0.90259725541526,-1.1019097569910887,-0.2030374237591,0.21170182885251038
1.1115336203945603,0.7828504472983824,-0.8288519336378409,1.233478499876337,0.4341055932149192,0.1226571826894443,-1.2550949495639918
1.8046706826935466,-0.44718126646380607,-0.8288519336378409,-1.4511303684163182,0.020360675765719493,0.6343537124294633,-1.1981328666801818
-0.886332029761341,-1.0298278677195796,-0.09013386441800378,0.28957229246967636,0.5627466447316233,-0.29308240318899115,0.4778858899830215
1.1930791571356176,-0.7708738227170135,-0.21325354262130997,-0.9068098686586699,-0.16284880596303417,1.2070286371004801,-0.12984116188548392
0.33685102135451694,0.7181119360477408,2.310699860546467,1.1691659376936163,0.7673177492177949,-1.5767023227214898,1.690163926253184
1.356170230617732,1.0418044923009484,-0.6749523358837082,0.042993997288763526,0.8867835292289409,0.6897489680351457,-1.0198048735050818
-0.5601498827971122,-0.5766582889650891,-0.49027281857874894,-0.202460934360573,-0.09422152011023646,-0.9004070516842185,0.24049368791427364
-1.4571507869487414,0.6533734247970994,-0.7672920945361879,0.5945691983921908,1.4346141052424966,0.9826531070581515,-1.2937257837909353
-1.7833329339129702,1.1065430035515897,-0.7365121749853614,0.44651849551195494,2.188388576757354,1.3277517053725105,-1.2714731590250117
0.05144164276081677,-0.965089356468938,-0.21325354262130997,-0.827612739682568,0.5965453489510781,0.49816390541835387,-1.0674458855078126
-1.294059713466627,-0.6413968002157305,-0.1516937035196569,0.14999437367136925,-0.33736621500753045,0.5767137810912388,-0.19472445201756444
0.6222603999482171,0.3296808685438919,0.2792251701919148,-0.4288186859731196,-0.9364739942327069,-0.6877476321795811,0.8049939232424487
-0.11164943072129763,-1.0945663789702211,-0.7365121749853614,1.1247930781963673,-1.8481027559635306,1.1265629108014283,0.19818200945761108
-0.15242219909182622,-0.12348871021059858,-0.5826125772312286,0.053665950838734766,-0.2903663548464052,1.6457584304929314,0.29093932898518754
2.0900800612872468,3.0486983410708346,3.4187769643762227,-2.3626890055810525,0.4848504621538232,-0.0018731080114687988,0.175917238198482
0.21453271624293116,1.2360200260528729,0.09454565288695552,0.2957507918933444,0.44674499783992344,-1.4176867207495547,-1.1524998956369812
-0.9271047981318696,0.7828504472983824,-0.7980720140870144,-1.4156935484625586,-0.35066099616864504,-0.46167725829176726,0.047945943527870016
1.641579609211432,-0.31770424396252306,-0.7672920945361879,-1.6562635225612021,-0.3635812268306163,-1.1674438506836624,-1.1377798333482452
-0.6009226511676408,-0.5766582889650891,-0.7672920945361879,1.180399573009375,-0.5106664961992481,0.28933618716605186,-0.02310914550377329
-0.8047864930202838,-1.0298278677195796,-0.1516937035196569,1.1284440096739896,-0.0916000139657907,-0.6072819058805293,0.5548678438977164
0.05144164276081677,-0.25296573271188155,2.5569392169530794,0.524636111451936,0.38176909554545957,-0.4367712001515846,1.6269090435935134
0.2960782529839884,-0.05875019895995708,-0.2748133817229631,0.8574325576813007,-0.8546455524382383,0.49816390541835387,-1.2203277771323944
0.5814876315776886,-0.44718126646380607,1.2334026762675379,0.9635904114152244,1.1591392925929105,-0.8161096241328313,1.7015735448904483
0.45916932646610276,0.07072682354132591,-0.8288519336378409,-1.8728611941200815,0.36463434248273513,0.7663843111870914,-1.1917292828987471
-1.090195871613984,-1.1593048902208625,-0.6133924967820551,0.5959696957070068,-0.9804778473716087,2.2722415852498377,0.3851958600204206
0.7853514734303315,-0.18822722146124007,1.2026227567167114,0.29462742836176814,1.4478794693596626,-0.15130945685256622,0.7419220681995112
-0.43783157768552644,-1.224043401471504,-0.39793305992626926,-0.29570010748137393,-1.1606127695827728,0.4483517891379886,0.5793074138968574
-0.030103893980240427,-0.05875019895995708,2.218360101893987,-1.11435128111732,0.7042143513122214,-0.49424671893662236,1.450769186730762
-0.682468187908698,-0.38244275521316456,-0.2748133817229631,-1.0140910859241699,-0.514598755415916,-0.6379355158992158,0.16421154547532507
-1.1717414083550413,-0.835612333967655,-0.4594928990279224,0.3550082181839734,-0.4749016623714599,-0.06318032804884192,0.789896836444521
-1.375605250207684,0.005988312290684412,-0.24403346217213653,0.5698514935978668,-0.30347388556863136,0.768298843708029,0.9552542134155807
-0.31551327257394063,-0.5119197777144475,-0.30559330127378964,0.04973417847821925,-0.3381152167630858,-1.319978338814991,-0.15035640445524742
0.9892153152829746,1.9481436498099294,2.3414797800972935,-1.981026245728136,0.5997286064121907,-0.8984912010580499,1.3773374302641805
0.5814876315776886,-0.31770424396252306,-0.5210527381295754,0.7125186621080074,-0.13129710701024747,1.4445941147453019,-1.2052629893256552
0.33685102135451694,0.3296808685438919,-0.4594928990279224,-0.12382548715025882,0.8876261562039411,0.09008772204458919,-1.1376908081771493
0.8261242418008602,-0.05875019895995708,1.6643215499791095,0.3359110381471835,-0.2340039727408334,0.3755494653436076,1.977479602368635
1.8454434510640751,0.3296808685438919,-0.9519716118411472,-0.007849952897586488,0.1960079417871927,-1.5136662007620518,-1.2084446878255435
0.09221441113134538,-0.12348871021059858,-0.09013386441800378,-1.3892945054705244,0.1939569053398487,-0.26817634504880855,-1.0219581395843012
0.09221441113134538,0.07072682354132591,-0.6441724163328817,0.15533035044635538,-0.10564379688246203,-0.07659128243201836,-1.0760589498246904
-0.43783157768552644,0.7828504472983824,2.27991994099564,1.3177307647445307,0.9479207975261816,-1.536469459571964,0.8777823914678633
-1.294059713466627,1.0418044923009484,-0.6749523358837082,0.5839672023061498,2.2098017167917714,-0.03680196169265793,-1.2564263726841896
-0.11164943072129763,-0.38244275521316456,-0.49027281857874894,0.7776737469394102,-1.8613039119052017,0.6207783454931001,-0.08865187337261461
-0.5193771144265836,-0.7708738227170135,-0.4287129794770958,1.2478013849039304,-0.9101653075688104,1.9982749457078268,0.0552508987016222
0.010668874390288173,-1.2887819127221456,-0.6133924967820551,0.41061471299698116,-1.4754743825745322,-0.4482663039085925,-0.02226129698508048
0.21453271624293116,0.4591578910451749,-0.30559330127378964,-1.3561552812890352,-2.159312985396956,0.6092832417360939,0.4000291717236439
-0.8047864930202838,-0.25296573271188155,-0.5210527381295754,1.0486851989321,0.0349812827231345,0.19354365585765676,0.7503386469866604
-0.7232409562792266,-0.38244275521316456,0.9563834003100989,-0.8832192344955758,0.491685103173269,-1.1647944380953896,1.0543206025552703
0.010668874390288173,0.005988312290684412,0.032985813785302416,0.014909908999366313,-0.4801446746603501,0.6897489680351457,-1.0819804315425439
0.25530548461345975,1.1065430035515897,-0.9827515313919737,-0.24485997673103102,0.3383722465367912,-0.14256486703722465,-1.163372364447834
0.37762378972504557,1.3654970485541558,1.695101469529936,-0.050245175832036415,0.2726957148926491,-0.3639688763572036,1.9287458078307005
-0.8455592613908124,-1.1593048902208625,-0.18247362307048343,1.7058528649040088,0.6093720040149708,-0.14364605434789543,-0.01032412815840772
-0.43783157768552644,0.3296808685438919,-0.24403346217213653,-0.4344355036309991,-0.8546455524382383,-0.26817634504880855,-1.1856063616049806
0.45916932646610276,-0.9003508452182966,-0.4287129794770958,-2.127344345715899,-1.2488077262994655,-0.0459376724133318,-0.12657896377546649
0.7853514734303315,0.9770659810503068,-0.890411772739494,-1.6034968486298862,-0.8213086518049374,0.7420579779512849,-1.115560236534825
-1.090195871613984,-0.5119197777144475,-0.7672920945361879,1.062552057342458,2.022781401202204,1.564455657560203,-1.24785642073776
-0.15242219909182622,-0.25296573271188155,-0.24403346217213653,0.24688447826979237,-0.4673180195964574,0.919651043175295,0.5600060750792538
0.6630331683187457,-0.9003508452182966,-0.3671531403754427,-2.820178803815343,-1.3810065361550599,0.6514319555117867,-0.07472293342266367
1.3969429989882605,2.40131322856442,1.4796420326741502,-1.131763415856747,-0.0032178068102102,-0.45784555703943186,0.7018551696304351
-0.274740504203412,-0.5119197777144475,1.0487231589625785,0.7689676795696972,1.7003866862014039,-2.074823485525147,2.6592574747014983
-0.6009226511676408,-1.0945663789702211,-0.24403346217213653,-0.9399490928401599,0.9616837047845196,-0.8429315328991808,-1.0383767934383497
-0.7232409562792266,-0.05875019895995708,-0.49027281857874894,0.7265607062527065,-0.5935248154076056,1.0729190932687278,0.37912634125962075
0.9076697785419173,0.5886349135464579,-0.9211916922903206,-0.2480275529651041,0.0574517660658178,-1.1977475995561022,-1.204924644823267
0.9892153152829746,0.1354653347919674,-0.8288519336378409,-0.5452379347787203,-0.5507961574188336,-1.1969638365600388,-1.1668670214658377
-0.7232409562792266,-0.25296573271188155,-0.24403346217213653,1.4511301841191706,-0.12296446247968958,0.8679230762687612,0.16136115950295837
0.33685102135451694,0.005988312290684412,-0.9211916922903206,-1.8136733517750065,0.032032839184893726,0.8956795254754526,-1.2170453095212985
-0.19319496746235482,0.9123274697996654,-0.05935394486717723,0.815868107012992,0.16596296472595096,-1.1245615749458637,-1.1115313168972318
1.2746246938766748,0.9123274697996654,-0.2748133817229631,-0.8573818732693301,-0.7510024345132078,-1.145635931833711,-1.286979437032034
-0.8047864930202838,-0.835612333967655,-0.18247362307048343,2.054938082341223,-1.0630552909216329,0.316158095932403,0.09331795139962339
0.8668970101713888,0.7181119360477408,-0.4287129794770958,-0.3220991504734072,0.09096916395092867,-0.6513464702823906,-1.0273413047823499
1.3153974622472033,-0.965089356468938,1.7874412281824157,0.6880855052962315,1.614438734751378,-1.4981524470486065,2.2190652901266628
-0.6009226511676408,-0.7708738227170135,-0.5210527381295754,0.8692278747628472,-1.5679760993856706,-1.1245615749458637,0.17541122066986548
1.8046706826935466,3.9550374985798156,2.6800588951563853,-2.1402630263290217,0.8699309897289366,-0.7797084622356407,1.144009517919959
-0.6009226511676408,-0.31770424396252306,-0.5826125772312286,0.3901133285457207,-1.7133760651829353,-1.325725890693495,0.08676663935359794
-0.6009226511676408,0.5238964022958164,-0.9211916922903206,0.8183573373701138,1.9655282219462273,0.9974399084941551,-1.2743872899633977
0.21453271624293116,0.2649423572932504,-0.7980720140870144,0.5162108849651172,0.6308121792677549,-0.46167725829176726,-1.0393484547565974
-0.274740504203412,-0.7708738227170135,-0.6133924967820551,-0.08366524089641975,0.24741690564264204,1.7338875592966558,0.43233085449453484
0.33685102135451694,1.1712815148022313,1.2334026762675379,0.4617277536836848,1.425690292351322,-0.0057048092638058955,1.9636341014792538
-0.030103893980240427,-1.224043401471504,-0.21325354262130997,-0.20218009347767868,-0.2587210306741736,-0.7643816572262975,-0.0883450329563259
-0.19319496746235482,-0.835612333967655,-0.890411772739494,0.020526726657245756,-1.5749979908440062,-0.5229844783291404,-0.19980615996452245
0.5814876315776886,-0.7061353114663721,-0.18247362307048343,-1.5577990352069115,1.6545103286736118,-0.6513464702823906,-1.2607015161177593
-0.15242219909182622,-1.0945663789702211,-0.5826125772312286,1.464610546498081,-0.04759616082688896,1.0116118732313546,-0.22469253267510136
-0.274740504203412,-0.6413968002157305,-0.1516937035196569,-1.423837934066484,-0.21930481328805096,0.7184867274276637,0.8781188392927414
0.17375994787240256,0.2649423572932504,2.033680584589028,0.008731409575698228,0.3934722479760186,-1.6533363477682061,0.563445917640807
-0.274740504203412,-0.05875019895995708,-0.7980720140870144,0.809689607589324,-0.6826560243187428,0.7548878893248543,0.5610719417884676
-1.3348324818371555,-0.7708738227170135,-0.5210527381295754,0.5555286085702744,-1.2503993550300212,1.2223554421098235,-0.31967579101207094
-1.2125141767255698,-0.05875019895995708,-0.4287129794770958,0.33001337960640975,-0.5557938519714835,-0.18387891749742133,0.2629172625467454
-0.8455592613908124,-0.7061353114663721,-0.551832657680402,0.20251161877254348,-0.11753419975191022,-0.4961625695627892,0.7975113236171607
-0.11164943072129763,-0.05875019895995708,-0.2748133817229631,-1.1927058874447398,0.9804087486734129,-0.6513464702823906,-1.2356697979468332
1.2746246938766748,-0.31770424396252306,-0.7672920945361879,-1.0803695342871489,-0.6486700696603995,-0.26817634504880855,-1.2133296623749312
-1.0494231032434553,-0.25296573271188155,-0.7365121749853614,0.21009432261068117,-1.3599408617800537,-1.9407139416933932,0.38053134737631156
-2.1910606176182563,1.0418044923009484,-0.7365121749853614,0.4835013164419581,2.0642601653201496,1.6177847736373494,-1.2911589000066261
-0.43783157768552644,-0.9003508452182966,-0.30559330127378964,-1.4041790722639054,-0.14037875329636137,1.090161748904238,-1.00800228380836
-0.2339677358328834,-0.18822722146124007,2.433819538749773,1.569925877583323,1.6935520451819568,-0.47700406330111056,2.1756581375521975
0.25530548461345975,0.5886349135464579,-0.05935394486717723,-1.361210417181127,0.3063071686732154,-0.07659128243201836,-1.2440137040038084
-0.8455592613908124,1.0418044923009484,-0.7365121749853614,0.7906265721870758,1.696506721351056,1.141514699545803,-1.256979994242464
1.3153974622472033,-0.5119197777144475,-0.6749523358837082,0.0604061320281905,1.2431211144346024,-0.8678375910393651,-1.029346533818623
0.8668970101713888,-0.965089356468938,-0.2748133817229631,-0.5698008091858964,-0.7479128022715401,1.3411381809322342,0.4038243031882681
0.744578705059803,0.3296808685438919,1.017943239411752,0.9408422999008124,0.8935245450289431,-0.9981154336187821,0.850309407879622
0.05144164276081677,-0.25296573271188155,-0.1516937035196569,0.7189780024145689,-0.32706744086863854,1.371791790950921,-0.305633804592961
1.3153974622472033,-0.5119197777144475,-0.6749523358837082,-1.2080765280214159,-0.18408720950539378,-0.310217188770847,-1.231660653689585
-1.3348324818371555,0.8475889585490238,-0.9211916922903206,1.160426346347712,2.078409034119377,1.0552548547029272,-1.2885535861289579
-0.7640137246497553,-1.0298278677195796,0.2792251701919148,0.15533035044635538,1.1395716217290155,1.4560892185023082,-1.0122684422278136
-0.5601498827971122,-0.25296573271188155,-0.30559330127378964,0.8377736958787221,-0.4362344467408926,0.11307792955860496,0.23369744185173727
0.25530548461345975,0.1354653347919674,-0.7672920945361879,-0.007557361632152455,0.3333648570926666,-1.3103990856841516,-1.2359443393719336
-1.0494231032434553,0.005988312290684412,-0.5210527381295754,-0.9778626120308463,0.41912555810380403,-0.14364605434789543,0.7095154137072583
-0.8455592613908124,-0.18822722146124007,-0.3671531403754427,0.43701375598901543,-0.749129930124318,1.0805824957733985,0.9711964571496018
-0.274740504203412,-0.835612333967655,-0.05935394486717723,1.3960853710719505,-0.2751054440769566,2.5155546147731616,0.4121197607584611
-1.2125141767255698,-0.7708738227170135,-0.3671531403754427,-0.5136326326071009,-0.20732078519915853,-0.9214814085720657,0.24333061597364522
0.010668874390288173,0.7828504472983824,1.6643215499791095,0.557775335633426,0.7787400259900205,-0.6245245615160394,2.0615404185187636
-0.07087666235076902,-0.05875019895995708,-0.3363732208246162,0.16291305428449307,-2.032357187830252,-0.2394385856562905,0.20944897421712705
-0.7232409562792266,-0.835612333967655,-0.7672920945361879,0.248288682684262,-1.5635757140717805,0.287420336539885,0.5795684974089627
-0.3970588093149978,-0.6413968002157305,-0.551832657680402,0.6661799164305013,-1.8426724932357512,-0.6934951840580851,0.2694631914275726
-1.0086503348729268,0.7181119360477408,-0.12091378396883033,0.5614262671110472,-0.3324977035964179,1.038433781997704,0.3933244394694743
-0.43783157768552644,0.07072682354132591,-0.6749523358837082,-1.4454626820493197,1.7106854603402957,-0.6513464702823906,-1.0981299271366898
-0.15242219909182622,-0.965089356468938,-0.49027281857874894,1.116648692592442,-0.7053133274243054,0.18013270147448204,0.6195331158392758
-0.274740504203412,-0.7708738227170135,1.2949625153691908,-1.3328454880088345,0.18684138866206812,-0.07850713305818521,1.1690735350820736
3.0278537338094043,3.307652386073401,2.495379377851426,-1.2719030164208416,0.5455196043538407,-1.111150620562689,1.2069575601633409
-0.478604346056055,0.5238964022958164,0.032985813785302416,-1.381150119866599,-0.2845615912408482,-1.5038999989271105,-1.0621703836137246
-0.3970588093149978,-0.38244275521316456,-0.6749523358837082,0.4274651659706195,-1.1708179185022205,-1.7548764309551053,0.5656207163808186
-1.0494231032434553,-0.31770424396252306,-0.6749523358837082,0.7397602277487237,-0.32987619745197283,-0.2988299550674951,0.5974029237100978
2.049307292916718,1.8186666273086463,2.095240423690681,-2.548043988291078,-0.3769696828325423,-1.6744107046560535,0.7264373935073244
0.25530548461345975,0.7828504472983824,0.032985813785302416,-0.04125826757942911,1.0178588364512022,1.264504155885518,-1.236208114466638
1.2746246938766748,-0.31770424396252306,-0.7672920945361879,-1.0489153554030228,-0.6322856562576171,-0.6360196652730473,-1.2018527541726913
-1.090195871613984,-0.5766582889650891,-0.7980720140870144,-0.9065290277757766,0.6761267854788788,-0.5574697896001624,0.264976323234999
0.6222603999482171,-1.0945663789702211,0.12532557243778206,-0.4959396569847796,-1.1249415609744289,0.41769817911930207,0.7831463472861679
-0.478604346056055,-1.224043401471504,-0.7365121749853614,0.7574532033710439,-0.8029644313048897,0.3755494653436076,-0.01052061368813644
-0.8455592613908124,0.1354653347919674,-0.7057322554345348,1.4092848925679675,-0.5672161287437091,-0.43868705077775316,0.0759599352185153
0.6630331683187457,-0.6413968002157305,-0.6133924967820551,1.324190105051092,-1.4794066417912002,0.4732578472781712,-0.02458682435063759
-0.030103893980240427,0.2002038460426089,-0.18247362307048343,-0.9961172694189553,-0.3397068454936421,-1.2261016581327628,-1.274159429112881
-0.3562860409444692,0.6533734247970994,-0.21325354262130997,0.7698102022183791,0.7791145268677988,-1.528806057067293,-1.0198802378178544
-1.090195871613984,0.005988312290684412,-0.12091378396883033,-0.01879099694791134,-0.8667232057465749,-0.007620659889972742,0.0938616510846263
0.09221441113134538,1.0418044923009484,-0.49027281857874894,0.3519189684721398,-0.33034432354919474,1.264504155885518,-1.0647543029087883
0.54071486320716,0.9123274697996654,0.09454565288695552,-1.4067066402099513,-0.14749426997414128,-0.47508821267494367,-0.04954586979139012
-1.0494231032434553,-0.9003508452182966,-0.5210527381295754,1.2522948390302335,-0.33315308013252903,1.5844512104555584,0.13921212629558705
0.9484425469124459,1.1712815148022313,1.3873022740216705,0.6622481440699858,0.6353998150205346,0.28933618716605186,2.636435545844371
-0.19319496746235482,-0.12348871021059858,-0.3363732208246162,0.17358500783446332,0.27278934011209405,1.168711624577123,0.7462393666883463
1.763897914323018,2.595528762316344,2.587719136503906,-2.3115759648943492,0.7685348770705736,-0.8333522797683414,1.1470402399264603
0.54071486320716,-0.18822722146124007,-0.8596318531886675,0.1114742522156761,0.10086527849104324,0.60435252235131,-1.120372798064844
-0.07087666235076902,-0.5766582889650891,2.156800262792334,-0.18420627697246406,0.6568399902733186,-0.09766563931986559,1.6853352270705342
-0.886332029761341,-0.38244275521316456,-0.8596318531886675,0.612198307989333,2.006009325088294,1.615468682656869,-1.2919706555869623
-0.9678775665023982,0.2649423572932504,-0.39793305992626926,1.306777970311665,1.1489341436734637,1.8392593437358902,-1.1987951163401998
-0.7232409562792266,-1.1593048902208625,-0.18247362307048343,0.02642438519801952,-0.5476484578798141,0.954136354446317,-0.05297225443994816
1.8046706826935466,0.4591578910451749,-0.9827515313919737,-2.134337132045882,0.5585759614036224,-1.4688659171502796,-1.1719397502663296
-0.43783157768552644,-1.2887819127221456,-0.5210527381295754,1.066097333671526,0.5412128442593958,1.9331360244181184,0.4234244076743634
2.1308528296577753,2.8544828073189104,1.6027617108774563,-1.7746081968010623,0.7749950172122424,-1.1877846456094054,1.2839125982520456
-1.090195871613984,-0.5766582889650891,-0.551832657680402,-1.4496752952927294,0.5155595341316103,-0.22985933252545118,-0.056635498357220246
-0.6416954195381694,0.2649423572932504,-0.18247362307048343,0.6032715586622501,-0.9757029611799405,1.1533848195677796,0.5302587041948371
-0.43783157768552644,-1.48299744647407,0.032985813785302416,0.42297171184431637,-1.4274446449995182,1.394781998464935,-0.14240546945772953
-0.6009226511676408,-0.31770424396252306,-0.4287129794770958,0.6046757630767198,1.3829971922846436,-1.6092717833663448,-1.1974493250406875
-0.2339677358328834,-0.18822722146124007,-0.39793305992626926,-0.40635141534160085,0.034794032284246,1.0729190932687278,-1.111318681871909
-0.5193771144265836,-1.224043401471504,-0.5826125772312286,0.17358500783446332,-1.722176835810716,0.954136354446317,-0.2363497769114758
0.9892153152829746,0.5238964022958164,-0.9519716118411472,-0.11484501296227917,0.31551612372397203,0.47181057731400233,-1.1493674260751658
-0.5601498827971122,-1.1593048902208625,-0.4287129794770958,1.47865259064278,-1.6491491646440275,0.32382149843707553,0.10543007309523288
-0.7640137246497553,-1.2887819127221456,-0.24403346217213653,1.307620492960347,-0.14234488290469535,-1.3008198325533125,0.6149035937689542
0.7038059366892744,-0.25296573271188155,1.5719817913266299,0.02389681725197362,2.021614814115387,-1.139888379955207,2.7373968091337737
-0.6416954195381694,-1.1593048902208625,-0.30559330127378964,1.53088899486106,-0.344107230807532,1.1112361057920852,-0.08275461589815238
-0.478604346056055,-0.12348871021059858,0.7717038830051396,-0.5307639264636336,0.5993541055344124,-0.37354812948804467,1.5205807646016558
-0.7232409562792266,-1.1593048902208625,-0.3671531403754427,1.1792762094777998,-1.2782060452050297,2.0193493025956744,-0.422784937215495
-1.375605250207684,0.07072682354132591,-0.890411772739494,0.3713249583353519,2.0383120368663508,1.5107118249614138,-1.2731703770488079
-0.478604346056055,-0.965089356468938,-0.7365121749853614,-0.11343437448318189,-1.1134256589827591,0.0383597551380571,0.3451424193643396
0.7853514734303315,-0.25296573271188155,-0.7365121749853614,-0.8763354031945203,0.060515577408214574,0.8444277930541686,-1.1716841228074788
0.7853514734303315,-0.44718126646380607,-0.7365121749853614,0.9697689108388915,-0.4052444991047728,-1.4176867207495547,-1.1250457531269331
-1.090195871613984,-1.4182589352234285,-0.39793305992626926,1.8181892180615986,-1.0327207198216242,0.9752107113341641,0.3352024048261428
0.7853514734303315,0.3296808685438919,-0.9211916922903206,-1.1557394872811602,-0.45414834138981647,0.17365035382607058,-1.222701669599505
-0.31551327257394063,0.9123274697996654,1.7566613086315892,0.9995380444256536,1.3155870342846239,0.632273449250108,1.9968159317600263
0.9484425469124459,-1.0298278677195796,-0.05935394486717723,-1.1927058874447398,-0.5269572843825862,0.1149937801847735,-1.0389151099581546
1.1115336203945603,0.7181119360477408,-0.7980720140870144,-0.827612739682568,-0.1618189285491454,-1.0345165955159725,-1.1899128937634196
-1.0494231032434553,-0.9003508452182966,-0.6133924967820551,0.45863850397185124,-0.7809625047354388,0.7663829930818621,-0.35083355117837667
0.21453271624293116,-0.6413968002157305,1.8797809868348954,0.22076627616065242,-0.06959808739633982,-0.18196306687125277,0.45880795252113715
1.8862162194346037,2.789744296068269,2.4645994583005995,-1.3269478294680617,1.2905891006929489,-0.7049902878150912,1.2040506509563949
0.4999420948366314,0.3944193797945334,0.7717038830051396,0.7653167480920761,0.3837352251537936,-1.4540878826467434,2.8370957201842337
0.09221441113134538,-0.965089356468938,-0.49027281857874894,0.6091692172030239,-1.841361740163529,1.0403496326238726,0.04117123012612594
-1.1309686399845127,-0.44718126646380607,-0.551832657680402,1.1365883952779148,-1.2697797754550268,-0.30074580569366366,0.4571257133967469
-1.4163780185782129,0.4591578910451749,0.09454565288695552,0.42549927979036223,-0.939657251693819,-0.19537402125442752,0.9224761205246623
-0.9678775665023982,-0.9003508452182966,-0.49027281857874894,1.2475205440210362,-0.1609763015741451,1.1553006701939463,0.0875122077335278
-1.1717414083550413,-1.0298278677195796,-0.1516937035196569,0.01182065928753277,0.02337175551202042,-0.03444256865632391,0.4006320862258252
-1.49792355531927,0.005988312290684412,-0.9211916922903206,-0.26902022360644534,-1.6959617743662636,-0.6398513665253827,-0.16719763677734267
0.9892153152829746,-0.965089356468938,-0.1516937035196569,-1.350538463631156,0.6436388343316476,-0.45784555703943186,-1.1807991950831231
0.4183965580955742,-0.5119197777144475,-0.551832657680402,0.2519396141618832,-0.13232698442413623,-1.2969881313009752,-1.2438629753782633
0.010668874390288173,1.1065430035515897,-0.24403346217213653,0.18341443873575258,1.7949481578403197,-0.8429315328991808,-1.1689185494910297
-0.682468187908698,-1.224043401471504,-0.5826125772312286,1.0568295845360254,-1.34018594047727,1.084414197025734,0.19406388808110395
-0.07087666235076902,0.6533734247970994,0.032985813785302416,-0.6310241216567836,0.6527204806177608,-0.4597614076656004,-1.0803654819831292
2.0900800612872468,4.019776009830458,1.5719817913266299,-2.339660053183746,-0.05265192267689064,-0.6532623209085591,0.5571906796806745
-0.8047864930202838,0.5238964022958164,-0.5826125772312286,0.30277181396569347,-0.9009900360632517,-0.03252671803015536,-0.07237587339631457
-0.682468187908698,-0.25296573271188155,-0.30559330127378964,1.0972706716727578,-0.08485899816578979,1.293241915278036,0.5519797757689633
2.86476266032729,2.3365747173137783,1.9413408259365486,-1.0668891719082374,0.17373385793984197,-0.6264404121422079,1.0370406422695342
0.21453271624293116,0.9123274697996654,-0.7057322554345348,-1.9899676212483999,-0.3347191969270389,-0.4189652058821036,-1.2070516087573289
-0.030103893980240427,-0.7061353114663721,-0.5210527381295754,-0.032271359326821805,-1.7456767658912786,2.1419637426704203,0.36073475736048755
-0.3970588093149978,-0.965089356468938,-0.8288519336378409,-0.2625608832998839,-0.03645475971299681,0.061349962652071176,0.013063033044514899
1.763897914323018,2.919221318569552,1.356522354470844,-1.7347287914301175,1.1757109564345827,-1.1418042305813756,1.0703059116108757
2.334716671510418,4.084514521081099,1.5104219522249769,-1.3477300548022155,1.0662630749039939,-1.9828626554690876,1.503952167304884
-1.2125141767255698,-0.31770424396252306,-0.2748133817229631,1.6727136407225187,-0.7272216287743121,1.1438055664369402,-0.20357437560315647
-2.231833385988785,0.3944193797945334,-0.890411772739494,1.1055882181482577,2.135367671243737,1.2455285213978085,-1.2964325379259323
-0.030103893980240427,0.005988312290684412,-0.6133924967820551,0.033164566387474254,-1.6252747336856876,2.287568390259181,-0.1732133238861621
-1.4163780185782129,-0.12348871021059858,-0.8288519336378409,0.9902944616481251,2.2806291896840007,1.404453718210396,-1.2719398009880496
-0.31551327257394063,-0.38244275521316456,-0.5826125772312286,0.05170006465847751,-0.0916000139657907,0.12840473456794824,0.6597507430338975
-0.43783157768552644,-0.18822722146124007,-0.3671531403754427,0.8248550152655993,-0.7421080386659831,2.1189735351564045,0.4555430628285207
0.4183965580955742,1.1065430035515897,-0.7672920945361879,-0.106502199232545,0.692094150022907,0.511544370954668,-1.11855254938848
-0.6009226511676408,-0.835612333967655,-0.2748133817229631,-0.09967317122137712,-0.9504241519299333,0.5173224116800342,0.2815645467927859
-0.682468187908698,-0.9003508452182966,-0.890411772739494,0.7335817283250566,-1.701392037094043,-0.2356068844039551,-0.2930048990383389
0.2960782529839884,-0.12348871021059858,-0.18247362307048343,-0.4344355036309991,0.3624823003398981,-1.0345165955159725,-0.9955806301138628
0.37762378972504557,-0.05875019895995708,-0.8288519336378409,-0.04125826757942911,0.5310076953399474,-1.2261016581327628,-1.2367464309864429
-0.15242219909182622,-1.48299744647407,-0.5826125772312286,0.8001410175709289,-0.10480116990746176,-0.15705700873107017,0.11295573804210472
-0.682468187908698,-0.7708738227170135,-0.39793305992626926,0.37579044351812824,-1.2933733307550341,0.8947449850351124,-0.05397621474938421
-0.682468187908698,-0.05875019895995708,-0.3363732208246162,0.04973417847821925,-2.159968361933067,1.6591693848761078,0.35006532393795525
-0.3970588093149978,-0.44718126646380607,-0.551832657680402,1.007682430029579,-1.7864037363496237,-1.1360566787028716,0.29561191637709405
-0.7232409562792266,-1.1593048902208625,-0.4287129794770958,0.3805647385273257,0.24610615257041982,-2.120803900553177,0.010320310376109091
-0.886332029761341,-0.7708738227170135,-0.3671531403754427,0.5659197212373513,0.288799252637098,1.8660812525022412,0.460907386948376
-0.7232409562792266,-0.12348871021059858,-0.9211916922903206,0.29097649688414695,-1.0032287756966156,0.8142792587360588,0.23476600014354976
-0.8455592613908124,-0.6413968002157305,-0.49027281857874894,1.623285645333179,-1.228303803241126,-0.17621551499274885,-0.18350862732743012
0.25530548461345975,1.0418044923009484,-0.9211916922903206,-0.676395047525705,-0.5507562496690457,0.2576152950805412,-1.126369165532084
-0.6009226511676408,-0.7708738227170135,-0.12091378396883033,0.8077237214090667,-0.8452830304937908,0.6667587605211299,-0.07750333824745584
-1.2125141767255698,0.1354653347919674,-0.4287129794770958,0.5574944947505316,-1.2853215618828095,-0.6724208271702378,0.5319328685714302
-1.4163780185782129,0.1354653347919674,-0.7672920945361879,1.0789643957303734,2.328047283062907,1.081707130744569,-1.2610750738147316
0.45916932646610276,-0.25296573271188155,-0.09013386441800378,-0.29233001688664606,-0.42640379869922335,-0.8869960973010438,-0.04482752549530051
0.4183965580955742,-1.0945663789702211,-0.39793305992626926,1.0630080839596925,-1.9829230719635706,0.10158282580159708,0.15664281520686862
2.7832171235862324,2.7250057848176272,3.7881359989861414,-1.2109605448328487,-0.4824853051464618,-1.456003733272912,1.3708103424615459
-1.1309686399845127,0.2002038460426089,-0.6133924967820551,0.3521998093550342,-1.2769889173522517,0.22611311650251187,0.4191394081767164
-0.07087666235076902,-0.835612333967655,-0.6749523358837082,-0.31957158252736134,-0.973455955913273,0.26251427839970237,-0.08361592232984014
0.25530548461345975,-0.31770424396252306,-0.8288519336378409,-2.041150737352204,-0.22782108402525347,-0.7079436980014708,-1.2328749825772165
-0.43783157768552644,0.1354653347919674,-0.09013386441800378,-1.5297149469175133,0.07224412006203533,-1.0345165955159725,-1.1643428590726883
-0.31551327257394063,-1.5477359577247114,-0.5826125772312286,0.9922361814704103,-0.15798029455192167,0.8985766862874477,0.6487394786212889
-0.11164943072129763,-0.12348871021059858,-0.24403346217213653,-1.3022338317733915,0.8564489581289321,-0.6226087108898726,-1.22315393886137
-0.9678775665023982,-1.2887819127221456,-0.4287129794770958,1.1980925486316965,-1.204710247941119,0.4483517891379886,0.19204520113183568
-0.8047864930202838,-0.25296573271188155,-0.6441724163328817,1.390468553414071,0.3670699360926778,0.23569236963335122,0.4309769884472255
1.1930791571356176,0.9123274697996654,-0.6749523358837082,-0.9020060460390453,0.26816188648973716,0.2855818230559438,-1.2356464877918083
0.9484425469124459,-0.38244275521316456,-0.7672920945361879,-0.11366718314987469,-0.16949432965671632,-0.018053637134191006,-1.2084287742471642
0.9484425469124459,0.07072682354132591,0.4639046874968741,-0.48948031667821823,0.12776387519260624,-2.4024339425998584,0.9954583826972071
0.6222603999482171,0.07072682354132591,-0.8596318531886675,-0.682448547480805,0.7795034179418057,-0.9337292519559449,-1.1551992078959976
-0.31551327257394063,-0.5119197777144475,-0.028574025316350685,0.9978529991282897,1.3268220606179597,1.0729190932687278,-1.2383613805458575
-0.6416954195381694,-0.965089356468938,-0.18247362307048343,0.8082854031748543,-1.2671582693105818,-2.059496680515804,0.3205790365656436
-1.375605250207684,-0.25296573271188155,-0.8288519336378409,0.6733372755178602,1.5907800818362914,1.388617055537312,-1.2831576565849183
-0.9271047981318696,0.9123274697996654,-0.7672920945361879,0.8265358760338081,2.094957812212408,0.8227394405259454,-1.2890546915731629
-0.3562860409444692,-0.38244275521316456,-0.24403346217213653,0.8981544857009274,-0.23035258918249885,-0.27200804630114395,-0.2957530048719427
0.9484425469124459,-0.05875019895995708,2.033680584589028,0.07051640381237409,-0.7478191770520958,-1.275913774413128,0.9079819482289163
0.744578705059803,-0.31770424396252306,-0.09013386441800378,-2.2464208800629453,-1.1826146961522237,0.7970366031005487,0.23043255215912084
-1.294059713466627,-0.5119197777144475,-0.24403346217213653,1.473316613867794,-0.3945712240881026,-0.07850713305818521,0.8647174495321994
1.437715767358789,0.005988312290684412,-0.4287129794770958,-0.5186877684991927,-0.7610203329937661,0.49816390541835387,-1.1576139025751275
-0.31551327257394063,0.1354653347919674,-0.30559330127378964,1.2225257054434724,0.5122826514510528,1.6476742811191,-1.1183167966293723
-0.9271047981318696,-0.25296573271188155,-0.7365121749853614,-0.20526934318951323,-0.8870398783660252,0.3544751084557621,0.32363398281553624
0.7853514734303315,0.9770659810503068,-0.24403346217213653,-0.15612218868306685,-2.18702605035252,1.0939934501565733,0.21177450158268415
-0.9678775665023982,-0.38244275521316456,-0.7980720140870144,0.41911013566248034,1.9919581832293751,0.7154417242545489,-1.3085783940875617
0.9076697785419173,-0.25296573271188155,0.9871633198609254,-0.3760205999890511,0.9123432141372827,-1.9828626554690876,1.8290307472846459
-1.2532869450960984,-1.0298278677195796,-0.30559330127378964,0.6024290360135682,-0.739392907302093,0.2548508758950299,-0.08124194647750066
-0.7640137246497553,0.005988312290684412,-0.6133924967820551,-0.9399490928401599,1.542160065340245,1.4560892185023082,-1.1522307373770788
-1.090195871613984,-0.31770424396252306,-0.1516937035196569,1.2320742954618673,-0.48810281831313035,-0.10341319119836953,0.8764500580813466
0.8668970101713888,0.7828504472983824,-0.4594928990279224,-0.39118600766532646,-0.00406043378521048,-0.6149453083852001,-1.0341940740794657
-0.9271047981318696,-0.31770424396252306,-0.6749523358837082,0.08652433413733045,-0.8102671984215588,0.5882088848482467,0.2554427376692547
-0.3562860409444692,0.1354653347919674,-0.8288519336378409,-0.29401506218401,0.27821960283987274,0.49816390541835387,-1.0593711377107395
-0.3562860409444692,0.8475889585490238,2.1875801823431607,1.2660560422920384,1.6244566332319363,-0.7049902878150912,0.9892004531544757
0.010668874390288173,1.1065430035515897,-0.028574025316350685,-0.968033181129557,-0.8078329427160023,-0.8429315328991808,-1.1952960589614683
-0.31551327257394063,-1.1593048902208625,-0.12091378396883033,1.2278616822184576,-1.7435233858440555,1.1188995082967577,0.09685469093474126
-1.2125141767255698,1.0418044923009484,-0.8596318531886675,0.9322246805587577,1.7375484363908686,0.5491826205913789,-1.2907077169598349
-0.11164943072129763,-0.965089356468938,-0.5210527381295754,0.028671112261171097,-1.0399298617188484,-1.4176867207495547,0.782381937828045
0.9484425469124459,0.7828504472983824,0.8024838025559662,0.29125733776704027,0.9761956137984128,-1.3276417413196617,1.9460822913510163
-1.2125141767255698,-0.5766582889650891,-0.3671531403754427,0.19970320994360327,0.01213672917868335,-1.3238100400673265,-0.18096508177135215
1.8046706826935466,0.8475889585490238,-0.9211916922903206,-0.46010658739570975,0.7492595612531686,-0.20240451100964152,-1.2177018089649994
-0.030103893980240427,-0.18822722146124007,-0.30559330127378964,0.02895195314406542,-0.9630635565549369,0.10924622830626957,0.2977624908737144
-0.11164943072129763,-0.5766582889650891,-0.5210527381295754,0.5193001346769508,-0.6017638347187192,1.8392593437358902,-0.03210710613231152
-0.8047864930202838,-0.5766582889650891,-0.12091378396883033,-0.24262118061441207,-0.8827331182715795,0.3334007515679149,-0.2061098464114374
0.09221441113134538,0.6533734247970994,2.218360101893987,0.8183956749590379,0.6222922842983085,-0.01911576364698063,1.9645088658239367
-0.7232409562792266,-0.5766582889650891,-0.7672920945361879,0.7296499559645401,-0.9808523482493864,2.1687856514367714,0.44735526856228863
1.6008068408409035,0.7181119360477408,-0.9211916922903206,-0.6615566172725658,-0.31683685865832867,-0.8972501015273148,-1.1201475747768634
-0.7232409562792266,-1.0945663789702211,-0.24403346217213653,0.1530836233832038,-0.7858310161465514,0.5518077229510562,0.4051243375835967
0.37762378972504557,0.1354653347919674,2.218360101893987,0.2867638836407371,0.06831186084536736,-1.7816983397214563,2.020316139432108
0.21453271624293116,-0.7708738227170135,-0.3363732208246162,1.1862972315501488,-0.4316468109881136,1.2855785127733652,0.6101906326380627
-0.030103893980240427,-1.48299744647407,-0.3671531403754427,-0.24627211209203326,-0.9847846074660543,0.2510191746426945,0.15511937945582108
1.0299880836535031,0.005988312290684412,-0.9519716118411472,-0.6145047969345298,0.6053005877621384,0.6092157137490725,-1.2294254483265359
0.5814876315776886,-0.9003508452182966,0.3407850092935679,-1.0522854459977506,0.8118833536733635,-0.26817634504880855,-1.0499505986141544
2.86476266032729,3.4371294085746835,1.4796420326741502,-2.1526200251763568,-0.6878990366076336,-1.2835771769178006,0.8619666521159964
-0.6416954195381694,-0.7061353114663721,-0.49027281857874894,0.5310954517584984,-0.6534449558520677,0.08625602079225379,-0.19690463392277413
0.6630331683187457,0.7181119360477408,1.1718428371658847,-0.29850851631031317,0.08975203609815138,-1.0651702055346592,2.0684739352938504
-1.0494231032434553,-0.31770424396252306,-0.7365121749853614,-0.1426418263041554,-1.118387795613316,-0.4156968432637374,-0.08694810158743226
0.010668874390288173,-0.25296573271188155,-0.3671531403754427,1.0427875403913263,0.09237354224259581,1.4944062310256672,0.32995920192324346
0.21453271624293116,0.4591578910451749,0.3100050897427414,-1.5858831234963087,-0.44269458688256147,1.8392593437358902,-1.0822495898024462
0.010668874390288173,-0.835612333967655,-0.7057322554345348,-0.18167870902641817,-0.0026560554935433464,-0.26817634504880855,-1.242398754444394
1.0299880836535031,-0.965089356468938,-0.6133924967820551,0.042993997288763526,-0.7235702452159776,0.1149937801847735,-1.2284025249294674
1.1930791571356176,0.4591578910451749,-0.3363732208246162,-0.9978023147163192,-0.5979252007214961,-0.3946224863758902,-0.0877044362977581
0.25530548461345975,-0.44718126646380607,-0.6133924967820551,0.8697895565286359,-1.2753036634022512,1.772204571820013,0.08917560577972497
0.4183965580955742,-1.0945663789702211,-0.05935394486717723,-1.6400854138948469,-1.2684690223828048,0.3793811665959447,0.4742361039787445
-0.886332029761341,1.3007585373035144,-0.1516937035196569,1.7280392946526322,1.2144717972845929,-1.2261016581327628,-1.044836591676008
-0.886332029761341,-1.353520423972787,-0.39793305992626926,-0.1707259145935536,0.016724364931463096,-0.44060290140392,0.008414669895999946
1.2746246938766748,3.7608219648278913,2.433819538749773,-1.2716221755379473,-0.859607689068795,-0.9732093754785995,1.2069198780069548
-1.0086503348729268,-0.44718126646380607,-0.30559330127378964,0.6198411707529952,0.325500338659332,0.08434017016608694,0.2139062350011112
0.05144164276081677,-1.1593048902208625,-0.6133924967820551,0.14493923777927845,-1.5312750133634372,-0.05168522429183574,0.3314045817789196
-0.8047864930202838,-0.44718126646380607,-0.49027281857874894,1.7502257244012567,-1.156118759049438,1.5729561066985505,-0.07358977714847445
-0.886332029761341,0.9123274697996654,-0.9211916922903206,0.6036538561224982,2.208567793510878,0.8509729901823715,-1.2534379206635304
2.6608988184746467,2.4660517398150614,2.6800588951563853,-1.2297768839867453,0.7912858053955798,-2.0786551867774827,0.7004824625049327
1.2338519255061462,-0.965089356468938,-0.1516937035196569,-0.8837809162613635,1.2425593631179357,-0.8429315328991808,-1.2413221214047843
0.010668874390288173,0.9770659810503068,-0.8288519336378409,-0.968033181129557,-0.6393075477159529,0.30657884280156367,-1.2415912796646866
0.17375994787240256,-1.0945663789702211,-0.5210527381295754,1.14894539412525,-0.19674113540193322,0.3353166021940817,0.11330026061477995
0.9892153152829746,-0.44718126646380607,2.433819538749773,0.05198090554137083,0.3607034211704526,-0.26051294254413776,1.1499040838118222
-1.375605250207684,0.5238964022958164,-0.9827515313919737,1.0160751042496619,2.252653337462501,0.6497603413551448,-1.2789999894271489
-1.0494231032434553,-0.44718126646380607,-0.39793305992626926,0.19324386963704185,-1.023451823096621,1.0748349438948945,-0.466364351076298
0.2960782529839884,1.3654970485541558,-0.05935394486717723,-1.1365377108659445,1.785585635895873,1.8392593437358902,-0.9519769920096687
1.9677617561756608,1.494974071055439,2.033680584589028,-2.29472551192071,-0.6801281433937426,-1.4579195838990806,0.5608135498589613
-0.11164943072129763,-0.5766582889650891,-0.05935394486717723,0.08820937943469438,-0.9828184778577204,1.5844512104555584,0.18341329573676468
-0.6416954195381694,-0.5766582889650891,0.740923963454313,1.0371707227334468,0.36332492731489835,-0.8180254747589981,1.0947293321144227
1.1115336203945603,-0.6413968002157305,-0.21325354262130997,-0.8141323773036576,-0.15666954147969944,-0.06892787992734586,0.5183323016985603
0.21453271624293116,-0.18822722146124007,1.1718428371658847,0.21430693585409102,1.0980020242956698,-1.6399253933850313,0.5849220551984222
0.09221441113134538,-0.18822722146124007,-0.30559330127378964,-1.0876713972423924,0.5081631417954963,1.7032339492779691,-0.3252366006616553
-1.0086503348729268,-0.25296573271188155,-0.4287129794770958,0.9619053661178605,-1.9105507773329935,0.7970366031005487,0.4994266255230133
0.25530548461345975,-0.5766582889650891,-0.2748133817229631,0.705216799152764,-1.329793541118934,0.44068838663331783,0.08254623783832783
-1.2125141767255698,-0.18822722146124007,-0.7980720140870144,0.557856998545354,1.4990016825742585,-0.17448948876247186,-1.2901048782257036
0.6222603999482171,-0.7061353114663721,-0.3671531403754427,0.42634180243904424,-2.185715297280297,2.404435278455423,-0.08964237576905555
-0.8455592613908124,0.4591578910451749,-0.7672920945361879,0.10168974181360585,-0.6010148329631632,1.569124405446215,1.0086579037628225
-1.294059713466627,-0.835612333967655,-0.21325354262130997,0.38505819265362884,-0.411236513149219,1.1227312095490931,-0.11692156541016711
-1.0494231032434553,-0.44718126646380607,-0.6749523358837082,0.7128319316876498,2.182500194595807,1.5140986024752836,-1.2782858880702261
0.25530548461345975,0.07072682354132591,-0.2748133817229631,0.3561315817155497,0.5203344203232786,-0.6973268853104204,-1.0502816632738343
-0.682468187908698,-0.38244275521316456,-0.30559330127378964,0.5583370173992136,-0.6529768297548452,0.03452805388572001,-0.34009144502567057
1.2746246938766748,-0.5766582889650891,-0.1516937035196569,-0.35018323876280544,-0.31161927966030073,-1.4176867207495547,-1.0313786786808863
3.557899722626276,1.6244510935567218,2.9262982515629976,-2.1969928846736058,-0.4793956729047941,-0.9195655579458971,0.5358383549226146
0.5814876315776886,-0.7708738227170135,1.2334026762675379,-0.6155778730976148,-0.24917125829083778,-1.0766653092916671,1.4239152671402961
-0.478604346056055,-1.1593048902208625,-0.39793305992626926,1.3275601956458198,-1.1299973228244307,-0.21644837814227474,-0.1871126564275237
0.45916932646610276,0.4591578910451749,-0.3671531403754427,-2.24529751653137,-0.08907213304078987,-0.806530371001992,0.01670743588359365
-0.5193771144265836,-0.5766582889650891,-0.8288519336378409,1.0236903603545353,-0.6020447103770526,-0.620692860263704,0.09655592526624958
-1.294059713466627,0.3296808685438919,-0.24403346217213653,-0.3125505604550123,-0.26143616203806364,1.1553006701939463,0.5517725239088385
0.5814876315776886,-0.7061353114663721,-0.12091378396883033,0.9194983928008699,-2.0764546661885976,1.3909502972125996,0.4579116555156621
-0.19319496746235482,-0.05875019895995708,-0.49027281857874894,1.2506097937328697,0.3063071686732154,-0.6513464702823906,-1.0087693848490822
0.5814876315776886,0.005988312290684412,0.09454565288695552,0.5204234982085271,1.1395716217290155,0.49816390541835387,-1.1078196244931775
-0.8455592613908124,-0.835612333967655,-0.6441724163328817,0.9697689108388915,1.2987344947846182,0.6897489680351457,-0.9745862858414731
1.763897914323018,0.4591578910451749,2.0644605041398543,0.09326451532678619,0.3578010393676747,-1.3736221563476916,1.744019802477062
-0.3970588093149978,-0.18822722146124007,-0.4594928990279224,-0.04125826757942911,1.7013229383958477,1.264504155885518,-1.1990642746001021
1.4784885357293178,0.2649423572932504,-0.4287129794770958,-2.315788578137758,-0.2781950763186243,0.04410730701656105,0.3080416448193882
1.3969429989882605,-0.965089356468938,-0.3671531403754427,-0.8217150811417943,1.0459464022845435,0.02303295012871382,-1.1772274649742178
-0.8455592613908124,0.6533734247970994,-0.7057322554345348,0.725156501838237,0.24872765871486424,0.6801697149043063,0.2274152880656143
-0.07087666235076902,0.2649423572932504,-0.6441724163328817,-0.013174179290031897,0.4561075197843701,0.6897489680351457,-0.9498237259304492
0.4183965580955742,-1.612474468975353,-0.12091378396883033,0.5706940162465488,-1.533802894288438,-1.2088590024972528,0.14369630290556173
0.54071486320716,-0.835612333967655,1.695101469529936,1.008524952678261,1.4428237075096608,-0.2068691250114354,2.4106440647774177
0.7038059366892744,-0.31770424396252306,0.2176653310902617,-0.9118650045507617,-0.6954826793826355,-1.2261016581327628,-1.249396869201857
-0.478604346056055,-0.44718126646380607,-0.5826125772312286,0.8585559212128759,-0.8800179869076902,0.948388802567813,0.360349861048827
2.4162622082514753,3.501867919825325,2.433819538749773,-2.2761900136497073,0.6617085016844305,-0.7835401634879762,1.4212586751150595
2.7832171235862324,1.3654970485541558,3.1725376079696104,-1.3932262778310398,1.453496982526331,-0.30840920819833445,1.0406446713696276
-0.3970588093149978,-0.965089356468938,-0.6749523358837082,0.09860049210177131,-0.4000951120353268,0.2931678884183889,0.039270972811214715
-0.274740504203412,0.07072682354132591,-0.9211916922903206,-0.20386513877504261,0.15978370024261557,0.7280659805585031,-1.0773724421330142
-0.9678775665023982,-0.5119197777144475,-0.49027281857874894,-0.12663389597919902,0.7254672761261156,-1.1475517824598795,-0.26693961314938736
1.4784885357293178,-0.05875019895995708,-0.4287129794770958,-0.612207782502887,-0.6277916457242824,0.6150307936145961,-1.1578480702612426
0.6222603999482171,-0.05875019895995708,-0.2748133817229631,-1.2668478805287497,-0.4193819072408877,0.6916648186613126,0.3626753884143841
-0.07087666235076902,-1.224043401471504,-0.05935394486717723,1.1747827553514956,-2.151822967841398,0.09966697517543023,0.16221977435204704
0.9076697785419173,2.3365747173137783,3.26487736662209,-2.164415342257904,0.46893417484826283,-2.0039370123569347,0.6067454069113113
2.8239898919567614,2.983959829820193,1.8490010672840689,-1.3437982824417,-0.1514265291908086,-2.3966863907213543,0.6418571019155839
0.13298717950187397,-0.31770424396252306,1.4488621131233237,0.8498498538431629,1.0226337226428706,-0.2471019881609613,2.5009978010440657
-0.07087666235076902,-0.18822722146124007,1.7258813890807627,0.9192175519179755,0.8175008668400321,-1.5594596670859795,3.214541731210614
1.2338519255061462,-0.25296573271188155,2.4030396191989465,0.4563917769086997,0.45666927110103694,0.3640543615866014,2.33824856761146
0.25530548461345975,0.7828504472983824,2.0644605041398543,0.03906222492824801,0.6286587992205324,-0.1187399962077128,0.9803774453948739
0.09221441113134538,0.07072682354132591,0.3100050897427414,-0.15359462073702096,1.2051092753401462,1.4560892185023082,-1.1664961251519077
-0.5601498827971122,-0.7708738227170135,-0.4594928990279224,-0.23391511324469808,-1.3124728755217066,1.3238955252967226,-0.29892099759099444
0.9076697785419173,0.9770659810503068,-0.8596318531886675,-0.826039103963448,-0.8071130256348669,-1.0505140766064656,-1.135555631147945
-1.2532869450960984,0.07072682354132591,-0.12091378396883033,0.23087654794483503,-0.17558183580748263,-0.5210686277029736,0.35518740562389833
0.09221441113134538,-1.224043401471504,-0.6133924967820551,0.2867638836407371,-0.13700824539636025,0.9675473088294917,0.45125268016567577
1.3153974622472033,-0.12348871021059858,-0.6441724163328817,-1.2769581523129334,0.2314069931176367,0.49816390541835387,-1.1048588836342506
2.2939439031398896,1.9481436498099294,1.8182211477332422,-0.9902196108781816,1.392078838570757,-1.1954480481140761,0.9792146817120954
1.1523063887650888,0.1354653347919674,-0.7980720140870144,-1.9415836293739481,-0.597099399134682,-1.195020982019296,-1.1943451508216918
-0.478604346056055,-1.2887819127221456,-0.6749523358837082,1.1163678517095486,-1.8412681149440842,-1.2625028200299533,0.18751526761767776
-1.294059713466627,-0.25296573271188155,-0.4287129794770958,-0.15780723398043078,0.5179937898371663,-0.26626049442264166,-0.13788630227396775
0.5814876315776886,-1.0298278677195796,-0.4287129794770958,-1.4454626820493197,1.4859849336735624,-0.4597614076656004,-1.0577561881513249
0.17375994787240256,-0.5766582889650891,0.7101440439034865,0.8779339421325612,0.5444897269399519,-1.691653360291565,2.077434213766003
-0.8455592613908124,0.5886349135464579,-0.4594928990279224,0.1491518510226873,-0.7220722417048662,-0.3524737726001974,0.7177112827212874
-0.6009226511676408,-0.965089356468938,-0.5826125772312286,0.1213486036161834,-1.6290197424634665,0.15331079270813086,-0.1098023294357478
-0.8455592613908124,1.1065430035515897,-0.6749523358837082,1.133827007637998,1.8763150048328745,0.8695625846006095,-1.2992484020097896
-0.8455592613908124,0.9123274697996654,-0.18247362307048343,0.8939418724575176,-0.6831241504159654,-0.9981154336187821,0.6173986908382498
0.6222603999482171,0.5238964022958164,-0.21325354262130997,-0.9118650045507617,1.6264227628402703,1.6476742811191,-0.9775470267003997
0.6630331683187457,0.1354653347919674,0.18688541153943516,0.11910187655303182,0.14545904166761212,0.20503875961466467,0.5946978831980784
-1.0494231032434553,-1.4182589352234285,-0.6133924967820551,0.4007852820956919,-0.48192355382979496,-0.09574978869369703,0.45440721497173236
-0.9678775665023982,-0.5766582889650891,-0.7365121749853614,1.1290056914397772,-0.34860124134086684,-0.5651331921048348,-0.3370687977669663
-0.07087666235076902,0.4591578910451749,1.1102829980642317,0.2367742064856088,1.1435975061651285,-2.195522074973725,0.9519435668187807
-0.11164943072129763,-1.48299744647407,-0.5826125772312286,-0.6883156617671553,0.2564049267093117,-0.2260276312731141,0.32344557203360436
-1.4163780185782129,0.9770659810503068,-0.028574025316350685,-0.16595161958435614,0.6564654893955403,0.2471874733903591,0.846880331648465
1.3153974622472033,0.7181119360477408,-0.8288519336378409,-0.03646328021398005,-0.15515510674257513,0.45298471253314365,-1.1160817704988084
0.010668874390288173,-1.1593048902208625,-0.4287129794770958,-0.2549781794617472,-1.4551577099550819,0.3966238222314548,-0.0901053279760878
-2.1910606176182563,0.3296808685438919,-0.7057322554345348,1.0107566098196368,1.9171033803276445,-0.20526563083965635,-1.250106640771348
-1.8241057022834988,1.0418044923009484,-0.7672920945361879,0.8037951646766599,2.0472641601513804,1.5627733912740798,-1.309564049993459
-0.6416954195381694,-0.18822722146124007,-0.8288519336378409,1.3685629645483408,0.09995718501759833,-0.8869960973010438,-0.1791482635170107
-0.6009226511676408,1.3007585373035144,-0.3671531403754427,0.6279855563569205,-0.5544830988992606,-0.40994929138523345,-1.2591996130275038
-0.5193771144265836,-0.7061353114663721,-0.551832657680402,1.012175884155882,-1.7043880441162664,1.7568777668106699,-0.3078974255587405
-0.3970588093149978,-1.48299744647407,-0.24403346217213653,1.3418830806734123,-0.705500577863194,1.2146920396051526,0.20608718755094557
1.2338519255061462,0.07072682354132591,-0.7057322554345348,0.2957507918933444,0.7931583097844689,1.264504155885518,-1.1866829946445903
-0.7640137246497553,-1.2887819127221456,-0.7980720140870144,-0.037888176984702246,-1.1249415609744289,-0.05360107491800259,-0.21323446555105477
0.09221441113134538,0.4591578910451749,0.402344848395221,0.5209851799743148,0.4883145952732679,-0.689663482805748,1.6766979385102656
1.3969429989882605,0.2649423572932504,-0.09013386441800378,-1.5577990352069115,-0.6954826793826355,0.6897489680351457,-1.0599094542305443
-0.8455592613908124,0.1354653347919674,-0.7980720140870144,0.6856622304204578,1.6363747978514542,-0.10076909317973272,-1.3093892728041188
0.8261242418008602,0.3944193797945334,-0.9827515313919737,-1.182668277622188,0.5973935775229575,-0.807940818317125,-1.1331600862984483
-1.2532869450960984,0.6533734247970994,-0.9211916922903206,0.9008259340480971,2.242351337934799,0.15574617987540107,-1.2538137193990904
-1.8648784706540273,0.9123274697996654,-0.7057322554345348,1.1642028558261193,2.301931825744413,1.5808515359567044,-1.2932831509869231
-0.7232409562792266,0.5238964022958164,0.24844525064108824,-1.361210417181127,1.2051092753401462,-0.4597614076656004,-1.1985259580802974
-1.0494231032434553,-1.6772129802259945,-0.4287129794770958,1.616264623260829,-1.576776870013451,-0.29308240318899115,0.272849202337145
-0.5193771144265836,-1.0945663789702211,-0.6133924967820551,-0.6998301379658085,-0.04665990863244509,1.7032339492779691,0.24483521064650005
1.2338519255061462,0.6533734247970994,-0.028574025316350685,-0.9326472298849166,-0.6436143078103985,-1.2318492100112668,0.6590563147233494
1.5192613040998464,2.1423591835618536,2.1260203432415077,-1.610597121190979,0.6167683963510835,-0.7241487940767716,1.177188656618132
3.6802180277378618,2.983959829820193,2.9570781711138245,-0.8556968279719662,0.03835179062313562,-0.44251875203008856,0.9715813534612623
0.9076697785419173,-0.12348871021059858,1.9721207454873748,0.859398443861558,0.4720238070899305,0.8430170181285785,2.0264341066796896
-0.5193771144265836,-0.31770424396252306,1.7258813890807627,-0.05108769848071838,-0.41095563749088554,-0.4674248101702712,1.2429655521730885
-0.2339677358328834,-1.224043401471504,-0.39793305992626926,0.797613449624883,-1.3255804062439327,1.4924903803994987,-0.0753931374898208
0.8261242418008602,0.07072682354132591,-0.05935394486717723,-0.5858087395108527,-1.2784869208633631,0.5058273079230263,0.12759525579819828
-1.0494231032434553,0.5238964022958164,-0.24403346217213653,1.107100102574047,-0.622361382996503,0.7376452336893424,0.29120579566249105
0.9892153152829746,3.0486983410708346,1.7566613086315892,-1.1862465471381785,0.40330289601768854,-1.3717063057215249,0.2505225246782383
-0.8047864930202838,-0.835612333967655,-0.4287129794770958,1.6078393967740103,-0.8809542391021348,2.4178462328385995,0.13195023644341947
-1.294059713466627,-0.25296573271188155,-0.30559330127378964,0.057316882316356954,-0.4357663206436707,0.1226571826894443,0.10229976253256755
-0.682468187908698,0.3944193797945334,-0.21325354262130997,-0.5234620635083902,0.7372640537761196,-0.965545972973927,0.09913715297871377
-0.030103893980240427,-0.31770424396252306,-0.39793305992626926,0.9307320281166287,-0.2553505227741725,0.6763380136519693,-0.22209246388444384
-0.43783157768552644,1.3654970485541558,-0.24403346217213653,-0.18167870902641817,1.5234350214513517,-0.6513464702823906,-0.9616666893661563
-0.6416954195381694,-0.5119197777144475,-0.8288519336378409,0.8164297887787796,0.35377515493156186,0.2969995896707243,0.07618064499163527
-0.478604346056055,-0.965089356468938,-0.7057322554345348,-0.040134904047853824,-0.862322820432685,0.03261220325955316,0.4481062201074164
0.17375994787240256,0.005988312290684412,-0.4594928990279224,1.925751276209993,-0.9029561656715857,1.0729190932687278,0.20339022178672334
2.2939439031398896,2.789744296068269,1.6643215499791095,-0.9214135945691566,0.7424134408455662,-1.1207298736935283,0.00907679921535988
-0.9678775665023982,0.6533734247970994,-0.9519716118411472,0.8411465387141026,1.9369550960635504,0.21463037189789333,-1.2783421868268168
0.4183965580955742,-0.18822722146124007,1.695101469529936,0.31990310782222614,1.4777459143624494,-0.310325058824503,1.6119034706039526
1.4784885357293178,2.207097694812495,2.1875801823431607,-2.0958901668317735,0.051740197003695185,-1.850668962263502,0.3302149022701508
-0.31551327257394063,-0.835612333967655,1.7258813890807627,-0.37545891822326344,0.5040436321399399,0.3544751084557621,0.9391047178214347
-1.2125141767255698,0.3296808685438919,-0.7980720140870144,0.7557953996393209,1.7191036483613553,-0.13850328286825547,-1.2675524019530358
-0.682468187908698,-0.05875019895995708,-0.6441724163328817,-0.7032002285605363,-0.9336652376493727,-0.35822132447870136,0.4000372464714408
0.33685102135451694,-0.05875019895995708,-0.7980720140870144,-0.6977586219126766,0.6743718022741929,-1.0375361523610718,-1.2283964651273198
-0.9678775665023982,-1.2887819127221456,-0.4594928990279224,0.9942020676506675,0.49383848322049284,-1.1283932761981992,-0.01664127251831777
-0.5193771144265836,-0.7061353114663721,-0.5826125772312286,0.5765916747873225,1.3268220606179597,-0.07659128243201836,-1.2356697979468332
-1.0494231032434553,0.2649423572932504,-0.3671531403754427,1.4334372084968494,0.0057702142564594544,1.3104845709135478,0.24225936609923376
-1.090195871613984,-1.224043401471504,-0.30559330127378964,-0.21088616084739267,-1.0537863941966303,1.197449383969641,0.7519455217982779
-0.5601498827971122,-1.1593048902208625,-0.8288519336378409,-0.7759380172300757,0.692230323223329,-0.34481037009552495,0.05618218628088462
-0.7232409562792266,-0.9003508452182966,-0.6133924967820551,0.4080871450509353,-1.038431858207737,-1.7893617422261288,0.460331388272185
-0.8047864930202838,-0.7061353114663721,-0.5210527381295754,0.36427596731947504,-0.9689619453799382,-0.03444256865632391,0.3182911913564729
0.05144164276081677,0.9123274697996654,-0.7672920945361879,-0.9643822496519359,-0.6674887387687384,0.41769817911930207,-1.2576250372070745
2.4570349766220043,2.0776206723112125,2.3414797800972935,-2.129871913661945,-0.23859160849361247,-1.7682873853382817,0.8433193678699559
-0.2339677358328834,-0.12348871021059858,-0.3363732208246162,1.6586715965778196,-0.1406596289546948,-0.3313994157123502,0.209769272546411
0.37762378972504557,-0.7708738227170135,0.3100050897427414,0.6046757630767198,1.083396490062333,0.6897489680351457,-0.940941503353669
0.6222603999482171,-1.224043401471504,0.09454565288695552,-1.5979592814607506,-0.9874997388299437,-1.0249373423851333,0.5191424680608667
-1.2532869450960984,-0.9003508452182966,-0.6749523358837082,0.7981751313906706,-0.3505673709492008,1.6055255673434055,-0.1653081457928276
0.9892153152829746,-0.44718126646380607,-0.49027281857874894,0.8206424020221895,0.2058473082092962,-0.6532623209085591,-1.1024849077819112
-0.274740504203412,-1.0298278677195796,-0.39793305992626926,0.2867638836407371,-1.165855781871663,0.04410730701656105,-0.06323256730742878
-0.5193771144265836,-0.38244275521316456,-0.7365121749853614,1.576104377006991,-1.2137918942272328,-0.4367712001515846,-0.30646281203346054
1.0707608520240317,-0.12348871021059858,-0.1516937035196569,-1.096939146377893,-0.47246740666590337,0.6878331174089771,0.34796858109331535
-0.3970588093149978,-0.5119197777144475,-0.5826125772312286,1.557849719618882,-1.111834030252203,1.5116488866611772,-0.1481304656458543
-0.6009226511676408,-0.6413968002157305,-0.2748133817229631,-1.2769581523129334,-0.09628127493801537,1.0729190932687278,-1.0066161187698626
2.0085345245461896,2.789744296068269,3.511116723028702,-1.5923424638028703,-0.01763609060465855,-1.6303461402541921,0.9175774401944382
-0.31551327257394063,-0.835612333967655,-0.3671531403754427,1.5314506766268476,0.7557082220066809,1.0729190932687278,-1.0246497221833255
-1.0086503348729268,-1.224043401471504,-0.5210527381295754,-0.7548749510130276,-0.4840769338770181,0.243355772138022,-0.021241187180050206
1.8046706826935466,3.825560476078533,2.987858090664651,-1.0668891719082374,-0.044412903365777676,-1.0881604130486733,0.4578039922117009
0.4999420948366314,-0.9003508452182966,-0.49027281857874894,-0.40635141534160085,0.5778203050621834,0.8813340306519359,-1.1522307373770788
-1.905651239024556,0.7181119360477408,-0.8288519336378409,0.7265728385788477,1.4647095144644433,1.3300535979839998,-1.304580662732682
-0.31551327257394063,-0.965089356468938,-0.21325354262130997,0.5535627223900161,-0.6669269874520716,-1.0747494586654984,0.35331944730017556
-0.682468187908698,-0.38244275521316456,0.5562444461493538,-0.5675540821227447,-0.30188225683807507,-0.7720450597309683,1.3244935890975353
0.54071486320716,-0.12348871021059858,-0.9519716118411472,-1.1149429510725828,-0.6853331101384594,-0.3470507294166046,-1.13423436016591
-1.49792355531927,0.3296808685438919,0.06376573333612896,-0.7074128418039451,-0.3964437284769923,1.197449383969641,0.8609357759805703
2.3754894398809467,3.3723908973240424,2.8031785733596917,-1.3317221244772592,1.1226254570095664,-0.513405225198301,0.2582204509114479
0.05144164276081677,-0.25296573271188155,0.18688541153943516,0.7813246784170323,0.8724588706539375,1.1936176827173055,-1.0342559804792435
0.7853514734303315,0.1354653347919674,-0.3363732208246162,-0.8377230114667517,-1.5778067474273398,-0.021031614273149177,0.26623060072614435
0.54071486320716,-0.6413968002157305,-0.5210527381295754,1.8912078476140344,-1.22755480148557,-0.9099863048150578,0.07670281201584618
1.3153974622472033,2.207097694812495,3.049417929766304,-1.4443393185177444,0.16203070550928297,-1.8238470534971507,0.38791435844543515
0.2960782529839884,0.1354653347919674,0.002205894234475865,0.9697689108388915,0.2314069931176367,-0.07659128243201836,-1.059101979450837
-0.030103893980240427,-1.0298278677195796,-0.18247362307048343,0.41061471299698116,0.10754082779260085,0.13989983832495614,-1.1133858173079598
-0.8047864930202838,-0.5766582889650891,-0.3363732208246162,1.1871397541988309,-1.3879348023939506,1.1476372676892757,0.35042599600622426
-1.8648784706540273,0.3296808685438919,-0.8288519336378409,1.1002520616351075,1.7932512681480473,0.07201845732961477,-1.258022260913207
1.356170230617732,3.113436852321476,1.8182211477332422,-2.3786969359060093,0.42052993639547115,-1.0766653092916671,0.6893527684579671
-1.0086503348729268,-0.7708738227170135,-0.5826125772312286,0.2583989544684456,-0.6801281433937426,-0.6705049765440693,0.3863774647813925
0.25530548461345975,-0.5766582889650891,1.2334026762675379,1.0290263371295214,0.3891654878815723,0.14181568895112298,2.320855560856565
-0.31551327257394063,-1.0945663789702211,-0.05935394486717723,0.9852151593980603,-0.24711150346305952,2.295231792763853,0.3640265628790942
0.9892153152829746,0.6533734247970994,0.24844525064108824,0.5139641579019657,0.5226750508093896,-0.8850802466748752,2.9672929536642383
0.09221441113134538,0.4591578910451749,1.2641825958183643,0.5327804970558613,1.2961129886401725,-1.5153951026841166,1.1760474255961457
-1.2532869450960984,-0.9003508452182966,-0.6749523358837082,1.0220053150571715,-2.067466645121929,0.2950837390445558,-0.16714380512536223
-1.0494231032434553,-0.7708738227170135,-0.3363732208246162,0.0553509961360987,-0.36919878961865055,-0.4195285445160728,0.1511654446178542
-1.1309686399845127,0.07072682354132591,-0.3671531403754427,-0.3030019704366173,0.45788639895381555,-0.5287320302076444,0.9913294949903038
0.09221441113134538,0.9123274697996654,0.002205894234475865,-1.0910414878371202,-0.8965896507493617,-0.8429315328991808,-1.1960981505759776
0.6222603999482171,1.1065430035515897,1.1718428371658847,0.32945169784062206,-0.1265222208185792,-2.233839087497082,1.0207000443108574
2.2939439031398896,2.789744296068269,3.4187769643762227,-1.413446821399407,0.4899998492232685,-1.285493027543969,0.3907378285918119
-1.5386963236897986,0.2649423572932504,-0.05935394486717723,1.3907493942969653,-1.4119028585717355,0.04410730701656105,0.7181715433457206
1.4784885357293178,2.919221318569552,2.156800262792334,-2.377854413257327,0.002867832453681599,-0.689663482805748,1.0428248532748374
-0.030103893980240427,-0.31770424396252306,-0.4287129794770958,0.2786194980368118,-0.5121644997103595,-1.6437570946373667,0.2501134041231865
0.8668970101713888,-0.31770424396252306,-0.4287129794770958,0.5336230197045433,-0.8471555348826806,2.155374697053595,0.23323718122730397
-0.682468187908698,-0.25296573271188155,-0.6441724163328817,0.46650204869288325,-0.5157222580492498,-0.7586341053477935,0.4380746917608528
-0.3970588093149978,-0.6413968002157305,-0.3671531403754427,-0.3748972364574758,-1.0847763418327503,-0.7892877153664801,0.1950839978861342
-1.0086503348729268,-0.965089356468938,-0.8288519336378409,0.8964694404035635,0.2387097602343058,-1.1322249774505362,0.5657633702585668
1.8046706826935466,1.4302355598047973,2.495379377851426,-1.8574562572547861,0.28608412127320865,-0.858258337908524,0.3229153302615966
-0.3562860409444692,-0.44718126646380607,-0.3671531403754427,0.5855785830399298,-1.1958158520938942,0.3525592578295935,0.12387010548114856
0.7853514734303315,0.9123274697996654,-0.7057322554345348,0.790592427552534,0.4720238070899305,0.8276902131192353,-1.1922195800507833
0.13298717950187397,-0.7708738227170135,2.218360101893987,-0.9056865051270946,0.16624384038428439,0.26251427839970237,1.8274400219686229
-1.3348324818371555,0.7181119360477408,-0.8288519336378409,0.7904514594713653,1.732970317641646,0.6702554848707345,-1.2986174849013121
0.33685102135451694,0.005988312290684412,-0.8596318531886675,-2.030126286368068,-0.8985294426472139,0.5784502180538188,-1.1641058625332616
0.17375994787240256,-0.05875019895995708,-0.7057322554345348,-0.9413532972546295,-0.3771569332714308,0.19354365585765676,-1.156216971206234
0.37762378972504557,-0.5119197777144475,-0.7365121749853614,-0.7657200879018449,-0.3027510970020156,-1.2637269757777525,-1.2393345653806036
-0.886332029761341,-0.25296573271188155,-0.21325354262130997,0.2763727709736602,0.5008603746788272,0.5767137810912388,0.9589336068284471
-1.294059713466627,-0.18822722146124007,-0.30559330127378964,0.5097515446585559,-1.4392414226495216,0.3985396728576234,0.9640126231928059
0.9892153152829746,0.7828504472983824,-0.551832657680402,-1.6344685962369674,0.8671222331456023,0.46751029539966726,-1.092840967329607
0.37762378972504557,-0.965089356468938,1.6027617108774563,-0.14488855336730697,0.6515969779844271,-2.055664979263467,1.755633981391852
-0.8455592613908124,-0.5119197777144475,-0.7980720140870144,0.7578042291989826,1.6429378227467708,0.659825981063703,-1.2523922463684696
0.13298717950187397,-0.38244275521316456,-0.2748133817229631,-0.5580054921043488,-0.5654372495742642,0.9790424125864995,0.3054281181157356
-1.0494231032434553,-0.5119197777144475,-0.4594928990279224,0.19464807405151247,-0.7039089491326384,-0.4042017395067312,0.6988998119367065
-0.5601498827971122,-0.5766582889650891,2.37225969964812,0.4215675074298467,1.2286092054207092,-0.9138180060673932,1.1558605561034632
-0.274740504203412,-0.25296573271188155,0.2176653310902617,-0.4751574316506258,-1.5777131222078955,-0.6436830677777198,0.24563191909581106
-1.9871967757656133,-0.38244275521316456,-0.9211916922903206,0.6570727464950211,1.4251340902014122,0.8060300427537218,-1.3063379240427806
-0.3562860409444692,0.5886349135464579,-0.4287129794770958,0.6585972125923636,-0.5120708744909152,-0.7509707028431211,-1.0917912501159874
0.33685102135451694,-1.48299744647407,-0.5210527381295754,1.915360163542916,-1.7286369759523845,1.7894472274555249,0.10290536861734809
-0.19319496746235482,-0.7061353114663721,-0.9519716118411472,0.5684472891833972,-2.0380683262163646,0.6476002542594512,-0.17534505730458927
1.1523063887650888,0.9770659810503068,-0.7365121749853614,-1.6863867487583435,-0.5117309175741034,0.07897944577166077,-1.2326858720914724
0.09221441113134538,0.2002038460426089,0.2176653310902617,-0.06119797026490198,1.4489093467735514,-0.09383393806752849,1.5844654775894986
0.4999420948366314,-1.0945663789702211,-0.5826125772312286,0.7731802928131071,-0.8920956402160269,0.1149937801847735,-1.049143123834447
0.4183965580955742,0.2002038460426089,1.5412018717758034,0.3946067826720248,1.2190594330373727,0.2510191746426945,1.4703881322950503
1.3153974622472033,0.2649423572932504,0.4639046874968741,0.7026892312067182,1.6011439535902634,-1.6322619908803588,1.4553421855665045
-1.49792355531927,-0.7708738227170135,0.12532557243778206,-0.7147147047591885,0.13197701006760765,1.0077801719790176,0.7056879832514457
-1.0086503348729268,-1.48299744647407,-0.551832657680402,-0.5973232157095059,-0.5095429935659144,-0.4233602457684099,0.5673944693135756
0.25530548461345975,-0.31770424396252306,-0.5826125772312286,0.8841124415562283,-0.7297495096993123,-0.15322530747873478,0.5078862696317469
-0.478604346056055,-0.6413968002157305,-0.24403346217213653,-0.43359298098231713,-0.9908702467299448,-1.7472130284504344,-0.03620907801322461
0.2960782529839884,-0.7061353114663721,-0.24403346217213653,-0.3507449205285931,-1.306387236257816,0.9368936988108051,0.2224816171616028
0.4999420948366314,-0.835612333967655,1.2949625153691908,-0.26508845124592983,0.8487716901344861,-0.36588472698337215,1.630106643721154
0.37762378972504557,-0.5119197777144475,0.002205894234475865,1.7280392946526322,1.8323982456181092,0.49816390541835387,-1.0507580733938615
0.25530548461345975,0.2002038460426089,-0.18247362307048343,0.2114985270251508,0.5778203050621834,-0.6513464702823906,-1.0626010368295686
0.8668970101713888,-0.05875019895995708,2.310699860546467,0.6751668246831086,1.3904872098402012,-1.682074107160726,2.107881396126166
-1.3348324818371555,0.005988312290684412,-0.6441724163328817,0.8902909409798964,-1.0648341700910777,0.19354365585765676,0.01864268377229228
-1.1309686399845127,-0.5766582889650891,-0.4594928990279224,-0.7770613807616521,-0.6276980205048381,0.46367859414733187,0.4486499197924193
-2.06874231250667,0.07072682354132591,-0.8596318531886675,0.6205142424381653,1.7225815163004927,1.1150560782068866,-1.2925772087858276
-0.15242219909182622,-1.353520423972787,-0.3671531403754427,0.6541037584660605,-1.4904544176856473,0.8506804206332493,0.14267888468313042
-1.375605250207684,-0.31770424396252306,-0.7980720140870144,1.1257448563737218,1.9964233543863645,0.5703483463114384,-1.3079494838769015
-0.5193771144265836,-0.7061353114663721,1.1718428371658847,-0.5445251297254383,0.4666871695815954,-0.7394755990861148,1.7135564706213047
0.37762378972504557,-0.5119197777144475,-0.4287129794770958,-2.476991244918902,-1.3855005466883947,1.354549135315409,0.5095927329995283
1.3969429989882605,1.1065430035515897,-0.8596318531886675,-0.1558626383475043,0.14623520409932975,-0.8167523901020587,-1.198885562962982
-0.9271047981318696,0.8475889585490238,-0.7980720140870144,0.4601522279054232,2.203775742071476,0.6950605968414236,-1.2520902531963676
-0.9271047981318696,0.1354653347919674,0.18688541153943516,-0.54677185678859,1.2238343192290408,1.264504155885518,-0.9788928179999119
-1.8648784706540273,-0.5119197777144475,-0.8288519336378409,0.46847763230882705,1.4841167931561514,1.0993756876376808,-1.2999132123338293
-0.3970588093149978,0.4591578910451749,1.3873022740216705,-1.350538463631156,0.10154881374815397,-1.1897004962355724,1.1681691633288014
0.17375994787240256,0.07072682354132591,0.6793641243526599,0.7813246784170323,0.5990732298760789,-0.5038259720674617,1.737395817700863
0.6222603999482171,0.1354653347919674,0.8640436416576193,-1.2893151511602685,1.3337503268568505,-0.4999942708151263,1.1798775476345573
-0.11164943072129763,-0.12348871021059858,1.2026227567167114,0.4561109360258054,-0.08495262338523338,-0.6436830677777198,1.7346181044586695
-0.8047864930202838,-0.7708738227170135,-0.12091378396883033,-0.12551053244762275,0.2969446467287674,-1.4176867207495547,-0.9934273640346434
-1.9871967757656133,0.3296808685438919,-0.7057322554345348,0.8114536253429576,1.8243755717190784,0.8635862399244798,-1.2785111977580077
-0.682468187908698,-1.1593048902208625,-0.890411772739494,-0.050245175832036415,-0.8641016996021298,-0.9387240642075775,-0.10779440881687571
-0.886332029761341,0.2649423572932504,-0.3671531403754427,0.9826875914520143,0.31323543491210615,1.551881749810705,-0.0091021496584505
-0.478604346056055,-0.5766582889650891,-0.49027281857874894,1.4269778681902878,-0.9526711571966001,2.707139677389953,0.1829880256861188
-0.15242219909182622,-0.38244275521316456,1.633541630428283,-0.41000234681922304,-0.06575945339911678,0.42727743225014136,1.6288415998996124
0.8668970101713888,0.07072682354132591,-0.9211916922903206,-1.4969038937329118,-0.24100262641970147,-0.9282972368438693,-1.2333066299560091
0.54071486320716,-0.25296573271188155,0.8640436416576193,-0.937421524894114,0.809261847528919,0.06901336515674367,1.408169508936004
-0.6009226511676408,-0.18822722146124007,-0.5210527381295754,-0.30187860690504104,-1.3840025431772833,0.053686560147400385,0.30358976720060205
0.6630331683187457,1.0418044923009484,-0.7980720140870144,1.0823861048793766,-0.7708509810354355,0.9560522050724855,-1.1106538609699501
-0.478604346056055,0.9123274697996654,-0.49027281857874894,0.42184834831274004,-0.41835202982699893,-0.9540508692169208,-1.0861281603276403
-0.7640137246497553,0.7181119360477408,-0.5210527381295754,0.7726186110473194,-0.48388968343812894,0.2567667265211984,0.5699999212694313
1.1523063887650888,2.1423591835618536,2.8647384124613446,-1.4502369770585182,0.9981039151484188,-1.83342630662799,1.034491713548258
-2.1502878492477278,-0.31770424396252306,-0.890411772739494,0.5025421682228668,2.3219721682099346,0.5362730443170711,-1.2865786086508215
0.8261242418008602,0.3296808685438919,-0.4287129794770958,0.7723377701644251,0.5898979583705208,0.06901336515674367,-1.2207853461742286
1.2746246938766748,-1.0945663789702211,-0.551832657680402,-0.29401506218401,-0.4239695429936668,0.1149937801847735,-1.1220850122680064
1.0299880836535031,0.2002038460426089,1.6643215499791095,-0.9163584586770648,0.25603042583153335,-1.7472130284504344,1.199450736294662
0.09221441113134538,-0.18822722146124007,-0.1516937035196569,-1.3275095112338493,0.20519193167318445,-0.29691410444132826,-0.9989397251974452
2.9870809654388757,4.14925303233174,2.156800262792334,-1.0657658083766612,-0.06594670383800529,-0.7701292091048014,0.9322465653591206
1.0299880836535031,-0.25296573271188155,-0.05935394486717723,-0.20976279731581637,1.1021215339512276,0.8813340306519359,-1.2628547821969789
-0.31551327257394063,-0.5766582889650891,-0.5210527381295754,-0.011208293109773644,-1.14254310222999,0.632273449250108,0.21500440070151317
-0.43783157768552644,0.6533734247970994,-0.5826125772312286,0.13595232952667113,-0.07736898061023086,1.1802067283341307,1.1976096937969296
-0.6009226511676408,-1.353520423972787,-0.49027281857874894,0.2881680880552067,-0.4467204713186737,-0.10341319119836953,0.017138089099437762
2.2123983663988325,1.753928116058005,3.0186380102154775,-2.3615656420494764,0.4910297266371586,-1.0632543549084907,1.274403236929693
0.13298717950187397,0.5238964022958164,-0.2748133817229631,0.02165009018882204,-0.7311538879909794,-1.5192268039364536,-1.0985848045959248
1.2746246938766748,-0.44718126646380607,-0.7057322554345348,0.2255023599593236,0.7268597312460866,-1.0589084508431956,-1.2116168453918457
1.8046706826935466,4.084514521081099,2.587719136503906,-1.3157141941523018,0.5779139302816284,-1.0594226536561553,1.0025910765846215
1.6008068408409035,-0.25296573271188155,-0.890411772739494,-0.5211744151201916,-0.7153539009967613,-0.8561640545342887,-1.1322317559609874
-0.682468187908698,-0.44718126646380607,-0.7980720140870144,0.6410520238678482,1.8496789519716779,0.41458102501160693,-1.3117865984315789
0.13298717950187397,0.07072682354132591,-0.24403346217213653,1.257069134039431,-0.3512227474853119,1.731971708670487,0.350700537431325
3.068626502179933,2.7250057848176272,2.8647384124613446,-1.2382021104735639,0.6022564873371916,-0.6015343540020254,1.0757913569476873
-0.07087666235076902,-1.0298278677195796,1.356522354470844,-0.5178452458505107,0.5909278357844095,-0.49424671893662236,1.3676396581598955
-1.090195871613984,-1.353520423972787,-0.9211916922903206,1.410408256099543,-1.0906747306577522,1.3104845709135478,0.033973938256334935
-0.2339677358328834,0.3944193797945334,-0.6749523358837082,-0.9399490928401599,1.177021709506805,2.222429468969472,-0.9495545676705468
0.09221441113134538,0.6533734247970994,-0.24403346217213653,0.1151701041925163,0.8480226883789307,-1.2797454756654651,-1.1289431647303203
-0.7640137246497553,0.7828504472983824,-0.551832657680402,0.5504734726781826,-0.2518863896547271,-0.6053660552543607,0.42648742867205286
0.4183965580955742,-0.12348871021059858,0.7101440439034865,0.04973417847821925,-0.029151992596329047,-0.620692860263704,0.9716863251826242
-0.43783157768552644,-0.12348871021059858,0.12532557243778206,0.20616255025016567,-0.8976195281632512,0.0421914563903925,-1.2632746690824266
1.1523063887650888,-0.835612333967655,-0.3363732208246162,-2.2110349288183047,0.1184949784676045,2.161122248932099,0.1648871327076801
0.17375994787240256,0.3944193797945334,1.6027617108774563,1.3393555127273664,0.7495289575233455,-1.4655829864037513,1.1642098453256366
-0.9271047981318696,-0.38244275521316456,-0.05935394486717723,0.43420534716007525,-0.2145299270963827,-0.19345817062826068,0.4801414362010041
-0.07087666235076902,-0.12348871021059858,-0.551832657680402,1.4519727067678525,-1.668435959849589,0.7165708768014969,0.1001034311317636
-0.5601498827971122,0.4591578910451749,0.5562444461493538,0.45077495925082023,1.2225235661568188,0.6380210011286119,1.6128213002702196
0.6222603999482171,0.1354653347919674,1.017943239411752,0.6302322834200721,0.11971210632038179,-1.3276417413196617,2.5859845216082586
-1.0494231032434553,-0.7061353114663721,-0.7980720140870144,0.1682490310594782,-1.7871527381051797,-0.3141567600768384,-0.06509245088335468
0.010668874390288173,-0.965089356468938,-0.30559330127378964,1.0464384718689475,-1.377261527377281,2.3450439090442186,-0.11668739772405202
0.33685102135451694,0.3296808685438919,-0.39793305992626926,-0.013174179290031897,0.8399709195067049,0.30657884280156367,-1.1253149113868357
-0.07087666235076902,-1.0298278677195796,-0.6749523358837082,0.34517878728268414,0.07533375230370302,1.5193122891658497,0.18646016723886008
-0.6416954195381694,-0.44718126646380607,-0.39793305992626926,0.5193001346769508,-0.43913682854367114,-1.488573193917767,0.26000227859200215
-0.7232409562792266,-0.38244275521316456,-0.2748133817229631,1.0868795590056808,-0.27229668749362235,-1.3410526957028384,-0.025399682295542993
1.8862162194346037,2.40131322856442,2.526159297402253,-0.6925282750105651,0.4092949100621341,-0.3275677144600148,0.7229652519545832
-1.1309686399845127,-0.9003508452182966,-0.24403346217213653,-0.3704037823311716,-1.2950585847050347,0.011537846371705934,0.05320529592636373
0.33685102135451694,-0.31770424396252306,-0.09013386441800378,-1.612282166488343,-1.0785970773494156,0.28933618716605186,-0.08073592894888412
-0.2339677358328834,0.1354653347919674,1.8182211477332422,-1.1210914623067756,-0.03916989107688749,-0.1704679631142449,0.412981067190149
-0.682468187908698,0.1354653347919674,1.2949625153691908,-1.0893564425397562,-0.0711897161268968,-1.8410897091326626,0.9224195972900829
1.8046706826935466,3.1781753635721177,2.4030396191989465,-1.1070494181620765,1.6151877365069334,-1.7567922815812738,1.396111218892375
-1.2125141767255698,-1.4182589352234285,-0.49027281857874894,1.1337799864489746,-1.5344582708245498,0.15905834458663481,0.009876199247269868
0.8668970101713888,0.5238964022958164,-0.890411772739494,0.11878145676451209,0.6398438456029726,-0.1780539231049054,-1.1940868549009367
0.8261242418008602,-1.0298278677195796,1.2334026762675379,0.22497888940406124,1.5595743561569175,-2.0767393361513142,0.7372763966335952
-0.8047864930202838,-0.7061353114663721,-0.4594928990279224,-0.6329900078370418,-1.4322195311911858,0.23186066838101582,0.32225050935963767
0.17375994787240256,-0.6413968002157305,-0.24403346217213653,1.1579323023778574,-0.13785087237136054,0.02303295012871382,-0.09456797192527018
0.4999420948366314,-0.31770424396252306,-0.551832657680402,0.6608439396555161,-0.2086315382713814,1.0729190932687278,-1.1961035337411754
