District,Season,Crop,Year,Cultivated Area,Production,Agro_Ecological_Zone,Spatial_Check
Ampara,Maha,Ash Plantain,2018,227.57,5647.98,Dry,Unverified
Ampara,Maha,Ash Plantain,2018,116.99,3320.1,Dry,Unverified
Ampara,Maha,Banana,2018,176.93,5122.97,Dry,Unverified
Ampara,Maha,Black Gram,2018,31.24,201.03,Dry,Unverified
Ampara,Maha,Carrot,2018,77.8,1267.06,Dry,Supported envelope
Ampara,Maha,Carrot,2018,66.16,808.93,Dry,Supported envelope
Ampara,Maha,Cassava,2018,118.85,2657.79,Dry,Supported envelope
Ampara,Maha,Chilli,2018,53.98,399.64,Dry,Supported envelope
Ampara,Maha,Chilli,2018,61.09,466.1,Dry,Supported envelope
Ampara,Maha,Chilli,2018,50.75,546.06,Dry,Supported envelope
Ampara,Maha,Coconut,2018,122.37,3771.16,Dry,Unverified
Ampara,Maha,Cowpea,2018,43.34,306.84,Dry,Supported envelope
Ampara,Maha,Green Gram,2018,66.71,444.27,Dry,Supported envelope
Ampara,Maha,Groundnut,2018,53.91,508.89,Dry,Supported envelope
Ampara,Maha,Mango,2018,161.08,3644.84,Dry,Unverified
Ampara,Maha,Mango,2018,132.87,3773.15,Dry,Unverified
Ampara,Maha,Pumpkin,2018,88.75,1213.77,Dry,Unverified
Ampara,Maha,Pumpkin,2018,159.55,2966.53,Dry,Unverified
Ampara,Maha,Red Onion,2018,52.79,462.73,Dry,Supported envelope
Ampara,Maha,Rice,2018,202.61,4708.09,Dry,Unverified
Ampara,Maha,Ridge Gourd,2018,48.44,567.07,Dry,Unverified
Ampara,Maha,Sesame,2018,64.89,363.53,Dry,Unverified
Ampara,Maha,Soybean,2018,45.7,370.08,Dry,Unverified
Ampara,Maha,Sweet Potato,2018,59.2,747.83,Dry,Supported envelope
Ampara,Maha,Sweet Potato,2018,68.76,852.63,Dry,Supported envelope
Ampara,Maha,Taro,2018,86.91,1035.97,Dry,Unverified
Ampara,Maha,Tomato,2018,59.02,772.16,Dry,Unverified
Ampara,Maha,Watermelon,2018,108.08,2167.99,Dry,Unverified
Ampara,Maha,Watermelon,2018,175.76,3048.27,Dry,Unverified
Ampara,Maha,Watermelon,2018,121.87,2399.99,Dry,Unverified
Ampara,Maha,Watermelon,2018,83.38,1872.29,Dry,Unverified
Ampara,Maha,Yam,2018,88.81,1292.93,Dry,Unverified
Ampara,Yala,Banana,2018,198.07,5527.73,Dry,Unverified
Ampara,Yala,Big Onion,2018,50.0,461.01,Dry,Supported envelope
Ampara,Yala,Big Onion,2018,56.71,671.79,Dry,Supported envelope
Ampara,Yala,Cassava,2018,160.89,3782.07,Dry,Supported envelope
Ampara,Yala,Chilli,2018,74.34,574.98,Dry,Supported envelope
Ampara,Yala,Coconut,2018,172.58,5174.58,Dry,Unverified
Ampara,Yala,Cucumber,2018,75.14,1014.74,Dry,Unverified
Ampara,Yala,Ginger,2018,78.68,1227.91,Dry,Supported envelope
Ampara,Yala,Groundnut,2018,49.81,470.46,Dry,Supported envelope
Ampara,Yala,Long Bean,2018,82.26,1091.21,Dry,Unverified
Ampara,Yala,Maize,2018,96.48,1767.17,Dry,Supported envelope
Ampara,Yala,Okra,2018,45.91,369.2,Dry,Unverified
Ampara,Yala,Okra,2018,71.54,646.66,Dry,Unverified
Ampara,Yala,Papaya,2018,126.84,3464.31,Dry,Unverified
Ampara,Yala,Red Onion,2018,51.99,514.58,Dry,Supported envelope
Ampara,Yala,Snake Gourd,2018,76.32,771.69,Dry,Unverified
Ampara,Yala,Taro,2018,45.05,627.6,Dry,Unverified
Ampara,Yala,Tomato,2018,55.3,762.49,Dry,Unverified
Ampara,Yala,Turmeric,2018,52.69,631.13,Dry,Supported envelope
Ampara,Yala,Watermelon,2018,100.4,2049.9,Dry,Unverified
Ampara,Yala,Watermelon,2018,89.66,1687.6,Dry,Unverified
Anuradhapura,Maha,Banana,2018,222.24,7040.25,Dry,Unverified
Anuradhapura,Maha,Banana,2018,209.33,4988.61,Dry,Unverified
Anuradhapura,Maha,Banana,2018,312.34,9349.28,Dry,Unverified
Anuradhapura,Maha,Banana,2018,263.39,8329.2,Dry,Unverified
Anuradhapura,Maha,Banana,2018,212.38,5860.56,Dry,Unverified
Anuradhapura,Maha,Banana,2018,201.49,7216.44,Dry,Unverified
Anuradhapura,Maha,Banana,2018,222.66,7165.54,Dry,Unverified
Anuradhapura,Maha,Banana,2018,179.83,5049.95,Dry,Unverified
Anuradhapura,Maha,Banana,2018,174.96,7208.73,Dry,Unverified
Anuradhapura,Maha,Big Onion,2018,98.56,943.38,Dry,Supported envelope
Anuradhapura,Maha,Bitter Gourd,2018,54.28,525.54,Dry,Unverified
Anuradhapura,Maha,Chilli,2018,79.47,573.32,Dry,Supported envelope
Anuradhapura,Maha,Coconut,2018,197.99,5798.39,Dry,Unverified
Anuradhapura,Maha,Cucumber,2018,74.51,1003.78,Dry,Unverified
Anuradhapura,Maha,Okra,2018,53.22,513.72,Dry,Unverified
Anuradhapura,Maha,Potato,2018,61.3,1197.41,Dry,Supported envelope
Anuradhapura,Maha,Rice,2018,160.01,3733.33,Dry,Unverified
Anuradhapura,Maha,Sesame,2018,35.03,183.44,Dry,Unverified
Anuradhapura,Maha,Snake Gourd,2018,67.6,693.28,Dry,Unverified
Anuradhapura,Maha,Soybean,2018,48.79,479.83,Dry,Unverified
Anuradhapura,Maha,Tomato,2018,82.08,1091.47,Dry,Unverified
Anuradhapura,Maha,Watermelon,2018,143.31,2791.3,Dry,Unverified
Anuradhapura,Yala,Banana,2018,220.96,6767.59,Dry,Unverified
Anuradhapura,Yala,Banana,2018,257.98,9087.61,Dry,Unverified
Anuradhapura,Yala,Big Onion,2018,56.66,604.13,Dry,Supported envelope
Anuradhapura,Yala,Cassava,2018,118.28,2946.85,Dry,Supported envelope
Anuradhapura,Yala,Coconut,2018,154.79,5597.96,Dry,Unverified
Anuradhapura,Yala,Cowpea,2018,36.93,267.77,Dry,Supported envelope
Anuradhapura,Yala,Ginger,2018,64.85,683.41,Dry,Supported envelope
Anuradhapura,Yala,Ginger,2018,100.57,1298.23,Dry,Supported envelope
Anuradhapura,Yala,Groundnut,2018,68.74,664.74,Dry,Supported envelope
Anuradhapura,Yala,Long Bean,2018,51.63,500.21,Dry,Unverified
Anuradhapura,Yala,Mango,2018,128.63,2659.8,Dry,Unverified
Anuradhapura,Yala,Ridge Gourd,2018,43.57,469.81,Dry,Unverified
Anuradhapura,Yala,Ridge Gourd,2018,46.39,362.09,Dry,Unverified
Anuradhapura,Yala,Snake Gourd,2018,36.36,389.44,Dry,Unverified
Anuradhapura,Yala,Sweet Potato,2018,98.39,1138.1,Dry,Supported envelope
Anuradhapura,Yala,Sweet Potato,2018,104.53,1301.59,Dry,Supported envelope
Anuradhapura,Yala,Watermelon,2018,317.86,7227.11,Dry,Unverified
Anuradhapura,Yala,Watermelon,2018,156.75,3108.16,Dry,Unverified
Anuradhapura,Yala,Watermelon,2018,180.67,3477.87,Dry,Unverified
Anuradhapura,Yala,Watermelon,2018,217.28,4258.07,Dry,Unverified
Anuradhapura,Yala,Watermelon,2018,151.94,2876.87,Dry,Unverified
Badulla,Maha,Banana,2018,124.01,3848.94,Up-country Intermediate,Unverified
Badulla,Maha,Banana,2018,179.02,6849.34,Up-country Intermediate,Unverified
Badulla,Maha,Banana,2018,171.41,6354.23,Up-country Intermediate,Unverified
Badulla,Maha,Beans,2018,83.08,778.0,Up-country Intermediate,Supported envelope
Badulla,Maha,Beans,2018,69.71,661.1,Up-country Intermediate,Supported envelope
Badulla,Maha,Beans,2018,67.57,843.03,Up-country Intermediate,Supported envelope
Badulla,Maha,Carrot,2018,115.37,1803.69,Up-country Intermediate,Supported envelope
Badulla,Maha,Carrot,2018,86.97,1469.18,Up-country Intermediate,Supported envelope
Badulla,Maha,Chilli,2018,41.51,343.97,Up-country Intermediate,Supported envelope
Badulla,Maha,Coconut,2018,187.6,6162.23,Up-country Intermediate,Unverified
Badulla,Maha,Cucumber,2018,75.5,1306.0,Up-country Intermediate,Unverified
Badulla,Maha,Ginger,2018,64.15,883.52,Up-country Intermediate,Supported envelope
Badulla,Maha,Green Gram,2018,32.11,237.79,Up-country Intermediate,Supported envelope
Badulla,Maha,Green Gram,2018,99.07,855.44,Up-country Intermediate,Supported envelope
Badulla,Maha,Green Gram,2018,42.57,302.12,Up-country Intermediate,Supported envelope
Badulla,Maha,Leeks,2018,77.81,848.96,Up-country Intermediate,Supported envelope
Badulla,Maha,Leeks,2018,80.26,846.35,Up-country Intermediate,Supported envelope
Badulla,Maha,Papaya,2018,138.92,3412.4,Up-country Intermediate,Unverified
Badulla,Maha,Papaya,2018,191.21,6162.32,Up-country Intermediate,Unverified
Badulla,Maha,Pumpkin,2018,77.79,1129.62,Up-country Intermediate,Unverified
Badulla,Maha,Red Onion,2018,56.42,553.19,Up-country Intermediate,Supported envelope
Badulla,Maha,Sesame,2018,40.76,279.74,Up-country Intermediate,Unverified
Badulla,Maha,Sweet Potato,2018,80.03,1425.79,Up-country Intermediate,Supported envelope
Badulla,Maha,Sweet Potato,2018,113.15,1303.07,Up-country Intermediate,Supported envelope
Badulla,Maha,Tea,2018,224.56,5613.98,Up-country Intermediate,Supported envelope
Badulla,Maha,Tomato,2018,103.14,1361.31,Up-country Intermediate,Unverified
Badulla,Maha,Turmeric,2018,54.75,605.34,Up-country Intermediate,Supported envelope
Badulla,Maha,Watermelon,2018,148.52,3367.35,Up-country Intermediate,Unverified
Badulla,Maha,Watermelon,2018,128.93,2229.34,Up-country Intermediate,Unverified
Badulla,Maha,Watermelon,2018,159.28,3305.06,Up-country Intermediate,Unverified
Badulla,Maha,Yam,2018,89.67,1039.12,Up-country Intermediate,Unverified
Badulla,Yala,Ash Plantain,2018,134.72,4049.09,Up-country Intermediate,Unverified
Badulla,Yala,Banana,2018,118.09,4469.98,Up-country Intermediate,Unverified
Badulla,Yala,Banana,2018,137.06,3959.04,Up-country Intermediate,Unverified
Badulla,Yala,Banana,2018,116.71,3758.18,Up-country Intermediate,Unverified
Badulla,Yala,Beans,2018,53.91,557.85,Up-country Intermediate,Supported envelope
Badulla,Yala,Beans,2018,74.07,725.62,Up-country Intermediate,Supported envelope
Badulla,Yala,Carrot,2018,82.01,1262.65,Up-country Intermediate,Supported envelope
Badulla,Yala,Carrot,2018,109.39,1836.75,Up-country Intermediate,Supported envelope
Badulla,Yala,Carrot,2018,72.73,1091.91,Up-country Intermediate,Supported envelope
Badulla,Yala,Chilli,2018,44.51,346.43,Up-country Intermediate,Supported envelope
Badulla,Yala,Chilli,2018,35.6,270.48,Up-country Intermediate,Supported envelope
Badulla,Yala,Coconut,2018,140.57,4582.26,Up-country Intermediate,Unverified
Badulla,Yala,Cucumber,2018,94.47,1537.41,Up-country Intermediate,Unverified
Badulla,Yala,Maize,2018,81.85,1233.79,Up-country Intermediate,Supported envelope
Badulla,Yala,Papaya,2018,119.5,3108.63,Up-country Intermediate,Unverified
Badulla,Yala,Pepper,2018,34.75,191.54,Up-country Intermediate,Supported envelope
Badulla,Yala,Potato,2018,117.89,2362.38,Up-country Intermediate,Supported envelope
Badulla,Yala,Potato,2018,90.55,1687.61,Up-country Intermediate,Supported envelope
Badulla,Yala,Red Onion,2018,71.25,790.75,Up-country Intermediate,Supported envelope
Badulla,Yala,Sesame,2018,44.69,203.32,Up-country Intermediate,Unverified
Badulla,Yala,Snake Gourd,2018,72.32,591.66,Up-country Intermediate,Unverified
Badulla,Yala,Snake Gourd,2018,98.24,1085.09,Up-country Intermediate,Unverified
Badulla,Yala,Tea,2018,199.0,5096.02,Up-country Intermediate,Supported envelope
Badulla,Yala,Tomato,2018,100.06,1376.37,Up-country Intermediate,Unverified
Badulla,Yala,Watermelon,2018,114.71,2489.98,Up-country Intermediate,Unverified
Batticaloa,Maha,Ash Plantain,2018,132.72,4519.42,Dry,Unverified
Batticaloa,Maha,Banana,2018,116.64,3383.36,Dry,Unverified
Batticaloa,Maha,Banana,2018,145.12,5770.69,Dry,Unverified
Batticaloa,Maha,Banana,2018,144.07,4078.32,Dry,Unverified
Batticaloa,Maha,Big Onion,2018,55.9,572.45,Dry,Supported envelope
Batticaloa,Maha,Carrot,2018,65.96,977.64,Dry,Supported envelope
Batticaloa,Maha,Carrot,2018,73.03,1071.4,Dry,Supported envelope
Batticaloa,Maha,Carrot,2018,98.26,1811.22,Dry,Supported envelope
Batticaloa,Maha,Chilli,2018,43.21,249.29,Dry,Supported envelope
Batticaloa,Maha,Chilli,2018,70.11,436.02,Dry,Supported envelope
Batticaloa,Maha,Cowpea,2018,66.97,449.31,Dry,Supported envelope
Batticaloa,Maha,Groundnut,2018,47.81,389.99,Dry,Supported envelope
Batticaloa,Maha,Papaya,2018,109.49,3681.09,Dry,Unverified
Batticaloa,Maha,Pumpkin,2018,102.56,1933.79,Dry,Unverified
Batticaloa,Maha,Pumpkin,2018,78.35,1023.55,Dry,Unverified
Batticaloa,Maha,Pumpkin,2018,73.9,1144.34,Dry,Unverified
Batticaloa,Maha,Sesame,2018,31.28,188.61,Dry,Unverified
Batticaloa,Maha,Sweet Potato,2018,81.49,1053.48,Dry,Supported envelope
Batticaloa,Maha,Turmeric,2018,43.24,455.92,Dry,Supported envelope
Batticaloa,Maha,Watermelon,2018,118.4,2119.51,Dry,Unverified
Batticaloa,Maha,Watermelon,2018,144.17,2771.52,Dry,Unverified
Batticaloa,Maha,Yam,2018,72.07,974.65,Dry,Unverified
Batticaloa,Maha,Yam,2018,80.81,1166.74,Dry,Unverified
Batticaloa,Yala,Ash Plantain,2018,205.22,6166.81,Dry,Unverified
Batticaloa,Yala,Banana,2018,143.24,4488.05,Dry,Unverified
Batticaloa,Yala,Banana,2018,159.6,5485.09,Dry,Unverified
Batticaloa,Yala,Black Gram,2018,26.01,182.93,Dry,Unverified
Batticaloa,Yala,Brinjal,2018,118.06,1106.73,Dry,Unverified
Batticaloa,Yala,Carrot,2018,60.98,1076.64,Dry,Supported envelope
Batticaloa,Yala,Carrot,2018,67.49,1094.82,Dry,Supported envelope
Batticaloa,Yala,Chilli,2018,42.89,353.89,Dry,Supported envelope
Batticaloa,Yala,Chilli,2018,66.31,521.91,Dry,Supported envelope
Batticaloa,Yala,Chilli,2018,48.11,366.0,Dry,Supported envelope
Batticaloa,Yala,Coconut,2018,164.09,4593.23,Dry,Unverified
Batticaloa,Yala,Green Gram,2018,47.23,361.8,Dry,Supported envelope
Batticaloa,Yala,Long Bean,2018,64.54,557.56,Dry,Unverified
Batticaloa,Yala,Okra,2018,58.4,542.32,Dry,Unverified
Batticaloa,Yala,Okra,2018,47.24,463.22,Dry,Unverified
Batticaloa,Yala,Papaya,2018,85.66,2294.37,Dry,Unverified
Batticaloa,Yala,Red Onion,2018,39.86,452.05,Dry,Supported envelope
Batticaloa,Yala,Red Onion,2018,44.36,483.38,Dry,Supported envelope
Batticaloa,Yala,Ridge Gourd,2018,88.32,880.12,Dry,Unverified
Batticaloa,Yala,Sesame,2018,30.94,182.62,Dry,Unverified
Batticaloa,Yala,Soybean,2018,77.24,852.43,Dry,Unverified
Batticaloa,Yala,Turmeric,2018,62.39,668.97,Dry,Supported envelope
Colombo,Maha,Ash Plantain,2018,128.43,4453.62,Wet,Unverified
Colombo,Maha,Banana,2018,212.12,7485.4,Wet,Unverified
Colombo,Maha,Banana,2018,175.03,6451.92,Wet,Unverified
Colombo,Maha,Banana,2018,244.05,7204.68,Wet,Unverified
Colombo,Maha,Bitter Gourd,2018,41.11,389.0,Wet,Unverified
Colombo,Maha,Carrot,2018,78.76,1203.42,Wet,Supported envelope
Colombo,Maha,Carrot,2018,98.89,1563.52,Wet,Supported envelope
Colombo,Maha,Chilli,2018,77.0,535.76,Wet,Supported envelope
Colombo,Maha,Coconut,2018,107.42,3228.11,Wet,Unverified
Colombo,Maha,Ginger,2018,80.92,1116.18,Wet,Supported envelope
Colombo,Maha,Mango,2018,125.72,3028.96,Wet,Unverified
Colombo,Maha,Red Onion,2018,71.96,740.58,Wet,Supported envelope
Colombo,Maha,Red Onion,2018,106.56,995.58,Wet,Supported envelope
Colombo,Maha,Rice,2018,98.16,2166.14,Wet,Unverified
Colombo,Maha,Sesame,2018,56.35,298.17,Wet,Unverified
Colombo,Maha,Turmeric,2018,61.92,597.11,Wet,Supported envelope
Colombo,Maha,Watermelon,2018,181.29,3784.3,Wet,Unverified
Colombo,Maha,Watermelon,2018,173.03,3202.97,Wet,Unverified
Colombo,Maha,Watermelon,2018,109.26,1939.17,Wet,Unverified
Colombo,Maha,Yam,2018,108.12,1173.35,Wet,Unverified
Colombo,Maha,Yam,2018,121.1,1282.06,Wet,Unverified
Colombo,Yala,Ash Plantain,2018,222.04,6684.41,Wet,Unverified
Colombo,Yala,Banana,2018,209.48,5925.02,Wet,Unverified
Colombo,Yala,Banana,2018,138.25,4232.22,Wet,Unverified
Colombo,Yala,Banana,2018,260.11,8333.36,Wet,Unverified
Colombo,Yala,Banana,2018,178.5,7267.73,Wet,Unverified
Colombo,Yala,Black Gram,2018,55.92,452.8,Wet,Unverified
Colombo,Yala,Brinjal,2018,59.44,806.17,Wet,Unverified
Colombo,Yala,Brinjal,2018,76.31,909.71,Wet,Unverified
Colombo,Yala,Carrot,2018,60.23,1053.58,Wet,Supported envelope
Colombo,Yala,Carrot,2018,78.03,1312.62,Wet,Supported envelope
Colombo,Yala,Chilli,2018,75.63,623.94,Wet,Supported envelope
Colombo,Yala,Chilli,2018,50.71,369.56,Wet,Supported envelope
Colombo,Yala,Chilli,2018,54.47,411.65,Wet,Supported envelope
Colombo,Yala,Chilli,2018,54.79,395.77,Wet,Supported envelope
Colombo,Yala,Coconut,2018,176.32,5065.84,Wet,Unverified
Colombo,Yala,Coconut,2018,188.04,6133.33,Wet,Unverified
Colombo,Yala,Cucumber,2018,94.11,1618.41,Wet,Unverified
Colombo,Yala,Long Bean,2018,88.44,774.26,Wet,Unverified
Colombo,Yala,Papaya,2018,217.36,6644.6,Wet,Unverified
Colombo,Yala,Pumpkin,2018,149.76,2584.46,Wet,Unverified
Colombo,Yala,Soybean,2018,95.25,917.45,Wet,Unverified
Colombo,Yala,Sweet Potato,2018,99.18,1099.51,Wet,Supported envelope
Colombo,Yala,Turmeric,2018,88.61,995.63,Wet,Supported envelope
Colombo,Yala,Turmeric,2018,61.65,602.54,Wet,Supported envelope
Colombo,Yala,Watermelon,2018,76.25,2148.82,Wet,Unverified
Galle,Maha,Ash Plantain,2018,153.42,3513.08,Wet,Unverified
Galle,Maha,Banana,2018,120.73,3895.41,Wet,Unverified
Galle,Maha,Carrot,2018,52.27,816.42,Wet,Supported envelope
Galle,Maha,Carrot,2018,64.1,871.09,Wet,Supported envelope
Galle,Maha,Carrot,2018,65.62,1019.55,Wet,Supported envelope
Galle,Maha,Cassava,2018,108.75,2872.79,Wet,Supported envelope
Galle,Maha,Chilli,2018,48.86,398.48,Wet,Supported envelope
Galle,Maha,Chilli,2018,42.65,361.32,Wet,Supported envelope
Galle,Maha,Coconut,2018,212.88,7405.2,Wet,Unverified
Galle,Maha,Cucumber,2018,75.9,1152.9,Wet,Unverified
Galle,Maha,Mango,2018,110.42,2933.28,Wet,Unverified
Galle,Maha,Pepper,2018,38.51,179.34,Wet,Supported envelope
Galle,Maha,Potato,2018,94.96,2044.14,Wet,Supported envelope
Galle,Maha,Ridge Gourd,2018,61.84,594.89,Wet,Unverified
Galle,Maha,Sesame,2018,55.44,293.02,Wet,Unverified
Galle,Maha,Sesame,2018,34.06,161.72,Wet,Unverified
Galle,Maha,Sesame,2018,25.17,110.86,Wet,Unverified
Galle,Maha,Snake Gourd,2018,38.4,418.81,Wet,Unverified
Galle,Maha,Soybean,2018,54.98,415.12,Wet,Unverified
Galle,Maha,Tea,2018,120.66,3500.54,Wet,Supported envelope
Galle,Maha,Tea,2018,95.63,2113.66,Wet,Supported envelope
Galle,Maha,Turmeric,2018,63.99,573.74,Wet,Supported envelope
Galle,Maha,Watermelon,2018,89.86,2088.25,Wet,Unverified
Galle,Maha,Watermelon,2018,152.25,3098.33,Wet,Unverified
Galle,Maha,Watermelon,2018,118.7,2536.87,Wet,Unverified
Galle,Maha,Yam,2018,50.01,547.64,Wet,Unverified
Galle,Yala,Banana,2018,225.99,7092.74,Wet,Unverified
Galle,Yala,Carrot,2018,59.18,735.84,Wet,Supported envelope
Galle,Yala,Cassava,2018,141.29,3100.11,Wet,Supported envelope
Galle,Yala,Cassava,2018,128.3,2924.69,Wet,Supported envelope
Galle,Yala,Chilli,2018,33.3,277.52,Wet,Supported envelope
Galle,Yala,Chilli,2018,33.03,269.15,Wet,Supported envelope
Galle,Yala,Coconut,2018,105.44,3676.77,Wet,Unverified
Galle,Yala,Coconut,2018,143.34,4471.07,Wet,Unverified
Galle,Yala,Coconut,2018,137.17,4243.6,Wet,Unverified
Galle,Yala,Cucumber,2018,67.59,1062.14,Wet,Unverified
Galle,Yala,Pumpkin,2018,102.66,2009.88,Wet,Unverified
Galle,Yala,Pumpkin,2018,87.66,1406.73,Wet,Unverified
Galle,Yala,Pumpkin,2018,86.76,1426.3,Wet,Unverified
Galle,Yala,Pumpkin,2018,66.9,939.8,Wet,Unverified
Galle,Yala,Rice,2018,103.46,2229.95,Wet,Unverified
Galle,Yala,Sesame,2018,42.98,227.98,Wet,Unverified
Galle,Yala,Taro,2018,54.06,683.91,Wet,Unverified
Galle,Yala,Watermelon,2018,93.27,1745.71,Wet,Unverified
Galle,Yala,Watermelon,2018,105.52,2056.52,Wet,Unverified
Galle,Yala,Yam,2018,91.45,1118.52,Wet,Unverified
Galle,Yala,Yam,2018,64.75,979.39,Wet,Unverified
Gampaha,Maha,Ash Plantain,2018,199.91,5076.4,Wet,Unverified
Gampaha,Maha,Banana,2018,267.16,9179.14,Wet,Unverified
Gampaha,Maha,Banana,2018,312.25,9561.25,Wet,Unverified
Gampaha,Maha,Banana,2018,216.99,7069.42,Wet,Unverified
Gampaha,Maha,Bitter Gourd,2018,132.69,1157.42,Wet,Unverified
Gampaha,Maha,Bitter Gourd,2018,100.0,942.08,Wet,Unverified
Gampaha,Maha,Bitter Gourd,2018,100.4,883.27,Wet,Unverified
Gampaha,Maha,Brinjal,2018,114.11,1459.54,Wet,Unverified
Gampaha,Maha,Brinjal,2018,112.08,1554.4,Wet,Unverified
Gampaha,Maha,Carrot,2018,130.17,2385.56,Wet,Supported envelope
Gampaha,Maha,Carrot,2018,87.71,1622.95,Wet,Supported envelope
Gampaha,Maha,Cassava,2018,183.89,4514.13,Wet,Supported envelope
Gampaha,Maha,Chilli,2018,66.46,525.91,Wet,Supported envelope
Gampaha,Maha,Chilli,2018,96.88,724.08,Wet,Supported envelope
Gampaha,Maha,Chilli,2018,95.51,749.93,Wet,Supported envelope
Gampaha,Maha,Chilli,2018,58.06,507.05,Wet,Supported envelope
Gampaha,Maha,Coconut,2018,306.47,8037.55,Wet,Unverified
Gampaha,Maha,Coconut,2018,377.1,12178.99,Wet,Unverified
Gampaha,Maha,Cowpea,2018,83.43,673.03,Wet,Supported envelope
Gampaha,Maha,Ginger,2018,102.38,1077.11,Wet,Supported envelope
Gampaha,Maha,Green Gram,2018,83.4,542.03,Wet,Supported envelope
Gampaha,Maha,Long Bean,2018,57.58,451.41,Wet,Unverified
Gampaha,Maha,Maize,2018,83.84,1462.18,Wet,Supported envelope
Gampaha,Maha,Maize,2018,160.36,3066.22,Wet,Supported envelope
Gampaha,Maha,Papaya,2018,136.22,3464.93,Wet,Unverified
Gampaha,Maha,Pineapple,2018,202.76,4005.29,Wet,Supported envelope
Gampaha,Maha,Pineapple,2018,237.71,6098.35,Wet,Supported envelope
Gampaha,Maha,Potato,2018,118.66,2617.06,Wet,Supported envelope
Gampaha,Maha,Pumpkin,2018,150.9,1951.71,Wet,Unverified
Gampaha,Maha,Pumpkin,2018,146.03,2423.89,Wet,Unverified
Gampaha,Maha,Sesame,2018,123.03,677.47,Wet,Unverified
Gampaha,Maha,Taro,2018,102.45,1368.13,Wet,Unverified
Gampaha,Maha,Taro,2018,114.18,1296.26,Wet,Unverified
Gampaha,Maha,Watermelon,2018,159.82,3248.32,Wet,Unverified
Gampaha,Maha,Watermelon,2018,125.86,2581.27,Wet,Unverified
Gampaha,Maha,Yam,2018,121.32,2164.65,Wet,Unverified
Gampaha,Yala,Ash Plantain,2018,236.08,7444.34,Wet,Unverified
Gampaha,Yala,Banana,2018,228.75,7954.71,Wet,Unverified
Gampaha,Yala,Bitter Gourd,2018,101.69,1035.88,Wet,Unverified
Gampaha,Yala,Brinjal,2018,89.02,1022.15,Wet,Unverified
Gampaha,Yala,Carrot,2018,71.35,1303.81,Wet,Supported envelope
Gampaha,Yala,Carrot,2018,108.85,1718.62,Wet,Supported envelope
Gampaha,Yala,Carrot,2018,73.98,1240.51,Wet,Supported envelope
Gampaha,Yala,Cassava,2018,142.18,3525.4,Wet,Supported envelope
Gampaha,Yala,Coconut,2018,383.69,13074.37,Wet,Unverified
Gampaha,Yala,Cowpea,2018,65.64,577.98,Wet,Supported envelope
Gampaha,Yala,Green Gram,2018,59.83,419.24,Wet,Supported envelope
Gampaha,Yala,Green Gram,2018,75.63,497.91,Wet,Supported envelope
Gampaha,Yala,Maize,2018,219.41,3764.18,Wet,Supported envelope
Gampaha,Yala,Maize,2018,133.98,2526.87,Wet,Supported envelope
Gampaha,Yala,Mango,2018,194.67,5659.74,Wet,Unverified
Gampaha,Yala,Papaya,2018,229.54,6821.76,Wet,Unverified
Gampaha,Yala,Papaya,2018,185.24,5452.4,Wet,Unverified
Gampaha,Yala,Rice,2018,148.44,3145.25,Wet,Unverified
Gampaha,Yala,Sesame,2018,66.58,506.08,Wet,Unverified
Gampaha,Yala,Turmeric,2018,88.45,886.73,Wet,Supported envelope
Gampaha,Yala,Turmeric,2018,108.97,1024.72,Wet,Supported envelope
Gampaha,Yala,Watermelon,2018,139.7,2017.27,Wet,Unverified
Gampaha,Yala,Watermelon,2018,145.85,2946.46,Wet,Unverified
Gampaha,Yala,Yam,2018,103.99,1496.36,Wet,Unverified
Gampaha,Yala,Yam,2018,120.21,1534.96,Wet,Unverified
Hambantota,Maha,Banana,2018,144.06,5612.42,Dry/Intermediate,Unverified
Hambantota,Maha,Banana,2018,355.58,11091.66,Dry/Intermediate,Unverified
Hambantota,Maha,Black Gram,2018,64.62,444.2,Dry/Intermediate,Unverified
Hambantota,Maha,Brinjal,2018,103.97,1268.29,Dry/Intermediate,Unverified
Hambantota,Maha,Carrot,2018,121.55,1912.76,Dry/Intermediate,Supported envelope
Hambantota,Maha,Carrot,2018,154.42,1749.73,Dry/Intermediate,Supported envelope
Hambantota,Maha,Carrot,2018,144.18,2842.9,Dry/Intermediate,Supported envelope
Hambantota,Maha,Carrot,2018,80.84,1225.1,Dry/Intermediate,Supported envelope
Hambantota,Maha,Carrot,2018,120.58,1799.32,Dry/Intermediate,Supported envelope
Hambantota,Maha,Chilli,2018,93.77,718.37,Dry/Intermediate,Supported envelope
Hambantota,Maha,Chilli,2018,69.41,461.43,Dry/Intermediate,Supported envelope
Hambantota,Maha,Coconut,2018,148.12,4141.97,Dry/Intermediate,Unverified
Hambantota,Maha,Coconut,2018,182.56,6286.57,Dry/Intermediate,Unverified
Hambantota,Maha,Green Gram,2018,93.47,696.15,Dry/Intermediate,Supported envelope
Hambantota,Maha,Green Gram,2018,70.8,504.13,Dry/Intermediate,Supported envelope
Hambantota,Maha,Maize,2018,94.01,1718.59,Dry/Intermediate,Supported envelope
Hambantota,Maha,Okra,2018,94.79,791.59,Dry/Intermediate,Unverified
Hambantota,Maha,Potato,2018,118.25,2534.25,Dry/Intermediate,Supported envelope
Hambantota,Maha,Pumpkin,2018,112.56,1692.07,Dry/Intermediate,Unverified
Hambantota,Maha,Rice,2018,80.48,1495.61,Dry/Intermediate,Unverified
Hambantota,Maha,Rice,2018,92.7,2103.37,Dry/Intermediate,Unverified
Hambantota,Maha,Ridge Gourd,2018,120.42,1142.78,Dry/Intermediate,Unverified
Hambantota,Maha,Ridge Gourd,2018,83.55,991.65,Dry/Intermediate,Unverified
Hambantota,Maha,Ridge Gourd,2018,100.06,1037.3,Dry/Intermediate,Unverified
Hambantota,Maha,Snake Gourd,2018,100.95,864.41,Dry/Intermediate,Unverified
Hambantota,Maha,Turmeric,2018,90.12,833.35,Dry/Intermediate,Supported envelope
Hambantota,Maha,Watermelon,2018,186.64,3633.22,Dry/Intermediate,Unverified
Hambantota,Maha,Watermelon,2018,237.39,4440.73,Dry/Intermediate,Unverified
Hambantota,Maha,Watermelon,2018,209.66,5324.63,Dry/Intermediate,Unverified
Hambantota,Maha,Watermelon,2018,231.72,5048.14,Dry/Intermediate,Unverified
Hambantota,Yala,Big Onion,2018,61.7,676.91,Dry/Intermediate,Supported envelope
Hambantota,Yala,Black Gram,2018,62.08,460.96,Dry/Intermediate,Unverified
Hambantota,Yala,Carrot,2018,122.88,1806.47,Dry/Intermediate,Supported envelope
Hambantota,Yala,Carrot,2018,110.33,1571.18,Dry/Intermediate,Supported envelope
Hambantota,Yala,Carrot,2018,127.77,2046.75,Dry/Intermediate,Supported envelope
Hambantota,Yala,Carrot,2018,88.99,988.72,Dry/Intermediate,Supported envelope
Hambantota,Yala,Carrot,2018,94.8,1901.09,Dry/Intermediate,Supported envelope
Hambantota,Yala,Cassava,2018,235.88,4893.78,Dry/Intermediate,Supported envelope
Hambantota,Yala,Chilli,2018,59.13,503.33,Dry/Intermediate,Supported envelope
Hambantota,Yala,Chilli,2018,54.72,509.06,Dry/Intermediate,Supported envelope
Hambantota,Yala,Coconut,2018,182.65,4628.84,Dry/Intermediate,Unverified
Hambantota,Yala,Coconut,2018,193.47,6719.67,Dry/Intermediate,Unverified
Hambantota,Yala,Cowpea,2018,58.24,478.6,Dry/Intermediate,Supported envelope
Hambantota,Yala,Cucumber,2018,100.35,1670.2,Dry/Intermediate,Unverified
Hambantota,Yala,Groundnut,2018,84.95,972.62,Dry/Intermediate,Supported envelope
Hambantota,Yala,Long Bean,2018,49.81,458.41,Dry/Intermediate,Unverified
Hambantota,Yala,Okra,2018,98.62,623.7,Dry/Intermediate,Unverified
Hambantota,Yala,Pumpkin,2018,159.74,2742.04,Dry/Intermediate,Unverified
Hambantota,Yala,Sesame,2018,34.13,201.58,Dry/Intermediate,Unverified
Hambantota,Yala,Soybean,2018,104.1,1059.99,Dry/Intermediate,Unverified
Hambantota,Yala,Sweet Potato,2018,121.95,1718.99,Dry/Intermediate,Supported envelope
Hambantota,Yala,Tomato,2018,77.01,959.6,Dry/Intermediate,Unverified
Hambantota,Yala,Tomato,2018,79.27,1178.94,Dry/Intermediate,Unverified
Hambantota,Yala,Watermelon,2018,307.39,5889.4,Dry/Intermediate,Unverified
Hambantota,Yala,Yam,2018,112.98,1332.28,Dry/Intermediate,Unverified
Jaffna,Maha,Ash Plantain,2018,221.29,6008.46,Dry,Unverified
Jaffna,Maha,Banana,2018,268.91,8923.39,Dry,Unverified
Jaffna,Maha,Banana,2018,271.83,7520.25,Dry,Unverified
Jaffna,Maha,Banana,2018,158.11,5164.79,Dry,Unverified
Jaffna,Maha,Big Onion,2018,127.19,1438.59,Dry,Supported envelope
Jaffna,Maha,Bitter Gourd,2018,68.29,603.45,Dry,Unverified
Jaffna,Maha,Carrot,2018,82.69,1571.73,Dry,Supported envelope
Jaffna,Maha,Carrot,2018,154.68,1973.71,Dry,Supported envelope
Jaffna,Maha,Cassava,2018,181.45,4879.04,Dry,Supported envelope
Jaffna,Maha,Cassava,2018,210.59,5213.84,Dry,Supported envelope
Jaffna,Maha,Chilli,2018,61.51,530.69,Dry,Supported envelope
Jaffna,Maha,Chilli,2018,62.68,482.37,Dry,Supported envelope
Jaffna,Maha,Chilli,2018,109.05,698.77,Dry,Supported envelope
Jaffna,Maha,Chilli,2018,89.15,681.2,Dry,Supported envelope
Jaffna,Maha,Chilli,2018,77.53,581.84,Dry,Supported envelope
Jaffna,Maha,Coconut,2018,229.07,6552.16,Dry,Unverified
Jaffna,Maha,Cowpea,2018,53.63,370.98,Dry,Supported envelope
Jaffna,Maha,Cucumber,2018,81.5,1296.86,Dry,Unverified
Jaffna,Maha,Cucumber,2018,133.02,2014.39,Dry,Unverified
Jaffna,Maha,Green Gram,2018,79.52,600.39,Dry,Supported envelope
Jaffna,Maha,Green Gram,2018,65.63,485.09,Dry,Supported envelope
Jaffna,Maha,Green Gram,2018,59.42,506.98,Dry,Supported envelope
Jaffna,Maha,Groundnut,2018,107.54,949.58,Dry,Supported envelope
Jaffna,Maha,Maize,2018,80.02,1337.69,Dry,Supported envelope
Jaffna,Maha,Papaya,2018,177.29,4951.92,Dry,Unverified
Jaffna,Maha,Potato,2018,172.61,2982.72,Dry,Supported envelope
Jaffna,Maha,Rice,2018,145.21,3064.66,Dry,Unverified
Jaffna,Maha,Rice,2018,127.34,2463.56,Dry,Unverified
Jaffna,Maha,Sesame,2018,49.1,265.93,Dry,Unverified
Jaffna,Maha,Sesame,2018,39.74,219.63,Dry,Unverified
Jaffna,Maha,Sesame,2018,61.6,372.94,Dry,Unverified
Jaffna,Maha,Snake Gourd,2018,86.09,913.34,Dry,Unverified
Jaffna,Maha,Soybean,2018,81.27,587.09,Dry,Unverified
Jaffna,Maha,Watermelon,2018,156.78,3239.19,Dry,Unverified
Jaffna,Maha,Watermelon,2018,210.96,4255.5,Dry,Unverified
Jaffna,Maha,Watermelon,2018,188.21,4261.48,Dry,Unverified
Jaffna,Maha,Watermelon,2018,118.31,2175.17,Dry,Unverified
Jaffna,Maha,Watermelon,2018,125.46,2230.23,Dry,Unverified
Jaffna,Maha,Yam,2018,84.05,1223.23,Dry,Unverified
Jaffna,Yala,Banana,2018,208.9,6285.05,Dry,Unverified
Jaffna,Yala,Banana,2018,213.04,6495.95,Dry,Unverified
Jaffna,Yala,Banana,2018,268.46,9515.32,Dry,Unverified
Jaffna,Yala,Carrot,2018,119.19,1867.26,Dry,Supported envelope
Jaffna,Yala,Carrot,2018,137.09,2085.32,Dry,Supported envelope
Jaffna,Yala,Carrot,2018,95.49,1427.29,Dry,Supported envelope
Jaffna,Yala,Carrot,2018,111.56,1822.94,Dry,Supported envelope
Jaffna,Yala,Chilli,2018,48.31,430.31,Dry,Supported envelope
Jaffna,Yala,Chilli,2018,46.28,325.55,Dry,Supported envelope
Jaffna,Yala,Coconut,2018,162.49,5415.0,Dry,Unverified
Jaffna,Yala,Groundnut,2018,56.84,602.36,Dry,Supported envelope
Jaffna,Yala,Long Bean,2018,102.71,937.65,Dry,Unverified
Jaffna,Yala,Papaya,2018,207.93,5836.11,Dry,Unverified
Jaffna,Yala,Rice,2018,143.35,3555.01,Dry,Unverified
Jaffna,Yala,Turmeric,2018,102.46,1063.9,Dry,Supported envelope
Jaffna,Yala,Watermelon,2018,137.31,2640.21,Dry,Unverified
Jaffna,Yala,Watermelon,2018,105.87,1723.46,Dry,Unverified
Kalutara,Maha,Banana,2018,328.47,10994.93,Wet,Unverified
Kalutara,Maha,Banana,2018,205.44,6913.38,Wet,Unverified
Kalutara,Maha,Black Gram,2018,45.89,314.96,Wet,Unverified
Kalutara,Maha,Black Gram,2018,61.14,402.14,Wet,Unverified
Kalutara,Maha,Black Gram,2018,61.18,413.75,Wet,Unverified
Kalutara,Maha,Carrot,2018,81.7,1548.99,Wet,Supported envelope
Kalutara,Maha,Cassava,2018,160.35,3568.34,Wet,Supported envelope
Kalutara,Maha,Cassava,2018,158.54,4013.73,Wet,Supported envelope
Kalutara,Maha,Chilli,2018,102.76,883.83,Wet,Supported envelope
Kalutara,Maha,Cinnamon,2018,60.43,267.1,Wet,Supported envelope
Kalutara,Maha,Cinnamon,2018,90.69,379.72,Wet,Supported envelope
Kalutara,Maha,Cinnamon,2018,62.28,275.03,Wet,Supported envelope
Kalutara,Maha,Cucumber,2018,162.36,2721.63,Wet,Unverified
Kalutara,Maha,Potato,2018,179.25,3555.31,Wet,Supported envelope
Kalutara,Maha,Rice,2018,154.75,3697.31,Wet,Unverified
Kalutara,Maha,Rice,2018,172.8,3342.89,Wet,Unverified
Kalutara,Maha,Sesame,2018,55.87,305.88,Wet,Unverified
Kalutara,Maha,Soybean,2018,59.77,523.93,Wet,Unverified
Kalutara,Maha,Soybean,2018,52.26,460.02,Wet,Unverified
Kalutara,Maha,Taro,2018,152.37,1550.35,Wet,Unverified
Kalutara,Maha,Taro,2018,102.64,1138.11,Wet,Unverified
Kalutara,Maha,Tea,2018,153.03,3693.56,Wet,Supported envelope
Kalutara,Maha,Watermelon,2018,183.28,4055.51,Wet,Unverified
Kalutara,Yala,Banana,2018,264.62,8244.74,Wet,Unverified
Kalutara,Yala,Bitter Gourd,2018,107.52,1084.48,Wet,Unverified
Kalutara,Yala,Brinjal,2018,102.76,1327.24,Wet,Unverified
Kalutara,Yala,Brinjal,2018,83.18,1006.85,Wet,Unverified
Kalutara,Yala,Carrot,2018,127.18,2020.51,Wet,Supported envelope
Kalutara,Yala,Carrot,2018,102.33,1348.92,Wet,Supported envelope
Kalutara,Yala,Carrot,2018,94.05,1422.27,Wet,Supported envelope
Kalutara,Yala,Carrot,2018,68.61,933.98,Wet,Supported envelope
Kalutara,Yala,Carrot,2018,76.62,1289.28,Wet,Supported envelope
Kalutara,Yala,Chilli,2018,88.15,669.07,Wet,Supported envelope
Kalutara,Yala,Cinnamon,2018,60.02,291.09,Wet,Supported envelope
Kalutara,Yala,Ginger,2018,74.88,848.24,Wet,Supported envelope
Kalutara,Yala,Mango,2018,164.83,4066.97,Wet,Unverified
Kalutara,Yala,Potato,2018,124.72,2595.37,Wet,Supported envelope
Kalutara,Yala,Red Onion,2018,68.13,584.75,Wet,Supported envelope
Kalutara,Yala,Red Onion,2018,92.82,1042.12,Wet,Supported envelope
Kalutara,Yala,Soybean,2018,96.7,875.1,Wet,Unverified
Kalutara,Yala,Sweet Potato,2018,82.87,1328.17,Wet,Supported envelope
Kalutara,Yala,Taro,2018,102.92,1752.17,Wet,Unverified
Kalutara,Yala,Watermelon,2018,114.64,2222.63,Wet,Unverified
Kalutara,Yala,Watermelon,2018,135.83,3129.48,Wet,Unverified
Kandy,Maha,Ash Plantain,2018,216.27,6745.6,Up-country Wet/Intermediate,Unverified
Kandy,Maha,Banana,2018,186.2,6542.53,Up-country Wet/Intermediate,Unverified
Kandy,Maha,Banana,2018,201.2,6236.77,Up-country Wet/Intermediate,Unverified
Kandy,Maha,Beans,2018,68.01,736.74,Up-country Wet/Intermediate,Supported envelope
Kandy,Maha,Beans,2018,100.59,972.13,Up-country Wet/Intermediate,Supported envelope
Kandy,Maha,Big Onion,2018,75.79,784.81,Up-country Wet/Intermediate,Supported envelope
Kandy,Maha,Bitter Gourd,2018,42.01,415.09,Up-country Wet/Intermediate,Unverified
Kandy,Maha,Black Gram,2018,41.18,297.21,Up-country Wet/Intermediate,Unverified
Kandy,Maha,Black Gram,2018,88.41,599.25,Up-country Wet/Intermediate,Unverified
Kandy,Maha,Brinjal,2018,78.3,867.34,Up-country Wet/Intermediate,Unverified
Kandy,Maha,Brinjal,2018,91.08,1079.47,Up-country Wet/Intermediate,Unverified
Kandy,Maha,Cabbage,2018,84.8,1239.92,Up-country Wet/Intermediate,Supported envelope
Kandy,Maha,Cabbage,2018,105.68,2095.14,Up-country Wet/Intermediate,Supported envelope
Kandy,Maha,Carrot,2018,104.22,1505.02,Up-country Wet/Intermediate,Supported envelope
Kandy,Maha,Carrot,2018,134.36,1829.61,Up-country Wet/Intermediate,Supported envelope
Kandy,Maha,Cassava,2018,188.52,4192.4,Up-country Wet/Intermediate,Supported envelope
Kandy,Maha,Cassava,2018,114.19,2568.31,Up-country Wet/Intermediate,Supported envelope
Kandy,Maha,Cauliflower,2018,105.99,1302.42,Up-country Wet/Intermediate,Supported envelope
Kandy,Maha,Chilli,2018,75.49,643.85,Up-country Wet/Intermediate,Supported envelope
Kandy,Maha,Chilli,2018,65.95,564.38,Up-country Wet/Intermediate,Supported envelope
Kandy,Maha,Chilli,2018,48.71,337.39,Up-country Wet/Intermediate,Supported envelope
Kandy,Maha,Chilli,2018,76.44,549.58,Up-country Wet/Intermediate,Supported envelope
Kandy,Maha,Coconut,2018,117.09,3544.82,Up-country Wet/Intermediate,Unverified
Kandy,Maha,Coconut,2018,210.53,6979.47,Up-country Wet/Intermediate,Unverified
Kandy,Maha,Cucumber,2018,111.38,1816.39,Up-country Wet/Intermediate,Unverified
Kandy,Maha,Groundnut,2018,68.56,542.32,Up-country Wet/Intermediate,Supported envelope
Kandy,Maha,Leeks,2018,124.43,1790.41,Up-country Wet/Intermediate,Supported envelope
Kandy,Maha,Leeks,2018,98.88,966.14,Up-country Wet/Intermediate,Supported envelope
Kandy,Maha,Long Bean,2018,69.21,578.96,Up-country Wet/Intermediate,Unverified
Kandy,Maha,Long Bean,2018,83.09,790.37,Up-country Wet/Intermediate,Unverified
Kandy,Maha,Pumpkin,2018,111.39,1622.46,Up-country Wet/Intermediate,Unverified
Kandy,Maha,Pumpkin,2018,94.29,1415.56,Up-country Wet/Intermediate,Unverified
Kandy,Maha,Rice,2018,190.09,4361.81,Up-country Wet/Intermediate,Unverified
Kandy,Maha,Rice,2018,189.59,4171.13,Up-country Wet/Intermediate,Unverified
Kandy,Maha,Ridge Gourd,2018,49.92,452.28,Up-country Wet/Intermediate,Unverified
Kandy,Maha,Sesame,2018,61.25,303.01,Up-country Wet/Intermediate,Unverified
Kandy,Maha,Snake Gourd,2018,76.31,753.73,Up-country Wet/Intermediate,Unverified
Kandy,Maha,Sweet Potato,2018,111.2,1177.82,Up-country Wet/Intermediate,Supported envelope
Kandy,Maha,Taro,2018,88.02,1288.16,Up-country Wet/Intermediate,Unverified
Kandy,Maha,Taro,2018,95.06,1240.26,Up-country Wet/Intermediate,Unverified
Kandy,Maha,Tea,2018,199.11,4321.11,Up-country Wet/Intermediate,Supported envelope
Kandy,Maha,Tomato,2018,111.32,1364.93,Up-country Wet/Intermediate,Unverified
Kandy,Maha,Yam,2018,110.07,1192.0,Up-country Wet/Intermediate,Unverified
Kandy,Yala,Banana,2018,181.46,5877.26,Up-country Wet/Intermediate,Unverified
Kandy,Yala,Carrot,2018,85.6,1157.74,Up-country Wet/Intermediate,Supported envelope
Kandy,Yala,Carrot,2018,87.91,1405.97,Up-country Wet/Intermediate,Supported envelope
Kandy,Yala,Carrot,2018,144.21,2449.18,Up-country Wet/Intermediate,Supported envelope
Kandy,Yala,Carrot,2018,123.4,2179.33,Up-country Wet/Intermediate,Supported envelope
Kandy,Yala,Cassava,2018,172.04,4234.71,Up-country Wet/Intermediate,Supported envelope
Kandy,Yala,Cauliflower,2018,103.02,1134.54,Up-country Wet/Intermediate,Supported envelope
Kandy,Yala,Chilli,2018,49.1,340.45,Up-country Wet/Intermediate,Supported envelope
Kandy,Yala,Cucumber,2018,106.91,1886.18,Up-country Wet/Intermediate,Unverified
Kandy,Yala,Green Gram,2018,68.11,577.96,Up-country Wet/Intermediate,Supported envelope
Kandy,Yala,Groundnut,2018,58.78,532.92,Up-country Wet/Intermediate,Supported envelope
Kandy,Yala,Maize,2018,137.52,2866.35,Up-country Wet/Intermediate,Supported envelope
Kandy,Yala,Okra,2018,73.1,519.13,Up-country Wet/Intermediate,Unverified
Kandy,Yala,Okra,2018,83.41,736.8,Up-country Wet/Intermediate,Unverified
Kandy,Yala,Okra,2018,40.25,329.57,Up-country Wet/Intermediate,Unverified
Kandy,Yala,Papaya,2018,169.34,4475.42,Up-country Wet/Intermediate,Unverified
Kandy,Yala,Pepper,2018,32.15,181.73,Up-country Wet/Intermediate,Supported envelope
Kandy,Yala,Pepper,2018,47.37,255.3,Up-country Wet/Intermediate,Supported envelope
Kandy,Yala,Pineapple,2018,181.61,3884.55,Up-country Wet/Intermediate,Supported envelope
Kandy,Yala,Rice,2018,157.69,3938.5,Up-country Wet/Intermediate,Unverified
Kandy,Yala,Taro,2018,107.05,1483.68,Up-country Wet/Intermediate,Unverified
Kandy,Yala,Watermelon,2018,99.38,1985.65,Up-country Wet/Intermediate,Unverified
Kandy,Yala,Watermelon,2018,125.33,2021.3,Up-country Wet/Intermediate,Unverified
Kandy,Yala,Watermelon,2018,189.04,4184.91,Up-country Wet/Intermediate,Unverified
Kegalle,Maha,Banana,2018,110.63,3733.35,Wet/Intermediate,Unverified
Kegalle,Maha,Banana,2018,162.94,5793.48,Wet/Intermediate,Unverified
Kegalle,Maha,Banana,2018,141.54,4240.38,Wet/Intermediate,Unverified
Kegalle,Maha,Banana,2018,215.93,6290.18,Wet/Intermediate,Unverified
Kegalle,Maha,Banana,2018,266.15,7135.84,Wet/Intermediate,Unverified
Kegalle,Maha,Banana,2018,230.65,6437.35,Wet/Intermediate,Unverified
Kegalle,Maha,Beans,2018,76.92,837.84,Wet/Intermediate,Supported envelope
Kegalle,Maha,Beans,2018,89.19,943.5,Wet/Intermediate,Supported envelope
Kegalle,Maha,Bitter Gourd,2018,61.32,630.63,Wet/Intermediate,Unverified
Kegalle,Maha,Black Gram,2018,73.43,419.1,Wet/Intermediate,Unverified
Kegalle,Maha,Carrot,2018,97.88,1089.86,Wet/Intermediate,Supported envelope
Kegalle,Maha,Carrot,2018,147.66,2362.63,Wet/Intermediate,Supported envelope
Kegalle,Maha,Carrot,2018,90.59,1393.04,Wet/Intermediate,Supported envelope
Kegalle,Maha,Carrot,2018,123.75,1788.6,Wet/Intermediate,Supported envelope
Kegalle,Maha,Carrot,2018,120.51,1745.98,Wet/Intermediate,Supported envelope
Kegalle,Maha,Cassava,2018,153.64,3698.04,Wet/Intermediate,Supported envelope
Kegalle,Maha,Cassava,2018,103.73,2686.75,Wet/Intermediate,Supported envelope
Kegalle,Maha,Cauliflower,2018,73.82,917.88,Wet/Intermediate,Supported envelope
Kegalle,Maha,Chilli,2018,80.44,630.58,Wet/Intermediate,Supported envelope
Kegalle,Maha,Chilli,2018,59.04,432.91,Wet/Intermediate,Supported envelope
Kegalle,Maha,Chilli,2018,69.06,510.44,Wet/Intermediate,Supported envelope
Kegalle,Maha,Chilli,2018,83.27,589.57,Wet/Intermediate,Supported envelope
Kegalle,Maha,Coconut,2018,287.07,9880.52,Wet/Intermediate,Unverified
Kegalle,Maha,Long Bean,2018,49.12,545.01,Wet/Intermediate,Unverified
Kegalle,Maha,Maize,2018,131.71,1992.04,Wet/Intermediate,Supported envelope
Kegalle,Maha,Mango,2018,206.9,4495.73,Wet/Intermediate,Unverified
Kegalle,Maha,Mango,2018,165.43,4558.75,Wet/Intermediate,Unverified
Kegalle,Maha,Okra,2018,99.07,853.37,Wet/Intermediate,Unverified
Kegalle,Maha,Okra,2018,95.16,749.83,Wet/Intermediate,Unverified
Kegalle,Maha,Pepper,2018,54.15,306.47,Wet/Intermediate,Supported envelope
Kegalle,Maha,Pineapple,2018,104.63,2312.89,Wet/Intermediate,Supported envelope
Kegalle,Maha,Potato,2018,110.74,2541.59,Wet/Intermediate,Supported envelope
Kegalle,Maha,Red Onion,2018,62.9,628.02,Wet/Intermediate,Supported envelope
Kegalle,Maha,Sesame,2018,76.09,421.08,Wet/Intermediate,Unverified
Kegalle,Maha,Sesame,2018,57.43,368.64,Wet/Intermediate,Unverified
Kegalle,Maha,Snake Gourd,2018,69.43,702.83,Wet/Intermediate,Unverified
Kegalle,Maha,Sweet Potato,2018,165.71,1949.11,Wet/Intermediate,Supported envelope
Kegalle,Maha,Sweet Potato,2018,94.13,1284.84,Wet/Intermediate,Supported envelope
Kegalle,Maha,Sweet Potato,2018,94.13,1326.29,Wet/Intermediate,Supported envelope
Kegalle,Maha,Taro,2018,74.47,862.09,Wet/Intermediate,Unverified
Kegalle,Maha,Tea,2018,142.19,3209.4,Wet/Intermediate,Supported envelope
Kegalle,Maha,Watermelon,2018,165.44,2935.87,Wet/Intermediate,Unverified
Kegalle,Maha,Yam,2018,88.34,1496.47,Wet/Intermediate,Unverified
Kegalle,Maha,Yam,2018,78.4,1000.17,Wet/Intermediate,Unverified
Kegalle,Yala,Banana,2018,154.53,4104.4,Wet/Intermediate,Unverified
Kegalle,Yala,Banana,2018,242.17,6184.63,Wet/Intermediate,Unverified
Kegalle,Yala,Banana,2018,196.55,5958.69,Wet/Intermediate,Unverified
Kegalle,Yala,Bitter Gourd,2018,89.0,1052.21,Wet/Intermediate,Unverified
Kegalle,Yala,Bitter Gourd,2018,82.68,797.41,Wet/Intermediate,Unverified
Kegalle,Yala,Black Gram,2018,58.54,323.76,Wet/Intermediate,Unverified
Kegalle,Yala,Brinjal,2018,115.42,1274.61,Wet/Intermediate,Unverified
Kegalle,Yala,Chilli,2018,59.2,364.29,Wet/Intermediate,Supported envelope
Kegalle,Yala,Chilli,2018,69.73,395.03,Wet/Intermediate,Supported envelope
Kegalle,Yala,Coconut,2018,173.54,5250.05,Wet/Intermediate,Unverified
Kegalle,Yala,Cucumber,2018,83.74,1420.84,Wet/Intermediate,Unverified
Kegalle,Yala,Ginger,2018,53.14,501.32,Wet/Intermediate,Supported envelope
Kegalle,Yala,Green Gram,2018,57.72,466.7,Wet/Intermediate,Supported envelope
Kegalle,Yala,Mango,2018,150.49,3283.83,Wet/Intermediate,Unverified
Kegalle,Yala,Pepper,2018,34.07,207.14,Wet/Intermediate,Supported envelope
Kegalle,Yala,Pineapple,2018,139.86,3162.92,Wet/Intermediate,Supported envelope
Kegalle,Yala,Potato,2018,140.58,2617.41,Wet/Intermediate,Supported envelope
Kegalle,Yala,Pumpkin,2018,129.54,1837.65,Wet/Intermediate,Unverified
Kegalle,Yala,Red Onion,2018,73.97,733.01,Wet/Intermediate,Supported envelope
Kegalle,Yala,Rice,2018,130.0,2728.72,Wet/Intermediate,Unverified
Kegalle,Yala,Rice,2018,133.56,2790.29,Wet/Intermediate,Unverified
Kegalle,Yala,Sweet Potato,2018,100.56,1248.02,Wet/Intermediate,Supported envelope
Kegalle,Yala,Tea,2018,100.53,2422.82,Wet/Intermediate,Supported envelope
Kegalle,Yala,Tea,2018,129.79,3051.6,Wet/Intermediate,Supported envelope
Kegalle,Yala,Turmeric,2018,82.9,796.16,Wet/Intermediate,Supported envelope
Kegalle,Yala,Watermelon,2018,150.17,2960.02,Wet/Intermediate,Unverified
Kilinochchi,Maha,Ash Plantain,2018,141.33,4104.42,Dry,Unverified
Kilinochchi,Maha,Ash Plantain,2018,152.41,4642.73,Dry,Unverified
Kilinochchi,Maha,Banana,2018,140.73,4929.17,Dry,Unverified
Kilinochchi,Maha,Big Onion,2018,53.19,634.24,Dry,Supported envelope
Kilinochchi,Maha,Big Onion,2018,58.28,611.57,Dry,Supported envelope
Kilinochchi,Maha,Bitter Gourd,2018,71.98,629.0,Dry,Unverified
Kilinochchi,Maha,Bitter Gourd,2018,51.19,513.38,Dry,Unverified
Kilinochchi,Maha,Carrot,2018,50.85,803.7,Dry,Supported envelope
Kilinochchi,Maha,Carrot,2018,81.22,1216.45,Dry,Supported envelope
Kilinochchi,Maha,Carrot,2018,86.94,1333.1,Dry,Supported envelope
Kilinochchi,Maha,Chilli,2018,42.76,353.21,Dry,Supported envelope
Kilinochchi,Maha,Chilli,2018,46.47,308.17,Dry,Supported envelope
Kilinochchi,Maha,Chilli,2018,49.16,351.09,Dry,Supported envelope
Kilinochchi,Maha,Coconut,2018,168.19,5531.54,Dry,Unverified
Kilinochchi,Maha,Cowpea,2018,50.24,463.56,Dry,Supported envelope
Kilinochchi,Maha,Cowpea,2018,29.14,200.94,Dry,Supported envelope
Kilinochchi,Maha,Cucumber,2018,67.16,1074.14,Dry,Unverified
Kilinochchi,Maha,Groundnut,2018,36.06,360.35,Dry,Supported envelope
Kilinochchi,Maha,Groundnut,2018,74.41,692.25,Dry,Supported envelope
Kilinochchi,Maha,Groundnut,2018,59.83,557.08,Dry,Supported envelope
Kilinochchi,Maha,Long Bean,2018,37.57,395.57,Dry,Unverified
Kilinochchi,Maha,Maize,2018,62.67,1162.11,Dry,Supported envelope
Kilinochchi,Maha,Maize,2018,51.3,869.55,Dry,Supported envelope
Kilinochchi,Maha,Okra,2018,49.43,433.52,Dry,Unverified
Kilinochchi,Maha,Papaya,2018,134.9,4037.9,Dry,Unverified
Kilinochchi,Maha,Ridge Gourd,2018,56.3,571.86,Dry,Unverified
Kilinochchi,Maha,Ridge Gourd,2018,64.21,558.24,Dry,Unverified
Kilinochchi,Maha,Sesame,2018,42.11,271.4,Dry,Unverified
Kilinochchi,Maha,Soybean,2018,51.96,511.26,Dry,Unverified
Kilinochchi,Maha,Soybean,2018,40.58,359.18,Dry,Unverified
Kilinochchi,Maha,Sweet Potato,2018,78.87,888.06,Dry,Supported envelope
Kilinochchi,Maha,Taro,2018,47.15,519.16,Dry,Unverified
Kilinochchi,Maha,Taro,2018,55.51,616.08,Dry,Unverified
Kilinochchi,Maha,Tomato,2018,71.08,806.7,Dry,Unverified
Kilinochchi,Maha,Watermelon,2018,83.05,1634.97,Dry,Unverified
Kilinochchi,Yala,Ash Plantain,2018,115.92,3466.88,Dry,Unverified
Kilinochchi,Yala,Ash Plantain,2018,171.32,4378.01,Dry,Unverified
Kilinochchi,Yala,Banana,2018,185.11,5791.78,Dry,Unverified
Kilinochchi,Yala,Banana,2018,136.95,3358.73,Dry,Unverified
Kilinochchi,Yala,Bitter Gourd,2018,71.42,652.01,Dry,Unverified
Kilinochchi,Yala,Black Gram,2018,25.23,124.34,Dry,Unverified
Kilinochchi,Yala,Black Gram,2018,28.62,238.92,Dry,Unverified
Kilinochchi,Yala,Black Gram,2018,34.14,205.87,Dry,Unverified
Kilinochchi,Yala,Carrot,2018,62.92,925.5,Dry,Supported envelope
Kilinochchi,Yala,Chilli,2018,29.78,240.74,Dry,Supported envelope
Kilinochchi,Yala,Chilli,2018,52.17,366.26,Dry,Supported envelope
Kilinochchi,Yala,Coconut,2018,132.39,3767.86,Dry,Unverified
Kilinochchi,Yala,Coconut,2018,152.02,5322.65,Dry,Unverified
Kilinochchi,Yala,Cowpea,2018,50.68,326.41,Dry,Supported envelope
Kilinochchi,Yala,Green Gram,2018,43.78,365.91,Dry,Supported envelope
Kilinochchi,Yala,Green Gram,2018,37.49,328.48,Dry,Supported envelope
Kilinochchi,Yala,Groundnut,2018,47.67,474.79,Dry,Supported envelope
Kilinochchi,Yala,Papaya,2018,102.98,3144.73,Dry,Unverified
Kilinochchi,Yala,Pumpkin,2018,61.94,875.7,Dry,Unverified
Kilinochchi,Yala,Rice,2018,97.1,2223.76,Dry,Unverified
Kilinochchi,Yala,Rice,2018,108.89,2191.43,Dry,Unverified
Kilinochchi,Yala,Tomato,2018,49.11,671.19,Dry,Unverified
Kilinochchi,Yala,Watermelon,2018,91.5,1557.61,Dry,Unverified
Kilinochchi,Yala,Watermelon,2018,129.15,2857.24,Dry,Unverified
Kilinochchi,Yala,Watermelon,2018,52.59,831.87,Dry,Unverified
Kilinochchi,Yala,Yam,2018,73.6,928.92,Dry,Unverified
Kurunegala,Maha,Banana,2018,151.54,3905.67,Intermediate/Dry,Unverified
Kurunegala,Maha,Banana,2018,267.28,10004.21,Intermediate/Dry,Unverified
Kurunegala,Maha,Big Onion,2018,88.04,858.25,Intermediate/Dry,Supported envelope
Kurunegala,Maha,Bitter Gourd,2018,90.73,881.31,Intermediate/Dry,Unverified
Kurunegala,Maha,Brinjal,2018,99.57,1189.48,Intermediate/Dry,Unverified
Kurunegala,Maha,Carrot,2018,111.68,1576.79,Intermediate/Dry,Supported envelope
Kurunegala,Maha,Carrot,2018,155.48,2083.97,Intermediate/Dry,Supported envelope
Kurunegala,Maha,Carrot,2018,132.51,1845.3,Intermediate/Dry,Supported envelope
Kurunegala,Maha,Cassava,2018,212.85,4818.7,Intermediate/Dry,Supported envelope
Kurunegala,Maha,Chilli,2018,57.38,362.68,Intermediate/Dry,Supported envelope
Kurunegala,Maha,Chilli,2018,52.46,439.49,Intermediate/Dry,Supported envelope
Kurunegala,Maha,Chilli,2018,90.61,985.31,Intermediate/Dry,Supported envelope
Kurunegala,Maha,Ginger,2018,130.38,1829.43,Intermediate/Dry,Supported envelope
Kurunegala,Maha,Ginger,2018,103.19,986.18,Intermediate/Dry,Supported envelope
Kurunegala,Maha,Mango,2018,147.65,3480.71,Intermediate/Dry,Unverified
Kurunegala,Maha,Mango,2018,162.62,4629.94,Intermediate/Dry,Unverified
Kurunegala,Maha,Okra,2018,87.97,769.21,Intermediate/Dry,Unverified
Kurunegala,Maha,Okra,2018,61.2,462.81,Intermediate/Dry,Unverified
Kurunegala,Maha,Potato,2018,186.29,3160.63,Intermediate/Dry,Supported envelope
Kurunegala,Maha,Potato,2018,143.19,3579.96,Intermediate/Dry,Supported envelope
Kurunegala,Maha,Red Onion,2018,83.62,866.26,Intermediate/Dry,Supported envelope
Kurunegala,Maha,Rice,2018,207.61,4049.49,Intermediate/Dry,Unverified
Kurunegala,Maha,Ridge Gourd,2018,88.8,719.21,Intermediate/Dry,Unverified
Kurunegala,Maha,Ridge Gourd,2018,66.57,617.17,Intermediate/Dry,Unverified
Kurunegala,Maha,Ridge Gourd,2018,83.19,1027.0,Intermediate/Dry,Unverified
Kurunegala,Maha,Sesame,2018,46.9,272.76,Intermediate/Dry,Unverified
Kurunegala,Maha,Soybean,2018,74.42,749.71,Intermediate/Dry,Unverified
Kurunegala,Maha,Sweet Potato,2018,101.94,1277.91,Intermediate/Dry,Supported envelope
Kurunegala,Maha,Taro,2018,114.01,1456.04,Intermediate/Dry,Unverified
Kurunegala,Maha,Turmeric,2018,103.45,1239.92,Intermediate/Dry,Supported envelope
Kurunegala,Maha,Watermelon,2018,151.66,3043.01,Intermediate/Dry,Unverified
Kurunegala,Yala,Banana,2018,325.25,11864.79,Intermediate/Dry,Unverified
Kurunegala,Yala,Brinjal,2018,132.09,1580.54,Intermediate/Dry,Unverified
Kurunegala,Yala,Carrot,2018,88.7,1190.85,Intermediate/Dry,Supported envelope
Kurunegala,Yala,Carrot,2018,111.24,2013.53,Intermediate/Dry,Supported envelope
Kurunegala,Yala,Carrot,2018,88.97,1145.4,Intermediate/Dry,Supported envelope
Kurunegala,Yala,Carrot,2018,126.67,2167.52,Intermediate/Dry,Supported envelope
Kurunegala,Yala,Chilli,2018,68.35,469.76,Intermediate/Dry,Supported envelope
Kurunegala,Yala,Chilli,2018,83.21,726.9,Intermediate/Dry,Supported envelope
Kurunegala,Yala,Ginger,2018,82.5,972.53,Intermediate/Dry,Supported envelope
Kurunegala,Yala,Groundnut,2018,49.49,417.08,Intermediate/Dry,Supported envelope
Kurunegala,Yala,Groundnut,2018,83.24,756.51,Intermediate/Dry,Supported envelope
Kurunegala,Yala,Maize,2018,187.32,2567.67,Intermediate/Dry,Supported envelope
Kurunegala,Yala,Okra,2018,41.37,336.14,Intermediate/Dry,Unverified
Kurunegala,Yala,Papaya,2018,98.49,2188.64,Intermediate/Dry,Unverified
Kurunegala,Yala,Pineapple,2018,152.65,3600.27,Intermediate/Dry,Supported envelope
Kurunegala,Yala,Red Onion,2018,73.92,745.84,Intermediate/Dry,Supported envelope
Kurunegala,Yala,Sesame,2018,39.53,184.27,Intermediate/Dry,Unverified
Kurunegala,Yala,Sweet Potato,2018,90.72,1298.67,Intermediate/Dry,Supported envelope
Kurunegala,Yala,Sweet Potato,2018,155.31,2032.98,Intermediate/Dry,Supported envelope
Kurunegala,Yala,Taro,2018,64.36,781.21,Intermediate/Dry,Unverified
Kurunegala,Yala,Watermelon,2018,111.82,1863.55,Intermediate/Dry,Unverified
Kurunegala,Yala,Watermelon,2018,117.37,2065.74,Intermediate/Dry,Unverified
Mannar,Maha,Banana,2018,257.19,7882.81,Dry,Unverified
Mannar,Maha,Banana,2018,297.6,9340.68,Dry,Unverified
Mannar,Maha,Black Gram,2018,78.58,514.86,Dry,Unverified
Mannar,Maha,Black Gram,2018,66.3,424.76,Dry,Unverified
Mannar,Maha,Carrot,2018,144.62,2371.67,Dry,Supported envelope
Mannar,Maha,Carrot,2018,153.43,2227.41,Dry,Supported envelope
Mannar,Maha,Carrot,2018,119.67,2060.76,Dry,Supported envelope
Mannar,Maha,Chilli,2018,75.57,486.47,Dry,Supported envelope
Mannar,Maha,Chilli,2018,70.76,573.31,Dry,Supported envelope
Mannar,Maha,Cowpea,2018,74.83,731.11,Dry,Supported envelope
Mannar,Maha,Groundnut,2018,73.66,661.16,Dry,Supported envelope
Mannar,Maha,Groundnut,2018,74.85,827.56,Dry,Supported envelope
Mannar,Maha,Groundnut,2018,105.3,1019.15,Dry,Supported envelope
Mannar,Maha,Groundnut,2018,117.0,1152.02,Dry,Supported envelope
Mannar,Maha,Mango,2018,197.8,3780.65,Dry,Unverified
Mannar,Maha,Mango,2018,227.67,4676.65,Dry,Unverified
Mannar,Maha,Okra,2018,76.08,873.75,Dry,Unverified
Mannar,Maha,Red Onion,2018,120.34,1057.89,Dry,Supported envelope
Mannar,Maha,Rice,2018,139.11,2998.8,Dry,Unverified
Mannar,Maha,Ridge Gourd,2018,90.14,1202.38,Dry,Unverified
Mannar,Maha,Ridge Gourd,2018,106.91,885.34,Dry,Unverified
Mannar,Maha,Ridge Gourd,2018,90.47,759.41,Dry,Unverified
Mannar,Maha,Sesame,2018,58.98,310.61,Dry,Unverified
Mannar,Maha,Snake Gourd,2018,120.9,1238.04,Dry,Unverified
Mannar,Maha,Soybean,2018,114.71,1150.88,Dry,Unverified
Mannar,Maha,Sweet Potato,2018,155.79,1975.52,Dry,Supported envelope
Mannar,Maha,Taro,2018,130.19,1744.62,Dry,Unverified
Mannar,Maha,Tomato,2018,118.1,1410.51,Dry,Unverified
Mannar,Maha,Tomato,2018,170.68,1918.6,Dry,Unverified
Mannar,Maha,Turmeric,2018,129.21,1266.26,Dry,Supported envelope
Mannar,Maha,Watermelon,2018,182.02,3674.37,Dry,Unverified
Mannar,Maha,Yam,2018,84.19,1027.97,Dry,Unverified
Mannar,Yala,Ash Plantain,2018,293.41,10057.31,Dry,Unverified
Mannar,Yala,Banana,2018,431.74,13652.43,Dry,Unverified
Mannar,Yala,Banana,2018,269.51,8244.76,Dry,Unverified
Mannar,Yala,Big Onion,2018,111.08,1330.74,Dry,Supported envelope
Mannar,Yala,Big Onion,2018,152.93,1338.91,Dry,Supported envelope
Mannar,Yala,Bitter Gourd,2018,116.59,1244.32,Dry,Unverified
Mannar,Yala,Black Gram,2018,54.06,354.21,Dry,Unverified
Mannar,Yala,Carrot,2018,94.91,1316.42,Dry,Supported envelope
Mannar,Yala,Carrot,2018,113.37,1916.87,Dry,Supported envelope
Mannar,Yala,Carrot,2018,153.17,2402.43,Dry,Supported envelope
Mannar,Yala,Chilli,2018,90.36,586.77,Dry,Supported envelope
Mannar,Yala,Chilli,2018,63.78,376.74,Dry,Supported envelope
Mannar,Yala,Chilli,2018,72.04,649.12,Dry,Supported envelope
Mannar,Yala,Cowpea,2018,95.7,712.2,Dry,Supported envelope
Mannar,Yala,Cucumber,2018,146.63,2343.41,Dry,Unverified
Mannar,Yala,Cucumber,2018,114.07,1649.89,Dry,Unverified
Mannar,Yala,Cucumber,2018,195.31,2636.59,Dry,Unverified
Mannar,Yala,Ginger,2018,100.8,936.38,Dry,Supported envelope
Mannar,Yala,Groundnut,2018,98.15,874.22,Dry,Supported envelope
Mannar,Yala,Groundnut,2018,111.34,1166.53,Dry,Supported envelope
Mannar,Yala,Mango,2018,144.01,2866.88,Dry,Unverified
Mannar,Yala,Mango,2018,167.41,4852.85,Dry,Unverified
Mannar,Yala,Red Onion,2018,91.86,1040.13,Dry,Supported envelope
Mannar,Yala,Red Onion,2018,113.77,1233.68,Dry,Supported envelope
Mannar,Yala,Red Onion,2018,103.48,982.18,Dry,Supported envelope
Mannar,Yala,Sesame,2018,79.39,487.1,Dry,Unverified
Mannar,Yala,Sesame,2018,78.52,456.05,Dry,Unverified
Mannar,Yala,Snake Gourd,2018,80.35,1044.79,Dry,Unverified
Mannar,Yala,Soybean,2018,64.9,552.52,Dry,Unverified
Mannar,Yala,Sweet Potato,2018,95.17,1024.25,Dry,Supported envelope
Mannar,Yala,Turmeric,2018,51.9,688.65,Dry,Supported envelope
Mannar,Yala,Watermelon,2018,136.29,2849.86,Dry,Unverified
Mannar,Yala,Watermelon,2018,138.74,3137.65,Dry,Unverified
Mannar,Yala,Watermelon,2018,165.21,3493.01,Dry,Unverified
Matale,Maha,Banana,2018,151.23,5209.67,Intermediate/Up-country,Unverified
Matale,Maha,Beans,2018,51.46,500.98,Intermediate/Up-country,Supported envelope
Matale,Maha,Beans,2018,40.52,396.14,Intermediate/Up-country,Supported envelope
Matale,Maha,Brinjal,2018,81.86,1007.24,Intermediate/Up-country,Unverified
Matale,Maha,Cassava,2018,134.71,3029.57,Intermediate/Up-country,Supported envelope
Matale,Maha,Chilli,2018,55.57,415.68,Intermediate/Up-country,Supported envelope
Matale,Maha,Coconut,2018,198.71,7084.08,Intermediate/Up-country,Unverified
Matale,Maha,Cucumber,2018,136.46,2385.18,Intermediate/Up-country,Unverified
Matale,Maha,Cucumber,2018,83.05,1393.27,Intermediate/Up-country,Unverified
Matale,Maha,Ginger,2018,66.65,871.71,Intermediate/Up-country,Supported envelope
Matale,Maha,Green Gram,2018,58.58,438.98,Intermediate/Up-country,Supported envelope
Matale,Maha,Groundnut,2018,59.34,519.75,Intermediate/Up-country,Supported envelope
Matale,Maha,Leeks,2018,45.37,513.95,Intermediate/Up-country,Supported envelope
Matale,Maha,Long Bean,2018,48.95,450.62,Intermediate/Up-country,Unverified
Matale,Maha,Long Bean,2018,54.34,532.86,Intermediate/Up-country,Unverified
Matale,Maha,Long Bean,2018,30.14,257.29,Intermediate/Up-country,Unverified
Matale,Maha,Mango,2018,129.64,3850.3,Intermediate/Up-country,Unverified
Matale,Maha,Mango,2018,158.15,3173.29,Intermediate/Up-country,Unverified
Matale,Maha,Mango,2018,225.57,5099.85,Intermediate/Up-country,Unverified
Matale,Maha,Papaya,2018,142.59,3322.67,Intermediate/Up-country,Unverified
Matale,Maha,Papaya,2018,123.06,3308.64,Intermediate/Up-country,Unverified
Matale,Maha,Papaya,2018,138.0,3169.94,Intermediate/Up-country,Unverified
Matale,Maha,Papaya,2018,93.1,2566.43,Intermediate/Up-country,Unverified
Matale,Maha,Papaya,2018,116.07,3262.22,Intermediate/Up-country,Unverified
Matale,Maha,Pumpkin,2018,61.45,946.39,Intermediate/Up-country,Unverified
Matale,Maha,Red Onion,2018,42.26,498.34,Intermediate/Up-country,Supported envelope
Matale,Maha,Rice,2018,136.34,3390.46,Intermediate/Up-country,Unverified
Matale,Maha,Snake Gourd,2018,74.07,721.16,Intermediate/Up-country,Unverified
Matale,Maha,Sweet Potato,2018,100.39,1115.23,Intermediate/Up-country,Supported envelope
Matale,Maha,Taro,2018,76.54,805.8,Intermediate/Up-country,Unverified
Matale,Maha,Tea,2018,80.9,1675.06,Intermediate/Up-country,Supported envelope
Matale,Maha,Tea,2018,97.76,2609.43,Intermediate/Up-country,Supported envelope
Matale,Maha,Turmeric,2018,54.77,544.92,Intermediate/Up-country,Supported envelope
Matale,Maha,Watermelon,2018,55.8,951.9,Intermediate/Up-country,Unverified
Matale,Maha,Watermelon,2018,101.13,1805.08,Intermediate/Up-country,Unverified
Matale,Maha,Watermelon,2018,90.89,1665.74,Intermediate/Up-country,Unverified
Matale,Yala,Ash Plantain,2018,141.84,4078.1,Intermediate/Up-country,Unverified
Matale,Yala,Ash Plantain,2018,211.83,6454.36,Intermediate/Up-country,Unverified
Matale,Yala,Banana,2018,158.06,4862.95,Intermediate/Up-country,Unverified
Matale,Yala,Banana,2018,163.25,5565.66,Intermediate/Up-country,Unverified
Matale,Yala,Big Onion,2018,80.77,950.52,Intermediate/Up-country,Supported envelope
Matale,Yala,Black Gram,2018,40.6,268.37,Intermediate/Up-country,Unverified
Matale,Yala,Black Gram,2018,37.36,273.01,Intermediate/Up-country,Unverified
Matale,Yala,Carrot,2018,58.0,878.96,Intermediate/Up-country,Supported envelope
Matale,Yala,Cassava,2018,96.07,2341.93,Intermediate/Up-country,Supported envelope
Matale,Yala,Cauliflower,2018,68.78,727.13,Intermediate/Up-country,Supported envelope
Matale,Yala,Leeks,2018,60.94,804.46,Intermediate/Up-country,Supported envelope
Matale,Yala,Papaya,2018,70.31,1781.25,Intermediate/Up-country,Unverified
Matale,Yala,Red Onion,2018,77.02,728.78,Intermediate/Up-country,Supported envelope
Matale,Yala,Ridge Gourd,2018,67.99,658.83,Intermediate/Up-country,Unverified
Matale,Yala,Sesame,2018,39.3,163.79,Intermediate/Up-country,Unverified
Matale,Yala,Soybean,2018,70.82,548.38,Intermediate/Up-country,Unverified
Matale,Yala,Taro,2018,93.82,1096.77,Intermediate/Up-country,Unverified
Matale,Yala,Tea,2018,116.38,2350.94,Intermediate/Up-country,Supported envelope
Matale,Yala,Tomato,2018,66.04,744.6,Intermediate/Up-country,Unverified
Matale,Yala,Turmeric,2018,61.49,505.93,Intermediate/Up-country,Supported envelope
Matara,Maha,Ash Plantain,2018,231.85,8013.07,Wet,Unverified
Matara,Maha,Banana,2018,195.83,7866.91,Wet,Unverified
Matara,Maha,Banana,2018,187.76,6481.97,Wet,Unverified
Matara,Maha,Bitter Gourd,2018,89.56,1097.19,Wet,Unverified
Matara,Maha,Black Gram,2018,88.19,654.06,Wet,Unverified
Matara,Maha,Brinjal,2018,79.35,1109.89,Wet,Unverified
Matara,Maha,Carrot,2018,73.08,1249.11,Wet,Supported envelope
Matara,Maha,Carrot,2018,69.24,1082.65,Wet,Supported envelope
Matara,Maha,Carrot,2018,120.63,1586.38,Wet,Supported envelope
Matara,Maha,Chilli,2018,49.05,434.05,Wet,Supported envelope
Matara,Maha,Cinnamon,2018,102.57,476.25,Wet,Supported envelope
Matara,Maha,Cinnamon,2018,72.98,366.26,Wet,Supported envelope
Matara,Maha,Coconut,2018,237.45,8619.34,Wet,Unverified
Matara,Maha,Cowpea,2018,104.25,791.94,Wet,Supported envelope
Matara,Maha,Cowpea,2018,64.95,406.3,Wet,Supported envelope
Matara,Maha,Cowpea,2018,95.99,724.46,Wet,Supported envelope
Matara,Maha,Cucumber,2018,134.41,1968.3,Wet,Unverified
Matara,Maha,Green Gram,2018,85.31,561.51,Wet,Supported envelope
Matara,Maha,Green Gram,2018,63.43,527.95,Wet,Supported envelope
Matara,Maha,Mango,2018,142.34,3219.84,Wet,Unverified
Matara,Maha,Papaya,2018,236.63,5155.56,Wet,Unverified
Matara,Maha,Pepper,2018,41.44,233.8,Wet,Supported envelope
Matara,Maha,Rice,2018,156.82,3176.87,Wet,Unverified
Matara,Maha,Ridge Gourd,2018,81.55,790.28,Wet,Unverified
Matara,Maha,Sesame,2018,67.62,405.56,Wet,Unverified
Matara,Maha,Sweet Potato,2018,88.63,1357.91,Wet,Supported envelope
Matara,Maha,Sweet Potato,2018,100.84,1430.86,Wet,Supported envelope
Matara,Maha,Taro,2018,83.36,1052.49,Wet,Unverified
Matara,Maha,Taro,2018,155.97,1987.83,Wet,Unverified
Matara,Maha,Tomato,2018,147.58,2076.06,Wet,Unverified
Matara,Yala,Ash Plantain,2018,105.28,3206.18,Wet,Unverified
Matara,Yala,Banana,2018,282.55,7181.95,Wet,Unverified
Matara,Yala,Bitter Gourd,2018,86.31,766.13,Wet,Unverified
Matara,Yala,Carrot,2018,103.99,1426.09,Wet,Supported envelope
Matara,Yala,Carrot,2018,82.21,1456.0,Wet,Supported envelope
Matara,Yala,Carrot,2018,76.2,1174.81,Wet,Supported envelope
Matara,Yala,Carrot,2018,101.5,1561.72,Wet,Supported envelope
Matara,Yala,Carrot,2018,116.02,2306.36,Wet,Supported envelope
Matara,Yala,Cinnamon,2018,116.99,490.43,Wet,Supported envelope
Matara,Yala,Cucumber,2018,163.13,2215.41,Wet,Unverified
Matara,Yala,Green Gram,2018,66.26,425.59,Wet,Supported envelope
Matara,Yala,Green Gram,2018,78.52,629.36,Wet,Supported envelope
Matara,Yala,Groundnut,2018,91.1,978.32,Wet,Supported envelope
Matara,Yala,Maize,2018,103.38,1785.34,Wet,Supported envelope
Matara,Yala,Mango,2018,154.77,4644.45,Wet,Unverified
Matara,Yala,Papaya,2018,236.17,6221.45,Wet,Unverified
Matara,Yala,Papaya,2018,187.04,4961.71,Wet,Unverified
Matara,Yala,Papaya,2018,202.07,5222.85,Wet,Unverified
Matara,Yala,Potato,2018,127.5,2733.57,Wet,Supported envelope
Matara,Yala,Potato,2018,134.28,2351.23,Wet,Supported envelope
Matara,Yala,Sesame,2018,41.53,238.57,Wet,Unverified
Matara,Yala,Sesame,2018,71.78,347.87,Wet,Unverified
Matara,Yala,Soybean,2018,111.68,1052.19,Wet,Unverified
Matara,Yala,Sweet Potato,2018,158.49,2432.01,Wet,Supported envelope
Matara,Yala,Sweet Potato,2018,101.41,1200.52,Wet,Supported envelope
Matara,Yala,Sweet Potato,2018,92.58,1398.3,Wet,Supported envelope
Matara,Yala,Sweet Potato,2018,92.61,1150.6,Wet,Supported envelope
Matara,Yala,Watermelon,2018,131.89,2976.35,Wet,Unverified
Matara,Yala,Watermelon,2018,198.28,4319.85,Wet,Unverified
Monaragala,Maha,Banana,2018,420.25,9932.89,Unknown,Unverified
Monaragala,Maha,Banana,2018,301.78,7994.72,Unknown,Unverified
Monaragala,Maha,Coconut,2018,112.33,3679.77,Unknown,Unverified
Monaragala,Maha,Coconut,2018,154.02,3919.06,Unknown,Unverified
Monaragala,Maha,Mango,2018,81.37,2202.56,Unknown,Unverified
Monaragala,Maha,Okra,2018,92.77,663.04,Unknown,Unverified
Monaragala,Maha,Ridge Gourd,2018,75.08,698.96,Unknown,Unverified
Monaragala,Maha,Soybean,2018,61.21,667.76,Unknown,Unverified
Monaragala,Maha,Soybean,2018,43.62,487.77,Unknown,Unverified
Monaragala,Maha,Taro,2018,115.41,1584.26,Unknown,Unverified
Monaragala,Maha,Tomato,2018,77.36,922.66,Unknown,Unverified
Monaragala,Maha,Watermelon,2018,210.0,4285.85,Unknown,Unverified
Monaragala,Maha,Watermelon,2018,145.86,2882.43,Unknown,Unverified
Monaragala,Maha,Watermelon,2018,117.26,2404.08,Unknown,Unverified
Monaragala,Maha,Yam,2018,111.98,1674.23,Unknown,Unverified
Monaragala,Yala,Ash Plantain,2018,97.17,2912.53,Unknown,Unverified
Monaragala,Yala,Banana,2018,251.91,6502.73,Unknown,Unverified
Monaragala,Yala,Banana,2018,210.81,7691.35,Unknown,Unverified
Monaragala,Yala,Black Gram,2018,63.0,428.49,Unknown,Unverified
Monaragala,Yala,Black Gram,2018,44.31,340.46,Unknown,Unverified
Monaragala,Yala,Brinjal,2018,82.21,1135.11,Unknown,Unverified
Monaragala,Yala,Long Bean,2018,44.47,377.87,Unknown,Unverified
Monaragala,Yala,Papaya,2018,138.26,4152.17,Unknown,Unverified
Monaragala,Yala,Ridge Gourd,2018,34.11,317.1,Unknown,Unverified
Monaragala,Yala,Watermelon,2018,185.67,3312.2,Unknown,Unverified
Monaragala,Yala,Watermelon,2018,169.81,3445.13,Unknown,Unverified
Monaragala,Yala,Watermelon,2018,194.59,4483.1,Unknown,Unverified
Mullaitivu,Maha,Banana,2018,307.41,11775.93,Dry,Unverified
Mullaitivu,Maha,Banana,2018,215.65,7550.94,Dry,Unverified
Mullaitivu,Maha,Big Onion,2018,106.73,1040.61,Dry,Supported envelope
Mullaitivu,Maha,Bitter Gourd,2018,97.74,1149.32,Dry,Unverified
Mullaitivu,Maha,Bitter Gourd,2018,131.68,1558.96,Dry,Unverified
Mullaitivu,Maha,Brinjal,2018,146.98,1806.99,Dry,Unverified
Mullaitivu,Maha,Carrot,2018,97.21,1639.71,Dry,Supported envelope
Mullaitivu,Maha,Carrot,2018,101.89,1398.43,Dry,Supported envelope
Mullaitivu,Maha,Cassava,2018,318.55,8506.67,Dry,Supported envelope
Mullaitivu,Maha,Chilli,2018,123.2,1029.34,Dry,Supported envelope
Mullaitivu,Maha,Chilli,2018,70.54,624.98,Dry,Supported envelope
Mullaitivu,Maha,Chilli,2018,72.4,536.84,Dry,Supported envelope
Mullaitivu,Maha,Chilli,2018,87.54,753.78,Dry,Supported envelope
Mullaitivu,Maha,Chilli,2018,59.11,568.36,Dry,Supported envelope
Mullaitivu,Maha,Coconut,2018,182.09,5153.93,Dry,Unverified
Mullaitivu,Maha,Coconut,2018,350.26,11264.95,Dry,Unverified
Mullaitivu,Maha,Coconut,2018,216.44,6528.54,Dry,Unverified
Mullaitivu,Maha,Green Gram,2018,80.06,780.82,Dry,Supported envelope
Mullaitivu,Maha,Groundnut,2018,102.14,1198.93,Dry,Supported envelope
Mullaitivu,Maha,Maize,2018,106.29,1601.79,Dry,Supported envelope
Mullaitivu,Maha,Maize,2018,130.22,1589.79,Dry,Supported envelope
Mullaitivu,Maha,Maize,2018,110.12,1441.41,Dry,Supported envelope
Mullaitivu,Maha,Maize,2018,172.81,2722.82,Dry,Supported envelope
Mullaitivu,Maha,Mango,2018,240.21,6473.74,Dry,Unverified
Mullaitivu,Maha,Mango,2018,241.05,5891.34,Dry,Unverified
Mullaitivu,Maha,Okra,2018,111.05,1005.87,Dry,Unverified
Mullaitivu,Maha,Okra,2018,62.88,484.25,Dry,Unverified
Mullaitivu,Maha,Pumpkin,2018,118.86,1736.7,Dry,Unverified
Mullaitivu,Maha,Ridge Gourd,2018,94.73,800.51,Dry,Unverified
Mullaitivu,Maha,Ridge Gourd,2018,62.36,668.89,Dry,Unverified
Mullaitivu,Maha,Sweet Potato,2018,126.18,1535.29,Dry,Supported envelope
Mullaitivu,Maha,Sweet Potato,2018,143.97,1917.36,Dry,Supported envelope
Mullaitivu,Maha,Sweet Potato,2018,103.06,1239.5,Dry,Supported envelope
Mullaitivu,Maha,Tomato,2018,74.02,979.41,Dry,Unverified
Mullaitivu,Maha,Turmeric,2018,54.31,463.67,Dry,Supported envelope
Mullaitivu,Maha,Turmeric,2018,90.61,790.7,Dry,Supported envelope
Mullaitivu,Maha,Watermelon,2018,117.1,2179.21,Dry,Unverified
Mullaitivu,Yala,Banana,2018,261.38,8358.48,Dry,Unverified
Mullaitivu,Yala,Big Onion,2018,72.38,702.97,Dry,Supported envelope
Mullaitivu,Yala,Black Gram,2018,42.04,295.52,Dry,Unverified
Mullaitivu,Yala,Carrot,2018,63.97,1043.44,Dry,Supported envelope
Mullaitivu,Yala,Carrot,2018,138.83,1889.34,Dry,Supported envelope
Mullaitivu,Yala,Carrot,2018,88.87,1284.38,Dry,Supported envelope
Mullaitivu,Yala,Chilli,2018,55.65,485.66,Dry,Supported envelope
Mullaitivu,Yala,Chilli,2018,37.6,294.23,Dry,Supported envelope
Mullaitivu,Yala,Ginger,2018,139.83,2025.91,Dry,Supported envelope
Mullaitivu,Yala,Okra,2018,70.3,517.65,Dry,Unverified
Mullaitivu,Yala,Papaya,2018,129.88,3557.28,Dry,Unverified
Mullaitivu,Yala,Potato,2018,139.46,2564.57,Dry,Supported envelope
Mullaitivu,Yala,Pumpkin,2018,157.86,2286.75,Dry,Unverified
Mullaitivu,Yala,Red Onion,2018,84.3,956.37,Dry,Supported envelope
Mullaitivu,Yala,Red Onion,2018,122.52,1240.73,Dry,Supported envelope
Mullaitivu,Yala,Rice,2018,138.6,2768.31,Dry,Unverified
Mullaitivu,Yala,Rice,2018,126.63,2211.06,Dry,Unverified
Mullaitivu,Yala,Ridge Gourd,2018,78.36,744.08,Dry,Unverified
Mullaitivu,Yala,Tomato,2018,125.29,1605.22,Dry,Unverified
Mullaitivu,Yala,Tomato,2018,80.36,1338.69,Dry,Unverified
Nuwara Eliya,Maha,Banana,2018,155.54,4452.01,Up-country Wet,Unverified
Nuwara Eliya,Maha,Banana,2018,122.52,3012.49,Up-country Wet,Unverified
Nuwara Eliya,Maha,Banana,2018,219.32,7319.52,Up-country Wet,Unverified
Nuwara Eliya,Maha,Beans,2018,102.04,788.21,Up-country Wet,Supported envelope
Nuwara Eliya,Maha,Beans,2018,88.42,1042.24,Up-country Wet,Supported envelope
Nuwara Eliya,Maha,Big Onion,2018,70.4,678.64,Up-country Wet,Supported envelope
Nuwara Eliya,Maha,Carrot,2018,146.56,1979.43,Up-country Wet,Supported envelope
Nuwara Eliya,Maha,Carrot,2018,157.33,2297.33,Up-country Wet,Supported envelope
Nuwara Eliya,Maha,Carrot,2018,135.11,2634.85,Up-country Wet,Supported envelope
Nuwara Eliya,Maha,Cassava,2018,171.21,3297.16,Up-country Wet,Supported envelope
Nuwara Eliya,Maha,Cauliflower,2018,72.01,919.63,Up-country Wet,Supported envelope
Nuwara Eliya,Maha,Chilli,2018,31.06,276.93,Up-country Wet,Supported envelope
Nuwara Eliya,Maha,Chilli,2018,70.84,700.95,Up-country Wet,Supported envelope
Nuwara Eliya,Maha,Coconut,2018,112.34,3567.89,Up-country Wet,Unverified
Nuwara Eliya,Maha,Cowpea,2018,26.76,168.99,Up-country Wet,Supported envelope
Nuwara Eliya,Maha,Cucumber,2018,75.37,1104.59,Up-country Wet,Unverified
Nuwara Eliya,Maha,Cucumber,2018,66.74,998.17,Up-country Wet,Unverified
Nuwara Eliya,Maha,Groundnut,2018,71.29,603.26,Up-country Wet,Supported envelope
Nuwara Eliya,Maha,Leeks,2018,183.59,2546.0,Up-country Wet,Supported envelope
Nuwara Eliya,Maha,Leeks,2018,163.38,1952.05,Up-country Wet,Supported envelope
Nuwara Eliya,Maha,Maize,2018,62.01,898.59,Up-country Wet,Supported envelope
Nuwara Eliya,Maha,Maize,2018,74.63,953.46,Up-country Wet,Supported envelope
Nuwara Eliya,Maha,Mango,2018,115.35,2487.82,Up-country Wet,Unverified
Nuwara Eliya,Maha,Okra,2018,32.64,273.51,Up-country Wet,Unverified
Nuwara Eliya,Maha,Pepper,2018,42.63,193.17,Up-country Wet,Supported envelope
Nuwara Eliya,Maha,Rice,2018,130.58,2479.9,Up-country Wet,Unverified
Nuwara Eliya,Maha,Snake Gourd,2018,42.14,450.07,Up-country Wet,Unverified
Nuwara Eliya,Maha,Snake Gourd,2018,58.44,471.15,Up-country Wet,Unverified
Nuwara Eliya,Maha,Sweet Potato,2018,41.91,576.86,Up-country Wet,Supported envelope
Nuwara Eliya,Maha,Sweet Potato,2018,72.38,898.11,Up-country Wet,Supported envelope
Nuwara Eliya,Maha,Sweet Potato,2018,65.69,938.47,Up-country Wet,Supported envelope
Nuwara Eliya,Maha,Taro,2018,55.66,687.7,Up-country Wet,Unverified
Nuwara Eliya,Maha,Taro,2018,90.43,1018.66,Up-country Wet,Unverified
Nuwara Eliya,Maha,Tomato,2018,65.66,1044.74,Up-country Wet,Unverified
Nuwara Eliya,Maha,Turmeric,2018,51.95,490.05,Up-country Wet,Supported envelope
Nuwara Eliya,Maha,Turmeric,2018,88.03,938.35,Up-country Wet,Supported envelope
Nuwara Eliya,Maha,Turmeric,2018,83.34,919.68,Up-country Wet,Supported envelope
Nuwara Eliya,Maha,Watermelon,2018,73.25,1365.76,Up-country Wet,Unverified
Nuwara Eliya,Maha,Yam,2018,99.29,1077.17,Up-country Wet,Unverified
Nuwara Eliya,Yala,Banana,2018,152.21,5314.85,Up-country Wet,Unverified
Nuwara Eliya,Yala,Beans,2018,87.57,763.31,Up-country Wet,Supported envelope
Nuwara Eliya,Yala,Bitter Gourd,2018,40.54,489.31,Up-country Wet,Unverified
Nuwara Eliya,Yala,Black Gram,2018,71.55,467.73,Up-country Wet,Unverified
Nuwara Eliya,Yala,Brinjal,2018,75.35,999.07,Up-country Wet,Unverified
Nuwara Eliya,Yala,Cabbage,2018,82.68,1228.82,Up-country Wet,Supported envelope
Nuwara Eliya,Yala,Carrot,2018,102.71,1907.31,Up-country Wet,Supported envelope
Nuwara Eliya,Yala,Carrot,2018,135.27,2233.02,Up-country Wet,Supported envelope
Nuwara Eliya,Yala,Cauliflower,2018,62.37,780.97,Up-country Wet,Supported envelope
Nuwara Eliya,Yala,Chilli,2018,38.55,266.49,Up-country Wet,Supported envelope
Nuwara Eliya,Yala,Cowpea,2018,76.97,523.94,Up-country Wet,Supported envelope
Nuwara Eliya,Yala,Cucumber,2018,92.25,1148.92,Up-country Wet,Unverified
Nuwara Eliya,Yala,Leeks,2018,98.54,929.6,Up-country Wet,Supported envelope
Nuwara Eliya,Yala,Leeks,2018,136.95,1497.18,Up-country Wet,Supported envelope
Nuwara Eliya,Yala,Leeks,2018,111.16,1431.61,Up-country Wet,Supported envelope
Nuwara Eliya,Yala,Long Bean,2018,55.14,619.67,Up-country Wet,Unverified
Nuwara Eliya,Yala,Maize,2018,88.4,1622.53,Up-country Wet,Supported envelope
Nuwara Eliya,Yala,Papaya,2018,134.77,3661.93,Up-country Wet,Unverified
Nuwara Eliya,Yala,Papaya,2018,104.19,2687.05,Up-country Wet,Unverified
Nuwara Eliya,Yala,Pumpkin,2018,126.29,2105.17,Up-country Wet,Unverified
Nuwara Eliya,Yala,Rice,2018,108.23,2348.76,Up-country Wet,Unverified
Nuwara Eliya,Yala,Sesame,2018,30.03,226.02,Up-country Wet,Unverified
Nuwara Eliya,Yala,Snake Gourd,2018,71.8,893.99,Up-country Wet,Unverified
Nuwara Eliya,Yala,Soybean,2018,60.56,623.15,Up-country Wet,Unverified
Nuwara Eliya,Yala,Turmeric,2018,65.99,633.09,Up-country Wet,Supported envelope
Nuwara Eliya,Yala,Watermelon,2018,125.64,2553.24,Up-country Wet,Unverified
Nuwara Eliya,Yala,Watermelon,2018,119.05,2652.5,Up-country Wet,Unverified
Nuwara Eliya,Yala,Yam,2018,74.51,884.3,Up-country Wet,Unverified
Polonnaruwa,Maha,Banana,2018,233.49,6679.93,Dry,Unverified
Polonnaruwa,Maha,Banana,2018,239.25,7235.82,Dry,Unverified
Polonnaruwa,Maha,Big Onion,2018,146.21,1865.71,Dry,Supported envelope
Polonnaruwa,Maha,Bitter Gourd,2018,69.89,804.68,Dry,Unverified
Polonnaruwa,Maha,Carrot,2018,84.32,1035.8,Dry,Supported envelope
Polonnaruwa,Maha,Carrot,2018,73.74,1149.26,Dry,Supported envelope
Polonnaruwa,Maha,Cassava,2018,233.75,5663.48,Dry,Supported envelope
Polonnaruwa,Maha,Cassava,2018,165.2,3713.33,Dry,Supported envelope
Polonnaruwa,Maha,Chilli,2018,50.89,397.44,Dry,Supported envelope
Polonnaruwa,Maha,Cowpea,2018,61.1,402.97,Dry,Supported envelope
Polonnaruwa,Maha,Ginger,2018,92.46,1035.9,Dry,Supported envelope
Polonnaruwa,Maha,Mango,2018,275.33,7278.02,Dry,Unverified
Polonnaruwa,Maha,Mango,2018,183.69,5076.62,Dry,Unverified
Polonnaruwa,Maha,Okra,2018,74.55,602.7,Dry,Unverified
Polonnaruwa,Maha,Pumpkin,2018,87.96,1386.56,Dry,Unverified
Polonnaruwa,Maha,Pumpkin,2018,91.81,1287.48,Dry,Unverified
Polonnaruwa,Maha,Pumpkin,2018,138.97,2068.52,Dry,Unverified
Polonnaruwa,Maha,Red Onion,2018,64.32,762.77,Dry,Supported envelope
Polonnaruwa,Maha,Rice,2018,258.87,6290.06,Dry,Unverified
Polonnaruwa,Maha,Rice,2018,223.99,4444.82,Dry,Unverified
Polonnaruwa,Maha,Rice,2018,234.13,5217.28,Dry,Unverified
Polonnaruwa,Maha,Ridge Gourd,2018,67.22,583.71,Dry,Unverified
Polonnaruwa,Maha,Ridge Gourd,2018,57.88,532.55,Dry,Unverified
Polonnaruwa,Maha,Sesame,2018,72.92,339.2,Dry,Unverified
Polonnaruwa,Maha,Snake Gourd,2018,68.19,750.91,Dry,Unverified
Polonnaruwa,Maha,Taro,2018,76.79,772.74,Dry,Unverified
Polonnaruwa,Maha,Taro,2018,123.2,2141.89,Dry,Unverified
Polonnaruwa,Maha,Turmeric,2018,71.17,627.59,Dry,Supported envelope
Polonnaruwa,Maha,Watermelon,2018,135.88,2976.79,Dry,Unverified
Polonnaruwa,Yala,Banana,2018,269.6,10378.48,Dry,Unverified
Polonnaruwa,Yala,Bitter Gourd,2018,62.85,818.68,Dry,Unverified
Polonnaruwa,Yala,Black Gram,2018,74.95,765.64,Dry,Unverified
Polonnaruwa,Yala,Carrot,2018,94.44,1615.1,Dry,Supported envelope
Polonnaruwa,Yala,Carrot,2018,76.96,864.68,Dry,Supported envelope
Polonnaruwa,Yala,Carrot,2018,123.44,1882.8,Dry,Supported envelope
Polonnaruwa,Yala,Chilli,2018,63.17,455.49,Dry,Supported envelope
Polonnaruwa,Yala,Chilli,2018,64.25,505.41,Dry,Supported envelope
Polonnaruwa,Yala,Chilli,2018,97.14,834.94,Dry,Supported envelope
Polonnaruwa,Yala,Coconut,2018,79.98,2974.39,Dry,Unverified
Polonnaruwa,Yala,Coconut,2018,250.87,5717.53,Dry,Unverified
Polonnaruwa,Yala,Ginger,2018,125.57,1830.42,Dry,Supported envelope
Polonnaruwa,Yala,Green Gram,2018,62.8,517.58,Dry,Supported envelope
Polonnaruwa,Yala,Groundnut,2018,60.54,560.96,Dry,Supported envelope
Polonnaruwa,Yala,Maize,2018,111.78,1607.88,Dry,Supported envelope
Polonnaruwa,Yala,Mango,2018,148.4,3122.82,Dry,Unverified
Polonnaruwa,Yala,Okra,2018,97.16,979.32,Dry,Unverified
Polonnaruwa,Yala,Potato,2018,72.44,1246.21,Dry,Supported envelope
Polonnaruwa,Yala,Rice,2018,209.92,6199.28,Dry,Unverified
Polonnaruwa,Yala,Ridge Gourd,2018,100.43,1142.78,Dry,Unverified
Polonnaruwa,Yala,Snake Gourd,2018,58.18,535.19,Dry,Unverified
Polonnaruwa,Yala,Soybean,2018,58.03,639.04,Dry,Unverified
Polonnaruwa,Yala,Sweet Potato,2018,102.79,1616.52,Dry,Supported envelope
Polonnaruwa,Yala,Turmeric,2018,98.26,1085.98,Dry,Supported envelope
Polonnaruwa,Yala,Watermelon,2018,160.63,3599.77,Dry,Unverified
Polonnaruwa,Yala,Watermelon,2018,99.3,1736.32,Dry,Unverified
Polonnaruwa,Yala,Watermelon,2018,185.35,3185.74,Dry,Unverified
Puttalam,Maha,Ash Plantain,2018,104.61,3346.63,Dry/Intermediate,Unverified
Puttalam,Maha,Banana,2018,196.22,6999.66,Dry/Intermediate,Unverified
Puttalam,Maha,Banana,2018,181.37,4845.39,Dry/Intermediate,Unverified
Puttalam,Maha,Banana,2018,237.62,6802.65,Dry/Intermediate,Unverified
Puttalam,Maha,Banana,2018,177.7,5138.05,Dry/Intermediate,Unverified
Puttalam,Maha,Big Onion,2018,67.96,786.19,Dry/Intermediate,Supported envelope
Puttalam,Maha,Black Gram,2018,31.44,199.69,Dry/Intermediate,Unverified
Puttalam,Maha,Brinjal,2018,72.01,891.14,Dry/Intermediate,Unverified
Puttalam,Maha,Carrot,2018,87.03,1293.34,Dry/Intermediate,Supported envelope
Puttalam,Maha,Carrot,2018,74.44,975.86,Dry/Intermediate,Supported envelope
Puttalam,Maha,Carrot,2018,80.03,1392.03,Dry/Intermediate,Supported envelope
Puttalam,Maha,Chilli,2018,83.83,604.37,Dry/Intermediate,Supported envelope
Puttalam,Maha,Cowpea,2018,63.77,478.12,Dry/Intermediate,Supported envelope
Puttalam,Maha,Ginger,2018,63.09,628.21,Dry/Intermediate,Supported envelope
Puttalam,Maha,Ginger,2018,77.22,862.67,Dry/Intermediate,Supported envelope
Puttalam,Maha,Green Gram,2018,66.24,461.75,Dry/Intermediate,Supported envelope
Puttalam,Maha,Groundnut,2018,64.85,622.88,Dry/Intermediate,Supported envelope
Puttalam,Maha,Long Bean,2018,66.18,643.96,Dry/Intermediate,Unverified
Puttalam,Maha,Long Bean,2018,68.77,703.56,Dry/Intermediate,Unverified
Puttalam,Maha,Maize,2018,97.93,1563.93,Dry/Intermediate,Supported envelope
Puttalam,Maha,Mango,2018,133.55,3048.24,Dry/Intermediate,Unverified
Puttalam,Maha,Okra,2018,98.15,848.32,Dry/Intermediate,Unverified
Puttalam,Maha,Pumpkin,2018,105.68,1270.05,Dry/Intermediate,Unverified
Puttalam,Maha,Red Onion,2018,73.01,746.65,Dry/Intermediate,Supported envelope
Puttalam,Maha,Ridge Gourd,2018,51.01,508.03,Dry/Intermediate,Unverified
Puttalam,Maha,Ridge Gourd,2018,104.1,887.55,Dry/Intermediate,Unverified
Puttalam,Maha,Snake Gourd,2018,67.99,853.22,Dry/Intermediate,Unverified
Puttalam,Maha,Snake Gourd,2018,59.65,615.32,Dry/Intermediate,Unverified
Puttalam,Maha,Soybean,2018,58.62,522.62,Dry/Intermediate,Unverified
Puttalam,Maha,Taro,2018,122.53,1554.55,Dry/Intermediate,Unverified
Puttalam,Maha,Tomato,2018,127.68,1723.6,Dry/Intermediate,Unverified
Puttalam,Maha,Turmeric,2018,42.34,554.94,Dry/Intermediate,Supported envelope
Puttalam,Maha,Watermelon,2018,162.67,3454.38,Dry/Intermediate,Unverified
Puttalam,Maha,Yam,2018,102.75,1334.99,Dry/Intermediate,Unverified
Puttalam,Yala,Banana,2018,275.25,7649.24,Dry/Intermediate,Unverified
Puttalam,Yala,Banana,2018,220.71,6540.86,Dry/Intermediate,Unverified
Puttalam,Yala,Bitter Gourd,2018,54.52,604.01,Dry/Intermediate,Unverified
Puttalam,Yala,Brinjal,2018,73.8,785.7,Dry/Intermediate,Unverified
Puttalam,Yala,Carrot,2018,69.24,1062.12,Dry/Intermediate,Supported envelope
Puttalam,Yala,Carrot,2018,106.42,1715.22,Dry/Intermediate,Supported envelope
Puttalam,Yala,Cassava,2018,140.17,3496.24,Dry/Intermediate,Supported envelope
Puttalam,Yala,Chilli,2018,61.37,364.98,Dry/Intermediate,Supported envelope
Puttalam,Yala,Cucumber,2018,97.31,1298.5,Dry/Intermediate,Unverified
Puttalam,Yala,Green Gram,2018,48.03,305.9,Dry/Intermediate,Supported envelope
Puttalam,Yala,Green Gram,2018,69.1,494.47,Dry/Intermediate,Supported envelope
Puttalam,Yala,Groundnut,2018,58.85,577.97,Dry/Intermediate,Supported envelope
Puttalam,Yala,Papaya,2018,100.9,2533.53,Dry/Intermediate,Unverified
Puttalam,Yala,Potato,2018,119.09,2531.13,Dry/Intermediate,Supported envelope
Puttalam,Yala,Ridge Gourd,2018,80.42,977.91,Dry/Intermediate,Unverified
Puttalam,Yala,Sesame,2018,38.38,251.43,Dry/Intermediate,Unverified
Puttalam,Yala,Soybean,2018,68.74,680.46,Dry/Intermediate,Unverified
Puttalam,Yala,Tomato,2018,63.59,760.25,Dry/Intermediate,Unverified
Puttalam,Yala,Turmeric,2018,58.14,608.67,Dry/Intermediate,Supported envelope
Puttalam,Yala,Watermelon,2018,107.28,1807.36,Dry/Intermediate,Unverified
Puttalam,Yala,Watermelon,2018,94.32,1576.84,Dry/Intermediate,Unverified
Puttalam,Yala,Watermelon,2018,170.07,2653.32,Dry/Intermediate,Unverified
Puttalam,Yala,Watermelon,2018,160.82,3118.51,Dry/Intermediate,Unverified
Puttalam,Yala,Yam,2018,83.6,1264.07,Dry/Intermediate,Unverified
Ratnapura,Maha,Banana,2018,211.96,6333.98,Wet/Intermediate,Unverified
Ratnapura,Maha,Banana,2018,187.83,7428.53,Wet/Intermediate,Unverified
Ratnapura,Maha,Banana,2018,186.56,5355.71,Wet/Intermediate,Unverified
Ratnapura,Maha,Banana,2018,292.35,10110.32,Wet/Intermediate,Unverified
Ratnapura,Maha,Banana,2018,233.62,6558.4,Wet/Intermediate,Unverified
Ratnapura,Maha,Beans,2018,71.52,777.3,Wet/Intermediate,Supported envelope
Ratnapura,Maha,Bitter Gourd,2018,69.47,616.39,Wet/Intermediate,Unverified
Ratnapura,Maha,Bitter Gourd,2018,60.61,654.25,Wet/Intermediate,Unverified
Ratnapura,Maha,Cabbage,2018,81.04,1361.79,Wet/Intermediate,Supported envelope
Ratnapura,Maha,Carrot,2018,83.36,1250.72,Wet/Intermediate,Supported envelope
Ratnapura,Maha,Cassava,2018,180.31,3899.35,Wet/Intermediate,Supported envelope
Ratnapura,Maha,Chilli,2018,65.72,554.51,Wet/Intermediate,Supported envelope
Ratnapura,Maha,Cucumber,2018,182.8,2950.73,Wet/Intermediate,Unverified
Ratnapura,Maha,Ginger,2018,91.72,1266.95,Wet/Intermediate,Supported envelope
Ratnapura,Maha,Ginger,2018,78.23,912.29,Wet/Intermediate,Supported envelope
Ratnapura,Maha,Long Bean,2018,68.97,658.23,Wet/Intermediate,Unverified
Ratnapura,Maha,Mango,2018,110.82,2933.11,Wet/Intermediate,Unverified
Ratnapura,Maha,Okra,2018,58.74,507.42,Wet/Intermediate,Unverified
Ratnapura,Maha,Papaya,2018,163.66,4095.86,Wet/Intermediate,Unverified
Ratnapura,Maha,Pepper,2018,56.59,360.47,Wet/Intermediate,Supported envelope
Ratnapura,Maha,Potato,2018,113.1,2681.5,Wet/Intermediate,Supported envelope
Ratnapura,Maha,Potato,2018,140.82,2638.08,Wet/Intermediate,Supported envelope
Ratnapura,Maha,Pumpkin,2018,70.29,1172.4,Wet/Intermediate,Unverified
Ratnapura,Maha,Red Onion,2018,54.56,531.67,Wet/Intermediate,Supported envelope
Ratnapura,Maha,Red Onion,2018,73.48,745.37,Wet/Intermediate,Supported envelope
Ratnapura,Maha,Soybean,2018,72.37,694.3,Wet/Intermediate,Unverified
Ratnapura,Maha,Taro,2018,84.83,1167.73,Wet/Intermediate,Unverified
Ratnapura,Maha,Tea,2018,232.02,6462.21,Wet/Intermediate,Supported envelope
Ratnapura,Maha,Tomato,2018,59.54,829.02,Wet/Intermediate,Unverified
Ratnapura,Maha,Turmeric,2018,44.42,390.84,Wet/Intermediate,Supported envelope
Ratnapura,Maha,Watermelon,2018,131.84,2393.49,Wet/Intermediate,Unverified
Ratnapura,Maha,Watermelon,2018,92.46,1864.62,Wet/Intermediate,Unverified
Ratnapura,Maha,Watermelon,2018,113.86,1928.39,Wet/Intermediate,Unverified
Ratnapura,Maha,Watermelon,2018,84.02,1647.43,Wet/Intermediate,Unverified
Ratnapura,Yala,Banana,2018,199.06,7080.43,Wet/Intermediate,Unverified
Ratnapura,Yala,Banana,2018,209.44,6417.83,Wet/Intermediate,Unverified
Ratnapura,Yala,Beans,2018,88.97,937.45,Wet/Intermediate,Supported envelope
Ratnapura,Yala,Bitter Gourd,2018,38.16,380.24,Wet/Intermediate,Unverified
Ratnapura,Yala,Black Gram,2018,39.82,206.54,Wet/Intermediate,Unverified
Ratnapura,Yala,Black Gram,2018,49.13,306.56,Wet/Intermediate,Unverified
Ratnapura,Yala,Cabbage,2018,106.25,1563.04,Wet/Intermediate,Supported envelope
Ratnapura,Yala,Cabbage,2018,56.12,892.33,Wet/Intermediate,Supported envelope
Ratnapura,Yala,Carrot,2018,80.9,1052.86,Wet/Intermediate,Supported envelope
Ratnapura,Yala,Cassava,2018,109.05,2532.74,Wet/Intermediate,Supported envelope
Ratnapura,Yala,Chilli,2018,53.28,424.65,Wet/Intermediate,Supported envelope
Ratnapura,Yala,Chilli,2018,96.07,784.81,Wet/Intermediate,Supported envelope
Ratnapura,Yala,Coconut,2018,142.48,4928.08,Wet/Intermediate,Unverified
Ratnapura,Yala,Cowpea,2018,62.8,520.81,Wet/Intermediate,Supported envelope
Ratnapura,Yala,Ginger,2018,78.11,885.67,Wet/Intermediate,Supported envelope
Ratnapura,Yala,Long Bean,2018,73.92,918.94,Wet/Intermediate,Unverified
Ratnapura,Yala,Long Bean,2018,78.16,757.93,Wet/Intermediate,Unverified
Ratnapura,Yala,Long Bean,2018,91.23,768.23,Wet/Intermediate,Unverified
Ratnapura,Yala,Maize,2018,58.35,885.97,Wet/Intermediate,Supported envelope
Ratnapura,Yala,Mango,2018,95.75,2554.57,Wet/Intermediate,Unverified
Ratnapura,Yala,Pepper,2018,24.81,128.0,Wet/Intermediate,Supported envelope
Ratnapura,Yala,Pumpkin,2018,114.53,1713.85,Wet/Intermediate,Unverified
Ratnapura,Yala,Ridge Gourd,2018,53.76,449.79,Wet/Intermediate,Unverified
Ratnapura,Yala,Sweet Potato,2018,48.32,657.52,Wet/Intermediate,Supported envelope
Ratnapura,Yala,Taro,2018,70.11,892.16,Wet/Intermediate,Unverified
Ratnapura,Yala,Taro,2018,80.99,1073.78,Wet/Intermediate,Unverified
Ratnapura,Yala,Tea,2018,278.01,6447.79,Wet/Intermediate,Supported envelope
Ratnapura,Yala,Tea,2018,241.39,5912.54,Wet/Intermediate,Supported envelope
Ratnapura,Yala,Tea,2018,188.88,4834.69,Wet/Intermediate,Supported envelope
Ratnapura,Yala,Tomato,2018,90.97,1467.13,Wet/Intermediate,Unverified
Ratnapura,Yala,Watermelon,2018,124.93,2728.5,Wet/Intermediate,Unverified
Ratnapura,Yala,Watermelon,2018,101.18,2568.2,Wet/Intermediate,Unverified
Ratnapura,Yala,Watermelon,2018,95.79,1895.47,Wet/Intermediate,Unverified
Ratnapura,Yala,Watermelon,2018,75.75,1406.96,Wet/Intermediate,Unverified
Trincomalee,Maha,Ash Plantain,2018,164.6,5111.98,Dry,Unverified
Trincomalee,Maha,Banana,2018,222.75,5903.45,Dry,Unverified
Trincomalee,Maha,Banana,2018,145.44,4515.73,Dry,Unverified
Trincomalee,Maha,Banana,2018,162.5,4545.94,Dry,Unverified
Trincomalee,Maha,Big Onion,2018,61.87,779.03,Dry,Supported envelope
Trincomalee,Maha,Bitter Gourd,2018,56.32,580.91,Dry,Unverified
Trincomalee,Maha,Bitter Gourd,2018,98.05,990.83,Dry,Unverified
Trincomalee,Maha,Black Gram,2018,37.34,251.49,Dry,Unverified
Trincomalee,Maha,Carrot,2018,122.82,2026.59,Dry,Supported envelope
Trincomalee,Maha,Carrot,2018,63.12,1055.47,Dry,Supported envelope
Trincomalee,Maha,Cassava,2018,83.53,2089.26,Dry,Supported envelope
Trincomalee,Maha,Cassava,2018,138.06,3347.48,Dry,Supported envelope
Trincomalee,Maha,Chilli,2018,46.68,295.71,Dry,Supported envelope
Trincomalee,Maha,Coconut,2018,193.31,5355.52,Dry,Unverified
Trincomalee,Maha,Coconut,2018,128.92,3949.39,Dry,Unverified
Trincomalee,Maha,Cucumber,2018,70.67,1139.89,Dry,Unverified
Trincomalee,Maha,Cucumber,2018,68.64,1039.06,Dry,Unverified
Trincomalee,Maha,Green Gram,2018,59.81,408.98,Dry,Supported envelope
Trincomalee,Maha,Green Gram,2018,49.76,295.71,Dry,Supported envelope
Trincomalee,Maha,Green Gram,2018,82.3,534.33,Dry,Supported envelope
Trincomalee,Maha,Groundnut,2018,123.55,1147.4,Dry,Supported envelope
Trincomalee,Maha,Groundnut,2018,78.2,863.74,Dry,Supported envelope
Trincomalee,Maha,Long Bean,2018,59.87,553.66,Dry,Unverified
Trincomalee,Maha,Okra,2018,86.76,635.04,Dry,Unverified
Trincomalee,Maha,Pumpkin,2018,165.56,2341.03,Dry,Unverified
Trincomalee,Maha,Ridge Gourd,2018,49.84,388.38,Dry,Unverified
Trincomalee,Maha,Sesame,2018,43.89,230.12,Dry,Unverified
Trincomalee,Maha,Sweet Potato,2018,87.81,1401.79,Dry,Supported envelope
Trincomalee,Maha,Taro,2018,84.23,840.01,Dry,Unverified
Trincomalee,Maha,Tomato,2018,121.53,1332.92,Dry,Unverified
Trincomalee,Maha,Watermelon,2018,141.69,2921.73,Dry,Unverified
Trincomalee,Maha,Watermelon,2018,135.62,2827.87,Dry,Unverified
Trincomalee,Maha,Watermelon,2018,103.85,2310.27,Dry,Unverified
Trincomalee,Maha,Watermelon,2018,145.53,3124.36,Dry,Unverified
Trincomalee,Yala,Banana,2018,156.04,4900.31,Dry,Unverified
Trincomalee,Yala,Banana,2018,140.66,4522.87,Dry,Unverified
Trincomalee,Yala,Banana,2018,177.87,5064.72,Dry,Unverified
Trincomalee,Yala,Carrot,2018,64.72,993.77,Dry,Supported envelope
Trincomalee,Yala,Carrot,2018,93.97,1720.16,Dry,Supported envelope
Trincomalee,Yala,Carrot,2018,94.17,1898.78,Dry,Supported envelope
Trincomalee,Yala,Chilli,2018,37.25,256.94,Dry,Supported envelope
Trincomalee,Yala,Chilli,2018,65.71,439.33,Dry,Supported envelope
Trincomalee,Yala,Chilli,2018,62.48,457.25,Dry,Supported envelope
Trincomalee,Yala,Ginger,2018,83.11,851.98,Dry,Supported envelope
Trincomalee,Yala,Potato,2018,82.69,1417.3,Dry,Supported envelope
Trincomalee,Yala,Red Onion,2018,45.27,474.32,Dry,Supported envelope
Trincomalee,Yala,Ridge Gourd,2018,78.32,846.21,Dry,Unverified
Trincomalee,Yala,Watermelon,2018,95.81,1867.35,Dry,Unverified
Trincomalee,Yala,Yam,2018,63.58,850.5,Dry,Unverified
Vavuniya,Maha,Ash Plantain,2018,191.65,5246.05,Dry,Unverified
Vavuniya,Maha,Banana,2018,162.35,5239.85,Dry,Unverified
Vavuniya,Maha,Banana,2018,178.35,6067.28,Dry,Unverified
Vavuniya,Maha,Banana,2018,179.6,5407.78,Dry,Unverified
Vavuniya,Maha,Banana,2018,170.11,5182.04,Dry,Unverified
Vavuniya,Maha,Bitter Gourd,2018,46.99,489.73,Dry,Unverified
Vavuniya,Maha,Carrot,2018,130.95,1966.75,Dry,Supported envelope
Vavuniya,Maha,Carrot,2018,66.88,1242.04,Dry,Supported envelope
Vavuniya,Maha,Chilli,2018,75.97,706.41,Dry,Supported envelope
Vavuniya,Maha,Chilli,2018,79.08,636.02,Dry,Supported envelope
Vavuniya,Maha,Chilli,2018,38.4,261.53,Dry,Supported envelope
Vavuniya,Maha,Chilli,2018,45.1,327.1,Dry,Supported envelope
Vavuniya,Maha,Chilli,2018,52.99,300.24,Dry,Supported envelope
Vavuniya,Maha,Cowpea,2018,48.34,328.13,Dry,Supported envelope
Vavuniya,Maha,Cucumber,2018,83.13,1087.29,Dry,Unverified
Vavuniya,Maha,Cucumber,2018,92.91,1602.19,Dry,Unverified
Vavuniya,Maha,Cucumber,2018,81.73,1306.47,Dry,Unverified
Vavuniya,Maha,Groundnut,2018,46.35,393.22,Dry,Supported envelope
Vavuniya,Maha,Maize,2018,69.83,1438.14,Dry,Supported envelope
Vavuniya,Maha,Maize,2018,64.74,1024.73,Dry,Supported envelope
Vavuniya,Maha,Maize,2018,69.35,991.9,Dry,Supported envelope
Vavuniya,Maha,Mango,2018,107.91,2902.14,Dry,Unverified
Vavuniya,Maha,Okra,2018,64.49,469.64,Dry,Unverified
Vavuniya,Maha,Pumpkin,2018,59.1,819.86,Dry,Unverified
Vavuniya,Maha,Sesame,2018,32.61,163.06,Dry,Unverified
Vavuniya,Maha,Snake Gourd,2018,55.7,553.84,Dry,Unverified
Vavuniya,Maha,Soybean,2018,49.74,417.86,Dry,Unverified
Vavuniya,Maha,Soybean,2018,70.62,775.99,Dry,Unverified
Vavuniya,Maha,Taro,2018,85.95,950.63,Dry,Unverified
Vavuniya,Maha,Turmeric,2018,59.52,559.59,Dry,Supported envelope
Vavuniya,Maha,Turmeric,2018,61.39,653.89,Dry,Supported envelope
Vavuniya,Yala,Big Onion,2018,45.34,467.07,Dry,Supported envelope
Vavuniya,Yala,Big Onion,2018,105.49,1115.72,Dry,Supported envelope
Vavuniya,Yala,Brinjal,2018,100.24,1278.93,Dry,Unverified
Vavuniya,Yala,Carrot,2018,89.36,1445.37,Dry,Supported envelope
Vavuniya,Yala,Carrot,2018,68.31,998.86,Dry,Supported envelope
Vavuniya,Yala,Carrot,2018,107.04,1980.95,Dry,Supported envelope
Vavuniya,Yala,Carrot,2018,97.04,1675.57,Dry,Supported envelope
Vavuniya,Yala,Chilli,2018,47.25,370.0,Dry,Supported envelope
Vavuniya,Yala,Chilli,2018,35.5,285.2,Dry,Supported envelope
Vavuniya,Yala,Chilli,2018,63.56,627.36,Dry,Supported envelope
Vavuniya,Yala,Chilli,2018,44.98,389.95,Dry,Supported envelope
Vavuniya,Yala,Coconut,2018,114.19,4198.35,Dry,Unverified
Vavuniya,Yala,Coconut,2018,162.84,5760.47,Dry,Unverified
Vavuniya,Yala,Cucumber,2018,123.27,1910.26,Dry,Unverified
Vavuniya,Yala,Cucumber,2018,62.33,853.53,Dry,Unverified
Vavuniya,Yala,Groundnut,2018,45.76,350.33,Dry,Supported envelope
Vavuniya,Yala,Mango,2018,115.04,3129.07,Dry,Unverified
Vavuniya,Yala,Okra,2018,62.25,510.41,Dry,Unverified
Vavuniya,Yala,Papaya,2018,172.84,5914.04,Dry,Unverified
Vavuniya,Yala,Sesame,2018,75.16,482.81,Dry,Unverified
Vavuniya,Yala,Soybean,2018,61.13,600.03,Dry,Unverified
Vavuniya,Yala,Soybean,2018,61.69,609.23,Dry,Unverified
Vavuniya,Yala,Sweet Potato,2018,78.16,1070.18,Dry,Supported envelope
Vavuniya,Yala,Watermelon,2018,103.41,1773.05,Dry,Unverified
Vavuniya,Yala,Watermelon,2018,102.99,2358.96,Dry,Unverified
Vavuniya,Yala,Watermelon,2018,167.59,3554.2,Dry,Unverified
Ampara,Maha,Banana,2019,190.3,6634.8,Dry,Unverified
Ampara,Maha,Banana,2019,156.39,4391.01,Dry,Unverified
Ampara,Maha,Banana,2019,175.68,5014.38,Dry,Unverified
Ampara,Maha,Big Onion,2019,75.55,694.09,Dry,Supported envelope
Ampara,Maha,Big Onion,2019,88.22,1090.2,Dry,Supported envelope
Ampara,Maha,Bitter Gourd,2019,103.33,893.12,Dry,Unverified
Ampara,Maha,Bitter Gourd,2019,52.92,526.16,Dry,Unverified
Ampara,Maha,Bitter Gourd,2019,75.82,806.76,Dry,Unverified
Ampara,Maha,Carrot,2019,63.41,826.47,Dry,Supported envelope
Ampara,Maha,Chilli,2019,43.78,408.28,Dry,Supported envelope
Ampara,Maha,Chilli,2019,69.9,605.33,Dry,Supported envelope
Ampara,Maha,Groundnut,2019,38.58,498.95,Dry,Supported envelope
Ampara,Maha,Maize,2019,71.39,1229.92,Dry,Supported envelope
Ampara,Maha,Potato,2019,76.92,1569.65,Dry,Supported envelope
Ampara,Maha,Red Onion,2019,55.44,511.98,Dry,Supported envelope
Ampara,Maha,Ridge Gourd,2019,86.56,973.1,Dry,Unverified
Ampara,Maha,Sesame,2019,32.3,216.71,Dry,Unverified
Ampara,Maha,Sesame,2019,46.35,238.01,Dry,Unverified
Ampara,Maha,Snake Gourd,2019,75.18,774.46,Dry,Unverified
Ampara,Maha,Snake Gourd,2019,51.24,419.22,Dry,Unverified
Ampara,Maha,Sweet Potato,2019,76.8,966.72,Dry,Supported envelope
Ampara,Maha,Taro,2019,92.51,1036.93,Dry,Unverified
Ampara,Maha,Tomato,2019,69.85,786.17,Dry,Unverified
Ampara,Maha,Turmeric,2019,58.14,528.19,Dry,Supported envelope
Ampara,Maha,Watermelon,2019,79.8,1747.44,Dry,Unverified
Ampara,Maha,Watermelon,2019,105.44,1913.0,Dry,Unverified
Ampara,Yala,Ash Plantain,2019,99.12,2742.46,Dry,Unverified
Ampara,Yala,Banana,2019,174.62,5449.86,Dry,Unverified
Ampara,Yala,Banana,2019,128.93,4262.3,Dry,Unverified
Ampara,Yala,Banana,2019,180.48,6353.58,Dry,Unverified
Ampara,Yala,Bitter Gourd,2019,85.7,920.02,Dry,Unverified
Ampara,Yala,Brinjal,2019,65.84,774.31,Dry,Unverified
Ampara,Yala,Chilli,2019,38.94,316.01,Dry,Supported envelope
Ampara,Yala,Chilli,2019,43.84,312.93,Dry,Supported envelope
Ampara,Yala,Groundnut,2019,46.39,476.3,Dry,Supported envelope
Ampara,Yala,Maize,2019,97.89,1836.28,Dry,Supported envelope
Ampara,Yala,Okra,2019,53.71,529.94,Dry,Unverified
Ampara,Yala,Papaya,2019,135.81,3359.62,Dry,Unverified
Ampara,Yala,Potato,2019,80.75,1341.11,Dry,Supported envelope
Ampara,Yala,Potato,2019,82.0,1243.25,Dry,Supported envelope
Ampara,Yala,Snake Gourd,2019,56.07,612.42,Dry,Unverified
Ampara,Yala,Sweet Potato,2019,86.82,1308.34,Dry,Supported envelope
Ampara,Yala,Taro,2019,56.82,580.7,Dry,Unverified
Ampara,Yala,Turmeric,2019,51.57,523.97,Dry,Supported envelope
Ampara,Yala,Turmeric,2019,65.55,686.04,Dry,Supported envelope
Ampara,Yala,Watermelon,2019,115.9,2120.65,Dry,Unverified
Ampara,Yala,Watermelon,2019,127.32,2528.13,Dry,Unverified
Ampara,Yala,Watermelon,2019,125.7,3045.58,Dry,Unverified
Ampara,Yala,Yam,2019,86.9,1248.25,Dry,Unverified
Ampara,Yala,Yam,2019,87.36,1051.0,Dry,Unverified
Anuradhapura,Maha,Banana,2019,433.97,12577.56,Dry,Unverified
Anuradhapura,Maha,Bitter Gourd,2019,35.93,386.76,Dry,Unverified
Anuradhapura,Maha,Chilli,2019,78.38,564.47,Dry,Supported envelope
Anuradhapura,Maha,Chilli,2019,50.19,337.18,Dry,Supported envelope
Anuradhapura,Maha,Chilli,2019,110.61,792.34,Dry,Supported envelope
Anuradhapura,Maha,Chilli,2019,95.72,843.72,Dry,Supported envelope
Anuradhapura,Maha,Chilli,2019,105.29,729.96,Dry,Supported envelope
Anuradhapura,Maha,Chilli,2019,95.52,835.22,Dry,Supported envelope
Anuradhapura,Maha,Cowpea,2019,46.74,358.66,Dry,Supported envelope
Anuradhapura,Maha,Cucumber,2019,85.0,1387.2,Dry,Unverified
Anuradhapura,Maha,Mango,2019,134.17,3074.35,Dry,Unverified
Anuradhapura,Maha,Okra,2019,79.41,718.86,Dry,Unverified
Anuradhapura,Maha,Papaya,2019,189.01,4371.12,Dry,Unverified
Anuradhapura,Maha,Papaya,2019,158.16,4583.89,Dry,Unverified
Anuradhapura,Maha,Potato,2019,83.19,1181.25,Dry,Supported envelope
Anuradhapura,Maha,Rice,2019,163.7,3658.52,Dry,Unverified
Anuradhapura,Maha,Ridge Gourd,2019,66.7,816.07,Dry,Unverified
Anuradhapura,Maha,Snake Gourd,2019,61.13,581.61,Dry,Unverified
Anuradhapura,Maha,Snake Gourd,2019,54.2,590.54,Dry,Unverified
Anuradhapura,Maha,Soybean,2019,58.84,598.25,Dry,Unverified
Anuradhapura,Maha,Taro,2019,82.51,1114.56,Dry,Unverified
Anuradhapura,Maha,Tomato,2019,67.64,840.61,Dry,Unverified
Anuradhapura,Maha,Tomato,2019,81.7,881.16,Dry,Unverified
Anuradhapura,Yala,Ash Plantain,2019,163.22,6058.46,Dry,Unverified
Anuradhapura,Yala,Big Onion,2019,81.37,756.32,Dry,Supported envelope
Anuradhapura,Yala,Chilli,2019,80.09,603.71,Dry,Supported envelope
Anuradhapura,Yala,Coconut,2019,123.06,3648.95,Dry,Unverified
Anuradhapura,Yala,Ginger,2019,81.94,971.85,Dry,Supported envelope
Anuradhapura,Yala,Groundnut,2019,49.35,383.79,Dry,Supported envelope
Anuradhapura,Yala,Groundnut,2019,40.63,334.29,Dry,Supported envelope
Anuradhapura,Yala,Long Bean,2019,89.22,821.7,Dry,Unverified
Anuradhapura,Yala,Maize,2019,81.2,1262.21,Dry,Supported envelope
Anuradhapura,Yala,Okra,2019,66.46,480.28,Dry,Unverified
Anuradhapura,Yala,Papaya,2019,142.95,4089.49,Dry,Unverified
Anuradhapura,Yala,Red Onion,2019,63.12,548.84,Dry,Supported envelope
Anuradhapura,Yala,Snake Gourd,2019,51.42,529.58,Dry,Unverified
Anuradhapura,Yala,Snake Gourd,2019,80.28,686.83,Dry,Unverified
Anuradhapura,Yala,Soybean,2019,50.41,675.35,Dry,Unverified
Anuradhapura,Yala,Sweet Potato,2019,123.22,1653.18,Dry,Supported envelope
Badulla,Maha,Banana,2019,248.52,7418.21,Up-country Intermediate,Unverified
Badulla,Maha,Banana,2019,101.45,2662.87,Up-country Intermediate,Unverified
Badulla,Maha,Beans,2019,97.51,949.57,Up-country Intermediate,Supported envelope
Badulla,Maha,Beans,2019,60.07,566.86,Up-country Intermediate,Supported envelope
Badulla,Maha,Beans,2019,66.01,724.35,Up-country Intermediate,Supported envelope
Badulla,Maha,Bitter Gourd,2019,40.29,386.95,Up-country Intermediate,Unverified
Badulla,Maha,Bitter Gourd,2019,73.03,754.93,Up-country Intermediate,Unverified
Badulla,Maha,Brinjal,2019,65.88,712.39,Up-country Intermediate,Unverified
Badulla,Maha,Cabbage,2019,79.61,1063.07,Up-country Intermediate,Supported envelope
Badulla,Maha,Carrot,2019,122.36,2030.61,Up-country Intermediate,Supported envelope
Badulla,Maha,Coconut,2019,145.88,5434.54,Up-country Intermediate,Unverified
Badulla,Maha,Cowpea,2019,49.26,331.54,Up-country Intermediate,Supported envelope
Badulla,Maha,Cucumber,2019,91.39,1342.03,Up-country Intermediate,Unverified
Badulla,Maha,Green Gram,2019,32.12,204.89,Up-country Intermediate,Supported envelope
Badulla,Maha,Leeks,2019,73.25,743.32,Up-country Intermediate,Supported envelope
Badulla,Maha,Maize,2019,68.8,930.59,Up-country Intermediate,Supported envelope
Badulla,Maha,Okra,2019,53.99,449.62,Up-country Intermediate,Unverified
Badulla,Maha,Okra,2019,75.7,628.47,Up-country Intermediate,Unverified
Badulla,Maha,Potato,2019,71.7,1288.39,Up-country Intermediate,Supported envelope
Badulla,Maha,Potato,2019,104.07,1856.68,Up-country Intermediate,Supported envelope
Badulla,Maha,Red Onion,2019,37.74,318.86,Up-country Intermediate,Supported envelope
Badulla,Maha,Rice,2019,113.52,2106.9,Up-country Intermediate,Unverified
Badulla,Maha,Rice,2019,103.49,2059.19,Up-country Intermediate,Unverified
Badulla,Maha,Turmeric,2019,60.78,728.6,Up-country Intermediate,Supported envelope
Badulla,Maha,Yam,2019,80.47,1159.83,Up-country Intermediate,Unverified
Badulla,Yala,Banana,2019,175.91,5619.1,Up-country Intermediate,Unverified
Badulla,Yala,Big Onion,2019,41.67,523.11,Up-country Intermediate,Supported envelope
Badulla,Yala,Bitter Gourd,2019,77.79,756.41,Up-country Intermediate,Unverified
Badulla,Yala,Bitter Gourd,2019,51.3,445.7,Up-country Intermediate,Unverified
Badulla,Yala,Carrot,2019,153.61,2392.4,Up-country Intermediate,Supported envelope
Badulla,Yala,Carrot,2019,101.21,1410.0,Up-country Intermediate,Supported envelope
Badulla,Yala,Cauliflower,2019,74.66,1013.86,Up-country Intermediate,Supported envelope
Badulla,Yala,Cauliflower,2019,75.86,884.92,Up-country Intermediate,Supported envelope
Badulla,Yala,Cauliflower,2019,58.18,742.12,Up-country Intermediate,Supported envelope
Badulla,Yala,Chilli,2019,44.0,334.19,Up-country Intermediate,Supported envelope
Badulla,Yala,Coconut,2019,122.48,4277.86,Up-country Intermediate,Unverified
Badulla,Yala,Cowpea,2019,36.98,284.1,Up-country Intermediate,Supported envelope
Badulla,Yala,Ginger,2019,59.84,703.42,Up-country Intermediate,Supported envelope
Badulla,Yala,Leeks,2019,63.99,844.64,Up-country Intermediate,Supported envelope
Badulla,Yala,Leeks,2019,77.6,805.15,Up-country Intermediate,Supported envelope
Badulla,Yala,Leeks,2019,101.36,927.44,Up-country Intermediate,Supported envelope
Badulla,Yala,Leeks,2019,92.0,1399.58,Up-country Intermediate,Supported envelope
Badulla,Yala,Long Bean,2019,44.84,418.96,Up-country Intermediate,Unverified
Badulla,Yala,Maize,2019,78.27,1451.23,Up-country Intermediate,Supported envelope
Badulla,Yala,Mango,2019,138.89,3540.02,Up-country Intermediate,Unverified
Badulla,Yala,Mango,2019,121.55,2920.18,Up-country Intermediate,Unverified
Badulla,Yala,Pepper,2019,32.48,199.69,Up-country Intermediate,Supported envelope
Badulla,Yala,Ridge Gourd,2019,59.9,636.04,Up-country Intermediate,Unverified
Badulla,Yala,Ridge Gourd,2019,38.95,468.17,Up-country Intermediate,Unverified
Badulla,Yala,Snake Gourd,2019,54.92,553.86,Up-country Intermediate,Unverified
Badulla,Yala,Sweet Potato,2019,69.12,919.36,Up-country Intermediate,Supported envelope
Badulla,Yala,Sweet Potato,2019,58.64,772.59,Up-country Intermediate,Supported envelope
Badulla,Yala,Tea,2019,166.49,3944.44,Up-country Intermediate,Supported envelope
Badulla,Yala,Tomato,2019,67.04,899.69,Up-country Intermediate,Unverified
Badulla,Yala,Turmeric,2019,62.85,763.13,Up-country Intermediate,Supported envelope
Badulla,Yala,Watermelon,2019,68.1,1417.89,Up-country Intermediate,Unverified
Badulla,Yala,Watermelon,2019,74.15,1524.16,Up-country Intermediate,Unverified
Batticaloa,Maha,Ash Plantain,2019,157.39,5627.91,Dry,Unverified
Batticaloa,Maha,Banana,2019,202.02,6036.47,Dry,Unverified
Batticaloa,Maha,Banana,2019,144.8,4824.98,Dry,Unverified
Batticaloa,Maha,Big Onion,2019,68.49,816.0,Dry,Supported envelope
Batticaloa,Maha,Big Onion,2019,83.18,725.63,Dry,Supported envelope
Batticaloa,Maha,Black Gram,2019,33.89,231.99,Dry,Unverified
Batticaloa,Maha,Brinjal,2019,62.82,783.68,Dry,Unverified
Batticaloa,Maha,Carrot,2019,84.41,1388.54,Dry,Supported envelope
Batticaloa,Maha,Carrot,2019,126.63,1992.64,Dry,Supported envelope
Batticaloa,Maha,Carrot,2019,95.3,1365.52,Dry,Supported envelope
Batticaloa,Maha,Cassava,2019,138.2,2719.21,Dry,Supported envelope
Batticaloa,Maha,Chilli,2019,48.81,315.49,Dry,Supported envelope
Batticaloa,Maha,Chilli,2019,44.87,320.29,Dry,Supported envelope
Batticaloa,Maha,Coconut,2019,73.29,2213.27,Dry,Unverified
Batticaloa,Maha,Coconut,2019,120.16,3247.44,Dry,Unverified
Batticaloa,Maha,Cowpea,2019,74.97,673.89,Dry,Supported envelope
Batticaloa,Maha,Ginger,2019,77.11,890.12,Dry,Supported envelope
Batticaloa,Maha,Maize,2019,44.14,680.29,Dry,Supported envelope
Batticaloa,Maha,Maize,2019,94.89,1511.01,Dry,Supported envelope
Batticaloa,Maha,Mango,2019,130.01,2676.44,Dry,Unverified
Batticaloa,Maha,Okra,2019,40.76,357.49,Dry,Unverified
Batticaloa,Maha,Pumpkin,2019,89.78,1012.07,Dry,Unverified
Batticaloa,Maha,Pumpkin,2019,145.54,2364.05,Dry,Unverified
Batticaloa,Maha,Red Onion,2019,30.92,266.08,Dry,Supported envelope
Batticaloa,Maha,Rice,2019,91.8,1828.68,Dry,Unverified
Batticaloa,Maha,Rice,2019,125.57,2777.64,Dry,Unverified
Batticaloa,Maha,Sesame,2019,42.23,266.05,Dry,Unverified
Batticaloa,Maha,Soybean,2019,61.14,524.64,Dry,Unverified
Batticaloa,Maha,Soybean,2019,37.28,379.35,Dry,Unverified
Batticaloa,Maha,Watermelon,2019,117.3,2085.44,Dry,Unverified
Batticaloa,Maha,Watermelon,2019,80.59,1769.14,Dry,Unverified
Batticaloa,Maha,Watermelon,2019,89.79,1646.25,Dry,Unverified
Batticaloa,Yala,Banana,2019,185.28,5487.86,Dry,Unverified
Batticaloa,Yala,Big Onion,2019,73.5,800.87,Dry,Supported envelope
Batticaloa,Yala,Black Gram,2019,55.78,321.78,Dry,Unverified
Batticaloa,Yala,Brinjal,2019,51.8,642.47,Dry,Unverified
Batticaloa,Yala,Carrot,2019,110.79,1347.08,Dry,Supported envelope
Batticaloa,Yala,Carrot,2019,89.14,1129.65,Dry,Supported envelope
Batticaloa,Yala,Cassava,2019,204.56,3869.07,Dry,Supported envelope
Batticaloa,Yala,Chilli,2019,44.85,435.29,Dry,Supported envelope
Batticaloa,Yala,Chilli,2019,47.07,358.58,Dry,Supported envelope
Batticaloa,Yala,Green Gram,2019,58.84,432.61,Dry,Supported envelope
Batticaloa,Yala,Green Gram,2019,31.44,234.26,Dry,Supported envelope
Batticaloa,Yala,Groundnut,2019,50.81,682.8,Dry,Supported envelope
Batticaloa,Yala,Groundnut,2019,51.09,631.78,Dry,Supported envelope
Batticaloa,Yala,Papaya,2019,144.52,3697.51,Dry,Unverified
Batticaloa,Yala,Red Onion,2019,49.96,502.46,Dry,Supported envelope
Batticaloa,Yala,Rice,2019,85.29,2070.58,Dry,Unverified
Batticaloa,Yala,Ridge Gourd,2019,91.42,1116.14,Dry,Unverified
Batticaloa,Yala,Watermelon,2019,94.7,1854.95,Dry,Unverified
Batticaloa,Yala,Watermelon,2019,93.23,2140.88,Dry,Unverified
Batticaloa,Yala,Watermelon,2019,107.19,1836.37,Dry,Unverified
Batticaloa,Yala,Watermelon,2019,128.46,2310.01,Dry,Unverified
Batticaloa,Yala,Watermelon,2019,94.35,1940.5,Dry,Unverified
Colombo,Maha,Banana,2019,199.24,5687.62,Wet,Unverified
Colombo,Maha,Banana,2019,216.56,5744.28,Wet,Unverified
Colombo,Maha,Carrot,2019,121.9,1998.71,Wet,Supported envelope
Colombo,Maha,Cassava,2019,143.14,3545.82,Wet,Supported envelope
Colombo,Maha,Cassava,2019,222.91,6125.96,Wet,Supported envelope
Colombo,Maha,Cucumber,2019,91.61,1366.88,Wet,Unverified
Colombo,Maha,Ginger,2019,81.92,1243.86,Wet,Supported envelope
Colombo,Maha,Ginger,2019,83.78,1076.35,Wet,Supported envelope
Colombo,Maha,Long Bean,2019,96.32,1007.76,Wet,Unverified
Colombo,Maha,Okra,2019,51.51,463.7,Wet,Unverified
Colombo,Maha,Papaya,2019,122.54,3167.65,Wet,Unverified
Colombo,Maha,Papaya,2019,296.73,9005.31,Wet,Unverified
Colombo,Maha,Pumpkin,2019,137.8,2124.84,Wet,Unverified
Colombo,Maha,Pumpkin,2019,120.95,1992.58,Wet,Unverified
Colombo,Maha,Red Onion,2019,70.09,573.5,Wet,Supported envelope
Colombo,Maha,Rice,2019,111.94,2294.21,Wet,Unverified
Colombo,Maha,Sesame,2019,45.02,266.41,Wet,Unverified
Colombo,Maha,Sesame,2019,54.03,298.09,Wet,Unverified
Colombo,Maha,Soybean,2019,50.96,486.51,Wet,Unverified
Colombo,Maha,Sweet Potato,2019,83.38,1283.17,Wet,Supported envelope
Colombo,Maha,Watermelon,2019,88.29,1532.15,Wet,Unverified
Colombo,Maha,Watermelon,2019,138.69,2247.19,Wet,Unverified
Colombo,Maha,Yam,2019,80.23,1031.55,Wet,Unverified
Colombo,Maha,Yam,2019,73.14,956.59,Wet,Unverified
Colombo,Yala,Black Gram,2019,43.23,253.13,Wet,Unverified
Colombo,Yala,Black Gram,2019,58.88,405.35,Wet,Unverified
Colombo,Yala,Brinjal,2019,63.34,742.82,Wet,Unverified
Colombo,Yala,Carrot,2019,73.28,1211.97,Wet,Supported envelope
Colombo,Yala,Carrot,2019,86.47,1296.42,Wet,Supported envelope
Colombo,Yala,Chilli,2019,52.69,485.0,Wet,Supported envelope
Colombo,Yala,Chilli,2019,46.79,311.15,Wet,Supported envelope
Colombo,Yala,Ginger,2019,62.94,823.24,Wet,Supported envelope
Colombo,Yala,Ginger,2019,50.37,684.11,Wet,Supported envelope
Colombo,Yala,Mango,2019,165.7,3580.47,Wet,Unverified
Colombo,Yala,Okra,2019,89.55,728.87,Wet,Unverified
Colombo,Yala,Soybean,2019,86.67,857.56,Wet,Unverified
Colombo,Yala,Soybean,2019,63.5,609.41,Wet,Unverified
Colombo,Yala,Sweet Potato,2019,116.53,1520.21,Wet,Supported envelope
Colombo,Yala,Taro,2019,76.03,1044.17,Wet,Unverified
Colombo,Yala,Tomato,2019,79.95,1097.64,Wet,Unverified
Colombo,Yala,Turmeric,2019,54.89,555.57,Wet,Supported envelope
Colombo,Yala,Turmeric,2019,68.4,724.83,Wet,Supported envelope
Colombo,Yala,Watermelon,2019,110.99,2212.06,Wet,Unverified
Colombo,Yala,Watermelon,2019,101.1,1960.16,Wet,Unverified
Colombo,Yala,Yam,2019,77.72,976.4,Wet,Unverified
Galle,Maha,Ash Plantain,2019,163.99,4280.8,Wet,Unverified
Galle,Maha,Banana,2019,184.38,6021.6,Wet,Unverified
Galle,Maha,Banana,2019,172.61,5835.5,Wet,Unverified
Galle,Maha,Banana,2019,253.16,7910.81,Wet,Unverified
Galle,Maha,Black Gram,2019,59.67,364.27,Wet,Unverified
Galle,Maha,Brinjal,2019,66.67,843.23,Wet,Unverified
Galle,Maha,Brinjal,2019,63.4,637.16,Wet,Unverified
Galle,Maha,Brinjal,2019,60.82,802.05,Wet,Unverified
Galle,Maha,Brinjal,2019,59.12,511.51,Wet,Unverified
Galle,Maha,Carrot,2019,53.4,899.8,Wet,Supported envelope
Galle,Maha,Chilli,2019,43.56,371.15,Wet,Supported envelope
Galle,Maha,Chilli,2019,45.29,441.63,Wet,Supported envelope
Galle,Maha,Chilli,2019,43.43,382.67,Wet,Supported envelope
Galle,Maha,Chilli,2019,29.3,182.46,Wet,Supported envelope
Galle,Maha,Chilli,2019,39.85,235.59,Wet,Supported envelope
Galle,Maha,Cinnamon,2019,72.35,288.23,Wet,Supported envelope
Galle,Maha,Coconut,2019,143.81,4017.08,Wet,Unverified
Galle,Maha,Long Bean,2019,50.54,484.15,Wet,Unverified
Galle,Maha,Mango,2019,111.95,2831.76,Wet,Unverified
Galle,Maha,Pepper,2019,41.61,227.82,Wet,Supported envelope
Galle,Maha,Pepper,2019,28.08,160.49,Wet,Supported envelope
Galle,Maha,Potato,2019,87.06,1262.45,Wet,Supported envelope
Galle,Maha,Potato,2019,107.97,1998.26,Wet,Supported envelope
Galle,Maha,Rice,2019,99.67,2079.55,Wet,Unverified
Galle,Maha,Sesame,2019,40.0,259.59,Wet,Unverified
Galle,Maha,Snake Gourd,2019,95.09,988.35,Wet,Unverified
Galle,Maha,Soybean,2019,31.73,242.36,Wet,Unverified
Galle,Maha,Sweet Potato,2019,50.55,758.82,Wet,Supported envelope
Galle,Maha,Tea,2019,110.31,2556.82,Wet,Supported envelope
Galle,Maha,Tomato,2019,75.53,762.82,Wet,Unverified
Galle,Maha,Turmeric,2019,59.12,647.21,Wet,Supported envelope
Galle,Maha,Watermelon,2019,87.8,1359.8,Wet,Unverified
Galle,Yala,Ash Plantain,2019,176.73,5976.39,Wet,Unverified
Galle,Yala,Banana,2019,118.97,3849.1,Wet,Unverified
Galle,Yala,Banana,2019,108.88,3543.29,Wet,Unverified
Galle,Yala,Black Gram,2019,40.04,235.55,Wet,Unverified
Galle,Yala,Brinjal,2019,71.79,785.92,Wet,Unverified
Galle,Yala,Carrot,2019,67.09,1006.22,Wet,Supported envelope
Galle,Yala,Carrot,2019,69.3,1130.57,Wet,Supported envelope
Galle,Yala,Carrot,2019,90.83,1424.09,Wet,Supported envelope
Galle,Yala,Chilli,2019,32.86,234.46,Wet,Supported envelope
Galle,Yala,Long Bean,2019,55.14,460.73,Wet,Unverified
Galle,Yala,Okra,2019,36.75,268.63,Wet,Unverified
Galle,Yala,Papaya,2019,134.13,3801.67,Wet,Unverified
Galle,Yala,Pepper,2019,45.97,241.37,Wet,Supported envelope
Galle,Yala,Pumpkin,2019,74.19,1095.19,Wet,Unverified
Galle,Yala,Rice,2019,94.8,1988.91,Wet,Unverified
Galle,Yala,Ridge Gourd,2019,49.37,488.19,Wet,Unverified
Galle,Yala,Sesame,2019,29.6,175.63,Wet,Unverified
Galle,Yala,Snake Gourd,2019,68.13,855.61,Wet,Unverified
Galle,Yala,Taro,2019,84.0,1346.54,Wet,Unverified
Galle,Yala,Turmeric,2019,73.1,546.89,Wet,Supported envelope
Galle,Yala,Turmeric,2019,49.08,437.39,Wet,Supported envelope
Galle,Yala,Watermelon,2019,83.61,1673.31,Wet,Unverified
Galle,Yala,Watermelon,2019,123.06,2794.79,Wet,Unverified
Galle,Yala,Watermelon,2019,127.06,2028.4,Wet,Unverified
Galle,Yala,Watermelon,2019,78.49,1721.61,Wet,Unverified
Galle,Yala,Watermelon,2019,89.83,1987.24,Wet,Unverified
Gampaha,Maha,Ash Plantain,2019,301.87,9181.88,Wet,Unverified
Gampaha,Maha,Banana,2019,329.11,10160.51,Wet,Unverified
Gampaha,Maha,Banana,2019,408.77,10742.5,Wet,Unverified
Gampaha,Maha,Banana,2019,232.97,6948.26,Wet,Unverified
Gampaha,Maha,Banana,2019,325.9,12942.01,Wet,Unverified
Gampaha,Maha,Banana,2019,240.69,8026.87,Wet,Unverified
Gampaha,Maha,Banana,2019,323.65,9501.45,Wet,Unverified
Gampaha,Maha,Carrot,2019,140.07,2163.89,Wet,Supported envelope
Gampaha,Maha,Cassava,2019,124.27,2855.29,Wet,Supported envelope
Gampaha,Maha,Chilli,2019,63.95,501.0,Wet,Supported envelope
Gampaha,Maha,Chilli,2019,99.69,737.91,Wet,Supported envelope
Gampaha,Maha,Chilli,2019,102.87,842.15,Wet,Supported envelope
Gampaha,Maha,Cucumber,2019,100.13,1617.24,Wet,Unverified
Gampaha,Maha,Ginger,2019,129.9,1453.78,Wet,Supported envelope
Gampaha,Maha,Ginger,2019,92.95,1015.0,Wet,Supported envelope
Gampaha,Maha,Green Gram,2019,87.87,611.47,Wet,Supported envelope
Gampaha,Maha,Long Bean,2019,80.74,759.8,Wet,Unverified
Gampaha,Maha,Long Bean,2019,115.85,912.73,Wet,Unverified
Gampaha,Maha,Maize,2019,150.79,1906.92,Wet,Supported envelope
Gampaha,Maha,Mango,2019,229.4,6728.9,Wet,Unverified
Gampaha,Maha,Mango,2019,158.13,3717.96,Wet,Unverified
Gampaha,Maha,Mango,2019,233.32,5717.35,Wet,Unverified
Gampaha,Maha,Papaya,2019,217.94,5450.42,Wet,Unverified
Gampaha,Maha,Potato,2019,194.48,3587.6,Wet,Supported envelope
Gampaha,Maha,Ridge Gourd,2019,63.44,637.78,Wet,Unverified
Gampaha,Maha,Sesame,2019,96.89,610.55,Wet,Unverified
Gampaha,Maha,Snake Gourd,2019,83.18,902.9,Wet,Unverified
Gampaha,Maha,Tomato,2019,97.4,1452.18,Wet,Unverified
Gampaha,Maha,Watermelon,2019,151.36,2351.75,Wet,Unverified
Gampaha,Maha,Watermelon,2019,175.81,3571.28,Wet,Unverified
Gampaha,Maha,Watermelon,2019,186.57,4490.92,Wet,Unverified
Gampaha,Maha,Watermelon,2019,196.51,3247.44,Wet,Unverified
Gampaha,Yala,Brinjal,2019,62.92,717.53,Wet,Unverified
Gampaha,Yala,Brinjal,2019,99.71,1010.46,Wet,Unverified
Gampaha,Yala,Chilli,2019,71.57,611.32,Wet,Supported envelope
Gampaha,Yala,Chilli,2019,62.03,463.31,Wet,Supported envelope
Gampaha,Yala,Cowpea,2019,60.87,415.07,Wet,Supported envelope
Gampaha,Yala,Ginger,2019,159.55,1842.12,Wet,Supported envelope
Gampaha,Yala,Maize,2019,119.21,2066.61,Wet,Supported envelope
Gampaha,Yala,Papaya,2019,148.24,3493.02,Wet,Unverified
Gampaha,Yala,Pineapple,2019,123.16,2459.49,Wet,Supported envelope
Gampaha,Yala,Pineapple,2019,134.59,3325.08,Wet,Supported envelope
Gampaha,Yala,Red Onion,2019,90.59,1000.0,Wet,Supported envelope
Gampaha,Yala,Ridge Gourd,2019,112.23,1076.61,Wet,Unverified
Gampaha,Yala,Snake Gourd,2019,114.13,1100.84,Wet,Unverified
Gampaha,Yala,Watermelon,2019,143.26,2710.98,Wet,Unverified
Gampaha,Yala,Yam,2019,99.47,1232.97,Wet,Unverified
Gampaha,Yala,Yam,2019,160.09,2254.82,Wet,Unverified
Hambantota,Maha,Ash Plantain,2019,142.89,4469.75,Dry/Intermediate,Unverified
Hambantota,Maha,Banana,2019,247.13,7919.47,Dry/Intermediate,Unverified
Hambantota,Maha,Carrot,2019,106.85,1993.83,Dry/Intermediate,Supported envelope
Hambantota,Maha,Carrot,2019,117.25,1701.26,Dry/Intermediate,Supported envelope
Hambantota,Maha,Carrot,2019,120.78,1860.07,Dry/Intermediate,Supported envelope
Hambantota,Maha,Cassava,2019,183.93,3903.04,Dry/Intermediate,Supported envelope
Hambantota,Maha,Chilli,2019,93.28,646.81,Dry/Intermediate,Supported envelope
Hambantota,Maha,Chilli,2019,110.25,863.22,Dry/Intermediate,Supported envelope
Hambantota,Maha,Chilli,2019,112.42,926.69,Dry/Intermediate,Supported envelope
Hambantota,Maha,Coconut,2019,217.51,5813.54,Dry/Intermediate,Unverified
Hambantota,Maha,Coconut,2019,176.99,5381.84,Dry/Intermediate,Unverified
Hambantota,Maha,Cowpea,2019,77.43,483.04,Dry/Intermediate,Supported envelope
Hambantota,Maha,Okra,2019,68.42,617.3,Dry/Intermediate,Unverified
Hambantota,Maha,Papaya,2019,165.17,4680.19,Dry/Intermediate,Unverified
Hambantota,Maha,Rice,2019,154.1,3023.89,Dry/Intermediate,Unverified
Hambantota,Maha,Rice,2019,148.28,2729.04,Dry/Intermediate,Unverified
Hambantota,Maha,Ridge Gourd,2019,52.82,479.57,Dry/Intermediate,Unverified
Hambantota,Maha,Sesame,2019,55.69,311.81,Dry/Intermediate,Unverified
Hambantota,Maha,Taro,2019,92.97,1162.19,Dry/Intermediate,Unverified
Hambantota,Maha,Tomato,2019,82.01,888.05,Dry/Intermediate,Unverified
Hambantota,Maha,Watermelon,2019,257.93,5256.88,Dry/Intermediate,Unverified
Hambantota,Maha,Yam,2019,83.17,1126.96,Dry/Intermediate,Unverified
Hambantota,Yala,Ash Plantain,2019,179.36,4998.44,Dry/Intermediate,Unverified
Hambantota,Yala,Banana,2019,150.29,4204.27,Dry/Intermediate,Unverified
Hambantota,Yala,Carrot,2019,89.73,1497.05,Dry/Intermediate,Supported envelope
Hambantota,Yala,Carrot,2019,78.09,1297.38,Dry/Intermediate,Supported envelope
Hambantota,Yala,Carrot,2019,126.53,1837.35,Dry/Intermediate,Supported envelope
Hambantota,Yala,Carrot,2019,65.15,920.49,Dry/Intermediate,Supported envelope
Hambantota,Yala,Chilli,2019,62.07,521.65,Dry/Intermediate,Supported envelope
Hambantota,Yala,Chilli,2019,64.2,442.37,Dry/Intermediate,Supported envelope
Hambantota,Yala,Cowpea,2019,60.88,435.75,Dry/Intermediate,Supported envelope
Hambantota,Yala,Ginger,2019,74.54,854.84,Dry/Intermediate,Supported envelope
Hambantota,Yala,Green Gram,2019,52.43,389.93,Dry/Intermediate,Supported envelope
Hambantota,Yala,Papaya,2019,220.52,5972.92,Dry/Intermediate,Unverified
Hambantota,Yala,Ridge Gourd,2019,58.99,636.74,Dry/Intermediate,Unverified
Hambantota,Yala,Ridge Gourd,2019,73.09,773.53,Dry/Intermediate,Unverified
Hambantota,Yala,Ridge Gourd,2019,77.49,730.22,Dry/Intermediate,Unverified
Hambantota,Yala,Sesame,2019,38.92,226.63,Dry/Intermediate,Unverified
Hambantota,Yala,Soybean,2019,77.04,835.11,Dry/Intermediate,Unverified
Hambantota,Yala,Soybean,2019,112.37,1373.81,Dry/Intermediate,Unverified
Hambantota,Yala,Sweet Potato,2019,100.7,1217.55,Dry/Intermediate,Supported envelope
Hambantota,Yala,Taro,2019,93.97,1007.93,Dry/Intermediate,Unverified
Hambantota,Yala,Tomato,2019,90.93,1065.24,Dry/Intermediate,Unverified
Hambantota,Yala,Tomato,2019,99.13,1310.41,Dry/Intermediate,Unverified
Hambantota,Yala,Watermelon,2019,172.0,2901.4,Dry/Intermediate,Unverified
Hambantota,Yala,Watermelon,2019,249.98,5454.69,Dry/Intermediate,Unverified
Jaffna,Maha,Banana,2019,159.39,4895.56,Dry,Unverified
Jaffna,Maha,Banana,2019,259.73,8181.44,Dry,Unverified
Jaffna,Maha,Banana,2019,257.85,8088.93,Dry,Unverified
Jaffna,Maha,Banana,2019,268.61,7436.43,Dry,Unverified
Jaffna,Maha,Banana,2019,254.56,6998.82,Dry,Unverified
Jaffna,Maha,Big Onion,2019,83.5,716.09,Dry,Supported envelope
Jaffna,Maha,Black Gram,2019,36.21,215.61,Dry,Unverified
Jaffna,Maha,Brinjal,2019,75.2,993.02,Dry,Unverified
Jaffna,Maha,Carrot,2019,107.62,1718.54,Dry,Supported envelope
Jaffna,Maha,Chilli,2019,80.93,608.18,Dry,Supported envelope
Jaffna,Maha,Chilli,2019,57.42,308.6,Dry,Supported envelope
Jaffna,Maha,Cucumber,2019,186.04,2760.66,Dry,Unverified
Jaffna,Maha,Cucumber,2019,100.77,1536.08,Dry,Unverified
Jaffna,Maha,Cucumber,2019,93.76,1568.9,Dry,Unverified
Jaffna,Maha,Ginger,2019,76.86,759.15,Dry,Supported envelope
Jaffna,Maha,Ginger,2019,103.21,1400.39,Dry,Supported envelope
Jaffna,Maha,Long Bean,2019,84.59,837.13,Dry,Unverified
Jaffna,Maha,Maize,2019,149.78,2726.36,Dry,Supported envelope
Jaffna,Maha,Mango,2019,179.71,4761.6,Dry,Unverified
Jaffna,Maha,Mango,2019,156.31,3343.15,Dry,Unverified
Jaffna,Maha,Okra,2019,70.24,516.96,Dry,Unverified
Jaffna,Maha,Papaya,2019,134.88,3047.33,Dry,Unverified
Jaffna,Maha,Ridge Gourd,2019,73.08,808.2,Dry,Unverified
Jaffna,Maha,Sesame,2019,47.41,299.33,Dry,Unverified
Jaffna,Maha,Sesame,2019,84.96,467.01,Dry,Unverified
Jaffna,Maha,Sesame,2019,86.96,455.62,Dry,Unverified
Jaffna,Maha,Snake Gourd,2019,82.68,664.34,Dry,Unverified
Jaffna,Maha,Snake Gourd,2019,92.54,838.49,Dry,Unverified
Jaffna,Maha,Watermelon,2019,86.4,1418.9,Dry,Unverified
Jaffna,Yala,Banana,2019,206.11,6192.49,Dry,Unverified
Jaffna,Yala,Banana,2019,159.17,5736.82,Dry,Unverified
Jaffna,Yala,Big Onion,2019,78.51,944.47,Dry,Supported envelope
Jaffna,Yala,Brinjal,2019,124.97,1295.35,Dry,Unverified
Jaffna,Yala,Carrot,2019,125.11,2200.28,Dry,Supported envelope
Jaffna,Yala,Carrot,2019,85.61,1579.75,Dry,Supported envelope
Jaffna,Yala,Carrot,2019,66.88,1007.7,Dry,Supported envelope
Jaffna,Yala,Carrot,2019,165.35,2750.57,Dry,Supported envelope
Jaffna,Yala,Cassava,2019,150.3,4613.87,Dry,Supported envelope
Jaffna,Yala,Cassava,2019,177.6,4126.09,Dry,Supported envelope
Jaffna,Yala,Green Gram,2019,86.14,723.03,Dry,Supported envelope
Jaffna,Yala,Green Gram,2019,59.28,369.93,Dry,Supported envelope
Jaffna,Yala,Long Bean,2019,105.06,1081.04,Dry,Unverified
Jaffna,Yala,Maize,2019,130.56,2345.36,Dry,Supported envelope
Jaffna,Yala,Mango,2019,214.04,5333.54,Dry,Unverified
Jaffna,Yala,Potato,2019,118.92,2554.94,Dry,Supported envelope
Jaffna,Yala,Red Onion,2019,136.23,1330.46,Dry,Supported envelope
Jaffna,Yala,Ridge Gourd,2019,102.79,1180.15,Dry,Unverified
Jaffna,Yala,Snake Gourd,2019,89.87,932.99,Dry,Unverified
Jaffna,Yala,Soybean,2019,77.54,939.59,Dry,Unverified
Jaffna,Yala,Watermelon,2019,229.17,4331.52,Dry,Unverified
Jaffna,Yala,Watermelon,2019,112.3,2611.96,Dry,Unverified
Jaffna,Yala,Yam,2019,81.19,1005.57,Dry,Unverified
Kalutara,Maha,Banana,2019,259.72,7775.9,Wet,Unverified
Kalutara,Maha,Banana,2019,296.66,8830.64,Wet,Unverified
Kalutara,Maha,Bitter Gourd,2019,75.84,656.77,Wet,Unverified
Kalutara,Maha,Carrot,2019,102.64,1368.38,Wet,Supported envelope
Kalutara,Maha,Carrot,2019,129.58,1908.7,Wet,Supported envelope
Kalutara,Maha,Carrot,2019,105.68,1878.68,Wet,Supported envelope
Kalutara,Maha,Carrot,2019,131.0,2028.75,Wet,Supported envelope
Kalutara,Maha,Okra,2019,76.56,719.05,Wet,Unverified
Kalutara,Maha,Okra,2019,105.86,692.78,Wet,Unverified
Kalutara,Maha,Papaya,2019,152.54,3221.74,Wet,Unverified
Kalutara,Maha,Papaya,2019,162.26,4595.85,Wet,Unverified
Kalutara,Maha,Pumpkin,2019,155.73,2398.02,Wet,Unverified
Kalutara,Maha,Pumpkin,2019,234.72,4339.83,Wet,Unverified
Kalutara,Maha,Red Onion,2019,82.64,799.59,Wet,Supported envelope
Kalutara,Maha,Rice,2019,141.86,2859.99,Wet,Unverified
Kalutara,Maha,Rice,2019,194.29,4401.05,Wet,Unverified
Kalutara,Maha,Sesame,2019,51.11,284.1,Wet,Unverified
Kalutara,Maha,Snake Gourd,2019,93.06,921.17,Wet,Unverified
Kalutara,Maha,Soybean,2019,70.92,787.09,Wet,Unverified
Kalutara,Maha,Taro,2019,77.1,873.75,Wet,Unverified
Kalutara,Maha,Tea,2019,153.03,3499.62,Wet,Supported envelope
Kalutara,Maha,Tomato,2019,89.68,1336.25,Wet,Unverified
Kalutara,Maha,Turmeric,2019,101.07,843.99,Wet,Supported envelope
Kalutara,Maha,Watermelon,2019,165.93,3549.37,Wet,Unverified
Kalutara,Maha,Watermelon,2019,179.01,2903.44,Wet,Unverified
Kalutara,Maha,Watermelon,2019,222.73,4147.1,Wet,Unverified
Kalutara,Yala,Ash Plantain,2019,222.46,6708.05,Wet,Unverified
Kalutara,Yala,Ash Plantain,2019,143.57,4125.76,Wet,Unverified
Kalutara,Yala,Banana,2019,234.69,7984.2,Wet,Unverified
Kalutara,Yala,Banana,2019,283.35,8911.3,Wet,Unverified
Kalutara,Yala,Brinjal,2019,104.48,1437.88,Wet,Unverified
Kalutara,Yala,Carrot,2019,170.47,2970.53,Wet,Supported envelope
Kalutara,Yala,Carrot,2019,112.86,1716.6,Wet,Supported envelope
Kalutara,Yala,Coconut,2019,193.41,4963.88,Wet,Unverified
Kalutara,Yala,Ginger,2019,114.79,1481.97,Wet,Supported envelope
Kalutara,Yala,Long Bean,2019,74.79,687.91,Wet,Unverified
Kalutara,Yala,Mango,2019,158.22,3223.65,Wet,Unverified
Kalutara,Yala,Mango,2019,205.89,5540.42,Wet,Unverified
Kalutara,Yala,Okra,2019,82.94,878.94,Wet,Unverified
Kalutara,Yala,Pepper,2019,72.46,379.06,Wet,Supported envelope
Kalutara,Yala,Potato,2019,134.58,2203.13,Wet,Supported envelope
Kalutara,Yala,Pumpkin,2019,127.44,2156.43,Wet,Unverified
Kalutara,Yala,Red Onion,2019,76.06,801.6,Wet,Supported envelope
Kalutara,Yala,Red Onion,2019,82.5,850.0,Wet,Supported envelope
Kalutara,Yala,Snake Gourd,2019,94.09,919.11,Wet,Unverified
Kalutara,Yala,Sweet Potato,2019,150.75,2172.75,Wet,Supported envelope
Kalutara,Yala,Turmeric,2019,114.36,1220.01,Wet,Supported envelope
Kalutara,Yala,Turmeric,2019,84.74,877.76,Wet,Supported envelope
Kalutara,Yala,Watermelon,2019,132.49,1898.55,Wet,Unverified
Kalutara,Yala,Watermelon,2019,108.0,2188.44,Wet,Unverified
Kandy,Maha,Banana,2019,158.4,4754.23,Up-country Wet/Intermediate,Unverified
Kandy,Maha,Banana,2019,268.48,7859.45,Up-country Wet/Intermediate,Unverified
Kandy,Maha,Banana,2019,203.75,6064.56,Up-country Wet/Intermediate,Unverified
Kandy,Maha,Beans,2019,94.29,940.57,Up-country Wet/Intermediate,Supported envelope
Kandy,Maha,Big Onion,2019,86.6,1060.87,Up-country Wet/Intermediate,Supported envelope
Kandy,Maha,Big Onion,2019,145.45,1663.64,Up-country Wet/Intermediate,Supported envelope
Kandy,Maha,Bitter Gourd,2019,95.99,803.41,Up-country Wet/Intermediate,Unverified
Kandy,Maha,Bitter Gourd,2019,87.46,879.09,Up-country Wet/Intermediate,Unverified
Kandy,Maha,Black Gram,2019,85.43,475.89,Up-country Wet/Intermediate,Unverified
Kandy,Maha,Black Gram,2019,55.8,405.47,Up-country Wet/Intermediate,Unverified
Kandy,Maha,Black Gram,2019,74.48,497.32,Up-country Wet/Intermediate,Unverified
Kandy,Maha,Black Gram,2019,74.57,509.88,Up-country Wet/Intermediate,Unverified
Kandy,Maha,Brinjal,2019,113.89,1341.21,Up-country Wet/Intermediate,Unverified
Kandy,Maha,Brinjal,2019,82.46,902.12,Up-country Wet/Intermediate,Unverified
Kandy,Maha,Carrot,2019,160.1,2256.98,Up-country Wet/Intermediate,Supported envelope
Kandy,Maha,Carrot,2019,154.78,2231.79,Up-country Wet/Intermediate,Supported envelope
Kandy,Maha,Carrot,2019,102.37,1366.85,Up-country Wet/Intermediate,Supported envelope
Kandy,Maha,Cassava,2019,135.12,2973.19,Up-country Wet/Intermediate,Supported envelope
Kandy,Maha,Chilli,2019,87.74,658.86,Up-country Wet/Intermediate,Supported envelope
Kandy,Maha,Chilli,2019,120.33,914.26,Up-country Wet/Intermediate,Supported envelope
Kandy,Maha,Chilli,2019,75.23,475.69,Up-country Wet/Intermediate,Supported envelope
Kandy,Maha,Chilli,2019,59.67,445.7,Up-country Wet/Intermediate,Supported envelope
Kandy,Maha,Chilli,2019,83.33,624.09,Up-country Wet/Intermediate,Supported envelope
Kandy,Maha,Cucumber,2019,85.23,1468.06,Up-country Wet/Intermediate,Unverified
Kandy,Maha,Pineapple,2019,140.95,3355.77,Up-country Wet/Intermediate,Supported envelope
Kandy,Maha,Pineapple,2019,120.4,2760.4,Up-country Wet/Intermediate,Supported envelope
Kandy,Maha,Potato,2019,115.51,2245.73,Up-country Wet/Intermediate,Supported envelope
Kandy,Maha,Rice,2019,88.73,1597.07,Up-country Wet/Intermediate,Unverified
Kandy,Maha,Rice,2019,115.4,2959.19,Up-country Wet/Intermediate,Unverified
Kandy,Maha,Sesame,2019,53.95,294.08,Up-country Wet/Intermediate,Unverified
Kandy,Maha,Soybean,2019,70.07,744.68,Up-country Wet/Intermediate,Unverified
Kandy,Maha,Sweet Potato,2019,109.76,1491.0,Up-country Wet/Intermediate,Supported envelope
Kandy,Maha,Taro,2019,57.82,825.24,Up-country Wet/Intermediate,Unverified
Kandy,Maha,Taro,2019,137.0,1840.0,Up-country Wet/Intermediate,Unverified
Kandy,Maha,Taro,2019,109.94,1289.9,Up-country Wet/Intermediate,Unverified
Kandy,Maha,Tomato,2019,86.57,1281.16,Up-country Wet/Intermediate,Unverified
Kandy,Yala,Ash Plantain,2019,292.75,9661.74,Up-country Wet/Intermediate,Unverified
Kandy,Yala,Banana,2019,157.35,4028.05,Up-country Wet/Intermediate,Unverified
Kandy,Yala,Banana,2019,202.58,5139.11,Up-country Wet/Intermediate,Unverified
Kandy,Yala,Beans,2019,124.51,1232.13,Up-country Wet/Intermediate,Supported envelope
Kandy,Yala,Big Onion,2019,126.33,1649.09,Up-country Wet/Intermediate,Supported envelope
Kandy,Yala,Brinjal,2019,82.21,998.17,Up-country Wet/Intermediate,Unverified
Kandy,Yala,Cabbage,2019,103.94,1474.6,Up-country Wet/Intermediate,Supported envelope
Kandy,Yala,Carrot,2019,105.13,1672.52,Up-country Wet/Intermediate,Supported envelope
Kandy,Yala,Carrot,2019,160.09,2316.16,Up-country Wet/Intermediate,Supported envelope
Kandy,Yala,Cassava,2019,158.38,3560.68,Up-country Wet/Intermediate,Supported envelope
Kandy,Yala,Chilli,2019,65.48,433.34,Up-country Wet/Intermediate,Supported envelope
Kandy,Yala,Coconut,2019,205.97,4873.7,Up-country Wet/Intermediate,Unverified
Kandy,Yala,Coconut,2019,230.0,6857.1,Up-country Wet/Intermediate,Unverified
Kandy,Yala,Cowpea,2019,54.58,431.95,Up-country Wet/Intermediate,Supported envelope
Kandy,Yala,Cowpea,2019,50.75,353.93,Up-country Wet/Intermediate,Supported envelope
Kandy,Yala,Cucumber,2019,131.06,1998.39,Up-country Wet/Intermediate,Unverified
Kandy,Yala,Cucumber,2019,111.69,1691.97,Up-country Wet/Intermediate,Unverified
Kandy,Yala,Ginger,2019,99.78,1357.23,Up-country Wet/Intermediate,Supported envelope
Kandy,Yala,Green Gram,2019,36.41,303.24,Up-country Wet/Intermediate,Supported envelope
Kandy,Yala,Groundnut,2019,84.72,869.78,Up-country Wet/Intermediate,Supported envelope
Kandy,Yala,Groundnut,2019,73.05,731.69,Up-country Wet/Intermediate,Supported envelope
Kandy,Yala,Leeks,2019,121.67,1316.98,Up-country Wet/Intermediate,Supported envelope
Kandy,Yala,Leeks,2019,86.89,950.95,Up-country Wet/Intermediate,Supported envelope
Kandy,Yala,Leeks,2019,94.77,1279.95,Up-country Wet/Intermediate,Supported envelope
Kandy,Yala,Leeks,2019,108.68,1069.28,Up-country Wet/Intermediate,Supported envelope
Kandy,Yala,Maize,2019,114.11,1484.31,Up-country Wet/Intermediate,Supported envelope
Kandy,Yala,Maize,2019,106.07,1524.96,Up-country Wet/Intermediate,Supported envelope
Kandy,Yala,Maize,2019,98.19,1686.76,Up-country Wet/Intermediate,Supported envelope
Kandy,Yala,Papaya,2019,103.13,2850.6,Up-country Wet/Intermediate,Unverified
Kandy,Yala,Papaya,2019,219.57,5775.56,Up-country Wet/Intermediate,Unverified
Kandy,Yala,Pepper,2019,32.54,152.31,Up-country Wet/Intermediate,Supported envelope
Kandy,Yala,Pepper,2019,41.69,238.4,Up-country Wet/Intermediate,Supported envelope
Kandy,Yala,Pepper,2019,64.71,352.6,Up-country Wet/Intermediate,Supported envelope
Kandy,Yala,Pumpkin,2019,87.86,1345.05,Up-country Wet/Intermediate,Unverified
Kandy,Yala,Pumpkin,2019,99.74,1215.65,Up-country Wet/Intermediate,Unverified
Kandy,Yala,Snake Gourd,2019,56.73,543.05,Up-country Wet/Intermediate,Unverified
Kandy,Yala,Tea,2019,202.8,4763.68,Up-country Wet/Intermediate,Supported envelope
Kandy,Yala,Tomato,2019,127.13,1581.81,Up-country Wet/Intermediate,Unverified
Kandy,Yala,Yam,2019,161.65,1603.31,Up-country Wet/Intermediate,Unverified
Kandy,Yala,Yam,2019,122.2,1748.74,Up-country Wet/Intermediate,Unverified
Kegalle,Maha,Banana,2019,185.76,5976.07,Wet/Intermediate,Unverified
Kegalle,Maha,Beans,2019,76.38,553.21,Wet/Intermediate,Supported envelope
Kegalle,Maha,Bitter Gourd,2019,62.35,544.8,Wet/Intermediate,Unverified
Kegalle,Maha,Bitter Gourd,2019,57.73,554.59,Wet/Intermediate,Unverified
Kegalle,Maha,Black Gram,2019,54.64,298.77,Wet/Intermediate,Unverified
Kegalle,Maha,Cabbage,2019,62.81,929.59,Wet/Intermediate,Supported envelope
Kegalle,Maha,Cabbage,2019,122.53,1810.36,Wet/Intermediate,Supported envelope
Kegalle,Maha,Carrot,2019,67.22,1113.78,Wet/Intermediate,Supported envelope
Kegalle,Maha,Carrot,2019,88.97,1294.94,Wet/Intermediate,Supported envelope
Kegalle,Maha,Carrot,2019,122.81,1662.5,Wet/Intermediate,Supported envelope
Kegalle,Maha,Cassava,2019,111.84,2564.42,Wet/Intermediate,Supported envelope
Kegalle,Maha,Cauliflower,2019,66.14,715.05,Wet/Intermediate,Supported envelope
Kegalle,Maha,Cauliflower,2019,82.6,1132.73,Wet/Intermediate,Supported envelope
Kegalle,Maha,Maize,2019,104.83,1820.21,Wet/Intermediate,Supported envelope
Kegalle,Maha,Papaya,2019,174.32,4797.83,Wet/Intermediate,Unverified
Kegalle,Maha,Papaya,2019,131.23,3110.03,Wet/Intermediate,Unverified
Kegalle,Maha,Pineapple,2019,192.86,5577.67,Wet/Intermediate,Supported envelope
Kegalle,Maha,Red Onion,2019,43.41,522.69,Wet/Intermediate,Supported envelope
Kegalle,Maha,Rice,2019,161.55,3290.23,Wet/Intermediate,Unverified
Kegalle,Maha,Soybean,2019,69.78,566.06,Wet/Intermediate,Unverified
Kegalle,Maha,Soybean,2019,87.83,634.76,Wet/Intermediate,Unverified
Kegalle,Maha,Sweet Potato,2019,144.92,1798.94,Wet/Intermediate,Supported envelope
Kegalle,Maha,Taro,2019,133.48,1723.87,Wet/Intermediate,Unverified
Kegalle,Maha,Taro,2019,183.64,2387.27,Wet/Intermediate,Unverified
Kegalle,Maha,Tea,2019,201.09,5340.32,Wet/Intermediate,Supported envelope
Kegalle,Maha,Tea,2019,167.98,3756.27,Wet/Intermediate,Supported envelope
Kegalle,Maha,Tomato,2019,100.68,1305.22,Wet/Intermediate,Unverified
Kegalle,Maha,Tomato,2019,127.5,1614.29,Wet/Intermediate,Unverified
Kegalle,Maha,Watermelon,2019,93.85,1768.64,Wet/Intermediate,Unverified
Kegalle,Maha,Yam,2019,103.56,1541.49,Wet/Intermediate,Unverified
Kegalle,Yala,Banana,2019,213.38,6573.44,Wet/Intermediate,Unverified
Kegalle,Yala,Banana,2019,214.4,7065.67,Wet/Intermediate,Unverified
Kegalle,Yala,Banana,2019,254.31,10231.48,Wet/Intermediate,Unverified
Kegalle,Yala,Banana,2019,226.59,7371.18,Wet/Intermediate,Unverified
Kegalle,Yala,Banana,2019,180.32,5830.9,Wet/Intermediate,Unverified
Kegalle,Yala,Beans,2019,62.62,642.03,Wet/Intermediate,Supported envelope
Kegalle,Yala,Beans,2019,69.61,631.06,Wet/Intermediate,Supported envelope
Kegalle,Yala,Bitter Gourd,2019,95.22,794.71,Wet/Intermediate,Unverified
Kegalle,Yala,Cabbage,2019,112.06,1867.3,Wet/Intermediate,Supported envelope
Kegalle,Yala,Cabbage,2019,90.04,1169.04,Wet/Intermediate,Supported envelope
Kegalle,Yala,Carrot,2019,93.7,1279.72,Wet/Intermediate,Supported envelope
Kegalle,Yala,Cauliflower,2019,78.01,1144.31,Wet/Intermediate,Supported envelope
Kegalle,Yala,Chilli,2019,48.94,423.2,Wet/Intermediate,Supported envelope
Kegalle,Yala,Coconut,2019,176.17,5053.63,Wet/Intermediate,Unverified
Kegalle,Yala,Green Gram,2019,62.13,424.67,Wet/Intermediate,Supported envelope
Kegalle,Yala,Long Bean,2019,56.17,465.66,Wet/Intermediate,Unverified
Kegalle,Yala,Pineapple,2019,168.37,3562.22,Wet/Intermediate,Supported envelope
Kegalle,Yala,Pineapple,2019,183.5,4181.32,Wet/Intermediate,Supported envelope
Kegalle,Yala,Ridge Gourd,2019,61.45,625.87,Wet/Intermediate,Unverified
Kegalle,Yala,Soybean,2019,94.54,996.83,Wet/Intermediate,Unverified
Kegalle,Yala,Sweet Potato,2019,116.79,1504.93,Wet/Intermediate,Supported envelope
Kegalle,Yala,Sweet Potato,2019,68.22,917.52,Wet/Intermediate,Supported envelope
Kegalle,Yala,Sweet Potato,2019,82.24,1089.72,Wet/Intermediate,Supported envelope
Kegalle,Yala,Tea,2019,151.0,4355.13,Wet/Intermediate,Supported envelope
Kegalle,Yala,Tomato,2019,79.29,1024.88,Wet/Intermediate,Unverified
Kegalle,Yala,Turmeric,2019,70.02,705.1,Wet/Intermediate,Supported envelope
Kegalle,Yala,Watermelon,2019,90.36,1670.94,Wet/Intermediate,Unverified
Kegalle,Yala,Watermelon,2019,122.68,2246.54,Wet/Intermediate,Unverified
Kegalle,Yala,Yam,2019,63.4,896.33,Wet/Intermediate,Unverified
Kegalle,Yala,Yam,2019,76.39,798.34,Wet/Intermediate,Unverified
Kilinochchi,Maha,Banana,2019,180.47,4917.39,Dry,Unverified
Kilinochchi,Maha,Banana,2019,165.5,4627.03,Dry,Unverified
Kilinochchi,Maha,Banana,2019,171.49,5914.97,Dry,Unverified
Kilinochchi,Maha,Big Onion,2019,49.09,520.86,Dry,Supported envelope
Kilinochchi,Maha,Brinjal,2019,83.78,868.82,Dry,Unverified
Kilinochchi,Maha,Brinjal,2019,53.08,568.32,Dry,Unverified
Kilinochchi,Maha,Brinjal,2019,68.09,799.68,Dry,Unverified
Kilinochchi,Maha,Carrot,2019,96.36,1310.7,Dry,Supported envelope
Kilinochchi,Maha,Coconut,2019,116.47,4360.54,Dry,Unverified
Kilinochchi,Maha,Cucumber,2019,49.54,651.06,Dry,Unverified
Kilinochchi,Maha,Green Gram,2019,50.91,422.36,Dry,Supported envelope
Kilinochchi,Maha,Papaya,2019,141.86,4380.64,Dry,Unverified
Kilinochchi,Maha,Red Onion,2019,67.45,682.49,Dry,Supported envelope
Kilinochchi,Maha,Red Onion,2019,92.73,946.54,Dry,Supported envelope
Kilinochchi,Maha,Rice,2019,85.84,2048.19,Dry,Unverified
Kilinochchi,Maha,Ridge Gourd,2019,70.82,774.97,Dry,Unverified
Kilinochchi,Maha,Soybean,2019,54.78,506.13,Dry,Unverified
Kilinochchi,Maha,Tomato,2019,116.93,1315.35,Dry,Unverified
Kilinochchi,Maha,Tomato,2019,72.37,867.13,Dry,Unverified
Kilinochchi,Maha,Watermelon,2019,72.63,1398.46,Dry,Unverified
Kilinochchi,Maha,Watermelon,2019,91.38,2197.56,Dry,Unverified
Kilinochchi,Maha,Watermelon,2019,85.3,1521.42,Dry,Unverified
Kilinochchi,Maha,Watermelon,2019,90.36,1224.35,Dry,Unverified
Kilinochchi,Maha,Watermelon,2019,82.95,1571.5,Dry,Unverified
Kilinochchi,Maha,Yam,2019,53.79,717.52,Dry,Unverified
Kilinochchi,Yala,Banana,2019,170.24,4499.58,Dry,Unverified
Kilinochchi,Yala,Big Onion,2019,55.62,556.07,Dry,Supported envelope
Kilinochchi,Yala,Bitter Gourd,2019,52.9,566.19,Dry,Unverified
Kilinochchi,Yala,Bitter Gourd,2019,52.07,555.6,Dry,Unverified
Kilinochchi,Yala,Black Gram,2019,40.56,239.94,Dry,Unverified
Kilinochchi,Yala,Black Gram,2019,36.66,231.16,Dry,Unverified
Kilinochchi,Yala,Black Gram,2019,35.53,229.65,Dry,Unverified
Kilinochchi,Yala,Carrot,2019,52.81,718.92,Dry,Supported envelope
Kilinochchi,Yala,Carrot,2019,105.3,1811.73,Dry,Supported envelope
Kilinochchi,Yala,Cassava,2019,143.71,2780.0,Dry,Supported envelope
Kilinochchi,Yala,Chilli,2019,57.1,524.1,Dry,Supported envelope
Kilinochchi,Yala,Chilli,2019,38.59,260.97,Dry,Supported envelope
Kilinochchi,Yala,Chilli,2019,68.7,489.27,Dry,Supported envelope
Kilinochchi,Yala,Coconut,2019,128.68,3612.09,Dry,Unverified
Kilinochchi,Yala,Ginger,2019,39.51,416.27,Dry,Supported envelope
Kilinochchi,Yala,Green Gram,2019,37.66,285.28,Dry,Supported envelope
Kilinochchi,Yala,Green Gram,2019,38.62,292.52,Dry,Supported envelope
Kilinochchi,Yala,Green Gram,2019,35.63,325.03,Dry,Supported envelope
Kilinochchi,Yala,Green Gram,2019,42.49,313.03,Dry,Supported envelope
Kilinochchi,Yala,Potato,2019,70.77,1364.59,Dry,Supported envelope
Kilinochchi,Yala,Pumpkin,2019,83.63,1479.97,Dry,Unverified
Kilinochchi,Yala,Red Onion,2019,70.0,737.08,Dry,Supported envelope
Kilinochchi,Yala,Rice,2019,62.84,1329.19,Dry,Unverified
Kilinochchi,Yala,Rice,2019,118.7,2169.06,Dry,Unverified
Kilinochchi,Yala,Ridge Gourd,2019,72.38,750.95,Dry,Unverified
Kilinochchi,Yala,Tomato,2019,52.95,643.66,Dry,Unverified
Kilinochchi,Yala,Tomato,2019,61.22,843.95,Dry,Unverified
Kilinochchi,Yala,Watermelon,2019,103.6,2079.0,Dry,Unverified
Kilinochchi,Yala,Watermelon,2019,85.4,2074.42,Dry,Unverified
Kurunegala,Maha,Banana,2019,197.43,5342.07,Intermediate/Dry,Unverified
Kurunegala,Maha,Banana,2019,276.66,9129.85,Intermediate/Dry,Unverified
Kurunegala,Maha,Banana,2019,258.84,6633.51,Intermediate/Dry,Unverified
Kurunegala,Maha,Black Gram,2019,48.93,319.76,Intermediate/Dry,Unverified
Kurunegala,Maha,Brinjal,2019,123.88,1473.14,Intermediate/Dry,Unverified
Kurunegala,Maha,Carrot,2019,88.27,1372.78,Intermediate/Dry,Supported envelope
Kurunegala,Maha,Carrot,2019,126.63,2145.22,Intermediate/Dry,Supported envelope
Kurunegala,Maha,Cassava,2019,179.25,3673.19,Intermediate/Dry,Supported envelope
Kurunegala,Maha,Chilli,2019,64.11,550.0,Intermediate/Dry,Supported envelope
Kurunegala,Maha,Chilli,2019,62.02,443.07,Intermediate/Dry,Supported envelope
Kurunegala,Maha,Ginger,2019,95.62,1063.77,Intermediate/Dry,Supported envelope
Kurunegala,Maha,Green Gram,2019,82.2,557.24,Intermediate/Dry,Supported envelope
Kurunegala,Maha,Green Gram,2019,86.4,746.92,Intermediate/Dry,Supported envelope
Kurunegala,Maha,Long Bean,2019,106.93,979.13,Intermediate/Dry,Unverified
Kurunegala,Maha,Long Bean,2019,67.55,761.22,Intermediate/Dry,Unverified
Kurunegala,Maha,Maize,2019,123.28,1988.83,Intermediate/Dry,Supported envelope
Kurunegala,Maha,Maize,2019,74.29,1382.91,Intermediate/Dry,Supported envelope
Kurunegala,Maha,Mango,2019,162.65,3926.24,Intermediate/Dry,Unverified
Kurunegala,Maha,Okra,2019,89.73,719.73,Intermediate/Dry,Unverified
Kurunegala,Maha,Pumpkin,2019,163.15,2407.2,Intermediate/Dry,Unverified
Kurunegala,Maha,Red Onion,2019,78.03,696.91,Intermediate/Dry,Supported envelope
Kurunegala,Maha,Rice,2019,206.3,4513.78,Intermediate/Dry,Unverified
Kurunegala,Maha,Soybean,2019,50.09,458.63,Intermediate/Dry,Unverified
Kurunegala,Maha,Taro,2019,87.69,1188.65,Intermediate/Dry,Unverified
Kurunegala,Maha,Watermelon,2019,150.9,2698.64,Intermediate/Dry,Unverified
Kurunegala,Maha,Watermelon,2019,131.31,2985.06,Intermediate/Dry,Unverified
Kurunegala,Maha,Watermelon,2019,109.2,2677.08,Intermediate/Dry,Unverified
Kurunegala,Maha,Watermelon,2019,205.99,3552.66,Intermediate/Dry,Unverified
Kurunegala,Maha,Watermelon,2019,157.53,2939.77,Intermediate/Dry,Unverified
Kurunegala,Yala,Banana,2019,223.18,7067.46,Intermediate/Dry,Unverified
Kurunegala,Yala,Big Onion,2019,61.98,603.66,Intermediate/Dry,Supported envelope
Kurunegala,Yala,Big Onion,2019,94.38,937.69,Intermediate/Dry,Supported envelope
Kurunegala,Yala,Bitter Gourd,2019,56.23,554.07,Intermediate/Dry,Unverified
Kurunegala,Yala,Bitter Gourd,2019,104.88,1177.53,Intermediate/Dry,Unverified
Kurunegala,Yala,Black Gram,2019,54.62,390.14,Intermediate/Dry,Unverified
Kurunegala,Yala,Brinjal,2019,64.22,686.83,Intermediate/Dry,Unverified
Kurunegala,Yala,Carrot,2019,76.81,815.41,Intermediate/Dry,Supported envelope
Kurunegala,Yala,Carrot,2019,67.7,820.27,Intermediate/Dry,Supported envelope
Kurunegala,Yala,Carrot,2019,123.3,2042.31,Intermediate/Dry,Supported envelope
Kurunegala,Yala,Chilli,2019,36.65,292.56,Intermediate/Dry,Supported envelope
Kurunegala,Yala,Chilli,2019,49.36,391.55,Intermediate/Dry,Supported envelope
Kurunegala,Yala,Coconut,2019,236.09,7478.36,Intermediate/Dry,Unverified
Kurunegala,Yala,Cucumber,2019,131.12,1587.23,Intermediate/Dry,Unverified
Kurunegala,Yala,Ginger,2019,117.17,1125.66,Intermediate/Dry,Supported envelope
Kurunegala,Yala,Groundnut,2019,102.57,936.27,Intermediate/Dry,Supported envelope
Kurunegala,Yala,Groundnut,2019,81.04,858.43,Intermediate/Dry,Supported envelope
Kurunegala,Yala,Okra,2019,95.72,873.56,Intermediate/Dry,Unverified
Kurunegala,Yala,Okra,2019,57.51,498.85,Intermediate/Dry,Unverified
Kurunegala,Yala,Papaya,2019,271.35,8552.21,Intermediate/Dry,Unverified
Kurunegala,Yala,Pineapple,2019,200.84,4773.43,Intermediate/Dry,Supported envelope
Kurunegala,Yala,Potato,2019,128.17,1865.22,Intermediate/Dry,Supported envelope
Kurunegala,Yala,Sesame,2019,89.3,494.54,Intermediate/Dry,Unverified
Kurunegala,Yala,Soybean,2019,71.44,595.15,Intermediate/Dry,Unverified
Kurunegala,Yala,Taro,2019,87.78,1071.04,Intermediate/Dry,Unverified
Kurunegala,Yala,Watermelon,2019,97.76,1756.96,Intermediate/Dry,Unverified
Kurunegala,Yala,Watermelon,2019,126.54,2510.7,Intermediate/Dry,Unverified
Kurunegala,Yala,Yam,2019,99.16,1086.76,Intermediate/Dry,Unverified
Mannar,Maha,Ash Plantain,2019,200.88,7245.45,Dry,Unverified
Mannar,Maha,Banana,2019,265.77,6963.1,Dry,Unverified
Mannar,Maha,Big Onion,2019,231.11,2490.24,Dry,Supported envelope
Mannar,Maha,Big Onion,2019,53.62,584.65,Dry,Supported envelope
Mannar,Maha,Black Gram,2019,75.85,512.47,Dry,Unverified
Mannar,Maha,Carrot,2019,186.53,2281.0,Dry,Supported envelope
Mannar,Maha,Carrot,2019,155.67,2232.19,Dry,Supported envelope
Mannar,Maha,Cassava,2019,156.33,3609.17,Dry,Supported envelope
Mannar,Maha,Cassava,2019,214.5,4219.59,Dry,Supported envelope
Mannar,Maha,Coconut,2019,245.35,7802.95,Dry,Unverified
Mannar,Maha,Cowpea,2019,108.85,855.09,Dry,Supported envelope
Mannar,Maha,Groundnut,2019,102.93,1051.97,Dry,Supported envelope
Mannar,Maha,Mango,2019,202.22,4301.14,Dry,Unverified
Mannar,Maha,Papaya,2019,209.65,5845.86,Dry,Unverified
Mannar,Maha,Potato,2019,150.97,3082.43,Dry,Supported envelope
Mannar,Maha,Rice,2019,166.87,3610.79,Dry,Unverified
Mannar,Maha,Ridge Gourd,2019,80.82,981.53,Dry,Unverified
Mannar,Maha,Ridge Gourd,2019,103.56,1024.65,Dry,Unverified
Mannar,Maha,Taro,2019,105.68,1233.32,Dry,Unverified
Mannar,Maha,Watermelon,2019,215.27,4196.65,Dry,Unverified
Mannar,Yala,Ash Plantain,2019,222.37,7532.22,Dry,Unverified
Mannar,Yala,Banana,2019,214.67,5952.3,Dry,Unverified
Mannar,Yala,Banana,2019,292.55,7750.33,Dry,Unverified
Mannar,Yala,Banana,2019,231.2,7024.72,Dry,Unverified
Mannar,Yala,Big Onion,2019,78.66,851.08,Dry,Supported envelope
Mannar,Yala,Carrot,2019,123.09,1687.15,Dry,Supported envelope
Mannar,Yala,Chilli,2019,87.87,533.1,Dry,Supported envelope
Mannar,Yala,Coconut,2019,237.39,8362.54,Dry,Unverified
Mannar,Yala,Ginger,2019,139.39,1807.96,Dry,Supported envelope
Mannar,Yala,Long Bean,2019,86.0,855.8,Dry,Unverified
Mannar,Yala,Long Bean,2019,82.07,635.89,Dry,Unverified
Mannar,Yala,Long Bean,2019,65.88,559.14,Dry,Unverified
Mannar,Yala,Maize,2019,178.79,3253.0,Dry,Supported envelope
Mannar,Yala,Okra,2019,117.19,851.24,Dry,Unverified
Mannar,Yala,Okra,2019,125.22,923.85,Dry,Unverified
Mannar,Yala,Potato,2019,168.87,3997.83,Dry,Supported envelope
Mannar,Yala,Pumpkin,2019,173.04,2650.4,Dry,Unverified
Mannar,Yala,Sweet Potato,2019,81.79,1089.08,Dry,Supported envelope
Mannar,Yala,Taro,2019,192.35,2342.33,Dry,Unverified
Mannar,Yala,Taro,2019,76.75,942.14,Dry,Unverified
Mannar,Yala,Turmeric,2019,117.99,1390.82,Dry,Supported envelope
Mannar,Yala,Watermelon,2019,185.81,3624.06,Dry,Unverified
Matale,Maha,Ash Plantain,2019,131.68,4833.73,Intermediate/Up-country,Unverified
Matale,Maha,Banana,2019,124.31,3958.92,Intermediate/Up-country,Unverified
Matale,Maha,Banana,2019,117.99,3687.58,Intermediate/Up-country,Unverified
Matale,Maha,Beans,2019,80.71,813.88,Intermediate/Up-country,Supported envelope
Matale,Maha,Big Onion,2019,99.94,1064.55,Intermediate/Up-country,Supported envelope
Matale,Maha,Bitter Gourd,2019,54.39,452.57,Intermediate/Up-country,Unverified
Matale,Maha,Carrot,2019,88.31,1439.67,Intermediate/Up-country,Supported envelope
Matale,Maha,Carrot,2019,93.23,1140.7,Intermediate/Up-country,Supported envelope
Matale,Maha,Carrot,2019,74.28,1017.78,Intermediate/Up-country,Supported envelope
Matale,Maha,Carrot,2019,96.26,1653.13,Intermediate/Up-country,Supported envelope
Matale,Maha,Chilli,2019,50.0,354.99,Intermediate/Up-country,Supported envelope
Matale,Maha,Chilli,2019,46.88,398.93,Intermediate/Up-country,Supported envelope
Matale,Maha,Chilli,2019,76.48,530.98,Intermediate/Up-country,Supported envelope
Matale,Maha,Cowpea,2019,60.44,447.12,Intermediate/Up-country,Supported envelope
Matale,Maha,Groundnut,2019,55.38,575.33,Intermediate/Up-country,Supported envelope
Matale,Maha,Groundnut,2019,78.27,616.16,Intermediate/Up-country,Supported envelope
Matale,Maha,Groundnut,2019,64.6,769.0,Intermediate/Up-country,Supported envelope
Matale,Maha,Leeks,2019,33.57,424.97,Intermediate/Up-country,Supported envelope
Matale,Maha,Leeks,2019,67.06,890.52,Intermediate/Up-country,Supported envelope
Matale,Maha,Long Bean,2019,69.41,527.97,Intermediate/Up-country,Unverified
Matale,Maha,Long Bean,2019,47.39,455.22,Intermediate/Up-country,Unverified
Matale,Maha,Long Bean,2019,55.42,418.89,Intermediate/Up-country,Unverified
Matale,Maha,Maize,2019,101.17,1532.33,Intermediate/Up-country,Supported envelope
Matale,Maha,Papaya,2019,126.0,3404.23,Intermediate/Up-country,Unverified
Matale,Maha,Papaya,2019,101.51,2639.11,Intermediate/Up-country,Unverified
Matale,Maha,Pumpkin,2019,83.52,1404.4,Intermediate/Up-country,Unverified
Matale,Maha,Red Onion,2019,46.11,558.87,Intermediate/Up-country,Supported envelope
Matale,Maha,Red Onion,2019,49.98,525.21,Intermediate/Up-country,Supported envelope
Matale,Maha,Rice,2019,129.91,2496.97,Intermediate/Up-country,Unverified
Matale,Maha,Ridge Gourd,2019,62.6,554.01,Intermediate/Up-country,Unverified
Matale,Maha,Snake Gourd,2019,59.32,608.12,Intermediate/Up-country,Unverified
Matale,Maha,Snake Gourd,2019,64.53,565.6,Intermediate/Up-country,Unverified
Matale,Maha,Snake Gourd,2019,66.83,792.24,Intermediate/Up-country,Unverified
Matale,Maha,Sweet Potato,2019,85.42,1170.38,Intermediate/Up-country,Supported envelope
Matale,Maha,Sweet Potato,2019,66.32,870.96,Intermediate/Up-country,Supported envelope
Matale,Maha,Tea,2019,152.33,2990.57,Intermediate/Up-country,Supported envelope
Matale,Maha,Watermelon,2019,103.39,2555.16,Intermediate/Up-country,Unverified
Matale,Maha,Watermelon,2019,146.81,2347.95,Intermediate/Up-country,Unverified
Matale,Yala,Ash Plantain,2019,177.9,6353.98,Intermediate/Up-country,Unverified
Matale,Yala,Beans,2019,47.78,454.69,Intermediate/Up-country,Supported envelope
Matale,Yala,Beans,2019,46.04,427.68,Intermediate/Up-country,Supported envelope
Matale,Yala,Bitter Gourd,2019,82.76,803.7,Intermediate/Up-country,Unverified
Matale,Yala,Black Gram,2019,43.38,326.67,Intermediate/Up-country,Unverified
Matale,Yala,Cabbage,2019,109.18,1873.97,Intermediate/Up-country,Supported envelope
Matale,Yala,Carrot,2019,121.19,1603.7,Intermediate/Up-country,Supported envelope
Matale,Yala,Chilli,2019,41.25,230.5,Intermediate/Up-country,Supported envelope
Matale,Yala,Cucumber,2019,79.65,1048.9,Intermediate/Up-country,Unverified
Matale,Yala,Groundnut,2019,56.34,606.71,Intermediate/Up-country,Supported envelope
Matale,Yala,Leeks,2019,73.56,948.44,Intermediate/Up-country,Supported envelope
Matale,Yala,Mango,2019,108.88,2889.19,Intermediate/Up-country,Unverified
Matale,Yala,Pepper,2019,26.52,118.7,Intermediate/Up-country,Supported envelope
Matale,Yala,Pepper,2019,39.59,216.47,Intermediate/Up-country,Supported envelope
Matale,Yala,Ridge Gourd,2019,68.07,593.39,Intermediate/Up-country,Unverified
Matale,Yala,Snake Gourd,2019,61.02,635.7,Intermediate/Up-country,Unverified
Matale,Yala,Snake Gourd,2019,65.67,642.98,Intermediate/Up-country,Unverified
Matale,Yala,Sweet Potato,2019,108.26,1335.1,Intermediate/Up-country,Supported envelope
Matara,Maha,Banana,2019,191.62,5272.8,Wet,Unverified
Matara,Maha,Banana,2019,152.1,6435.53,Wet,Unverified
Matara,Maha,Banana,2019,208.77,6523.42,Wet,Unverified
Matara,Maha,Big Onion,2019,92.5,844.74,Wet,Supported envelope
Matara,Maha,Big Onion,2019,107.89,1030.62,Wet,Supported envelope
Matara,Maha,Black Gram,2019,73.93,443.55,Wet,Unverified
Matara,Maha,Brinjal,2019,79.17,852.46,Wet,Unverified
Matara,Maha,Carrot,2019,123.34,2209.0,Wet,Supported envelope
Matara,Maha,Carrot,2019,131.64,2467.62,Wet,Supported envelope
Matara,Maha,Chilli,2019,66.15,463.31,Wet,Supported envelope
Matara,Maha,Chilli,2019,93.39,720.71,Wet,Supported envelope
Matara,Maha,Cowpea,2019,109.7,869.12,Wet,Supported envelope
Matara,Maha,Ginger,2019,105.51,1320.5,Wet,Supported envelope
Matara,Maha,Long Bean,2019,59.57,445.42,Wet,Unverified
Matara,Maha,Maize,2019,172.5,3002.85,Wet,Supported envelope
Matara,Maha,Mango,2019,201.1,4427.02,Wet,Unverified
Matara,Maha,Pepper,2019,59.04,263.6,Wet,Supported envelope
Matara,Maha,Pumpkin,2019,109.2,1798.65,Wet,Unverified
Matara,Maha,Red Onion,2019,68.46,709.96,Wet,Supported envelope
Matara,Maha,Rice,2019,159.17,3522.69,Wet,Unverified
Matara,Maha,Snake Gourd,2019,81.99,1048.17,Wet,Unverified
Matara,Maha,Soybean,2019,108.41,920.66,Wet,Unverified
Matara,Maha,Tomato,2019,158.3,1750.74,Wet,Unverified
Matara,Maha,Turmeric,2019,50.09,549.82,Wet,Supported envelope
Matara,Maha,Watermelon,2019,192.65,3955.6,Wet,Unverified
Matara,Maha,Watermelon,2019,176.48,3515.1,Wet,Unverified
Matara,Yala,Ash Plantain,2019,218.34,6806.95,Wet,Unverified
Matara,Yala,Banana,2019,266.66,8884.57,Wet,Unverified
Matara,Yala,Banana,2019,163.23,4989.26,Wet,Unverified
Matara,Yala,Banana,2019,258.94,7058.95,Wet,Unverified
Matara,Yala,Banana,2019,472.66,16389.29,Wet,Unverified
Matara,Yala,Bitter Gourd,2019,73.21,857.12,Wet,Unverified
Matara,Yala,Cinnamon,2019,63.68,272.31,Wet,Supported envelope
Matara,Yala,Cowpea,2019,77.13,595.49,Wet,Supported envelope
Matara,Yala,Ginger,2019,97.55,1337.11,Wet,Supported envelope
Matara,Yala,Green Gram,2019,49.39,318.61,Wet,Supported envelope
Matara,Yala,Maize,2019,182.67,3163.14,Wet,Supported envelope
Matara,Yala,Mango,2019,105.47,2429.82,Wet,Unverified
Matara,Yala,Papaya,2019,180.06,4273.82,Wet,Unverified
Matara,Yala,Papaya,2019,130.92,3547.93,Wet,Unverified
Matara,Yala,Papaya,2019,210.0,6061.09,Wet,Unverified
Matara,Yala,Potato,2019,167.94,2635.51,Wet,Supported envelope
Matara,Yala,Potato,2019,148.77,2895.19,Wet,Supported envelope
Matara,Yala,Rice,2019,160.31,3464.3,Wet,Unverified
Matara,Yala,Taro,2019,129.83,1677.18,Wet,Unverified
Matara,Yala,Tea,2019,197.02,4658.56,Wet,Supported envelope
Matara,Yala,Tea,2019,180.08,4429.62,Wet,Supported envelope
Matara,Yala,Turmeric,2019,79.13,767.39,Wet,Supported envelope
Matara,Yala,Turmeric,2019,87.0,777.64,Wet,Supported envelope
Monaragala,Maha,Ash Plantain,2019,194.69,6791.28,Unknown,Unverified
Monaragala,Maha,Ash Plantain,2019,225.25,7215.81,Unknown,Unverified
Monaragala,Maha,Banana,2019,155.18,3889.94,Unknown,Unverified
Monaragala,Maha,Bitter Gourd,2019,71.06,782.69,Unknown,Unverified
Monaragala,Maha,Black Gram,2019,50.95,321.27,Unknown,Unverified
Monaragala,Maha,Brinjal,2019,85.23,1016.9,Unknown,Unverified
Monaragala,Maha,Brinjal,2019,100.21,1275.96,Unknown,Unverified
Monaragala,Maha,Cucumber,2019,72.8,951.44,Unknown,Unverified
Monaragala,Maha,Okra,2019,53.64,446.42,Unknown,Unverified
Monaragala,Maha,Papaya,2019,204.27,4923.99,Unknown,Unverified
Monaragala,Maha,Rice,2019,126.48,2436.17,Unknown,Unverified
Monaragala,Maha,Ridge Gourd,2019,70.6,652.44,Unknown,Unverified
Monaragala,Maha,Ridge Gourd,2019,69.47,721.31,Unknown,Unverified
Monaragala,Maha,Ridge Gourd,2019,51.05,520.12,Unknown,Unverified
Monaragala,Maha,Snake Gourd,2019,82.23,751.32,Unknown,Unverified
Monaragala,Maha,Taro,2019,65.44,694.05,Unknown,Unverified
Monaragala,Maha,Watermelon,2019,135.8,3098.13,Unknown,Unverified
Monaragala,Yala,Banana,2019,315.91,8806.6,Unknown,Unverified
Monaragala,Yala,Brinjal,2019,79.67,1072.79,Unknown,Unverified
Monaragala,Yala,Coconut,2019,201.15,6579.94,Unknown,Unverified
Monaragala,Yala,Papaya,2019,107.94,2989.95,Unknown,Unverified
Monaragala,Yala,Pumpkin,2019,72.36,1260.68,Unknown,Unverified
Monaragala,Yala,Rice,2019,75.75,1542.22,Unknown,Unverified
Monaragala,Yala,Soybean,2019,60.37,560.33,Unknown,Unverified
Monaragala,Yala,Tomato,2019,106.03,1403.78,Unknown,Unverified
Monaragala,Yala,Tomato,2019,96.37,1077.0,Unknown,Unverified
Mullaitivu,Maha,Banana,2019,164.97,4646.87,Dry,Unverified
Mullaitivu,Maha,Black Gram,2019,99.83,660.3,Dry,Unverified
Mullaitivu,Maha,Carrot,2019,90.83,1262.14,Dry,Supported envelope
Mullaitivu,Maha,Carrot,2019,207.62,3077.25,Dry,Supported envelope
Mullaitivu,Maha,Cassava,2019,208.82,4102.53,Dry,Supported envelope
Mullaitivu,Maha,Chilli,2019,95.39,820.38,Dry,Supported envelope
Mullaitivu,Maha,Chilli,2019,77.35,539.97,Dry,Supported envelope
Mullaitivu,Maha,Cowpea,2019,78.0,562.59,Dry,Supported envelope
Mullaitivu,Maha,Cowpea,2019,53.64,397.29,Dry,Supported envelope
Mullaitivu,Maha,Cucumber,2019,96.8,1520.32,Dry,Unverified
Mullaitivu,Maha,Cucumber,2019,113.42,1786.05,Dry,Unverified
Mullaitivu,Maha,Groundnut,2019,68.76,742.0,Dry,Supported envelope
Mullaitivu,Maha,Groundnut,2019,93.35,761.77,Dry,Supported envelope
Mullaitivu,Maha,Red Onion,2019,97.15,1008.76,Dry,Supported envelope
Mullaitivu,Maha,Red Onion,2019,74.18,661.56,Dry,Supported envelope
Mullaitivu,Maha,Ridge Gourd,2019,66.0,646.48,Dry,Unverified
Mullaitivu,Maha,Watermelon,2019,184.47,3882.28,Dry,Unverified
Mullaitivu,Maha,Watermelon,2019,158.07,3490.52,Dry,Unverified
Mullaitivu,Yala,Banana,2019,165.23,6220.91,Dry,Unverified
Mullaitivu,Yala,Bitter Gourd,2019,136.3,1244.07,Dry,Unverified
Mullaitivu,Yala,Black Gram,2019,52.7,331.55,Dry,Unverified
Mullaitivu,Yala,Black Gram,2019,56.53,388.65,Dry,Unverified
Mullaitivu,Yala,Carrot,2019,111.77,1656.05,Dry,Supported envelope
Mullaitivu,Yala,Carrot,2019,130.59,1998.23,Dry,Supported envelope
Mullaitivu,Yala,Carrot,2019,132.53,1991.35,Dry,Supported envelope
Mullaitivu,Yala,Chilli,2019,96.36,594.75,Dry,Supported envelope
Mullaitivu,Yala,Coconut,2019,298.44,10193.77,Dry,Unverified
Mullaitivu,Yala,Cucumber,2019,157.76,2039.6,Dry,Unverified
Mullaitivu,Yala,Long Bean,2019,67.82,567.88,Dry,Unverified
Mullaitivu,Yala,Potato,2019,160.68,2449.26,Dry,Supported envelope
Mullaitivu,Yala,Rice,2019,162.68,2775.78,Dry,Unverified
Mullaitivu,Yala,Rice,2019,182.55,3907.94,Dry,Unverified
Mullaitivu,Yala,Taro,2019,81.64,898.41,Dry,Unverified
Mullaitivu,Yala,Turmeric,2019,80.94,742.14,Dry,Supported envelope
Mullaitivu,Yala,Watermelon,2019,128.39,2562.02,Dry,Unverified
Nuwara Eliya,Maha,Ash Plantain,2019,143.53,4378.19,Up-country Wet,Unverified
Nuwara Eliya,Maha,Banana,2019,234.19,7356.75,Up-country Wet,Unverified
Nuwara Eliya,Maha,Banana,2019,189.96,4472.27,Up-country Wet,Unverified
Nuwara Eliya,Maha,Banana,2019,122.66,3768.25,Up-country Wet,Unverified
Nuwara Eliya,Maha,Banana,2019,180.52,6301.23,Up-country Wet,Unverified
Nuwara Eliya,Maha,Banana,2019,201.33,6288.55,Up-country Wet,Unverified
Nuwara Eliya,Maha,Banana,2019,136.01,3969.28,Up-country Wet,Unverified
Nuwara Eliya,Maha,Banana,2019,147.4,5198.56,Up-country Wet,Unverified
Nuwara Eliya,Maha,Beans,2019,106.1,969.59,Up-country Wet,Supported envelope
Nuwara Eliya,Maha,Big Onion,2019,68.39,762.3,Up-country Wet,Supported envelope
Nuwara Eliya,Maha,Brinjal,2019,66.75,864.81,Up-country Wet,Unverified
Nuwara Eliya,Maha,Brinjal,2019,48.92,521.74,Up-country Wet,Unverified
Nuwara Eliya,Maha,Cabbage,2019,150.38,2665.33,Up-country Wet,Supported envelope
Nuwara Eliya,Maha,Carrot,2019,98.26,1354.56,Up-country Wet,Supported envelope
Nuwara Eliya,Maha,Carrot,2019,113.03,1803.57,Up-country Wet,Supported envelope
Nuwara Eliya,Maha,Cassava,2019,130.67,2580.66,Up-country Wet,Supported envelope
Nuwara Eliya,Maha,Cassava,2019,84.93,1965.55,Up-country Wet,Supported envelope
Nuwara Eliya,Maha,Cauliflower,2019,104.49,1421.91,Up-country Wet,Supported envelope
Nuwara Eliya,Maha,Cauliflower,2019,61.1,750.55,Up-country Wet,Supported envelope
Nuwara Eliya,Maha,Cauliflower,2019,62.77,655.47,Up-country Wet,Supported envelope
Nuwara Eliya,Maha,Coconut,2019,107.38,3431.09,Up-country Wet,Unverified
Nuwara Eliya,Maha,Cucumber,2019,126.16,2316.11,Up-country Wet,Unverified
Nuwara Eliya,Maha,Ginger,2019,57.52,592.73,Up-country Wet,Supported envelope
Nuwara Eliya,Maha,Ginger,2019,43.54,499.07,Up-country Wet,Supported envelope
Nuwara Eliya,Maha,Groundnut,2019,57.97,596.75,Up-country Wet,Supported envelope
Nuwara Eliya,Maha,Leeks,2019,119.04,1153.77,Up-country Wet,Supported envelope
Nuwara Eliya,Maha,Leeks,2019,107.07,1236.21,Up-country Wet,Supported envelope
Nuwara Eliya,Maha,Leeks,2019,138.88,1664.13,Up-country Wet,Supported envelope
Nuwara Eliya,Maha,Maize,2019,93.69,1644.87,Up-country Wet,Supported envelope
Nuwara Eliya,Maha,Mango,2019,139.4,3634.9,Up-country Wet,Unverified
Nuwara Eliya,Maha,Mango,2019,118.44,3232.84,Up-country Wet,Unverified
Nuwara Eliya,Maha,Red Onion,2019,44.83,477.22,Up-country Wet,Supported envelope
Nuwara Eliya,Maha,Rice,2019,110.44,2384.96,Up-country Wet,Unverified
Nuwara Eliya,Maha,Sesame,2019,49.46,297.13,Up-country Wet,Unverified
Nuwara Eliya,Maha,Snake Gourd,2019,81.86,983.08,Up-country Wet,Unverified
Nuwara Eliya,Maha,Soybean,2019,48.47,388.93,Up-country Wet,Unverified
Nuwara Eliya,Maha,Sweet Potato,2019,68.54,812.49,Up-country Wet,Supported envelope
Nuwara Eliya,Maha,Tea,2019,265.46,7057.91,Up-country Wet,Supported envelope
Nuwara Eliya,Maha,Tomato,2019,61.84,588.66,Up-country Wet,Unverified
Nuwara Eliya,Maha,Tomato,2019,63.48,867.23,Up-country Wet,Unverified
Nuwara Eliya,Maha,Turmeric,2019,96.91,920.61,Up-country Wet,Supported envelope
Nuwara Eliya,Maha,Watermelon,2019,119.28,2129.89,Up-country Wet,Unverified
Nuwara Eliya,Maha,Watermelon,2019,108.29,2350.83,Up-country Wet,Unverified
Nuwara Eliya,Maha,Yam,2019,74.05,1083.96,Up-country Wet,Unverified
Nuwara Eliya,Yala,Ash Plantain,2019,169.42,6458.7,Up-country Wet,Unverified
Nuwara Eliya,Yala,Banana,2019,162.97,4643.16,Up-country Wet,Unverified
Nuwara Eliya,Yala,Beans,2019,76.34,634.02,Up-country Wet,Supported envelope
Nuwara Eliya,Yala,Beans,2019,73.84,630.68,Up-country Wet,Supported envelope
Nuwara Eliya,Yala,Beans,2019,119.13,1122.06,Up-country Wet,Supported envelope
Nuwara Eliya,Yala,Black Gram,2019,43.83,323.34,Up-country Wet,Unverified
Nuwara Eliya,Yala,Carrot,2019,148.87,2485.27,Up-country Wet,Supported envelope
Nuwara Eliya,Yala,Carrot,2019,176.01,3009.49,Up-country Wet,Supported envelope
Nuwara Eliya,Yala,Carrot,2019,167.13,2737.06,Up-country Wet,Supported envelope
Nuwara Eliya,Yala,Carrot,2019,128.85,2049.38,Up-country Wet,Supported envelope
Nuwara Eliya,Yala,Carrot,2019,138.63,2024.23,Up-country Wet,Supported envelope
Nuwara Eliya,Yala,Chilli,2019,55.2,402.79,Up-country Wet,Supported envelope
Nuwara Eliya,Yala,Chilli,2019,33.85,319.2,Up-country Wet,Supported envelope
Nuwara Eliya,Yala,Cucumber,2019,94.41,1373.3,Up-country Wet,Unverified
Nuwara Eliya,Yala,Cucumber,2019,80.54,1258.78,Up-country Wet,Unverified
Nuwara Eliya,Yala,Groundnut,2019,86.9,924.25,Up-country Wet,Supported envelope
Nuwara Eliya,Yala,Leeks,2019,91.99,841.55,Up-country Wet,Supported envelope
Nuwara Eliya,Yala,Leeks,2019,100.24,1437.8,Up-country Wet,Supported envelope
Nuwara Eliya,Yala,Long Bean,2019,39.45,336.86,Up-country Wet,Unverified
Nuwara Eliya,Yala,Maize,2019,49.01,776.72,Up-country Wet,Supported envelope
Nuwara Eliya,Yala,Maize,2019,94.2,1168.05,Up-country Wet,Supported envelope
Nuwara Eliya,Yala,Pumpkin,2019,95.23,1487.46,Up-country Wet,Unverified
Nuwara Eliya,Yala,Rice,2019,166.76,3514.56,Up-country Wet,Unverified
Nuwara Eliya,Yala,Ridge Gourd,2019,53.09,588.58,Up-country Wet,Unverified
Nuwara Eliya,Yala,Snake Gourd,2019,47.66,417.88,Up-country Wet,Unverified
Nuwara Eliya,Yala,Tea,2019,168.92,3267.53,Up-country Wet,Supported envelope
Nuwara Eliya,Yala,Tea,2019,302.11,8232.0,Up-country Wet,Supported envelope
Nuwara Eliya,Yala,Tomato,2019,108.48,1319.77,Up-country Wet,Unverified
Nuwara Eliya,Yala,Turmeric,2019,58.56,656.53,Up-country Wet,Supported envelope
Nuwara Eliya,Yala,Watermelon,2019,122.98,2117.47,Up-country Wet,Unverified
Nuwara Eliya,Yala,Watermelon,2019,89.41,1993.51,Up-country Wet,Unverified
Polonnaruwa,Maha,Banana,2019,187.07,6340.19,Dry,Unverified
Polonnaruwa,Maha,Banana,2019,219.64,6844.89,Dry,Unverified
Polonnaruwa,Maha,Big Onion,2019,106.89,1175.69,Dry,Supported envelope
Polonnaruwa,Maha,Bitter Gourd,2019,86.75,1093.7,Dry,Unverified
Polonnaruwa,Maha,Brinjal,2019,88.66,1049.19,Dry,Unverified
Polonnaruwa,Maha,Brinjal,2019,96.68,1262.53,Dry,Unverified
Polonnaruwa,Maha,Carrot,2019,77.04,1112.17,Dry,Supported envelope
Polonnaruwa,Maha,Carrot,2019,84.51,1400.0,Dry,Supported envelope
Polonnaruwa,Maha,Carrot,2019,74.22,1133.06,Dry,Supported envelope
Polonnaruwa,Maha,Cassava,2019,197.16,4511.85,Dry,Supported envelope
Polonnaruwa,Maha,Coconut,2019,160.12,5432.96,Dry,Unverified
Polonnaruwa,Maha,Groundnut,2019,88.4,962.34,Dry,Supported envelope
Polonnaruwa,Maha,Mango,2019,153.16,3614.51,Dry,Unverified
Polonnaruwa,Maha,Papaya,2019,356.24,10081.3,Dry,Unverified
Polonnaruwa,Maha,Potato,2019,101.64,1956.66,Dry,Supported envelope
Polonnaruwa,Maha,Pumpkin,2019,136.43,1802.76,Dry,Unverified
Polonnaruwa,Maha,Rice,2019,183.09,4027.9,Dry,Unverified
Polonnaruwa,Maha,Sesame,2019,49.08,280.94,Dry,Unverified
Polonnaruwa,Maha,Sesame,2019,58.24,331.01,Dry,Unverified
Polonnaruwa,Maha,Sweet Potato,2019,139.17,1619.37,Dry,Supported envelope
Polonnaruwa,Maha,Tomato,2019,83.22,936.41,Dry,Unverified
Polonnaruwa,Maha,Turmeric,2019,50.13,502.71,Dry,Supported envelope
Polonnaruwa,Maha,Watermelon,2019,129.13,2894.88,Dry,Unverified
Polonnaruwa,Maha,Yam,2019,108.13,1864.44,Dry,Unverified
Polonnaruwa,Yala,Banana,2019,169.59,4842.48,Dry,Unverified
Polonnaruwa,Yala,Banana,2019,229.92,8841.27,Dry,Unverified
Polonnaruwa,Yala,Brinjal,2019,81.61,1285.99,Dry,Unverified
Polonnaruwa,Yala,Carrot,2019,68.22,863.11,Dry,Supported envelope
Polonnaruwa,Yala,Carrot,2019,119.48,1845.34,Dry,Supported envelope
Polonnaruwa,Yala,Chilli,2019,43.57,261.91,Dry,Supported envelope
Polonnaruwa,Yala,Chilli,2019,53.27,358.1,Dry,Supported envelope
Polonnaruwa,Yala,Chilli,2019,73.71,596.13,Dry,Supported envelope
Polonnaruwa,Yala,Cowpea,2019,68.25,573.01,Dry,Supported envelope
Polonnaruwa,Yala,Ginger,2019,86.22,1137.02,Dry,Supported envelope
Polonnaruwa,Yala,Green Gram,2019,53.23,407.95,Dry,Supported envelope
Polonnaruwa,Yala,Mango,2019,321.21,6609.77,Dry,Unverified
Polonnaruwa,Yala,Potato,2019,101.75,1580.05,Dry,Supported envelope
Polonnaruwa,Yala,Potato,2019,162.66,3406.66,Dry,Supported envelope
Polonnaruwa,Yala,Rice,2019,187.38,3029.09,Dry,Unverified
Polonnaruwa,Yala,Rice,2019,269.27,5434.63,Dry,Unverified
Polonnaruwa,Yala,Ridge Gourd,2019,58.51,636.08,Dry,Unverified
Polonnaruwa,Yala,Sesame,2019,52.41,258.19,Dry,Unverified
Polonnaruwa,Yala,Taro,2019,109.65,1497.2,Dry,Unverified
Polonnaruwa,Yala,Turmeric,2019,74.7,797.68,Dry,Supported envelope
Polonnaruwa,Yala,Turmeric,2019,140.33,1729.46,Dry,Supported envelope
Polonnaruwa,Yala,Watermelon,2019,177.66,3775.67,Dry,Unverified
Polonnaruwa,Yala,Watermelon,2019,159.08,2928.06,Dry,Unverified
Polonnaruwa,Yala,Watermelon,2019,145.82,2945.35,Dry,Unverified
Polonnaruwa,Yala,Watermelon,2019,146.11,2563.3,Dry,Unverified
Puttalam,Maha,Banana,2019,144.5,4780.49,Dry/Intermediate,Unverified
Puttalam,Maha,Banana,2019,170.58,4424.63,Dry/Intermediate,Unverified
Puttalam,Maha,Banana,2019,192.98,7217.29,Dry/Intermediate,Unverified
Puttalam,Maha,Banana,2019,269.31,9899.77,Dry/Intermediate,Unverified
Puttalam,Maha,Big Onion,2019,72.59,679.91,Dry/Intermediate,Supported envelope
Puttalam,Maha,Bitter Gourd,2019,32.17,333.65,Dry/Intermediate,Unverified
Puttalam,Maha,Black Gram,2019,51.03,288.99,Dry/Intermediate,Unverified
Puttalam,Maha,Black Gram,2019,48.94,335.04,Dry/Intermediate,Unverified
Puttalam,Maha,Brinjal,2019,70.26,822.76,Dry/Intermediate,Unverified
Puttalam,Maha,Brinjal,2019,82.73,915.67,Dry/Intermediate,Unverified
Puttalam,Maha,Brinjal,2019,103.4,1418.37,Dry/Intermediate,Unverified
Puttalam,Maha,Carrot,2019,79.87,1243.59,Dry/Intermediate,Supported envelope
Puttalam,Maha,Chilli,2019,77.54,542.48,Dry/Intermediate,Supported envelope
Puttalam,Maha,Chilli,2019,59.17,359.65,Dry/Intermediate,Supported envelope
Puttalam,Maha,Green Gram,2019,43.87,275.47,Dry/Intermediate,Supported envelope
Puttalam,Maha,Long Bean,2019,71.96,547.3,Dry/Intermediate,Unverified
Puttalam,Maha,Maize,2019,140.95,2527.11,Dry/Intermediate,Supported envelope
Puttalam,Maha,Mango,2019,182.79,4570.89,Dry/Intermediate,Unverified
Puttalam,Maha,Okra,2019,73.22,555.26,Dry/Intermediate,Unverified
Puttalam,Maha,Red Onion,2019,57.47,489.22,Dry/Intermediate,Supported envelope
Puttalam,Maha,Red Onion,2019,65.81,630.85,Dry/Intermediate,Supported envelope
Puttalam,Maha,Rice,2019,112.66,2036.77,Dry/Intermediate,Unverified
Puttalam,Maha,Ridge Gourd,2019,82.58,772.06,Dry/Intermediate,Unverified
Puttalam,Maha,Sesame,2019,51.91,338.83,Dry/Intermediate,Unverified
Puttalam,Maha,Snake Gourd,2019,70.26,730.23,Dry/Intermediate,Unverified
Puttalam,Maha,Turmeric,2019,101.65,1026.41,Dry/Intermediate,Supported envelope
Puttalam,Maha,Turmeric,2019,95.76,856.31,Dry/Intermediate,Supported envelope
Puttalam,Maha,Watermelon,2019,226.5,4564.64,Dry/Intermediate,Unverified
Puttalam,Maha,Watermelon,2019,127.57,2119.15,Dry/Intermediate,Unverified
Puttalam,Maha,Yam,2019,98.77,1213.22,Dry/Intermediate,Unverified
Puttalam,Yala,Ash Plantain,2019,193.37,6863.66,Dry/Intermediate,Unverified
Puttalam,Yala,Brinjal,2019,74.29,810.8,Dry/Intermediate,Unverified
Puttalam,Yala,Coconut,2019,225.83,7325.07,Dry/Intermediate,Unverified
Puttalam,Yala,Coconut,2019,155.76,5122.63,Dry/Intermediate,Unverified
Puttalam,Yala,Cucumber,2019,125.13,2086.25,Dry/Intermediate,Unverified
Puttalam,Yala,Cucumber,2019,126.74,1903.92,Dry/Intermediate,Unverified
Puttalam,Yala,Ginger,2019,74.92,895.28,Dry/Intermediate,Supported envelope
Puttalam,Yala,Okra,2019,82.99,677.11,Dry/Intermediate,Unverified
Puttalam,Yala,Potato,2019,90.51,1759.65,Dry/Intermediate,Supported envelope
Puttalam,Yala,Pumpkin,2019,91.86,1409.1,Dry/Intermediate,Unverified
Puttalam,Yala,Pumpkin,2019,139.31,2138.57,Dry/Intermediate,Unverified
Puttalam,Yala,Red Onion,2019,78.38,759.44,Dry/Intermediate,Supported envelope
Puttalam,Yala,Ridge Gourd,2019,101.2,1041.12,Dry/Intermediate,Unverified
Puttalam,Yala,Snake Gourd,2019,69.29,672.98,Dry/Intermediate,Unverified
Puttalam,Yala,Snake Gourd,2019,74.95,888.99,Dry/Intermediate,Unverified
Puttalam,Yala,Snake Gourd,2019,59.59,549.04,Dry/Intermediate,Unverified
Puttalam,Yala,Watermelon,2019,164.16,2970.01,Dry/Intermediate,Unverified
Puttalam,Yala,Watermelon,2019,170.39,4288.49,Dry/Intermediate,Unverified
Ratnapura,Maha,Banana,2019,198.54,6142.28,Wet/Intermediate,Unverified
Ratnapura,Maha,Banana,2019,312.96,10673.32,Wet/Intermediate,Unverified
Ratnapura,Maha,Banana,2019,162.02,4426.81,Wet/Intermediate,Unverified
Ratnapura,Maha,Banana,2019,171.34,5043.29,Wet/Intermediate,Unverified
Ratnapura,Maha,Beans,2019,68.89,756.64,Wet/Intermediate,Supported envelope
Ratnapura,Maha,Big Onion,2019,60.19,804.33,Wet/Intermediate,Supported envelope
Ratnapura,Maha,Big Onion,2019,85.54,858.92,Wet/Intermediate,Supported envelope
Ratnapura,Maha,Bitter Gourd,2019,84.26,779.21,Wet/Intermediate,Unverified
Ratnapura,Maha,Brinjal,2019,110.13,1531.83,Wet/Intermediate,Unverified
Ratnapura,Maha,Carrot,2019,107.55,1480.03,Wet/Intermediate,Supported envelope
Ratnapura,Maha,Carrot,2019,106.87,1809.98,Wet/Intermediate,Supported envelope
Ratnapura,Maha,Carrot,2019,61.62,1054.43,Wet/Intermediate,Supported envelope
Ratnapura,Maha,Carrot,2019,128.63,2117.86,Wet/Intermediate,Supported envelope
Ratnapura,Maha,Cauliflower,2019,92.98,1243.73,Wet/Intermediate,Supported envelope
Ratnapura,Maha,Chilli,2019,70.41,536.89,Wet/Intermediate,Supported envelope
Ratnapura,Maha,Chilli,2019,75.27,613.48,Wet/Intermediate,Supported envelope
Ratnapura,Maha,Cinnamon,2019,22.08,103.03,Wet/Intermediate,Supported envelope
Ratnapura,Maha,Coconut,2019,199.44,5742.45,Wet/Intermediate,Unverified
Ratnapura,Maha,Cucumber,2019,155.84,2358.26,Wet/Intermediate,Unverified
Ratnapura,Maha,Groundnut,2019,98.9,1125.34,Wet/Intermediate,Supported envelope
Ratnapura,Maha,Long Bean,2019,73.87,743.39,Wet/Intermediate,Unverified
Ratnapura,Maha,Pepper,2019,45.89,216.99,Wet/Intermediate,Supported envelope
Ratnapura,Maha,Red Onion,2019,73.74,656.33,Wet/Intermediate,Supported envelope
Ratnapura,Maha,Rice,2019,116.38,2321.55,Wet/Intermediate,Unverified
Ratnapura,Maha,Rice,2019,93.81,1856.9,Wet/Intermediate,Unverified
Ratnapura,Maha,Ridge Gourd,2019,68.98,668.63,Wet/Intermediate,Unverified
Ratnapura,Maha,Sesame,2019,34.18,179.36,Wet/Intermediate,Unverified
Ratnapura,Maha,Sweet Potato,2019,90.71,1278.05,Wet/Intermediate,Supported envelope
Ratnapura,Maha,Taro,2019,99.1,1203.45,Wet/Intermediate,Unverified
Ratnapura,Maha,Watermelon,2019,150.84,3245.55,Wet/Intermediate,Unverified
Ratnapura,Maha,Yam,2019,70.07,1099.82,Wet/Intermediate,Unverified
Ratnapura,Yala,Ash Plantain,2019,129.4,3802.26,Wet/Intermediate,Unverified
Ratnapura,Yala,Beans,2019,57.12,581.52,Wet/Intermediate,Supported envelope
Ratnapura,Yala,Beans,2019,61.19,606.58,Wet/Intermediate,Supported envelope
Ratnapura,Yala,Beans,2019,72.29,606.43,Wet/Intermediate,Supported envelope
Ratnapura,Yala,Black Gram,2019,39.79,270.71,Wet/Intermediate,Unverified
Ratnapura,Yala,Black Gram,2019,46.07,273.15,Wet/Intermediate,Unverified
Ratnapura,Yala,Brinjal,2019,50.54,547.47,Wet/Intermediate,Unverified
Ratnapura,Yala,Cabbage,2019,70.48,1223.19,Wet/Intermediate,Supported envelope
Ratnapura,Yala,Cabbage,2019,85.81,1229.73,Wet/Intermediate,Supported envelope
Ratnapura,Yala,Cassava,2019,107.55,2622.44,Wet/Intermediate,Supported envelope
Ratnapura,Yala,Ginger,2019,67.48,650.55,Wet/Intermediate,Supported envelope
Ratnapura,Yala,Green Gram,2019,47.85,331.17,Wet/Intermediate,Supported envelope
Ratnapura,Yala,Groundnut,2019,64.3,589.52,Wet/Intermediate,Supported envelope
Ratnapura,Yala,Long Bean,2019,59.35,608.21,Wet/Intermediate,Unverified
Ratnapura,Yala,Red Onion,2019,47.84,543.47,Wet/Intermediate,Supported envelope
Ratnapura,Yala,Sesame,2019,38.54,240.23,Wet/Intermediate,Unverified
Ratnapura,Yala,Sweet Potato,2019,168.3,2373.67,Wet/Intermediate,Supported envelope
Ratnapura,Yala,Taro,2019,66.6,915.23,Wet/Intermediate,Unverified
Ratnapura,Yala,Tea,2019,146.9,3747.44,Wet/Intermediate,Supported envelope
Ratnapura,Yala,Turmeric,2019,63.76,605.7,Wet/Intermediate,Supported envelope
Ratnapura,Yala,Turmeric,2019,69.12,892.59,Wet/Intermediate,Supported envelope
Ratnapura,Yala,Watermelon,2019,102.68,2297.64,Wet/Intermediate,Unverified
Ratnapura,Yala,Watermelon,2019,99.06,1856.63,Wet/Intermediate,Unverified
Ratnapura,Yala,Yam,2019,72.02,972.23,Wet/Intermediate,Unverified
Trincomalee,Maha,Banana,2019,168.62,5322.66,Dry,Unverified
Trincomalee,Maha,Banana,2019,233.81,7357.51,Dry,Unverified
Trincomalee,Maha,Banana,2019,156.9,4880.44,Dry,Unverified
Trincomalee,Maha,Big Onion,2019,56.95,502.23,Dry,Supported envelope
Trincomalee,Maha,Big Onion,2019,60.97,576.15,Dry,Supported envelope
Trincomalee,Maha,Bitter Gourd,2019,59.37,609.45,Dry,Unverified
Trincomalee,Maha,Black Gram,2019,50.79,405.21,Dry,Unverified
Trincomalee,Maha,Black Gram,2019,41.68,269.93,Dry,Unverified
Trincomalee,Maha,Brinjal,2019,62.88,805.93,Dry,Unverified
Trincomalee,Maha,Carrot,2019,59.94,802.48,Dry,Supported envelope
Trincomalee,Maha,Carrot,2019,68.89,1076.36,Dry,Supported envelope
Trincomalee,Maha,Carrot,2019,62.3,965.94,Dry,Supported envelope
Trincomalee,Maha,Carrot,2019,75.4,942.83,Dry,Supported envelope
Trincomalee,Maha,Carrot,2019,101.81,1474.8,Dry,Supported envelope
Trincomalee,Maha,Chilli,2019,75.25,489.93,Dry,Supported envelope
Trincomalee,Maha,Chilli,2019,60.11,461.8,Dry,Supported envelope
Trincomalee,Maha,Cowpea,2019,64.28,436.96,Dry,Supported envelope
Trincomalee,Maha,Cucumber,2019,81.27,1289.03,Dry,Unverified
Trincomalee,Maha,Ginger,2019,85.25,848.23,Dry,Supported envelope
Trincomalee,Maha,Ginger,2019,80.1,817.85,Dry,Supported envelope
Trincomalee,Maha,Long Bean,2019,62.88,641.92,Dry,Unverified
Trincomalee,Maha,Long Bean,2019,47.34,367.05,Dry,Unverified
Trincomalee,Maha,Mango,2019,116.27,2492.62,Dry,Unverified
Trincomalee,Maha,Papaya,2019,208.01,5163.06,Dry,Unverified
Trincomalee,Maha,Potato,2019,138.8,2785.71,Dry,Supported envelope
Trincomalee,Maha,Potato,2019,112.54,2031.04,Dry,Supported envelope
Trincomalee,Maha,Potato,2019,138.99,3124.39,Dry,Supported envelope
Trincomalee,Maha,Pumpkin,2019,105.9,1780.86,Dry,Unverified
Trincomalee,Maha,Ridge Gourd,2019,68.79,592.89,Dry,Unverified
Trincomalee,Maha,Sesame,2019,46.99,282.57,Dry,Unverified
Trincomalee,Maha,Snake Gourd,2019,55.53,641.43,Dry,Unverified
Trincomalee,Maha,Soybean,2019,93.97,829.61,Dry,Unverified
Trincomalee,Maha,Sweet Potato,2019,118.85,1543.04,Dry,Supported envelope
Trincomalee,Maha,Sweet Potato,2019,96.34,1263.47,Dry,Supported envelope
Trincomalee,Maha,Watermelon,2019,98.35,1574.68,Dry,Unverified
Trincomalee,Maha,Watermelon,2019,112.91,2205.63,Dry,Unverified
Trincomalee,Maha,Watermelon,2019,110.42,2170.29,Dry,Unverified
Trincomalee,Maha,Watermelon,2019,87.54,1541.34,Dry,Unverified
Trincomalee,Yala,Banana,2019,215.88,7081.46,Dry,Unverified
Trincomalee,Yala,Banana,2019,153.77,4694.4,Dry,Unverified
Trincomalee,Yala,Big Onion,2019,71.55,852.07,Dry,Supported envelope
Trincomalee,Yala,Bitter Gourd,2019,48.8,443.27,Dry,Unverified
Trincomalee,Yala,Brinjal,2019,71.92,909.38,Dry,Unverified
Trincomalee,Yala,Carrot,2019,65.41,1145.53,Dry,Supported envelope
Trincomalee,Yala,Carrot,2019,100.6,1633.38,Dry,Supported envelope
Trincomalee,Yala,Carrot,2019,88.27,1460.11,Dry,Supported envelope
Trincomalee,Yala,Chilli,2019,29.22,248.12,Dry,Supported envelope
Trincomalee,Yala,Chilli,2019,40.22,306.16,Dry,Supported envelope
Trincomalee,Yala,Chilli,2019,49.5,297.36,Dry,Supported envelope
Trincomalee,Yala,Coconut,2019,224.58,6549.87,Dry,Unverified
Trincomalee,Yala,Cowpea,2019,71.73,567.12,Dry,Supported envelope
Trincomalee,Yala,Green Gram,2019,78.45,586.89,Dry,Supported envelope
Trincomalee,Yala,Groundnut,2019,97.49,1040.69,Dry,Supported envelope
Trincomalee,Yala,Long Bean,2019,60.42,507.71,Dry,Unverified
Trincomalee,Yala,Mango,2019,130.18,3185.77,Dry,Unverified
Trincomalee,Yala,Mango,2019,173.77,4646.98,Dry,Unverified
Trincomalee,Yala,Okra,2019,34.0,254.97,Dry,Unverified
Trincomalee,Yala,Papaya,2019,128.29,4132.98,Dry,Unverified
Trincomalee,Yala,Pumpkin,2019,67.63,1004.17,Dry,Unverified
Trincomalee,Yala,Ridge Gourd,2019,74.29,664.37,Dry,Unverified
Trincomalee,Yala,Sweet Potato,2019,126.4,2085.28,Dry,Supported envelope
Trincomalee,Yala,Turmeric,2019,56.73,526.34,Dry,Supported envelope
Vavuniya,Maha,Ash Plantain,2019,243.24,6158.83,Dry,Unverified
Vavuniya,Maha,Banana,2019,164.22,5000.61,Dry,Unverified
Vavuniya,Maha,Banana,2019,189.17,6447.09,Dry,Unverified
Vavuniya,Maha,Carrot,2019,84.07,1601.7,Dry,Supported envelope
Vavuniya,Maha,Cassava,2019,95.07,2221.58,Dry,Supported envelope
Vavuniya,Maha,Chilli,2019,44.39,339.7,Dry,Supported envelope
Vavuniya,Maha,Chilli,2019,43.7,368.98,Dry,Supported envelope
Vavuniya,Maha,Chilli,2019,33.98,312.55,Dry,Supported envelope
Vavuniya,Maha,Cowpea,2019,52.73,327.7,Dry,Supported envelope
Vavuniya,Maha,Ginger,2019,68.72,831.14,Dry,Supported envelope
Vavuniya,Maha,Long Bean,2019,45.24,446.59,Dry,Unverified
Vavuniya,Maha,Papaya,2019,117.8,3192.36,Dry,Unverified
Vavuniya,Maha,Pumpkin,2019,94.24,1689.94,Dry,Unverified
Vavuniya,Maha,Pumpkin,2019,109.42,1503.69,Dry,Unverified
Vavuniya,Maha,Rice,2019,105.45,2313.84,Dry,Unverified
Vavuniya,Maha,Sesame,2019,49.43,371.31,Dry,Unverified
Vavuniya,Maha,Sesame,2019,37.71,262.59,Dry,Unverified
Vavuniya,Maha,Soybean,2019,46.25,428.46,Dry,Unverified
Vavuniya,Maha,Watermelon,2019,89.68,1943.81,Dry,Unverified
Vavuniya,Maha,Watermelon,2019,107.92,1846.01,Dry,Unverified
Vavuniya,Maha,Watermelon,2019,153.81,3981.86,Dry,Unverified
Vavuniya,Maha,Watermelon,2019,181.43,3424.27,Dry,Unverified
Vavuniya,Maha,Yam,2019,69.18,887.08,Dry,Unverified
Vavuniya,Yala,Ash Plantain,2019,161.72,6038.52,Dry,Unverified
Vavuniya,Yala,Banana,2019,116.24,3165.52,Dry,Unverified
Vavuniya,Yala,Banana,2019,207.64,7378.32,Dry,Unverified
Vavuniya,Yala,Carrot,2019,76.09,1299.5,Dry,Supported envelope
Vavuniya,Yala,Carrot,2019,82.12,1389.94,Dry,Supported envelope
Vavuniya,Yala,Chilli,2019,41.04,356.43,Dry,Supported envelope
Vavuniya,Yala,Groundnut,2019,58.25,589.88,Dry,Supported envelope
Vavuniya,Yala,Maize,2019,62.65,1064.32,Dry,Supported envelope
Vavuniya,Yala,Mango,2019,165.77,4529.82,Dry,Unverified
Vavuniya,Yala,Papaya,2019,147.03,4039.59,Dry,Unverified
Vavuniya,Yala,Potato,2019,44.05,692.58,Dry,Supported envelope
Vavuniya,Yala,Potato,2019,97.98,1991.06,Dry,Supported envelope
Vavuniya,Yala,Pumpkin,2019,118.48,1973.71,Dry,Unverified
Vavuniya,Yala,Snake Gourd,2019,67.38,701.07,Dry,Unverified
Vavuniya,Yala,Sweet Potato,2019,70.67,967.19,Dry,Supported envelope
Vavuniya,Yala,Taro,2019,76.31,731.36,Dry,Unverified
Vavuniya,Yala,Tomato,2019,78.11,1155.53,Dry,Unverified
Vavuniya,Yala,Turmeric,2019,57.8,645.78,Dry,Supported envelope
Vavuniya,Yala,Watermelon,2019,93.78,1940.14,Dry,Unverified
Vavuniya,Yala,Watermelon,2019,84.64,1966.41,Dry,Unverified
Vavuniya,Yala,Watermelon,2019,109.46,2107.85,Dry,Unverified
Vavuniya,Yala,Watermelon,2019,147.05,3013.33,Dry,Unverified
Vavuniya,Yala,Watermelon,2019,94.32,1741.36,Dry,Unverified
Vavuniya,Yala,Yam,2019,73.01,959.05,Dry,Unverified
Ampara,Maha,Banana,2020,157.36,4585.34,Dry,Unverified
Ampara,Maha,Banana,2020,316.0,10261.74,Dry,Unverified
Ampara,Maha,Banana,2020,107.9,2879.39,Dry,Unverified
Ampara,Maha,Banana,2020,262.45,8448.26,Dry,Unverified
Ampara,Maha,Banana,2020,167.11,6157.63,Dry,Unverified
Ampara,Maha,Banana,2020,193.87,5906.12,Dry,Unverified
Ampara,Maha,Banana,2020,181.29,4188.17,Dry,Unverified
Ampara,Maha,Big Onion,2020,80.68,876.12,Dry,Supported envelope
Ampara,Maha,Big Onion,2020,49.08,558.43,Dry,Supported envelope
Ampara,Maha,Black Gram,2020,44.21,313.16,Dry,Unverified
Ampara,Maha,Black Gram,2020,38.65,250.69,Dry,Unverified
Ampara,Maha,Black Gram,2020,42.19,262.51,Dry,Unverified
Ampara,Maha,Black Gram,2020,49.06,288.37,Dry,Unverified
Ampara,Maha,Carrot,2020,107.52,1282.72,Dry,Supported envelope
Ampara,Maha,Carrot,2020,88.22,1494.83,Dry,Supported envelope
Ampara,Maha,Carrot,2020,89.43,1755.75,Dry,Supported envelope
Ampara,Maha,Carrot,2020,83.19,1690.64,Dry,Supported envelope
Ampara,Maha,Carrot,2020,88.96,1495.12,Dry,Supported envelope
Ampara,Maha,Cassava,2020,153.28,3653.24,Dry,Supported envelope
Ampara,Maha,Cassava,2020,141.19,3760.16,Dry,Supported envelope
Ampara,Maha,Chilli,2020,38.28,297.01,Dry,Supported envelope
Ampara,Maha,Chilli,2020,43.96,352.02,Dry,Supported envelope
Ampara,Maha,Chilli,2020,64.64,414.61,Dry,Supported envelope
Ampara,Maha,Coconut,2020,91.26,2686.39,Dry,Unverified
Ampara,Maha,Coconut,2020,154.7,5666.39,Dry,Unverified
Ampara,Maha,Cucumber,2020,107.04,1639.54,Dry,Unverified
Ampara,Maha,Ginger,2020,60.44,686.56,Dry,Supported envelope
Ampara,Maha,Ginger,2020,83.03,971.03,Dry,Supported envelope
Ampara,Maha,Ginger,2020,68.26,949.52,Dry,Supported envelope
Ampara,Maha,Green Gram,2020,64.54,607.5,Dry,Supported envelope
Ampara,Maha,Green Gram,2020,45.86,372.93,Dry,Supported envelope
Ampara,Maha,Groundnut,2020,66.88,662.81,Dry,Supported envelope
Ampara,Maha,Mango,2020,123.06,3493.4,Dry,Unverified
Ampara,Maha,Papaya,2020,134.03,3574.0,Dry,Unverified
Ampara,Maha,Pumpkin,2020,111.13,1862.69,Dry,Unverified
Ampara,Maha,Pumpkin,2020,76.9,1029.72,Dry,Unverified
Ampara,Maha,Red Onion,2020,46.3,460.96,Dry,Supported envelope
Ampara,Maha,Red Onion,2020,66.63,619.69,Dry,Supported envelope
Ampara,Maha,Rice,2020,167.9,3349.5,Dry,Unverified
Ampara,Maha,Rice,2020,120.89,2407.35,Dry,Unverified
Ampara,Maha,Rice,2020,228.13,4901.47,Dry,Unverified
Ampara,Maha,Ridge Gourd,2020,66.73,725.26,Dry,Unverified
Ampara,Maha,Sesame,2020,43.79,260.28,Dry,Unverified
Ampara,Maha,Soybean,2020,54.18,446.44,Dry,Unverified
Ampara,Maha,Sweet Potato,2020,68.56,1011.74,Dry,Supported envelope
Ampara,Maha,Turmeric,2020,67.84,724.1,Dry,Supported envelope
Ampara,Maha,Watermelon,2020,127.02,2691.22,Dry,Unverified
Ampara,Maha,Watermelon,2020,113.59,1987.88,Dry,Unverified
Ampara,Maha,Watermelon,2020,139.64,2850.74,Dry,Unverified
Ampara,Maha,Watermelon,2020,97.0,1437.98,Dry,Unverified
Ampara,Yala,Banana,2020,127.76,4585.02,Dry,Unverified
Ampara,Yala,Big Onion,2020,55.18,644.82,Dry,Supported envelope
Ampara,Yala,Bitter Gourd,2020,53.81,462.59,Dry,Unverified
Ampara,Yala,Black Gram,2020,34.31,202.27,Dry,Unverified
Ampara,Yala,Black Gram,2020,39.4,278.0,Dry,Unverified
Ampara,Yala,Carrot,2020,70.11,1116.9,Dry,Supported envelope
Ampara,Yala,Carrot,2020,70.01,1018.25,Dry,Supported envelope
Ampara,Yala,Chilli,2020,37.96,340.6,Dry,Supported envelope
Ampara,Yala,Chilli,2020,30.05,274.3,Dry,Supported envelope
Ampara,Yala,Chilli,2020,37.71,245.38,Dry,Supported envelope
Ampara,Yala,Chilli,2020,41.01,352.45,Dry,Supported envelope
Ampara,Yala,Chilli,2020,38.61,303.18,Dry,Supported envelope
Ampara,Yala,Chilli,2020,52.1,486.4,Dry,Supported envelope
Ampara,Yala,Chilli,2020,45.04,343.78,Dry,Supported envelope
Ampara,Yala,Chilli,2020,68.91,589.95,Dry,Supported envelope
Ampara,Yala,Ginger,2020,56.35,690.17,Dry,Supported envelope
Ampara,Yala,Papaya,2020,114.76,2773.1,Dry,Unverified
Ampara,Yala,Papaya,2020,132.52,3836.05,Dry,Unverified
Ampara,Yala,Potato,2020,122.46,1941.35,Dry,Supported envelope
Ampara,Yala,Red Onion,2020,57.64,608.46,Dry,Supported envelope
Ampara,Yala,Rice,2020,169.17,3541.55,Dry,Unverified
Ampara,Yala,Ridge Gourd,2020,71.43,644.22,Dry,Unverified
Ampara,Yala,Sesame,2020,40.48,279.45,Dry,Unverified
Ampara,Yala,Tomato,2020,71.36,1141.52,Dry,Unverified
Ampara,Yala,Watermelon,2020,101.58,2030.14,Dry,Unverified
Ampara,Yala,Watermelon,2020,86.84,2049.96,Dry,Unverified
Ampara,Yala,Watermelon,2020,132.01,2881.61,Dry,Unverified
Ampara,Yala,Watermelon,2020,70.54,1580.5,Dry,Unverified
Ampara,Yala,Yam,2020,103.35,1226.65,Dry,Unverified
Anuradhapura,Maha,Banana,2020,201.5,7907.24,Dry,Unverified
Anuradhapura,Maha,Banana,2020,164.26,4867.32,Dry,Unverified
Anuradhapura,Maha,Banana,2020,201.18,5817.57,Dry,Unverified
Anuradhapura,Maha,Banana,2020,134.45,4709.2,Dry,Unverified
Anuradhapura,Maha,Banana,2020,193.49,5690.09,Dry,Unverified
Anuradhapura,Maha,Banana,2020,261.91,7680.39,Dry,Unverified
Anuradhapura,Maha,Bitter Gourd,2020,46.46,408.28,Dry,Unverified
Anuradhapura,Maha,Black Gram,2020,40.3,263.71,Dry,Unverified
Anuradhapura,Maha,Black Gram,2020,57.68,390.67,Dry,Unverified
Anuradhapura,Maha,Brinjal,2020,55.53,590.9,Dry,Unverified
Anuradhapura,Maha,Cassava,2020,213.47,5894.05,Dry,Supported envelope
Anuradhapura,Maha,Chilli,2020,100.15,770.05,Dry,Supported envelope
Anuradhapura,Maha,Chilli,2020,96.32,933.95,Dry,Supported envelope
Anuradhapura,Maha,Chilli,2020,60.75,474.85,Dry,Supported envelope
Anuradhapura,Maha,Chilli,2020,104.26,605.42,Dry,Supported envelope
Anuradhapura,Maha,Coconut,2020,201.96,6439.94,Dry,Unverified
Anuradhapura,Maha,Cucumber,2020,77.53,1463.52,Dry,Unverified
Anuradhapura,Maha,Ginger,2020,75.27,729.79,Dry,Supported envelope
Anuradhapura,Maha,Ginger,2020,74.07,789.75,Dry,Supported envelope
Anuradhapura,Maha,Maize,2020,72.25,1284.63,Dry,Supported envelope
Anuradhapura,Maha,Mango,2020,117.65,3195.24,Dry,Unverified
Anuradhapura,Maha,Red Onion,2020,104.76,888.85,Dry,Supported envelope
Anuradhapura,Maha,Red Onion,2020,66.44,814.46,Dry,Supported envelope
Anuradhapura,Maha,Ridge Gourd,2020,87.65,850.93,Dry,Unverified
Anuradhapura,Maha,Sesame,2020,32.63,197.25,Dry,Unverified
Anuradhapura,Maha,Sesame,2020,50.87,277.44,Dry,Unverified
Anuradhapura,Maha,Snake Gourd,2020,72.71,657.53,Dry,Unverified
Anuradhapura,Maha,Soybean,2020,60.47,495.84,Dry,Unverified
Anuradhapura,Maha,Soybean,2020,46.15,517.7,Dry,Unverified
Anuradhapura,Maha,Soybean,2020,57.59,502.92,Dry,Unverified
Anuradhapura,Maha,Taro,2020,70.7,781.4,Dry,Unverified
Anuradhapura,Maha,Taro,2020,123.41,1630.89,Dry,Unverified
Anuradhapura,Maha,Turmeric,2020,73.19,752.21,Dry,Supported envelope
Anuradhapura,Maha,Watermelon,2020,193.6,3857.9,Dry,Unverified
Anuradhapura,Maha,Watermelon,2020,171.77,3144.43,Dry,Unverified
Anuradhapura,Maha,Watermelon,2020,145.22,2701.44,Dry,Unverified
Anuradhapura,Maha,Watermelon,2020,199.65,4453.04,Dry,Unverified
Anuradhapura,Maha,Watermelon,2020,134.92,2295.02,Dry,Unverified
Anuradhapura,Maha,Watermelon,2020,137.27,2333.92,Dry,Unverified
Anuradhapura,Maha,Watermelon,2020,122.99,2779.32,Dry,Unverified
Anuradhapura,Yala,Banana,2020,251.92,8798.26,Dry,Unverified
Anuradhapura,Yala,Banana,2020,219.48,6618.36,Dry,Unverified
Anuradhapura,Yala,Banana,2020,198.23,5331.44,Dry,Unverified
Anuradhapura,Yala,Bitter Gourd,2020,85.83,922.78,Dry,Unverified
Anuradhapura,Yala,Chilli,2020,78.29,573.71,Dry,Supported envelope
Anuradhapura,Yala,Chilli,2020,72.59,596.45,Dry,Supported envelope
Anuradhapura,Yala,Chilli,2020,75.65,539.01,Dry,Supported envelope
Anuradhapura,Yala,Cucumber,2020,54.66,930.95,Dry,Unverified
Anuradhapura,Yala,Groundnut,2020,62.34,580.0,Dry,Supported envelope
Anuradhapura,Yala,Groundnut,2020,73.07,496.51,Dry,Supported envelope
Anuradhapura,Yala,Groundnut,2020,51.88,446.39,Dry,Supported envelope
Anuradhapura,Yala,Long Bean,2020,57.62,487.99,Dry,Unverified
Anuradhapura,Yala,Mango,2020,138.41,3541.5,Dry,Unverified
Anuradhapura,Yala,Mango,2020,164.86,3090.44,Dry,Unverified
Anuradhapura,Yala,Mango,2020,159.22,3648.74,Dry,Unverified
Anuradhapura,Yala,Mango,2020,130.57,2709.0,Dry,Unverified
Anuradhapura,Yala,Mango,2020,159.27,4434.96,Dry,Unverified
Anuradhapura,Yala,Red Onion,2020,53.91,491.58,Dry,Supported envelope
Anuradhapura,Yala,Rice,2020,164.61,3221.46,Dry,Unverified
Anuradhapura,Yala,Sesame,2020,45.11,314.25,Dry,Unverified
Anuradhapura,Yala,Turmeric,2020,79.29,908.31,Dry,Supported envelope
Badulla,Maha,Banana,2020,178.39,6181.21,Up-country Intermediate,Unverified
Badulla,Maha,Banana,2020,153.2,5095.53,Up-country Intermediate,Unverified
Badulla,Maha,Beans,2020,67.15,565.23,Up-country Intermediate,Supported envelope
Badulla,Maha,Beans,2020,63.73,698.49,Up-country Intermediate,Supported envelope
Badulla,Maha,Beans,2020,102.1,1106.62,Up-country Intermediate,Supported envelope
Badulla,Maha,Black Gram,2020,38.53,295.69,Up-country Intermediate,Unverified
Badulla,Maha,Carrot,2020,124.32,2087.47,Up-country Intermediate,Supported envelope
Badulla,Maha,Carrot,2020,69.61,1057.74,Up-country Intermediate,Supported envelope
Badulla,Maha,Cassava,2020,120.0,2259.52,Up-country Intermediate,Supported envelope
Badulla,Maha,Chilli,2020,71.89,522.73,Up-country Intermediate,Supported envelope
Badulla,Maha,Chilli,2020,42.17,346.7,Up-country Intermediate,Supported envelope
Badulla,Maha,Chilli,2020,54.68,427.1,Up-country Intermediate,Supported envelope
Badulla,Maha,Chilli,2020,84.25,590.34,Up-country Intermediate,Supported envelope
Badulla,Maha,Cucumber,2020,67.86,871.21,Up-country Intermediate,Unverified
Badulla,Maha,Groundnut,2020,53.1,454.83,Up-country Intermediate,Supported envelope
Badulla,Maha,Leeks,2020,112.91,1273.58,Up-country Intermediate,Supported envelope
Badulla,Maha,Leeks,2020,97.28,1272.77,Up-country Intermediate,Supported envelope
Badulla,Maha,Leeks,2020,60.67,779.95,Up-country Intermediate,Supported envelope
Badulla,Maha,Leeks,2020,68.78,839.27,Up-country Intermediate,Supported envelope
Badulla,Maha,Mango,2020,118.01,2667.19,Up-country Intermediate,Unverified
Badulla,Maha,Papaya,2020,178.8,5131.36,Up-country Intermediate,Unverified
Badulla,Maha,Pepper,2020,42.09,229.54,Up-country Intermediate,Supported envelope
Badulla,Maha,Red Onion,2020,58.46,628.42,Up-country Intermediate,Supported envelope
Badulla,Maha,Red Onion,2020,46.16,482.6,Up-country Intermediate,Supported envelope
Badulla,Maha,Rice,2020,84.6,1912.8,Up-country Intermediate,Unverified
Badulla,Maha,Rice,2020,127.99,2560.92,Up-country Intermediate,Unverified
Badulla,Maha,Rice,2020,144.68,3519.32,Up-country Intermediate,Unverified
Badulla,Maha,Rice,2020,133.3,2668.34,Up-country Intermediate,Unverified
Badulla,Maha,Snake Gourd,2020,50.76,501.25,Up-country Intermediate,Unverified
Badulla,Maha,Taro,2020,81.95,832.11,Up-country Intermediate,Unverified
Badulla,Maha,Tea,2020,189.44,4805.4,Up-country Intermediate,Supported envelope
Badulla,Maha,Tea,2020,167.8,5360.23,Up-country Intermediate,Supported envelope
Badulla,Maha,Turmeric,2020,99.63,1071.57,Up-country Intermediate,Supported envelope
Badulla,Maha,Watermelon,2020,97.9,1630.2,Up-country Intermediate,Unverified
Badulla,Maha,Watermelon,2020,100.61,1924.42,Up-country Intermediate,Unverified
Badulla,Maha,Watermelon,2020,138.29,2388.36,Up-country Intermediate,Unverified
Badulla,Maha,Yam,2020,112.74,1390.55,Up-country Intermediate,Unverified
Badulla,Yala,Ash Plantain,2020,107.29,4632.48,Up-country Intermediate,Unverified
Badulla,Yala,Banana,2020,180.45,5000.71,Up-country Intermediate,Unverified
Badulla,Yala,Banana,2020,129.74,4103.89,Up-country Intermediate,Unverified
Badulla,Yala,Banana,2020,177.08,5709.82,Up-country Intermediate,Unverified
Badulla,Yala,Beans,2020,113.36,948.33,Up-country Intermediate,Supported envelope
Badulla,Yala,Beans,2020,86.98,760.73,Up-country Intermediate,Supported envelope
Badulla,Yala,Beans,2020,61.31,592.6,Up-country Intermediate,Supported envelope
Badulla,Yala,Big Onion,2020,59.22,692.32,Up-country Intermediate,Supported envelope
Badulla,Yala,Brinjal,2020,89.67,1187.44,Up-country Intermediate,Unverified
Badulla,Yala,Brinjal,2020,56.41,790.43,Up-country Intermediate,Unverified
Badulla,Yala,Cabbage,2020,70.34,1259.72,Up-country Intermediate,Supported envelope
Badulla,Yala,Carrot,2020,75.45,1411.19,Up-country Intermediate,Supported envelope
Badulla,Yala,Cassava,2020,116.27,2928.41,Up-country Intermediate,Supported envelope
Badulla,Yala,Chilli,2020,66.91,492.0,Up-country Intermediate,Supported envelope
Badulla,Yala,Chilli,2020,41.05,313.16,Up-country Intermediate,Supported envelope
Badulla,Yala,Chilli,2020,52.77,441.6,Up-country Intermediate,Supported envelope
Badulla,Yala,Coconut,2020,101.05,2787.3,Up-country Intermediate,Unverified
Badulla,Yala,Green Gram,2020,25.31,173.22,Up-country Intermediate,Supported envelope
Badulla,Yala,Groundnut,2020,61.86,555.65,Up-country Intermediate,Supported envelope
Badulla,Yala,Leeks,2020,89.77,1136.56,Up-country Intermediate,Supported envelope
Badulla,Yala,Okra,2020,47.28,420.11,Up-country Intermediate,Unverified
Badulla,Yala,Papaya,2020,129.4,3587.47,Up-country Intermediate,Unverified
Badulla,Yala,Pepper,2020,40.32,221.87,Up-country Intermediate,Supported envelope
Badulla,Yala,Pepper,2020,37.81,188.04,Up-country Intermediate,Supported envelope
Badulla,Yala,Potato,2020,69.24,1261.96,Up-country Intermediate,Supported envelope
Badulla,Yala,Soybean,2020,56.22,439.09,Up-country Intermediate,Unverified
Badulla,Yala,Tea,2020,255.34,7166.74,Up-country Intermediate,Supported envelope
Badulla,Yala,Watermelon,2020,71.9,1735.5,Up-country Intermediate,Unverified
Badulla,Yala,Watermelon,2020,133.61,2570.81,Up-country Intermediate,Unverified
Badulla,Yala,Watermelon,2020,71.65,1324.07,Up-country Intermediate,Unverified
Batticaloa,Maha,Ash Plantain,2020,162.06,4282.96,Dry,Unverified
Batticaloa,Maha,Banana,2020,139.36,4112.52,Dry,Unverified
Batticaloa,Maha,Big Onion,2020,75.89,804.55,Dry,Supported envelope
Batticaloa,Maha,Brinjal,2020,70.03,765.24,Dry,Unverified
Batticaloa,Maha,Carrot,2020,140.83,2159.14,Dry,Supported envelope
Batticaloa,Maha,Carrot,2020,85.67,1288.43,Dry,Supported envelope
Batticaloa,Maha,Cassava,2020,116.04,2635.85,Dry,Supported envelope
Batticaloa,Maha,Chilli,2020,54.14,435.56,Dry,Supported envelope
Batticaloa,Maha,Cowpea,2020,40.24,283.56,Dry,Supported envelope
Batticaloa,Maha,Cucumber,2020,99.0,1260.84,Dry,Unverified
Batticaloa,Maha,Groundnut,2020,111.72,1439.49,Dry,Supported envelope
Batticaloa,Maha,Maize,2020,97.53,1683.71,Dry,Supported envelope
Batticaloa,Maha,Okra,2020,35.43,294.45,Dry,Unverified
Batticaloa,Maha,Papaya,2020,136.29,3650.47,Dry,Unverified
Batticaloa,Maha,Potato,2020,118.18,2429.25,Dry,Supported envelope
Batticaloa,Maha,Potato,2020,127.92,2863.38,Dry,Supported envelope
Batticaloa,Maha,Pumpkin,2020,144.6,2326.57,Dry,Unverified
Batticaloa,Maha,Sesame,2020,75.37,340.29,Dry,Unverified
Batticaloa,Maha,Snake Gourd,2020,47.24,510.41,Dry,Unverified
Batticaloa,Maha,Snake Gourd,2020,52.14,526.21,Dry,Unverified
Batticaloa,Maha,Sweet Potato,2020,72.24,1130.09,Dry,Supported envelope
Batticaloa,Maha,Watermelon,2020,154.13,2828.72,Dry,Unverified
Batticaloa,Maha,Yam,2020,72.48,970.43,Dry,Unverified
Batticaloa,Yala,Banana,2020,142.89,5077.01,Dry,Unverified
Batticaloa,Yala,Big Onion,2020,64.08,717.21,Dry,Supported envelope
Batticaloa,Yala,Bitter Gourd,2020,58.38,545.32,Dry,Unverified
Batticaloa,Yala,Carrot,2020,77.43,1087.96,Dry,Supported envelope
Batticaloa,Yala,Carrot,2020,78.15,1152.25,Dry,Supported envelope
Batticaloa,Yala,Carrot,2020,68.17,1018.17,Dry,Supported envelope
Batticaloa,Yala,Cassava,2020,135.17,2932.08,Dry,Supported envelope
Batticaloa,Yala,Chilli,2020,32.69,250.63,Dry,Supported envelope
Batticaloa,Yala,Groundnut,2020,49.07,449.34,Dry,Supported envelope
Batticaloa,Yala,Groundnut,2020,76.52,789.19,Dry,Supported envelope
Batticaloa,Yala,Pumpkin,2020,127.03,1991.52,Dry,Unverified
Batticaloa,Yala,Red Onion,2020,48.06,468.16,Dry,Supported envelope
Batticaloa,Yala,Ridge Gourd,2020,52.82,537.5,Dry,Unverified
Batticaloa,Yala,Snake Gourd,2020,49.54,551.98,Dry,Unverified
Batticaloa,Yala,Soybean,2020,72.49,620.4,Dry,Unverified
Batticaloa,Yala,Tomato,2020,121.27,1694.28,Dry,Unverified
Batticaloa,Yala,Watermelon,2020,92.95,1544.63,Dry,Unverified
Batticaloa,Yala,Watermelon,2020,83.98,1791.65,Dry,Unverified
Batticaloa,Yala,Watermelon,2020,130.91,2747.79,Dry,Unverified
Colombo,Maha,Ash Plantain,2020,141.11,3755.9,Wet,Unverified
Colombo,Maha,Banana,2020,156.75,5607.39,Wet,Unverified
Colombo,Maha,Banana,2020,230.16,7678.79,Wet,Unverified
Colombo,Maha,Bitter Gourd,2020,86.58,860.74,Wet,Unverified
Colombo,Maha,Bitter Gourd,2020,71.0,714.28,Wet,Unverified
Colombo,Maha,Bitter Gourd,2020,73.98,772.04,Wet,Unverified
Colombo,Maha,Bitter Gourd,2020,45.03,461.62,Wet,Unverified
Colombo,Maha,Black Gram,2020,65.21,531.52,Wet,Unverified
Colombo,Maha,Carrot,2020,76.33,1212.23,Wet,Supported envelope
Colombo,Maha,Chilli,2020,71.73,595.81,Wet,Supported envelope
Colombo,Maha,Chilli,2020,56.23,387.47,Wet,Supported envelope
Colombo,Maha,Chilli,2020,66.14,468.64,Wet,Supported envelope
Colombo,Maha,Coconut,2020,113.58,3603.1,Wet,Unverified
Colombo,Maha,Ginger,2020,86.23,708.23,Wet,Supported envelope
Colombo,Maha,Mango,2020,150.11,3483.62,Wet,Unverified
Colombo,Maha,Mango,2020,142.72,4026.81,Wet,Unverified
Colombo,Maha,Okra,2020,48.28,321.87,Wet,Unverified
Colombo,Maha,Pumpkin,2020,130.13,1599.32,Wet,Unverified
Colombo,Maha,Red Onion,2020,56.98,659.31,Wet,Supported envelope
Colombo,Maha,Red Onion,2020,72.21,586.63,Wet,Supported envelope
Colombo,Maha,Rice,2020,163.28,3865.09,Wet,Unverified
Colombo,Maha,Ridge Gourd,2020,58.61,631.46,Wet,Unverified
Colombo,Maha,Soybean,2020,47.63,360.61,Wet,Unverified
Colombo,Maha,Sweet Potato,2020,52.08,636.65,Wet,Supported envelope
Colombo,Maha,Watermelon,2020,130.29,2548.05,Wet,Unverified
Colombo,Maha,Watermelon,2020,178.61,3128.87,Wet,Unverified
Colombo,Maha,Watermelon,2020,189.18,4122.65,Wet,Unverified
Colombo,Maha,Watermelon,2020,97.57,2211.16,Wet,Unverified
Colombo,Yala,Ash Plantain,2020,167.51,4661.92,Wet,Unverified
Colombo,Yala,Banana,2020,210.5,6660.3,Wet,Unverified
Colombo,Yala,Banana,2020,108.83,3472.2,Wet,Unverified
Colombo,Yala,Banana,2020,156.16,5730.57,Wet,Unverified
Colombo,Yala,Black Gram,2020,47.93,267.67,Wet,Unverified
Colombo,Yala,Okra,2020,61.41,489.31,Wet,Unverified
Colombo,Yala,Papaya,2020,240.18,5839.59,Wet,Unverified
Colombo,Yala,Pineapple,2020,167.25,5058.42,Wet,Supported envelope
Colombo,Yala,Sesame,2020,46.06,265.11,Wet,Unverified
Colombo,Yala,Soybean,2020,86.37,814.96,Wet,Unverified
Colombo,Yala,Taro,2020,79.81,888.09,Wet,Unverified
Colombo,Yala,Taro,2020,70.56,718.76,Wet,Unverified
Colombo,Yala,Yam,2020,82.86,1163.08,Wet,Unverified
Galle,Maha,Banana,2020,191.96,4878.6,Wet,Unverified
Galle,Maha,Banana,2020,137.05,4504.69,Wet,Unverified
Galle,Maha,Banana,2020,102.01,3003.8,Wet,Unverified
Galle,Maha,Banana,2020,188.58,6062.73,Wet,Unverified
Galle,Maha,Bitter Gourd,2020,47.21,408.04,Wet,Unverified
Galle,Maha,Black Gram,2020,50.94,349.39,Wet,Unverified
Galle,Maha,Brinjal,2020,74.82,1086.15,Wet,Unverified
Galle,Maha,Carrot,2020,92.15,959.83,Wet,Supported envelope
Galle,Maha,Carrot,2020,92.84,1127.2,Wet,Supported envelope
Galle,Maha,Cassava,2020,111.78,2280.42,Wet,Supported envelope
Galle,Maha,Chilli,2020,45.19,331.08,Wet,Supported envelope
Galle,Maha,Chilli,2020,47.62,348.92,Wet,Supported envelope
Galle,Maha,Cinnamon,2020,36.09,141.72,Wet,Supported envelope
Galle,Maha,Cucumber,2020,75.92,1028.54,Wet,Unverified
Galle,Maha,Long Bean,2020,54.54,386.97,Wet,Unverified
Galle,Maha,Mango,2020,102.87,1982.66,Wet,Unverified
Galle,Maha,Mango,2020,137.4,3149.96,Wet,Unverified
Galle,Maha,Papaya,2020,80.25,1906.49,Wet,Unverified
Galle,Maha,Potato,2020,93.34,1451.58,Wet,Supported envelope
Galle,Maha,Rice,2020,114.9,2501.67,Wet,Unverified
Galle,Maha,Sesame,2020,39.65,230.55,Wet,Unverified
Galle,Maha,Sesame,2020,36.75,200.26,Wet,Unverified
Galle,Maha,Snake Gourd,2020,36.91,430.7,Wet,Unverified
Galle,Maha,Watermelon,2020,106.88,2363.47,Wet,Unverified
Galle,Maha,Yam,2020,78.05,1343.45,Wet,Unverified
Galle,Yala,Ash Plantain,2020,102.99,3021.45,Wet,Unverified
Galle,Yala,Banana,2020,146.68,4457.12,Wet,Unverified
Galle,Yala,Banana,2020,140.52,4392.47,Wet,Unverified
Galle,Yala,Banana,2020,208.25,6511.91,Wet,Unverified
Galle,Yala,Black Gram,2020,36.73,219.67,Wet,Unverified
Galle,Yala,Brinjal,2020,49.97,603.85,Wet,Unverified
Galle,Yala,Brinjal,2020,56.09,644.15,Wet,Unverified
Galle,Yala,Carrot,2020,69.36,1123.34,Wet,Supported envelope
Galle,Yala,Chilli,2020,39.47,366.07,Wet,Supported envelope
Galle,Yala,Chilli,2020,42.15,314.99,Wet,Supported envelope
Galle,Yala,Chilli,2020,44.84,376.43,Wet,Supported envelope
Galle,Yala,Coconut,2020,142.66,4569.27,Wet,Unverified
Galle,Yala,Cucumber,2020,72.04,1157.44,Wet,Unverified
Galle,Yala,Ginger,2020,94.79,1049.94,Wet,Supported envelope
Galle,Yala,Mango,2020,98.24,1994.65,Wet,Unverified
Galle,Yala,Mango,2020,107.45,2406.67,Wet,Unverified
Galle,Yala,Okra,2020,59.38,569.26,Wet,Unverified
Galle,Yala,Okra,2020,38.21,327.78,Wet,Unverified
Galle,Yala,Pepper,2020,41.42,201.12,Wet,Supported envelope
Galle,Yala,Pumpkin,2020,70.11,983.9,Wet,Unverified
Galle,Yala,Red Onion,2020,82.52,635.01,Wet,Supported envelope
Galle,Yala,Snake Gourd,2020,58.91,669.72,Wet,Unverified
Galle,Yala,Soybean,2020,49.12,421.02,Wet,Unverified
Galle,Yala,Sweet Potato,2020,87.71,1138.54,Wet,Supported envelope
Galle,Yala,Tea,2020,75.13,2263.71,Wet,Supported envelope
Galle,Yala,Tomato,2020,61.87,739.92,Wet,Unverified
Galle,Yala,Turmeric,2020,46.86,475.71,Wet,Supported envelope
Galle,Yala,Watermelon,2020,83.17,1731.07,Wet,Unverified
Galle,Yala,Watermelon,2020,104.28,1937.77,Wet,Unverified
Galle,Yala,Watermelon,2020,97.48,2062.26,Wet,Unverified
Gampaha,Maha,Banana,2020,301.6,11381.31,Wet,Unverified
Gampaha,Maha,Banana,2020,370.47,10237.77,Wet,Unverified
Gampaha,Maha,Banana,2020,284.76,10190.21,Wet,Unverified
Gampaha,Maha,Banana,2020,270.25,8536.55,Wet,Unverified
Gampaha,Maha,Banana,2020,244.78,8023.11,Wet,Unverified
Gampaha,Maha,Black Gram,2020,50.46,326.77,Wet,Unverified
Gampaha,Maha,Carrot,2020,92.16,1256.17,Wet,Supported envelope
Gampaha,Maha,Carrot,2020,101.44,1375.24,Wet,Supported envelope
Gampaha,Maha,Carrot,2020,176.32,2321.21,Wet,Supported envelope
Gampaha,Maha,Chilli,2020,107.45,724.17,Wet,Supported envelope
Gampaha,Maha,Coconut,2020,310.65,8167.62,Wet,Unverified
Gampaha,Maha,Cowpea,2020,79.46,514.04,Wet,Supported envelope
Gampaha,Maha,Ginger,2020,110.54,1246.42,Wet,Supported envelope
Gampaha,Maha,Green Gram,2020,80.71,558.32,Wet,Supported envelope
Gampaha,Maha,Maize,2020,136.16,2528.7,Wet,Supported envelope
Gampaha,Maha,Pineapple,2020,136.94,2811.42,Wet,Supported envelope
Gampaha,Maha,Ridge Gourd,2020,106.1,1039.62,Wet,Unverified
Gampaha,Maha,Ridge Gourd,2020,113.83,1078.55,Wet,Unverified
Gampaha,Yala,Banana,2020,305.15,9667.17,Wet,Unverified
Gampaha,Yala,Banana,2020,292.16,8054.34,Wet,Unverified
Gampaha,Yala,Banana,2020,297.77,9791.29,Wet,Unverified
Gampaha,Yala,Black Gram,2020,59.45,393.43,Wet,Unverified
Gampaha,Yala,Brinjal,2020,88.4,1048.71,Wet,Unverified
Gampaha,Yala,Brinjal,2020,91.73,995.41,Wet,Unverified
Gampaha,Yala,Carrot,2020,131.23,2000.27,Wet,Supported envelope
Gampaha,Yala,Carrot,2020,147.65,2608.35,Wet,Supported envelope
Gampaha,Yala,Chilli,2020,49.79,416.65,Wet,Supported envelope
Gampaha,Yala,Chilli,2020,51.57,463.89,Wet,Supported envelope
Gampaha,Yala,Chilli,2020,97.09,614.14,Wet,Supported envelope
Gampaha,Yala,Cowpea,2020,74.2,530.93,Wet,Supported envelope
Gampaha,Yala,Cowpea,2020,86.7,561.74,Wet,Supported envelope
Gampaha,Yala,Potato,2020,158.57,2895.21,Wet,Supported envelope
Gampaha,Yala,Rice,2020,148.17,3158.07,Wet,Unverified
Gampaha,Yala,Sesame,2020,67.72,465.2,Wet,Unverified
Gampaha,Yala,Soybean,2020,124.05,1172.26,Wet,Unverified
Gampaha,Yala,Tomato,2020,122.11,1455.25,Wet,Unverified
Gampaha,Yala,Turmeric,2020,65.97,664.95,Wet,Supported envelope
Gampaha,Yala,Watermelon,2020,176.32,3271.92,Wet,Unverified
Gampaha,Yala,Watermelon,2020,152.51,2977.05,Wet,Unverified
Gampaha,Yala,Watermelon,2020,139.02,2889.15,Wet,Unverified
Hambantota,Maha,Ash Plantain,2020,197.31,6391.22,Dry/Intermediate,Unverified
Hambantota,Maha,Banana,2020,214.99,6989.22,Dry/Intermediate,Unverified
Hambantota,Maha,Banana,2020,257.85,6824.44,Dry/Intermediate,Unverified
Hambantota,Maha,Bitter Gourd,2020,77.38,856.09,Dry/Intermediate,Unverified
Hambantota,Maha,Black Gram,2020,64.03,399.04,Dry/Intermediate,Unverified
Hambantota,Maha,Cassava,2020,218.8,4346.1,Dry/Intermediate,Supported envelope
Hambantota,Maha,Chilli,2020,84.13,644.22,Dry/Intermediate,Supported envelope
Hambantota,Maha,Coconut,2020,214.92,6381.44,Dry/Intermediate,Unverified
Hambantota,Maha,Cucumber,2020,131.35,2183.35,Dry/Intermediate,Unverified
Hambantota,Maha,Ginger,2020,69.38,679.45,Dry/Intermediate,Supported envelope
Hambantota,Maha,Ginger,2020,101.5,1250.5,Dry/Intermediate,Supported envelope
Hambantota,Maha,Green Gram,2020,76.91,474.93,Dry/Intermediate,Supported envelope
Hambantota,Maha,Long Bean,2020,66.2,663.18,Dry/Intermediate,Unverified
Hambantota,Maha,Long Bean,2020,92.02,815.33,Dry/Intermediate,Unverified
Hambantota,Maha,Mango,2020,243.86,5434.76,Dry/Intermediate,Unverified
Hambantota,Maha,Papaya,2020,94.73,2217.27,Dry/Intermediate,Unverified
Hambantota,Maha,Papaya,2020,261.46,6835.64,Dry/Intermediate,Unverified
Hambantota,Maha,Potato,2020,127.42,2363.8,Dry/Intermediate,Supported envelope
Hambantota,Maha,Pumpkin,2020,95.62,1431.94,Dry/Intermediate,Unverified
Hambantota,Maha,Red Onion,2020,114.18,1182.0,Dry/Intermediate,Supported envelope
Hambantota,Maha,Red Onion,2020,81.46,885.14,Dry/Intermediate,Supported envelope
Hambantota,Maha,Red Onion,2020,52.04,504.13,Dry/Intermediate,Supported envelope
Hambantota,Maha,Rice,2020,100.01,1722.19,Dry/Intermediate,Unverified
Hambantota,Maha,Rice,2020,162.49,3671.43,Dry/Intermediate,Unverified
Hambantota,Maha,Rice,2020,140.79,2739.0,Dry/Intermediate,Unverified
Hambantota,Maha,Rice,2020,104.15,2401.72,Dry/Intermediate,Unverified
Hambantota,Maha,Ridge Gourd,2020,54.27,567.95,Dry/Intermediate,Unverified
Hambantota,Maha,Sesame,2020,68.94,464.75,Dry/Intermediate,Unverified
Hambantota,Maha,Sesame,2020,57.17,422.02,Dry/Intermediate,Unverified
Hambantota,Maha,Sesame,2020,51.29,301.9,Dry/Intermediate,Unverified
Hambantota,Maha,Watermelon,2020,276.4,5540.13,Dry/Intermediate,Unverified
Hambantota,Yala,Banana,2020,244.27,7257.74,Dry/Intermediate,Unverified
Hambantota,Yala,Banana,2020,182.88,5603.66,Dry/Intermediate,Unverified
Hambantota,Yala,Brinjal,2020,72.56,1087.1,Dry/Intermediate,Unverified
Hambantota,Yala,Carrot,2020,106.3,1608.05,Dry/Intermediate,Supported envelope
Hambantota,Yala,Carrot,2020,75.32,866.56,Dry/Intermediate,Supported envelope
Hambantota,Yala,Carrot,2020,105.06,1415.94,Dry/Intermediate,Supported envelope
Hambantota,Yala,Carrot,2020,83.64,1439.16,Dry/Intermediate,Supported envelope
Hambantota,Yala,Carrot,2020,89.27,1448.22,Dry/Intermediate,Supported envelope
Hambantota,Yala,Carrot,2020,124.34,1782.57,Dry/Intermediate,Supported envelope
Hambantota,Yala,Chilli,2020,70.43,486.95,Dry/Intermediate,Supported envelope
Hambantota,Yala,Chilli,2020,83.23,633.95,Dry/Intermediate,Supported envelope
Hambantota,Yala,Chilli,2020,81.41,645.68,Dry/Intermediate,Supported envelope
Hambantota,Yala,Chilli,2020,128.35,895.48,Dry/Intermediate,Supported envelope
Hambantota,Yala,Chilli,2020,85.24,503.3,Dry/Intermediate,Supported envelope
Hambantota,Yala,Coconut,2020,219.95,8359.41,Dry/Intermediate,Unverified
Hambantota,Yala,Cowpea,2020,82.1,761.1,Dry/Intermediate,Supported envelope
Hambantota,Yala,Ginger,2020,72.99,792.33,Dry/Intermediate,Supported envelope
Hambantota,Yala,Green Gram,2020,53.32,349.77,Dry/Intermediate,Supported envelope
Hambantota,Yala,Maize,2020,92.74,1440.87,Dry/Intermediate,Supported envelope
Hambantota,Yala,Okra,2020,63.51,657.63,Dry/Intermediate,Unverified
Hambantota,Yala,Papaya,2020,267.09,6672.77,Dry/Intermediate,Unverified
Hambantota,Yala,Potato,2020,93.62,1826.3,Dry/Intermediate,Supported envelope
Hambantota,Yala,Potato,2020,146.15,2430.91,Dry/Intermediate,Supported envelope
Hambantota,Yala,Snake Gourd,2020,65.76,627.31,Dry/Intermediate,Unverified
Hambantota,Yala,Turmeric,2020,72.73,757.07,Dry/Intermediate,Supported envelope
Hambantota,Yala,Watermelon,2020,281.48,6112.57,Dry/Intermediate,Unverified
Hambantota,Yala,Watermelon,2020,295.19,5704.3,Dry/Intermediate,Unverified
Hambantota,Yala,Watermelon,2020,252.34,4431.71,Dry/Intermediate,Unverified
Hambantota,Yala,Yam,2020,133.38,2094.82,Dry/Intermediate,Unverified
Jaffna,Maha,Ash Plantain,2020,341.54,11401.64,Dry,Unverified
Jaffna,Maha,Banana,2020,210.73,6758.82,Dry,Unverified
Jaffna,Maha,Big Onion,2020,64.03,694.01,Dry,Supported envelope
Jaffna,Maha,Bitter Gourd,2020,81.07,1092.04,Dry,Unverified
Jaffna,Maha,Bitter Gourd,2020,88.07,880.95,Dry,Unverified
Jaffna,Maha,Black Gram,2020,88.29,539.43,Dry,Unverified
Jaffna,Maha,Black Gram,2020,65.12,334.88,Dry,Unverified
Jaffna,Maha,Carrot,2020,97.9,1212.33,Dry,Supported envelope
Jaffna,Maha,Carrot,2020,174.93,2595.26,Dry,Supported envelope
Jaffna,Maha,Carrot,2020,116.2,1447.17,Dry,Supported envelope
Jaffna,Maha,Carrot,2020,132.56,1769.63,Dry,Supported envelope
Jaffna,Maha,Carrot,2020,101.53,1449.32,Dry,Supported envelope
Jaffna,Maha,Carrot,2020,101.74,1670.05,Dry,Supported envelope
Jaffna,Maha,Carrot,2020,96.74,1702.29,Dry,Supported envelope
Jaffna,Maha,Carrot,2020,149.16,2352.83,Dry,Supported envelope
Jaffna,Maha,Cassava,2020,138.98,3016.67,Dry,Supported envelope
Jaffna,Maha,Cassava,2020,139.87,3436.16,Dry,Supported envelope
Jaffna,Maha,Chilli,2020,68.83,592.5,Dry,Supported envelope
Jaffna,Maha,Cowpea,2020,79.8,614.82,Dry,Supported envelope
Jaffna,Maha,Cucumber,2020,141.94,2285.22,Dry,Unverified
Jaffna,Maha,Long Bean,2020,97.4,796.03,Dry,Unverified
Jaffna,Maha,Papaya,2020,118.16,3142.69,Dry,Unverified
Jaffna,Maha,Potato,2020,119.66,2375.68,Dry,Supported envelope
Jaffna,Maha,Pumpkin,2020,105.23,1632.9,Dry,Unverified
Jaffna,Maha,Rice,2020,123.43,2438.25,Dry,Unverified
Jaffna,Maha,Rice,2020,164.34,3597.66,Dry,Unverified
Jaffna,Maha,Ridge Gourd,2020,64.77,608.22,Dry,Unverified
Jaffna,Maha,Turmeric,2020,94.42,1052.85,Dry,Supported envelope
Jaffna,Maha,Turmeric,2020,112.58,826.54,Dry,Supported envelope
Jaffna,Maha,Watermelon,2020,135.71,2289.48,Dry,Unverified
Jaffna,Maha,Watermelon,2020,103.84,2218.77,Dry,Unverified
Jaffna,Yala,Banana,2020,280.96,7875.23,Dry,Unverified
Jaffna,Yala,Big Onion,2020,87.45,864.06,Dry,Supported envelope
Jaffna,Yala,Black Gram,2020,82.57,512.44,Dry,Unverified
Jaffna,Yala,Carrot,2020,108.63,1915.09,Dry,Supported envelope
Jaffna,Yala,Carrot,2020,109.92,1646.99,Dry,Supported envelope
Jaffna,Yala,Carrot,2020,83.47,1250.73,Dry,Supported envelope
Jaffna,Yala,Cassava,2020,132.48,2936.93,Dry,Supported envelope
Jaffna,Yala,Chilli,2020,75.5,647.43,Dry,Supported envelope
Jaffna,Yala,Coconut,2020,182.1,5431.62,Dry,Unverified
Jaffna,Yala,Groundnut,2020,83.85,806.88,Dry,Supported envelope
Jaffna,Yala,Groundnut,2020,77.61,842.31,Dry,Supported envelope
Jaffna,Yala,Long Bean,2020,103.12,1037.82,Dry,Unverified
Jaffna,Yala,Long Bean,2020,74.95,589.57,Dry,Unverified
Jaffna,Yala,Maize,2020,145.06,2274.92,Dry,Supported envelope
Jaffna,Yala,Maize,2020,135.14,1795.14,Dry,Supported envelope
Jaffna,Yala,Maize,2020,134.83,2038.64,Dry,Supported envelope
Jaffna,Yala,Mango,2020,183.55,4233.48,Dry,Unverified
Jaffna,Yala,Okra,2020,89.01,758.89,Dry,Unverified
Jaffna,Yala,Okra,2020,68.54,605.09,Dry,Unverified
Jaffna,Yala,Okra,2020,72.36,550.02,Dry,Unverified
Jaffna,Yala,Potato,2020,138.93,2453.48,Dry,Supported envelope
Jaffna,Yala,Potato,2020,137.37,2999.64,Dry,Supported envelope
Jaffna,Yala,Potato,2020,109.25,1815.24,Dry,Supported envelope
Jaffna,Yala,Pumpkin,2020,100.11,1715.89,Dry,Unverified
Jaffna,Yala,Pumpkin,2020,100.08,1403.53,Dry,Unverified
Jaffna,Yala,Red Onion,2020,208.32,1695.11,Dry,Supported envelope
Jaffna,Yala,Ridge Gourd,2020,89.74,982.31,Dry,Unverified
Jaffna,Yala,Ridge Gourd,2020,83.91,693.25,Dry,Unverified
Jaffna,Yala,Sesame,2020,64.75,381.64,Dry,Unverified
Jaffna,Yala,Snake Gourd,2020,100.87,878.22,Dry,Unverified
Jaffna,Yala,Sweet Potato,2020,125.42,1424.43,Dry,Supported envelope
Jaffna,Yala,Turmeric,2020,90.11,1242.7,Dry,Supported envelope
Jaffna,Yala,Watermelon,2020,107.65,2329.36,Dry,Unverified
Jaffna,Yala,Yam,2020,110.6,1588.88,Dry,Unverified
Kalutara,Maha,Ash Plantain,2020,161.1,5539.62,Wet,Unverified
Kalutara,Maha,Banana,2020,127.85,3734.56,Wet,Unverified
Kalutara,Maha,Banana,2020,280.18,8571.06,Wet,Unverified
Kalutara,Maha,Banana,2020,342.47,10398.43,Wet,Unverified
Kalutara,Maha,Banana,2020,214.11,5943.24,Wet,Unverified
Kalutara,Maha,Banana,2020,157.21,5719.28,Wet,Unverified
Kalutara,Maha,Bitter Gourd,2020,61.79,540.34,Wet,Unverified
Kalutara,Maha,Brinjal,2020,109.09,1343.17,Wet,Unverified
Kalutara,Maha,Carrot,2020,78.85,1220.44,Wet,Supported envelope
Kalutara,Maha,Cassava,2020,258.94,6749.47,Wet,Supported envelope
Kalutara,Maha,Chilli,2020,69.67,487.02,Wet,Supported envelope
Kalutara,Maha,Coconut,2020,211.31,4483.17,Wet,Unverified
Kalutara,Maha,Coconut,2020,285.73,9747.76,Wet,Unverified
Kalutara,Maha,Ginger,2020,91.55,965.86,Wet,Supported envelope
Kalutara,Maha,Long Bean,2020,78.28,678.1,Wet,Unverified
Kalutara,Maha,Mango,2020,184.65,4197.38,Wet,Unverified
Kalutara,Maha,Pepper,2020,43.63,239.09,Wet,Supported envelope
Kalutara,Maha,Pepper,2020,50.59,246.97,Wet,Supported envelope
Kalutara,Maha,Red Onion,2020,59.6,493.68,Wet,Supported envelope
Kalutara,Maha,Rice,2020,175.78,3919.62,Wet,Unverified
Kalutara,Maha,Sesame,2020,32.35,244.93,Wet,Unverified
Kalutara,Maha,Snake Gourd,2020,109.82,990.77,Wet,Unverified
Kalutara,Maha,Taro,2020,133.39,1447.58,Wet,Unverified
Kalutara,Maha,Tea,2020,170.48,5718.69,Wet,Supported envelope
Kalutara,Maha,Tomato,2020,94.25,1054.78,Wet,Unverified
Kalutara,Maha,Watermelon,2020,128.0,2506.49,Wet,Unverified
Kalutara,Maha,Watermelon,2020,200.88,3645.74,Wet,Unverified
Kalutara,Maha,Watermelon,2020,155.39,3134.89,Wet,Unverified
Kalutara,Yala,Ash Plantain,2020,241.9,8550.6,Wet,Unverified
Kalutara,Yala,Banana,2020,264.84,6598.72,Wet,Unverified
Kalutara,Yala,Banana,2020,242.69,6542.9,Wet,Unverified
Kalutara,Yala,Bitter Gourd,2020,88.22,890.33,Wet,Unverified
Kalutara,Yala,Carrot,2020,116.48,1789.34,Wet,Supported envelope
Kalutara,Yala,Cassava,2020,243.03,6470.87,Wet,Supported envelope
Kalutara,Yala,Chilli,2020,69.57,542.82,Wet,Supported envelope
Kalutara,Yala,Chilli,2020,51.63,374.06,Wet,Supported envelope
Kalutara,Yala,Chilli,2020,82.21,773.74,Wet,Supported envelope
Kalutara,Yala,Cinnamon,2020,41.99,213.14,Wet,Supported envelope
Kalutara,Yala,Cucumber,2020,116.08,1731.79,Wet,Unverified
Kalutara,Yala,Mango,2020,179.45,4177.08,Wet,Unverified
Kalutara,Yala,Okra,2020,96.22,837.22,Wet,Unverified
Kalutara,Yala,Papaya,2020,259.45,7861.38,Wet,Unverified
Kalutara,Yala,Pumpkin,2020,113.71,1526.18,Wet,Unverified
Kalutara,Yala,Snake Gourd,2020,73.64,835.48,Wet,Unverified
Kalutara,Yala,Soybean,2020,77.82,738.17,Wet,Unverified
Kalutara,Yala,Taro,2020,139.89,1715.23,Wet,Unverified
Kalutara,Yala,Tomato,2020,91.54,1006.07,Wet,Unverified
Kalutara,Yala,Turmeric,2020,106.2,1097.41,Wet,Supported envelope
Kalutara,Yala,Yam,2020,111.2,1619.43,Wet,Unverified
Kandy,Maha,Banana,2020,272.19,7789.9,Up-country Wet/Intermediate,Unverified
Kandy,Maha,Banana,2020,196.37,6158.22,Up-country Wet/Intermediate,Unverified
Kandy,Maha,Banana,2020,189.06,5273.07,Up-country Wet/Intermediate,Unverified
Kandy,Maha,Banana,2020,193.24,6545.38,Up-country Wet/Intermediate,Unverified
Kandy,Maha,Banana,2020,193.34,6750.61,Up-country Wet/Intermediate,Unverified
Kandy,Maha,Beans,2020,91.83,932.99,Up-country Wet/Intermediate,Supported envelope
Kandy,Maha,Beans,2020,80.48,817.75,Up-country Wet/Intermediate,Supported envelope
Kandy,Maha,Beans,2020,58.54,482.42,Up-country Wet/Intermediate,Supported envelope
Kandy,Maha,Cabbage,2020,75.1,1081.84,Up-country Wet/Intermediate,Supported envelope
Kandy,Maha,Carrot,2020,75.31,982.83,Up-country Wet/Intermediate,Supported envelope
Kandy,Maha,Cauliflower,2020,106.91,1338.15,Up-country Wet/Intermediate,Supported envelope
Kandy,Maha,Cauliflower,2020,109.18,1095.49,Up-country Wet/Intermediate,Supported envelope
Kandy,Maha,Chilli,2020,112.66,840.67,Up-country Wet/Intermediate,Supported envelope
Kandy,Maha,Chilli,2020,49.73,357.41,Up-country Wet/Intermediate,Supported envelope
Kandy,Maha,Chilli,2020,128.71,1001.52,Up-country Wet/Intermediate,Supported envelope
Kandy,Maha,Coconut,2020,319.74,11917.15,Up-country Wet/Intermediate,Unverified
Kandy,Maha,Coconut,2020,217.77,5721.69,Up-country Wet/Intermediate,Unverified
Kandy,Maha,Cowpea,2020,54.48,383.19,Up-country Wet/Intermediate,Supported envelope
Kandy,Maha,Cucumber,2020,106.32,1339.77,Up-country Wet/Intermediate,Unverified
Kandy,Maha,Groundnut,2020,70.0,618.7,Up-country Wet/Intermediate,Supported envelope
Kandy,Maha,Groundnut,2020,67.27,607.31,Up-country Wet/Intermediate,Supported envelope
Kandy,Maha,Groundnut,2020,152.31,1493.97,Up-country Wet/Intermediate,Supported envelope
Kandy,Maha,Groundnut,2020,84.14,957.71,Up-country Wet/Intermediate,Supported envelope
Kandy,Maha,Leeks,2020,78.59,955.15,Up-country Wet/Intermediate,Supported envelope
Kandy,Maha,Leeks,2020,109.48,1371.58,Up-country Wet/Intermediate,Supported envelope
Kandy,Maha,Leeks,2020,129.49,1424.99,Up-country Wet/Intermediate,Supported envelope
Kandy,Maha,Maize,2020,108.62,1708.66,Up-country Wet/Intermediate,Supported envelope
Kandy,Maha,Maize,2020,81.0,1348.41,Up-country Wet/Intermediate,Supported envelope
Kandy,Maha,Maize,2020,103.19,1646.66,Up-country Wet/Intermediate,Supported envelope
Kandy,Maha,Pepper,2020,54.34,238.73,Up-country Wet/Intermediate,Supported envelope
Kandy,Maha,Pepper,2020,52.65,316.76,Up-country Wet/Intermediate,Supported envelope
Kandy,Maha,Pepper,2020,66.93,329.47,Up-country Wet/Intermediate,Supported envelope
Kandy,Maha,Pumpkin,2020,115.84,1841.77,Up-country Wet/Intermediate,Unverified
Kandy,Maha,Red Onion,2020,43.08,378.04,Up-country Wet/Intermediate,Supported envelope
Kandy,Maha,Ridge Gourd,2020,112.74,1247.21,Up-country Wet/Intermediate,Unverified
Kandy,Maha,Snake Gourd,2020,68.52,653.77,Up-country Wet/Intermediate,Unverified
Kandy,Maha,Sweet Potato,2020,102.21,1355.65,Up-country Wet/Intermediate,Supported envelope
Kandy,Maha,Tea,2020,271.11,7070.25,Up-country Wet/Intermediate,Supported envelope
Kandy,Maha,Tea,2020,162.03,4588.79,Up-country Wet/Intermediate,Supported envelope
Kandy,Maha,Turmeric,2020,77.33,821.56,Up-country Wet/Intermediate,Supported envelope
Kandy,Maha,Watermelon,2020,161.38,3376.19,Up-country Wet/Intermediate,Unverified
Kandy,Maha,Watermelon,2020,109.02,2154.79,Up-country Wet/Intermediate,Unverified
Kandy,Maha,Yam,2020,56.9,944.84,Up-country Wet/Intermediate,Unverified
Kandy,Yala,Ash Plantain,2020,277.99,7802.7,Up-country Wet/Intermediate,Unverified
Kandy,Yala,Banana,2020,242.93,8557.48,Up-country Wet/Intermediate,Unverified
Kandy,Yala,Beans,2020,76.77,879.56,Up-country Wet/Intermediate,Supported envelope
Kandy,Yala,Beans,2020,100.67,1013.43,Up-country Wet/Intermediate,Supported envelope
Kandy,Yala,Bitter Gourd,2020,71.37,774.74,Up-country Wet/Intermediate,Unverified
Kandy,Yala,Bitter Gourd,2020,91.49,848.64,Up-country Wet/Intermediate,Unverified
Kandy,Yala,Brinjal,2020,103.62,1193.76,Up-country Wet/Intermediate,Unverified
Kandy,Yala,Cabbage,2020,100.86,1425.2,Up-country Wet/Intermediate,Supported envelope
Kandy,Yala,Carrot,2020,145.39,2720.97,Up-country Wet/Intermediate,Supported envelope
Kandy,Yala,Carrot,2020,149.9,1969.92,Up-country Wet/Intermediate,Supported envelope
Kandy,Yala,Carrot,2020,100.13,1311.51,Up-country Wet/Intermediate,Supported envelope
Kandy,Yala,Cassava,2020,151.17,3084.72,Up-country Wet/Intermediate,Supported envelope
Kandy,Yala,Cassava,2020,194.84,4228.49,Up-country Wet/Intermediate,Supported envelope
Kandy,Yala,Cauliflower,2020,98.79,840.84,Up-country Wet/Intermediate,Supported envelope
Kandy,Yala,Chilli,2020,76.11,687.98,Up-country Wet/Intermediate,Supported envelope
Kandy,Yala,Chilli,2020,74.99,624.86,Up-country Wet/Intermediate,Supported envelope
Kandy,Yala,Coconut,2020,253.36,8957.17,Up-country Wet/Intermediate,Unverified
Kandy,Yala,Coconut,2020,209.92,6889.7,Up-country Wet/Intermediate,Unverified
Kandy,Yala,Cowpea,2020,48.76,392.52,Up-country Wet/Intermediate,Supported envelope
Kandy,Yala,Cowpea,2020,61.72,528.09,Up-country Wet/Intermediate,Supported envelope
Kandy,Yala,Cucumber,2020,98.17,1249.38,Up-country Wet/Intermediate,Unverified
Kandy,Yala,Leeks,2020,116.48,1283.06,Up-country Wet/Intermediate,Supported envelope
Kandy,Yala,Long Bean,2020,53.32,522.63,Up-country Wet/Intermediate,Unverified
Kandy,Yala,Maize,2020,106.43,1818.57,Up-country Wet/Intermediate,Supported envelope
Kandy,Yala,Mango,2020,153.26,3024.02,Up-country Wet/Intermediate,Unverified
Kandy,Yala,Mango,2020,211.75,5903.05,Up-country Wet/Intermediate,Unverified
Kandy,Yala,Papaya,2020,140.56,3650.99,Up-country Wet/Intermediate,Unverified
Kandy,Yala,Pepper,2020,31.01,180.33,Up-country Wet/Intermediate,Supported envelope
Kandy,Yala,Potato,2020,122.91,2433.67,Up-country Wet/Intermediate,Supported envelope
Kandy,Yala,Potato,2020,148.07,2700.2,Up-country Wet/Intermediate,Supported envelope
Kandy,Yala,Ridge Gourd,2020,92.97,1010.72,Up-country Wet/Intermediate,Unverified
Kandy,Yala,Sesame,2020,66.64,357.5,Up-country Wet/Intermediate,Unverified
Kandy,Yala,Tea,2020,210.69,4734.43,Up-country Wet/Intermediate,Supported envelope
Kandy,Yala,Tea,2020,243.78,6327.03,Up-country Wet/Intermediate,Supported envelope
Kandy,Yala,Turmeric,2020,68.98,627.43,Up-country Wet/Intermediate,Supported envelope
Kandy,Yala,Watermelon,2020,166.28,3723.96,Up-country Wet/Intermediate,Unverified
Kandy,Yala,Watermelon,2020,198.13,3516.81,Up-country Wet/Intermediate,Unverified
Kandy,Yala,Watermelon,2020,122.39,2449.77,Up-country Wet/Intermediate,Unverified
Kandy,Yala,Watermelon,2020,157.18,2953.83,Up-country Wet/Intermediate,Unverified
Kandy,Yala,Watermelon,2020,101.91,2213.22,Up-country Wet/Intermediate,Unverified
Kandy,Yala,Watermelon,2020,156.54,3352.42,Up-country Wet/Intermediate,Unverified
Kandy,Yala,Watermelon,2020,109.9,1782.08,Up-country Wet/Intermediate,Unverified
Kegalle,Maha,Banana,2020,163.49,6735.25,Wet/Intermediate,Unverified
Kegalle,Maha,Banana,2020,235.34,6405.51,Wet/Intermediate,Unverified
Kegalle,Maha,Banana,2020,210.21,6649.85,Wet/Intermediate,Unverified
Kegalle,Maha,Banana,2020,217.9,7385.07,Wet/Intermediate,Unverified
Kegalle,Maha,Banana,2020,175.79,5869.83,Wet/Intermediate,Unverified
Kegalle,Maha,Banana,2020,169.68,5379.06,Wet/Intermediate,Unverified
Kegalle,Maha,Banana,2020,182.99,6346.19,Wet/Intermediate,Unverified
Kegalle,Maha,Beans,2020,96.16,968.57,Wet/Intermediate,Supported envelope
Kegalle,Maha,Black Gram,2020,59.65,353.91,Wet/Intermediate,Unverified
Kegalle,Maha,Brinjal,2020,129.47,1554.93,Wet/Intermediate,Unverified
Kegalle,Maha,Cabbage,2020,131.26,1864.71,Wet/Intermediate,Supported envelope
Kegalle,Maha,Carrot,2020,135.41,1676.0,Wet/Intermediate,Supported envelope
Kegalle,Maha,Carrot,2020,74.36,1118.18,Wet/Intermediate,Supported envelope
Kegalle,Maha,Carrot,2020,78.11,1568.39,Wet/Intermediate,Supported envelope
Kegalle,Maha,Carrot,2020,100.55,1279.01,Wet/Intermediate,Supported envelope
Kegalle,Maha,Cassava,2020,143.54,3125.92,Wet/Intermediate,Supported envelope
Kegalle,Maha,Cauliflower,2020,92.0,1123.96,Wet/Intermediate,Supported envelope
Kegalle,Maha,Chilli,2020,74.08,509.37,Wet/Intermediate,Supported envelope
Kegalle,Maha,Chilli,2020,51.61,437.56,Wet/Intermediate,Supported envelope
Kegalle,Maha,Chilli,2020,48.8,303.13,Wet/Intermediate,Supported envelope
Kegalle,Maha,Cinnamon,2020,35.55,168.67,Wet/Intermediate,Supported envelope
Kegalle,Maha,Coconut,2020,167.21,4558.87,Wet/Intermediate,Unverified
Kegalle,Maha,Cucumber,2020,101.55,1376.87,Wet/Intermediate,Unverified
Kegalle,Maha,Green Gram,2020,57.04,450.91,Wet/Intermediate,Supported envelope
Kegalle,Maha,Maize,2020,94.46,1296.72,Wet/Intermediate,Supported envelope
Kegalle,Maha,Papaya,2020,186.7,6002.99,Wet/Intermediate,Unverified
Kegalle,Maha,Pepper,2020,47.01,203.02,Wet/Intermediate,Supported envelope
Kegalle,Maha,Pepper,2020,57.05,229.92,Wet/Intermediate,Supported envelope
Kegalle,Maha,Pepper,2020,35.14,200.17,Wet/Intermediate,Supported envelope
Kegalle,Maha,Pineapple,2020,79.85,2257.47,Wet/Intermediate,Supported envelope
Kegalle,Maha,Pineapple,2020,150.01,2990.48,Wet/Intermediate,Supported envelope
Kegalle,Maha,Pineapple,2020,124.16,2865.22,Wet/Intermediate,Supported envelope
Kegalle,Maha,Pineapple,2020,113.83,2723.8,Wet/Intermediate,Supported envelope
Kegalle,Maha,Red Onion,2020,92.6,800.0,Wet/Intermediate,Supported envelope
Kegalle,Maha,Rice,2020,103.44,2446.59,Wet/Intermediate,Unverified
Kegalle,Maha,Sweet Potato,2020,102.32,1290.66,Wet/Intermediate,Supported envelope
Kegalle,Maha,Sweet Potato,2020,88.73,1017.92,Wet/Intermediate,Supported envelope
Kegalle,Maha,Taro,2020,96.91,1192.23,Wet/Intermediate,Unverified
Kegalle,Maha,Turmeric,2020,56.59,656.36,Wet/Intermediate,Supported envelope
Kegalle,Maha,Watermelon,2020,106.09,2148.14,Wet/Intermediate,Unverified
Kegalle,Maha,Watermelon,2020,121.52,2593.95,Wet/Intermediate,Unverified
Kegalle,Maha,Watermelon,2020,107.32,2518.57,Wet/Intermediate,Unverified
Kegalle,Maha,Watermelon,2020,117.12,2289.09,Wet/Intermediate,Unverified
Kegalle,Yala,Ash Plantain,2020,198.73,5943.21,Wet/Intermediate,Unverified
Kegalle,Yala,Banana,2020,169.81,5495.3,Wet/Intermediate,Unverified
Kegalle,Yala,Banana,2020,233.68,7410.01,Wet/Intermediate,Unverified
Kegalle,Yala,Banana,2020,182.38,7144.22,Wet/Intermediate,Unverified
Kegalle,Yala,Beans,2020,64.66,649.52,Wet/Intermediate,Supported envelope
Kegalle,Yala,Beans,2020,79.32,861.43,Wet/Intermediate,Supported envelope
Kegalle,Yala,Beans,2020,56.2,550.29,Wet/Intermediate,Supported envelope
Kegalle,Yala,Bitter Gourd,2020,71.19,611.71,Wet/Intermediate,Unverified
Kegalle,Yala,Black Gram,2020,60.69,351.33,Wet/Intermediate,Unverified
Kegalle,Yala,Cabbage,2020,115.31,1801.09,Wet/Intermediate,Supported envelope
Kegalle,Yala,Carrot,2020,102.5,1647.6,Wet/Intermediate,Supported envelope
Kegalle,Yala,Cassava,2020,141.54,3985.3,Wet/Intermediate,Supported envelope
Kegalle,Yala,Chilli,2020,76.43,564.7,Wet/Intermediate,Supported envelope
Kegalle,Yala,Chilli,2020,52.47,432.4,Wet/Intermediate,Supported envelope
Kegalle,Yala,Chilli,2020,73.7,498.46,Wet/Intermediate,Supported envelope
Kegalle,Yala,Chilli,2020,74.46,568.37,Wet/Intermediate,Supported envelope
Kegalle,Yala,Chilli,2020,58.71,582.11,Wet/Intermediate,Supported envelope
Kegalle,Yala,Cinnamon,2020,33.44,152.91,Wet/Intermediate,Supported envelope
Kegalle,Yala,Ginger,2020,84.76,948.37,Wet/Intermediate,Supported envelope
Kegalle,Yala,Green Gram,2020,39.43,245.01,Wet/Intermediate,Supported envelope
Kegalle,Yala,Green Gram,2020,52.58,344.24,Wet/Intermediate,Supported envelope
Kegalle,Yala,Maize,2020,122.25,1826.53,Wet/Intermediate,Supported envelope
Kegalle,Yala,Papaya,2020,175.74,4605.25,Wet/Intermediate,Unverified
Kegalle,Yala,Papaya,2020,184.61,4509.98,Wet/Intermediate,Unverified
Kegalle,Yala,Pineapple,2020,130.89,2987.69,Wet/Intermediate,Supported envelope
Kegalle,Yala,Potato,2020,144.94,2241.3,Wet/Intermediate,Supported envelope
Kegalle,Yala,Pumpkin,2020,121.66,1822.37,Wet/Intermediate,Unverified
Kegalle,Yala,Pumpkin,2020,78.18,1151.32,Wet/Intermediate,Unverified
Kegalle,Yala,Ridge Gourd,2020,72.55,660.01,Wet/Intermediate,Unverified
Kegalle,Yala,Soybean,2020,55.88,496.57,Wet/Intermediate,Unverified
Kegalle,Yala,Soybean,2020,38.02,370.2,Wet/Intermediate,Unverified
Kegalle,Yala,Soybean,2020,57.75,580.32,Wet/Intermediate,Unverified
Kegalle,Yala,Sweet Potato,2020,86.21,1139.0,Wet/Intermediate,Supported envelope
Kegalle,Yala,Turmeric,2020,90.18,1123.05,Wet/Intermediate,Supported envelope
Kegalle,Yala,Turmeric,2020,63.56,666.66,Wet/Intermediate,Supported envelope
Kegalle,Yala,Watermelon,2020,132.68,2384.95,Wet/Intermediate,Unverified
Kegalle,Yala,Watermelon,2020,133.23,2298.16,Wet/Intermediate,Unverified
Kegalle,Yala,Yam,2020,75.75,1107.36,Wet/Intermediate,Unverified
Kilinochchi,Maha,Ash Plantain,2020,157.99,4449.91,Dry,Unverified
Kilinochchi,Maha,Banana,2020,139.16,4018.66,Dry,Unverified
Kilinochchi,Maha,Banana,2020,193.24,7670.47,Dry,Unverified
Kilinochchi,Maha,Banana,2020,117.81,3521.97,Dry,Unverified
Kilinochchi,Maha,Bitter Gourd,2020,43.81,489.44,Dry,Unverified
Kilinochchi,Maha,Brinjal,2020,83.14,963.01,Dry,Unverified
Kilinochchi,Maha,Carrot,2020,71.56,1071.57,Dry,Supported envelope
Kilinochchi,Maha,Carrot,2020,60.96,783.27,Dry,Supported envelope
Kilinochchi,Maha,Chilli,2020,34.86,282.7,Dry,Supported envelope
Kilinochchi,Maha,Chilli,2020,46.86,328.13,Dry,Supported envelope
Kilinochchi,Maha,Chilli,2020,61.24,403.87,Dry,Supported envelope
Kilinochchi,Maha,Cucumber,2020,62.84,901.13,Dry,Unverified
Kilinochchi,Maha,Cucumber,2020,75.34,1324.38,Dry,Unverified
Kilinochchi,Maha,Green Gram,2020,57.38,444.32,Dry,Supported envelope
Kilinochchi,Maha,Groundnut,2020,56.44,522.27,Dry,Supported envelope
Kilinochchi,Maha,Long Bean,2020,57.58,695.0,Dry,Unverified
Kilinochchi,Maha,Potato,2020,84.11,1506.32,Dry,Supported envelope
Kilinochchi,Maha,Snake Gourd,2020,65.95,660.66,Dry,Unverified
Kilinochchi,Maha,Sweet Potato,2020,71.89,1068.43,Dry,Supported envelope
Kilinochchi,Maha,Watermelon,2020,133.94,2626.97,Dry,Unverified
Kilinochchi,Maha,Watermelon,2020,115.28,2005.83,Dry,Unverified
Kilinochchi,Maha,Watermelon,2020,112.64,1826.75,Dry,Unverified
Kilinochchi,Maha,Watermelon,2020,132.62,2730.37,Dry,Unverified
Kilinochchi,Maha,Watermelon,2020,110.35,2077.99,Dry,Unverified
Kilinochchi,Maha,Watermelon,2020,116.05,2099.95,Dry,Unverified
Kilinochchi,Yala,Banana,2020,113.95,3787.26,Dry,Unverified
Kilinochchi,Yala,Banana,2020,221.02,7344.09,Dry,Unverified
Kilinochchi,Yala,Banana,2020,72.11,2249.27,Dry,Unverified
Kilinochchi,Yala,Black Gram,2020,22.61,153.85,Dry,Unverified
Kilinochchi,Yala,Carrot,2020,58.53,891.55,Dry,Supported envelope
Kilinochchi,Yala,Carrot,2020,70.0,1099.65,Dry,Supported envelope
Kilinochchi,Yala,Chilli,2020,56.95,496.3,Dry,Supported envelope
Kilinochchi,Yala,Chilli,2020,32.84,284.43,Dry,Supported envelope
Kilinochchi,Yala,Cucumber,2020,96.05,1457.82,Dry,Unverified
Kilinochchi,Yala,Ginger,2020,42.56,513.91,Dry,Supported envelope
Kilinochchi,Yala,Groundnut,2020,45.99,467.45,Dry,Supported envelope
Kilinochchi,Yala,Long Bean,2020,51.32,550.91,Dry,Unverified
Kilinochchi,Yala,Potato,2020,67.77,1164.81,Dry,Supported envelope
Kilinochchi,Yala,Pumpkin,2020,65.9,937.06,Dry,Unverified
Kilinochchi,Yala,Red Onion,2020,78.33,647.66,Dry,Supported envelope
Kilinochchi,Yala,Watermelon,2020,111.35,2211.31,Dry,Unverified
Kilinochchi,Yala,Watermelon,2020,103.13,1880.9,Dry,Unverified
Kilinochchi,Yala,Yam,2020,90.26,1143.72,Dry,Unverified
Kurunegala,Maha,Ash Plantain,2020,222.86,6840.15,Intermediate/Dry,Unverified
Kurunegala,Maha,Banana,2020,326.14,12268.34,Intermediate/Dry,Unverified
Kurunegala,Maha,Big Onion,2020,121.66,1443.74,Intermediate/Dry,Supported envelope
Kurunegala,Maha,Big Onion,2020,67.07,870.84,Intermediate/Dry,Supported envelope
Kurunegala,Maha,Black Gram,2020,38.5,232.01,Intermediate/Dry,Unverified
Kurunegala,Maha,Carrot,2020,102.54,1476.06,Intermediate/Dry,Supported envelope
Kurunegala,Maha,Chilli,2020,69.34,560.65,Intermediate/Dry,Supported envelope
Kurunegala,Maha,Chilli,2020,47.0,379.1,Intermediate/Dry,Supported envelope
Kurunegala,Maha,Coconut,2020,344.61,10991.7,Intermediate/Dry,Unverified
Kurunegala,Maha,Cowpea,2020,49.72,442.27,Intermediate/Dry,Supported envelope
Kurunegala,Maha,Cowpea,2020,91.72,665.8,Intermediate/Dry,Supported envelope
Kurunegala,Maha,Cucumber,2020,138.52,2268.06,Intermediate/Dry,Unverified
Kurunegala,Maha,Cucumber,2020,113.77,1820.86,Intermediate/Dry,Unverified
Kurunegala,Maha,Green Gram,2020,59.13,426.28,Intermediate/Dry,Supported envelope
Kurunegala,Maha,Mango,2020,131.27,3161.37,Intermediate/Dry,Unverified
Kurunegala,Maha,Soybean,2020,85.94,818.9,Intermediate/Dry,Unverified
Kurunegala,Maha,Tomato,2020,77.36,1253.06,Intermediate/Dry,Unverified
Kurunegala,Maha,Watermelon,2020,109.14,1971.48,Intermediate/Dry,Unverified
Kurunegala,Maha,Watermelon,2020,121.17,2242.02,Intermediate/Dry,Unverified
Kurunegala,Maha,Watermelon,2020,152.97,3929.96,Intermediate/Dry,Unverified
Kurunegala,Yala,Banana,2020,177.56,6209.27,Intermediate/Dry,Unverified
Kurunegala,Yala,Banana,2020,253.4,8009.71,Intermediate/Dry,Unverified
Kurunegala,Yala,Bitter Gourd,2020,96.78,1030.21,Intermediate/Dry,Unverified
Kurunegala,Yala,Carrot,2020,104.86,1225.96,Intermediate/Dry,Supported envelope
Kurunegala,Yala,Carrot,2020,115.12,2140.23,Intermediate/Dry,Supported envelope
Kurunegala,Yala,Carrot,2020,94.83,1480.25,Intermediate/Dry,Supported envelope
Kurunegala,Yala,Chilli,2020,60.98,497.01,Intermediate/Dry,Supported envelope
Kurunegala,Yala,Chilli,2020,49.63,446.39,Intermediate/Dry,Supported envelope
Kurunegala,Yala,Chilli,2020,75.21,576.01,Intermediate/Dry,Supported envelope
Kurunegala,Yala,Cowpea,2020,49.53,458.28,Intermediate/Dry,Supported envelope
Kurunegala,Yala,Ginger,2020,77.81,776.25,Intermediate/Dry,Supported envelope
Kurunegala,Yala,Green Gram,2020,79.45,438.24,Intermediate/Dry,Supported envelope
Kurunegala,Yala,Maize,2020,107.12,1694.9,Intermediate/Dry,Supported envelope
Kurunegala,Yala,Okra,2020,54.24,457.16,Intermediate/Dry,Unverified
Kurunegala,Yala,Papaya,2020,180.98,4614.45,Intermediate/Dry,Unverified
Kurunegala,Yala,Papaya,2020,189.38,4262.31,Intermediate/Dry,Unverified
Kurunegala,Yala,Papaya,2020,204.74,5325.21,Intermediate/Dry,Unverified
Kurunegala,Yala,Potato,2020,137.01,2687.99,Intermediate/Dry,Supported envelope
Kurunegala,Yala,Red Onion,2020,65.79,708.76,Intermediate/Dry,Supported envelope
Kurunegala,Yala,Sesame,2020,44.95,243.56,Intermediate/Dry,Unverified
Kurunegala,Yala,Taro,2020,67.0,939.48,Intermediate/Dry,Unverified
Kurunegala,Yala,Taro,2020,78.68,761.1,Intermediate/Dry,Unverified
Kurunegala,Yala,Tomato,2020,67.62,723.96,Intermediate/Dry,Unverified
Kurunegala,Yala,Watermelon,2020,178.86,3702.85,Intermediate/Dry,Unverified
Kurunegala,Yala,Watermelon,2020,109.12,2166.77,Intermediate/Dry,Unverified
Mannar,Maha,Banana,2020,248.06,7258.95,Dry,Unverified
Mannar,Maha,Brinjal,2020,133.14,1858.18,Dry,Unverified
Mannar,Maha,Carrot,2020,104.99,1698.06,Dry,Supported envelope
Mannar,Maha,Carrot,2020,97.34,1350.37,Dry,Supported envelope
Mannar,Maha,Carrot,2020,142.35,2335.57,Dry,Supported envelope
Mannar,Maha,Carrot,2020,99.79,1407.35,Dry,Supported envelope
Mannar,Maha,Chilli,2020,173.72,1462.63,Dry,Supported envelope
Mannar,Maha,Chilli,2020,86.67,659.89,Dry,Supported envelope
Mannar,Maha,Cowpea,2020,94.04,709.63,Dry,Supported envelope
Mannar,Maha,Cowpea,2020,67.89,578.45,Dry,Supported envelope
Mannar,Maha,Cucumber,2020,110.23,1706.48,Dry,Unverified
Mannar,Maha,Maize,2020,165.83,2708.23,Dry,Supported envelope
Mannar,Maha,Potato,2020,99.35,1779.36,Dry,Supported envelope
Mannar,Maha,Rice,2020,158.31,4454.11,Dry,Unverified
Mannar,Maha,Sweet Potato,2020,123.97,1520.37,Dry,Supported envelope
Mannar,Maha,Sweet Potato,2020,122.82,1456.07,Dry,Supported envelope
Mannar,Maha,Taro,2020,121.87,1652.1,Dry,Unverified
Mannar,Maha,Turmeric,2020,119.74,1276.11,Dry,Supported envelope
Mannar,Maha,Yam,2020,229.33,3000.03,Dry,Unverified
Mannar,Maha,Yam,2020,84.73,960.57,Dry,Unverified
Mannar,Yala,Banana,2020,224.85,6898.67,Dry,Unverified
Mannar,Yala,Banana,2020,155.64,4106.57,Dry,Unverified
Mannar,Yala,Black Gram,2020,38.99,255.35,Dry,Unverified
Mannar,Yala,Carrot,2020,96.6,1784.37,Dry,Supported envelope
Mannar,Yala,Carrot,2020,121.18,2211.2,Dry,Supported envelope
Mannar,Yala,Carrot,2020,143.66,2107.09,Dry,Supported envelope
Mannar,Yala,Cassava,2020,186.97,4651.2,Dry,Supported envelope
Mannar,Yala,Chilli,2020,117.12,1157.38,Dry,Supported envelope
Mannar,Yala,Cucumber,2020,99.32,1485.84,Dry,Unverified
Mannar,Yala,Ginger,2020,98.82,1171.16,Dry,Supported envelope
Mannar,Yala,Ginger,2020,124.54,1365.47,Dry,Supported envelope
Mannar,Yala,Papaya,2020,206.25,4848.55,Dry,Unverified
Mannar,Yala,Potato,2020,104.34,1851.14,Dry,Supported envelope
Mannar,Yala,Pumpkin,2020,189.11,3274.3,Dry,Unverified
Mannar,Yala,Pumpkin,2020,180.75,3098.79,Dry,Unverified
Mannar,Yala,Red Onion,2020,122.95,1138.87,Dry,Supported envelope
Mannar,Yala,Rice,2020,184.91,3415.96,Dry,Unverified
Mannar,Yala,Soybean,2020,91.59,952.14,Dry,Unverified
Mannar,Yala,Taro,2020,87.6,1326.78,Dry,Unverified
Mannar,Yala,Tomato,2020,89.87,1180.13,Dry,Unverified
Mannar,Yala,Tomato,2020,154.39,2076.03,Dry,Unverified
Mannar,Yala,Watermelon,2020,150.11,2328.82,Dry,Unverified
Mannar,Yala,Watermelon,2020,156.87,3616.63,Dry,Unverified
Mannar,Yala,Watermelon,2020,192.78,3507.91,Dry,Unverified
Mannar,Yala,Yam,2020,83.2,1195.41,Dry,Unverified
Matale,Maha,Banana,2020,194.8,5225.95,Intermediate/Up-country,Unverified
Matale,Maha,Banana,2020,156.59,5823.41,Intermediate/Up-country,Unverified
Matale,Maha,Beans,2020,48.46,538.09,Intermediate/Up-country,Supported envelope
Matale,Maha,Beans,2020,44.21,417.79,Intermediate/Up-country,Supported envelope
Matale,Maha,Beans,2020,64.91,783.51,Intermediate/Up-country,Supported envelope
Matale,Maha,Big Onion,2020,124.1,1039.96,Intermediate/Up-country,Supported envelope
Matale,Maha,Big Onion,2020,67.66,656.93,Intermediate/Up-country,Supported envelope
Matale,Maha,Big Onion,2020,102.32,1153.88,Intermediate/Up-country,Supported envelope
Matale,Maha,Black Gram,2020,53.34,377.91,Intermediate/Up-country,Unverified
Matale,Maha,Carrot,2020,86.05,1360.51,Intermediate/Up-country,Supported envelope
Matale,Maha,Carrot,2020,76.56,1212.64,Intermediate/Up-country,Supported envelope
Matale,Maha,Carrot,2020,54.71,1015.74,Intermediate/Up-country,Supported envelope
Matale,Maha,Cassava,2020,153.96,3683.84,Intermediate/Up-country,Supported envelope
Matale,Maha,Cassava,2020,155.72,3822.24,Intermediate/Up-country,Supported envelope
Matale,Maha,Cauliflower,2020,65.31,731.3,Intermediate/Up-country,Supported envelope
Matale,Maha,Chilli,2020,40.74,264.46,Intermediate/Up-country,Supported envelope
Matale,Maha,Chilli,2020,67.31,390.85,Intermediate/Up-country,Supported envelope
Matale,Maha,Chilli,2020,38.93,352.58,Intermediate/Up-country,Supported envelope
Matale,Maha,Cucumber,2020,69.72,1003.01,Intermediate/Up-country,Unverified
Matale,Maha,Ginger,2020,67.05,859.83,Intermediate/Up-country,Supported envelope
Matale,Maha,Leeks,2020,66.2,642.95,Intermediate/Up-country,Supported envelope
Matale,Maha,Leeks,2020,76.94,1052.93,Intermediate/Up-country,Supported envelope
Matale,Maha,Leeks,2020,87.43,995.05,Intermediate/Up-country,Supported envelope
Matale,Maha,Maize,2020,64.81,1299.99,Intermediate/Up-country,Supported envelope
Matale,Maha,Mango,2020,125.71,2482.64,Intermediate/Up-country,Unverified
Matale,Maha,Pepper,2020,40.46,206.55,Intermediate/Up-country,Supported envelope
Matale,Maha,Pumpkin,2020,69.87,1144.57,Intermediate/Up-country,Unverified
Matale,Maha,Ridge Gourd,2020,48.64,381.15,Intermediate/Up-country,Unverified
Matale,Maha,Sesame,2020,37.79,231.53,Intermediate/Up-country,Unverified
Matale,Maha,Taro,2020,66.21,964.59,Intermediate/Up-country,Unverified
Matale,Maha,Tea,2020,112.5,2781.58,Intermediate/Up-country,Supported envelope
Matale,Maha,Tea,2020,130.1,3134.43,Intermediate/Up-country,Supported envelope
Matale,Maha,Turmeric,2020,59.93,800.09,Intermediate/Up-country,Supported envelope
Matale,Maha,Turmeric,2020,75.1,771.83,Intermediate/Up-country,Supported envelope
Matale,Maha,Watermelon,2020,82.85,1530.5,Intermediate/Up-country,Unverified
Matale,Maha,Watermelon,2020,92.04,1755.02,Intermediate/Up-country,Unverified
Matale,Maha,Watermelon,2020,129.42,2232.44,Intermediate/Up-country,Unverified
Matale,Maha,Watermelon,2020,105.53,2474.47,Intermediate/Up-country,Unverified
Matale,Yala,Banana,2020,196.78,6762.5,Intermediate/Up-country,Unverified
Matale,Yala,Banana,2020,119.84,2822.08,Intermediate/Up-country,Unverified
Matale,Yala,Banana,2020,148.6,4720.61,Intermediate/Up-country,Unverified
Matale,Yala,Banana,2020,150.66,4428.89,Intermediate/Up-country,Unverified
Matale,Yala,Banana,2020,211.44,7143.26,Intermediate/Up-country,Unverified
Matale,Yala,Banana,2020,171.01,6555.39,Intermediate/Up-country,Unverified
Matale,Yala,Beans,2020,55.97,569.85,Intermediate/Up-country,Supported envelope
Matale,Yala,Beans,2020,47.9,497.83,Intermediate/Up-country,Supported envelope
Matale,Yala,Beans,2020,46.56,402.07,Intermediate/Up-country,Supported envelope
Matale,Yala,Beans,2020,36.03,305.98,Intermediate/Up-country,Supported envelope
Matale,Yala,Beans,2020,50.52,488.43,Intermediate/Up-country,Supported envelope
Matale,Yala,Brinjal,2020,69.48,754.13,Intermediate/Up-country,Unverified
Matale,Yala,Carrot,2020,97.61,1975.71,Intermediate/Up-country,Supported envelope
Matale,Yala,Carrot,2020,97.89,1671.04,Intermediate/Up-country,Supported envelope
Matale,Yala,Cassava,2020,126.72,2391.43,Intermediate/Up-country,Supported envelope
Matale,Yala,Cauliflower,2020,87.17,1153.17,Intermediate/Up-country,Supported envelope
Matale,Yala,Green Gram,2020,43.41,331.98,Intermediate/Up-country,Supported envelope
Matale,Yala,Leeks,2020,47.97,532.69,Intermediate/Up-country,Supported envelope
Matale,Yala,Leeks,2020,65.38,706.6,Intermediate/Up-country,Supported envelope
Matale,Yala,Leeks,2020,69.34,1009.57,Intermediate/Up-country,Supported envelope
Matale,Yala,Mango,2020,138.23,3372.09,Intermediate/Up-country,Unverified
Matale,Yala,Mango,2020,82.98,2161.87,Intermediate/Up-country,Unverified
Matale,Yala,Okra,2020,38.03,365.15,Intermediate/Up-country,Unverified
Matale,Yala,Okra,2020,43.35,389.97,Intermediate/Up-country,Unverified
Matale,Yala,Ridge Gourd,2020,72.29,807.49,Intermediate/Up-country,Unverified
Matale,Yala,Sweet Potato,2020,64.73,854.78,Intermediate/Up-country,Supported envelope
Matale,Yala,Sweet Potato,2020,58.1,762.63,Intermediate/Up-country,Supported envelope
Matale,Yala,Sweet Potato,2020,111.79,1199.61,Intermediate/Up-country,Supported envelope
Matale,Yala,Turmeric,2020,44.23,478.65,Intermediate/Up-country,Supported envelope
Matale,Yala,Yam,2020,73.16,1081.0,Intermediate/Up-country,Unverified
Matale,Yala,Yam,2020,80.43,1060.36,Intermediate/Up-country,Unverified
Matara,Maha,Banana,2020,367.9,10811.79,Wet,Unverified
Matara,Maha,Banana,2020,191.56,6150.77,Wet,Unverified
Matara,Maha,Banana,2020,217.31,6060.55,Wet,Unverified
Matara,Maha,Banana,2020,315.73,8269.37,Wet,Unverified
Matara,Maha,Banana,2020,225.52,7864.84,Wet,Unverified
Matara,Maha,Big Onion,2020,115.79,1654.18,Wet,Supported envelope
Matara,Maha,Carrot,2020,93.43,1402.92,Wet,Supported envelope
Matara,Maha,Carrot,2020,177.66,3212.93,Wet,Supported envelope
Matara,Maha,Carrot,2020,131.16,1947.55,Wet,Supported envelope
Matara,Maha,Chilli,2020,54.56,440.29,Wet,Supported envelope
Matara,Maha,Chilli,2020,59.12,514.13,Wet,Supported envelope
Matara,Maha,Chilli,2020,58.59,460.68,Wet,Supported envelope
Matara,Maha,Groundnut,2020,85.58,701.77,Wet,Supported envelope
Matara,Maha,Long Bean,2020,83.82,1026.09,Wet,Unverified
Matara,Maha,Mango,2020,193.51,4385.19,Wet,Unverified
Matara,Maha,Potato,2020,123.66,2188.33,Wet,Supported envelope
Matara,Maha,Sesame,2020,35.28,212.19,Wet,Unverified
Matara,Maha,Snake Gourd,2020,105.46,938.73,Wet,Unverified
Matara,Maha,Watermelon,2020,191.47,3682.09,Wet,Unverified
Matara,Yala,Ash Plantain,2020,251.36,7735.21,Wet,Unverified
Matara,Yala,Ash Plantain,2020,353.82,11030.8,Wet,Unverified
Matara,Yala,Banana,2020,173.83,5241.34,Wet,Unverified
Matara,Yala,Banana,2020,255.78,10922.38,Wet,Unverified
Matara,Yala,Banana,2020,277.27,10169.56,Wet,Unverified
Matara,Yala,Banana,2020,205.88,6780.22,Wet,Unverified
Matara,Yala,Bitter Gourd,2020,99.49,950.43,Wet,Unverified
Matara,Yala,Bitter Gourd,2020,63.79,526.69,Wet,Unverified
Matara,Yala,Brinjal,2020,78.44,1185.68,Wet,Unverified
Matara,Yala,Carrot,2020,133.92,2055.67,Wet,Supported envelope
Matara,Yala,Carrot,2020,98.12,1226.3,Wet,Supported envelope
Matara,Yala,Carrot,2020,131.57,2383.58,Wet,Supported envelope
Matara,Yala,Chilli,2020,104.22,792.1,Wet,Supported envelope
Matara,Yala,Chilli,2020,74.11,676.08,Wet,Supported envelope
Matara,Yala,Chilli,2020,76.37,577.78,Wet,Supported envelope
Matara,Yala,Cucumber,2020,105.07,1854.15,Wet,Unverified
Matara,Yala,Groundnut,2020,79.7,762.81,Wet,Supported envelope
Matara,Yala,Groundnut,2020,123.88,1225.41,Wet,Supported envelope
Matara,Yala,Long Bean,2020,65.98,785.75,Wet,Unverified
Matara,Yala,Maize,2020,107.43,1884.38,Wet,Supported envelope
Matara,Yala,Maize,2020,181.3,3037.89,Wet,Supported envelope
Matara,Yala,Okra,2020,95.24,752.98,Wet,Unverified
Matara,Yala,Pepper,2020,57.22,288.42,Wet,Supported envelope
Matara,Yala,Red Onion,2020,82.08,776.77,Wet,Supported envelope
Matara,Yala,Red Onion,2020,68.8,577.57,Wet,Supported envelope
Matara,Yala,Red Onion,2020,84.26,794.91,Wet,Supported envelope
Matara,Yala,Rice,2020,270.7,7001.28,Wet,Unverified
Matara,Yala,Sesame,2020,82.65,521.13,Wet,Unverified
Matara,Yala,Soybean,2020,117.28,878.76,Wet,Unverified
Matara,Yala,Soybean,2020,102.8,810.05,Wet,Unverified
Matara,Yala,Soybean,2020,78.85,821.06,Wet,Unverified
Matara,Yala,Tomato,2020,139.49,1731.59,Wet,Unverified
Matara,Yala,Tomato,2020,146.46,1954.59,Wet,Unverified
Matara,Yala,Turmeric,2020,94.28,918.43,Wet,Supported envelope
Matara,Yala,Yam,2020,105.83,1382.34,Wet,Unverified
Monaragala,Maha,Banana,2020,228.56,6407.67,Unknown,Unverified
Monaragala,Maha,Bitter Gourd,2020,66.19,703.64,Unknown,Unverified
Monaragala,Maha,Brinjal,2020,57.36,624.21,Unknown,Unverified
Monaragala,Maha,Brinjal,2020,108.1,1202.77,Unknown,Unverified
Monaragala,Maha,Coconut,2020,209.3,6569.55,Unknown,Unverified
Monaragala,Maha,Okra,2020,52.57,430.09,Unknown,Unverified
Monaragala,Maha,Rice,2020,95.88,2700.41,Unknown,Unverified
Monaragala,Maha,Ridge Gourd,2020,109.13,1057.7,Unknown,Unverified
Monaragala,Maha,Watermelon,2020,146.61,2098.02,Unknown,Unverified
Monaragala,Yala,Banana,2020,254.59,7001.15,Unknown,Unverified
Monaragala,Yala,Banana,2020,292.77,11052.13,Unknown,Unverified
Monaragala,Yala,Coconut,2020,206.75,5910.01,Unknown,Unverified
Monaragala,Yala,Coconut,2020,216.37,5144.1,Unknown,Unverified
Monaragala,Yala,Cucumber,2020,86.7,1516.44,Unknown,Unverified
Monaragala,Yala,Mango,2020,99.87,2314.55,Unknown,Unverified
Monaragala,Yala,Okra,2020,61.92,618.66,Unknown,Unverified
Monaragala,Yala,Pumpkin,2020,112.11,1508.58,Unknown,Unverified
Monaragala,Yala,Ridge Gourd,2020,67.55,499.4,Unknown,Unverified
Monaragala,Yala,Sesame,2020,42.46,264.22,Unknown,Unverified
Monaragala,Yala,Watermelon,2020,131.94,2493.28,Unknown,Unverified
Monaragala,Yala,Watermelon,2020,190.16,3783.56,Unknown,Unverified
Mullaitivu,Maha,Ash Plantain,2020,246.9,7237.05,Dry,Unverified
Mullaitivu,Maha,Big Onion,2020,124.18,1344.7,Dry,Supported envelope
Mullaitivu,Maha,Cassava,2020,199.06,4307.56,Dry,Supported envelope
Mullaitivu,Maha,Cassava,2020,162.39,3955.41,Dry,Supported envelope
Mullaitivu,Maha,Cassava,2020,198.63,4596.93,Dry,Supported envelope
Mullaitivu,Maha,Chilli,2020,63.79,408.99,Dry,Supported envelope
Mullaitivu,Maha,Chilli,2020,83.69,592.85,Dry,Supported envelope
Mullaitivu,Maha,Chilli,2020,51.08,420.3,Dry,Supported envelope
Mullaitivu,Maha,Coconut,2020,265.1,9520.06,Dry,Unverified
Mullaitivu,Maha,Cowpea,2020,58.51,422.61,Dry,Supported envelope
Mullaitivu,Maha,Cowpea,2020,74.99,597.9,Dry,Supported envelope
Mullaitivu,Maha,Cucumber,2020,138.35,1962.91,Dry,Unverified
Mullaitivu,Maha,Ginger,2020,129.32,1473.05,Dry,Supported envelope
Mullaitivu,Maha,Green Gram,2020,65.67,599.56,Dry,Supported envelope
Mullaitivu,Maha,Okra,2020,119.79,997.56,Dry,Unverified
Mullaitivu,Maha,Papaya,2020,190.0,5610.5,Dry,Unverified
Mullaitivu,Maha,Potato,2020,145.58,2452.68,Dry,Supported envelope
Mullaitivu,Maha,Red Onion,2020,88.59,853.49,Dry,Supported envelope
Mullaitivu,Maha,Sesame,2020,52.08,317.39,Dry,Unverified
Mullaitivu,Maha,Tomato,2020,81.34,1141.68,Dry,Unverified
Mullaitivu,Maha,Watermelon,2020,134.6,2147.22,Dry,Unverified
Mullaitivu,Maha,Watermelon,2020,132.65,2704.01,Dry,Unverified
Mullaitivu,Maha,Watermelon,2020,136.21,2874.46,Dry,Unverified
Mullaitivu,Maha,Yam,2020,136.36,1676.4,Dry,Unverified
Mullaitivu,Yala,Banana,2020,203.82,8393.37,Dry,Unverified
Mullaitivu,Yala,Banana,2020,145.43,5085.95,Dry,Unverified
Mullaitivu,Yala,Banana,2020,159.17,5867.82,Dry,Unverified
Mullaitivu,Yala,Big Onion,2020,77.33,838.24,Dry,Supported envelope
Mullaitivu,Yala,Black Gram,2020,74.34,421.81,Dry,Unverified
Mullaitivu,Yala,Brinjal,2020,122.42,1673.16,Dry,Unverified
Mullaitivu,Yala,Carrot,2020,82.15,1361.75,Dry,Supported envelope
Mullaitivu,Yala,Chilli,2020,56.98,399.37,Dry,Supported envelope
Mullaitivu,Yala,Chilli,2020,101.49,682.02,Dry,Supported envelope
Mullaitivu,Yala,Cowpea,2020,75.93,543.69,Dry,Supported envelope
Mullaitivu,Yala,Green Gram,2020,77.7,635.86,Dry,Supported envelope
Mullaitivu,Yala,Maize,2020,112.05,1724.23,Dry,Supported envelope
Mullaitivu,Yala,Okra,2020,63.05,622.37,Dry,Unverified
Mullaitivu,Yala,Papaya,2020,215.68,5821.88,Dry,Unverified
Mullaitivu,Yala,Potato,2020,112.77,2119.0,Dry,Supported envelope
Mullaitivu,Yala,Potato,2020,139.86,2761.55,Dry,Supported envelope
Mullaitivu,Yala,Red Onion,2020,65.24,576.87,Dry,Supported envelope
Mullaitivu,Yala,Soybean,2020,92.04,1018.95,Dry,Unverified
Mullaitivu,Yala,Soybean,2020,51.32,580.96,Dry,Unverified
Mullaitivu,Yala,Tomato,2020,167.26,2239.65,Dry,Unverified
Mullaitivu,Yala,Turmeric,2020,71.28,722.88,Dry,Supported envelope
Mullaitivu,Yala,Watermelon,2020,173.22,3092.33,Dry,Unverified
Nuwara Eliya,Maha,Banana,2020,157.95,5583.71,Up-country Wet,Unverified
Nuwara Eliya,Maha,Banana,2020,245.37,6026.21,Up-country Wet,Unverified
Nuwara Eliya,Maha,Beans,2020,85.61,815.77,Up-country Wet,Supported envelope
Nuwara Eliya,Maha,Beans,2020,57.48,554.83,Up-country Wet,Supported envelope
Nuwara Eliya,Maha,Beans,2020,112.02,1369.0,Up-country Wet,Supported envelope
Nuwara Eliya,Maha,Beans,2020,76.25,668.92,Up-country Wet,Supported envelope
Nuwara Eliya,Maha,Big Onion,2020,57.44,547.92,Up-country Wet,Supported envelope
Nuwara Eliya,Maha,Black Gram,2020,21.81,151.01,Up-country Wet,Unverified
Nuwara Eliya,Maha,Carrot,2020,164.63,2896.66,Up-country Wet,Supported envelope
Nuwara Eliya,Maha,Carrot,2020,180.82,2301.8,Up-country Wet,Supported envelope
Nuwara Eliya,Maha,Carrot,2020,186.26,2627.62,Up-country Wet,Supported envelope
Nuwara Eliya,Maha,Carrot,2020,126.15,1637.44,Up-country Wet,Supported envelope
Nuwara Eliya,Maha,Cauliflower,2020,61.36,868.41,Up-country Wet,Supported envelope
Nuwara Eliya,Maha,Chilli,2020,44.53,441.87,Up-country Wet,Supported envelope
Nuwara Eliya,Maha,Chilli,2020,39.62,310.41,Up-country Wet,Supported envelope
Nuwara Eliya,Maha,Chilli,2020,50.12,370.3,Up-country Wet,Supported envelope
Nuwara Eliya,Maha,Cowpea,2020,47.78,333.29,Up-country Wet,Supported envelope
Nuwara Eliya,Maha,Cucumber,2020,99.35,1745.61,Up-country Wet,Unverified
Nuwara Eliya,Maha,Cucumber,2020,75.64,1073.59,Up-country Wet,Unverified
Nuwara Eliya,Maha,Ginger,2020,60.83,739.78,Up-country Wet,Supported envelope
Nuwara Eliya,Maha,Leeks,2020,159.44,1799.81,Up-country Wet,Supported envelope
Nuwara Eliya,Maha,Long Bean,2020,61.63,540.79,Up-country Wet,Unverified
Nuwara Eliya,Maha,Long Bean,2020,60.26,491.79,Up-country Wet,Unverified
Nuwara Eliya,Maha,Maize,2020,98.91,1795.79,Up-country Wet,Supported envelope
Nuwara Eliya,Maha,Maize,2020,92.61,1620.72,Up-country Wet,Supported envelope
Nuwara Eliya,Maha,Mango,2020,136.05,3618.79,Up-country Wet,Unverified
Nuwara Eliya,Maha,Pepper,2020,18.65,95.9,Up-country Wet,Supported envelope
Nuwara Eliya,Maha,Pepper,2020,36.32,164.05,Up-country Wet,Supported envelope
Nuwara Eliya,Maha,Sesame,2020,32.69,202.05,Up-country Wet,Unverified
Nuwara Eliya,Maha,Sesame,2020,39.73,206.49,Up-country Wet,Unverified
Nuwara Eliya,Maha,Snake Gourd,2020,67.72,568.03,Up-country Wet,Unverified
Nuwara Eliya,Maha,Tea,2020,199.91,4541.23,Up-country Wet,Supported envelope
Nuwara Eliya,Maha,Tomato,2020,87.69,1350.66,Up-country Wet,Unverified
Nuwara Eliya,Maha,Watermelon,2020,115.11,2010.59,Up-country Wet,Unverified
Nuwara Eliya,Yala,Ash Plantain,2020,120.23,4213.62,Up-country Wet,Unverified
Nuwara Eliya,Yala,Banana,2020,208.43,5524.67,Up-country Wet,Unverified
Nuwara Eliya,Yala,Banana,2020,126.78,4039.61,Up-country Wet,Unverified
Nuwara Eliya,Yala,Beans,2020,83.02,665.44,Up-country Wet,Supported envelope
Nuwara Eliya,Yala,Cassava,2020,117.65,2687.69,Up-country Wet,Supported envelope
Nuwara Eliya,Yala,Cauliflower,2020,70.61,1016.0,Up-country Wet,Supported envelope
Nuwara Eliya,Yala,Chilli,2020,45.24,330.42,Up-country Wet,Supported envelope
Nuwara Eliya,Yala,Chilli,2020,39.5,323.36,Up-country Wet,Supported envelope
Nuwara Eliya,Yala,Cowpea,2020,31.92,248.16,Up-country Wet,Supported envelope
Nuwara Eliya,Yala,Mango,2020,94.19,1721.55,Up-country Wet,Unverified
Nuwara Eliya,Yala,Mango,2020,108.43,2397.86,Up-country Wet,Unverified
Nuwara Eliya,Yala,Mango,2020,179.04,4314.99,Up-country Wet,Unverified
Nuwara Eliya,Yala,Papaya,2020,143.84,3347.73,Up-country Wet,Unverified
Nuwara Eliya,Yala,Papaya,2020,168.6,4345.78,Up-country Wet,Unverified
Nuwara Eliya,Yala,Papaya,2020,98.89,2396.56,Up-country Wet,Unverified
Nuwara Eliya,Yala,Pepper,2020,36.46,188.42,Up-country Wet,Supported envelope
Nuwara Eliya,Yala,Potato,2020,92.79,1781.75,Up-country Wet,Supported envelope
Nuwara Eliya,Yala,Pumpkin,2020,90.68,1166.79,Up-country Wet,Unverified
Nuwara Eliya,Yala,Rice,2020,114.34,2061.14,Up-country Wet,Unverified
Nuwara Eliya,Yala,Sesame,2020,45.45,260.09,Up-country Wet,Unverified
Nuwara Eliya,Yala,Snake Gourd,2020,50.68,513.65,Up-country Wet,Unverified
Nuwara Eliya,Yala,Sweet Potato,2020,76.63,875.04,Up-country Wet,Supported envelope
Nuwara Eliya,Yala,Tomato,2020,52.54,631.65,Up-country Wet,Unverified
Nuwara Eliya,Yala,Watermelon,2020,114.66,2419.95,Up-country Wet,Unverified
Polonnaruwa,Maha,Banana,2020,141.85,4960.24,Dry,Unverified
Polonnaruwa,Maha,Bitter Gourd,2020,67.96,709.59,Dry,Unverified
Polonnaruwa,Maha,Bitter Gourd,2020,79.08,881.5,Dry,Unverified
Polonnaruwa,Maha,Black Gram,2020,47.73,385.65,Dry,Unverified
Polonnaruwa,Maha,Carrot,2020,104.6,1869.82,Dry,Supported envelope
Polonnaruwa,Maha,Cassava,2020,128.34,3111.09,Dry,Supported envelope
Polonnaruwa,Maha,Chilli,2020,95.2,800.77,Dry,Supported envelope
Polonnaruwa,Maha,Chilli,2020,73.29,548.83,Dry,Supported envelope
Polonnaruwa,Maha,Chilli,2020,72.88,557.84,Dry,Supported envelope
Polonnaruwa,Maha,Cowpea,2020,51.18,358.14,Dry,Supported envelope
Polonnaruwa,Maha,Cowpea,2020,57.1,426.37,Dry,Supported envelope
Polonnaruwa,Maha,Green Gram,2020,79.34,715.35,Dry,Supported envelope
Polonnaruwa,Maha,Groundnut,2020,67.74,605.78,Dry,Supported envelope
Polonnaruwa,Maha,Okra,2020,47.34,463.09,Dry,Unverified
Polonnaruwa,Maha,Okra,2020,59.12,512.41,Dry,Unverified
Polonnaruwa,Maha,Papaya,2020,116.52,3482.76,Dry,Unverified
Polonnaruwa,Maha,Red Onion,2020,80.86,846.32,Dry,Supported envelope
Polonnaruwa,Maha,Rice,2020,130.14,3713.6,Dry,Unverified
Polonnaruwa,Maha,Sesame,2020,61.09,395.17,Dry,Unverified
Polonnaruwa,Maha,Soybean,2020,85.56,809.05,Dry,Unverified
Polonnaruwa,Yala,Carrot,2020,74.61,1251.68,Dry,Supported envelope
Polonnaruwa,Yala,Chilli,2020,41.13,326.98,Dry,Supported envelope
Polonnaruwa,Yala,Chilli,2020,55.36,408.42,Dry,Supported envelope
Polonnaruwa,Yala,Cowpea,2020,59.5,583.77,Dry,Supported envelope
Polonnaruwa,Yala,Cowpea,2020,76.3,564.4,Dry,Supported envelope
Polonnaruwa,Yala,Ginger,2020,77.31,1005.32,Dry,Supported envelope
Polonnaruwa,Yala,Groundnut,2020,69.49,689.45,Dry,Supported envelope
Polonnaruwa,Yala,Pumpkin,2020,82.42,1266.3,Dry,Unverified
Polonnaruwa,Yala,Rice,2020,249.32,4541.5,Dry,Unverified
Polonnaruwa,Yala,Sesame,2020,64.96,376.6,Dry,Unverified
Polonnaruwa,Yala,Soybean,2020,45.08,419.37,Dry,Unverified
Polonnaruwa,Yala,Sweet Potato,2020,90.67,1453.93,Dry,Supported envelope
Polonnaruwa,Yala,Sweet Potato,2020,110.86,1515.12,Dry,Supported envelope
Polonnaruwa,Yala,Taro,2020,85.28,1018.89,Dry,Unverified
Polonnaruwa,Yala,Tomato,2020,142.65,1666.62,Dry,Unverified
Polonnaruwa,Yala,Turmeric,2020,71.62,753.9,Dry,Supported envelope
Polonnaruwa,Yala,Turmeric,2020,77.13,844.99,Dry,Supported envelope
Polonnaruwa,Yala,Watermelon,2020,117.27,2344.58,Dry,Unverified
Puttalam,Maha,Banana,2020,276.72,9953.5,Dry/Intermediate,Unverified
Puttalam,Maha,Banana,2020,198.83,5357.43,Dry/Intermediate,Unverified
Puttalam,Maha,Bitter Gourd,2020,87.74,1048.97,Dry/Intermediate,Unverified
Puttalam,Maha,Bitter Gourd,2020,90.94,661.41,Dry/Intermediate,Unverified
Puttalam,Maha,Brinjal,2020,78.96,1031.09,Dry/Intermediate,Unverified
Puttalam,Maha,Carrot,2020,97.12,1115.83,Dry/Intermediate,Supported envelope
Puttalam,Maha,Carrot,2020,89.68,1101.65,Dry/Intermediate,Supported envelope
Puttalam,Maha,Carrot,2020,114.62,1594.78,Dry/Intermediate,Supported envelope
Puttalam,Maha,Carrot,2020,102.7,1744.48,Dry/Intermediate,Supported envelope
Puttalam,Maha,Carrot,2020,100.23,1702.25,Dry/Intermediate,Supported envelope
Puttalam,Maha,Carrot,2020,76.61,1248.83,Dry/Intermediate,Supported envelope
Puttalam,Maha,Chilli,2020,79.59,605.35,Dry/Intermediate,Supported envelope
Puttalam,Maha,Chilli,2020,64.27,482.06,Dry/Intermediate,Supported envelope
Puttalam,Maha,Chilli,2020,74.78,540.9,Dry/Intermediate,Supported envelope
Puttalam,Maha,Coconut,2020,335.75,8958.33,Dry/Intermediate,Unverified
Puttalam,Maha,Cowpea,2020,92.78,666.75,Dry/Intermediate,Supported envelope
Puttalam,Maha,Ginger,2020,74.2,863.7,Dry/Intermediate,Supported envelope
Puttalam,Maha,Ginger,2020,122.15,1480.05,Dry/Intermediate,Supported envelope
Puttalam,Maha,Green Gram,2020,65.37,574.9,Dry/Intermediate,Supported envelope
Puttalam,Maha,Green Gram,2020,35.21,244.29,Dry/Intermediate,Supported envelope
Puttalam,Maha,Groundnut,2020,100.28,1162.46,Dry/Intermediate,Supported envelope
Puttalam,Maha,Okra,2020,60.06,614.99,Dry/Intermediate,Unverified
Puttalam,Maha,Potato,2020,124.91,2136.13,Dry/Intermediate,Supported envelope
Puttalam,Maha,Pumpkin,2020,138.91,2248.27,Dry/Intermediate,Unverified
Puttalam,Maha,Red Onion,2020,71.74,744.47,Dry/Intermediate,Supported envelope
Puttalam,Maha,Snake Gourd,2020,78.93,782.31,Dry/Intermediate,Unverified
Puttalam,Maha,Tomato,2020,58.17,763.29,Dry/Intermediate,Unverified
Puttalam,Maha,Tomato,2020,98.94,1145.73,Dry/Intermediate,Unverified
Puttalam,Maha,Watermelon,2020,175.28,4734.1,Dry/Intermediate,Unverified
Puttalam,Maha,Watermelon,2020,207.49,4541.29,Dry/Intermediate,Unverified
Puttalam,Maha,Watermelon,2020,112.12,2437.02,Dry/Intermediate,Unverified
Puttalam,Maha,Watermelon,2020,170.46,2971.89,Dry/Intermediate,Unverified
Puttalam,Yala,Banana,2020,191.36,6190.76,Dry/Intermediate,Unverified
Puttalam,Yala,Banana,2020,127.08,4280.18,Dry/Intermediate,Unverified
Puttalam,Yala,Black Gram,2020,37.89,238.18,Dry/Intermediate,Unverified
Puttalam,Yala,Carrot,2020,90.51,1341.59,Dry/Intermediate,Supported envelope
Puttalam,Yala,Carrot,2020,74.13,1044.8,Dry/Intermediate,Supported envelope
Puttalam,Yala,Potato,2020,142.84,3299.24,Dry/Intermediate,Supported envelope
Puttalam,Yala,Pumpkin,2020,81.5,1065.43,Dry/Intermediate,Unverified
Puttalam,Yala,Ridge Gourd,2020,55.91,574.72,Dry/Intermediate,Unverified
Puttalam,Yala,Ridge Gourd,2020,64.37,738.38,Dry/Intermediate,Unverified
Puttalam,Yala,Ridge Gourd,2020,49.91,511.82,Dry/Intermediate,Unverified
Puttalam,Yala,Sesame,2020,29.48,149.13,Dry/Intermediate,Unverified
Puttalam,Yala,Watermelon,2020,227.8,3850.79,Dry/Intermediate,Unverified
Puttalam,Yala,Yam,2020,80.76,1005.76,Dry/Intermediate,Unverified
Ratnapura,Maha,Ash Plantain,2020,236.96,6748.48,Wet/Intermediate,Unverified
Ratnapura,Maha,Ash Plantain,2020,218.35,6599.9,Wet/Intermediate,Unverified
Ratnapura,Maha,Banana,2020,194.7,6101.22,Wet/Intermediate,Unverified
Ratnapura,Maha,Banana,2020,244.51,10050.64,Wet/Intermediate,Unverified
Ratnapura,Maha,Beans,2020,85.32,866.75,Wet/Intermediate,Supported envelope
Ratnapura,Maha,Beans,2020,56.83,587.17,Wet/Intermediate,Supported envelope
Ratnapura,Maha,Big Onion,2020,77.52,814.52,Wet/Intermediate,Supported envelope
Ratnapura,Maha,Bitter Gourd,2020,111.67,1236.49,Wet/Intermediate,Unverified
Ratnapura,Maha,Cabbage,2020,69.96,1156.28,Wet/Intermediate,Supported envelope
Ratnapura,Maha,Carrot,2020,103.52,1706.61,Wet/Intermediate,Supported envelope
Ratnapura,Maha,Carrot,2020,85.07,1232.79,Wet/Intermediate,Supported envelope
Ratnapura,Maha,Cauliflower,2020,107.51,1067.51,Wet/Intermediate,Supported envelope
Ratnapura,Maha,Cauliflower,2020,94.72,1136.1,Wet/Intermediate,Supported envelope
Ratnapura,Maha,Chilli,2020,54.38,450.21,Wet/Intermediate,Supported envelope
Ratnapura,Maha,Chilli,2020,49.84,377.16,Wet/Intermediate,Supported envelope
Ratnapura,Maha,Chilli,2020,44.24,362.23,Wet/Intermediate,Supported envelope
Ratnapura,Maha,Chilli,2020,57.82,561.12,Wet/Intermediate,Supported envelope
Ratnapura,Maha,Cowpea,2020,50.98,444.03,Wet/Intermediate,Supported envelope
Ratnapura,Maha,Cowpea,2020,49.17,402.8,Wet/Intermediate,Supported envelope
Ratnapura,Maha,Cucumber,2020,98.23,1750.93,Wet/Intermediate,Unverified
Ratnapura,Maha,Cucumber,2020,93.41,1716.43,Wet/Intermediate,Unverified
Ratnapura,Maha,Green Gram,2020,38.95,272.41,Wet/Intermediate,Supported envelope
Ratnapura,Maha,Groundnut,2020,64.95,581.62,Wet/Intermediate,Supported envelope
Ratnapura,Maha,Groundnut,2020,69.52,642.55,Wet/Intermediate,Supported envelope
Ratnapura,Maha,Groundnut,2020,80.73,748.9,Wet/Intermediate,Supported envelope
Ratnapura,Maha,Maize,2020,131.94,2157.72,Wet/Intermediate,Supported envelope
Ratnapura,Maha,Papaya,2020,215.33,5115.02,Wet/Intermediate,Unverified
Ratnapura,Maha,Red Onion,2020,57.35,673.05,Wet/Intermediate,Supported envelope
Ratnapura,Maha,Ridge Gourd,2020,81.8,917.34,Wet/Intermediate,Unverified
Ratnapura,Maha,Sweet Potato,2020,117.33,1306.0,Wet/Intermediate,Supported envelope
Ratnapura,Maha,Tea,2020,165.12,4062.73,Wet/Intermediate,Supported envelope
Ratnapura,Maha,Tea,2020,317.34,7100.17,Wet/Intermediate,Supported envelope
Ratnapura,Maha,Turmeric,2020,76.86,847.37,Wet/Intermediate,Supported envelope
Ratnapura,Maha,Watermelon,2020,120.9,2126.02,Wet/Intermediate,Unverified
Ratnapura,Maha,Watermelon,2020,91.74,1689.47,Wet/Intermediate,Unverified
Ratnapura,Yala,Banana,2020,268.87,8781.65,Wet/Intermediate,Unverified
Ratnapura,Yala,Banana,2020,131.48,3908.93,Wet/Intermediate,Unverified
Ratnapura,Yala,Banana,2020,157.62,6472.21,Wet/Intermediate,Unverified
Ratnapura,Yala,Beans,2020,74.61,811.14,Wet/Intermediate,Supported envelope
Ratnapura,Yala,Beans,2020,60.88,465.4,Wet/Intermediate,Supported envelope
Ratnapura,Yala,Black Gram,2020,50.98,333.92,Wet/Intermediate,Unverified
Ratnapura,Yala,Brinjal,2020,96.9,1205.11,Wet/Intermediate,Unverified
Ratnapura,Yala,Carrot,2020,109.55,1863.21,Wet/Intermediate,Supported envelope
Ratnapura,Yala,Carrot,2020,116.04,1732.61,Wet/Intermediate,Supported envelope
Ratnapura,Yala,Carrot,2020,122.51,2076.12,Wet/Intermediate,Supported envelope
Ratnapura,Yala,Carrot,2020,73.49,1270.61,Wet/Intermediate,Supported envelope
Ratnapura,Yala,Chilli,2020,61.39,456.55,Wet/Intermediate,Supported envelope
Ratnapura,Yala,Chilli,2020,43.69,381.81,Wet/Intermediate,Supported envelope
Ratnapura,Yala,Chilli,2020,40.79,356.82,Wet/Intermediate,Supported envelope
Ratnapura,Yala,Chilli,2020,54.45,403.62,Wet/Intermediate,Supported envelope
Ratnapura,Yala,Cinnamon,2020,28.31,118.41,Wet/Intermediate,Supported envelope
Ratnapura,Yala,Cucumber,2020,90.46,1391.41,Wet/Intermediate,Unverified
Ratnapura,Yala,Green Gram,2020,48.57,360.59,Wet/Intermediate,Supported envelope
Ratnapura,Yala,Long Bean,2020,52.78,345.15,Wet/Intermediate,Unverified
Ratnapura,Yala,Pumpkin,2020,80.35,1320.9,Wet/Intermediate,Unverified
Ratnapura,Yala,Tea,2020,171.7,4248.53,Wet/Intermediate,Supported envelope
Ratnapura,Yala,Tea,2020,249.3,7910.21,Wet/Intermediate,Supported envelope
Ratnapura,Yala,Tomato,2020,101.33,1127.72,Wet/Intermediate,Unverified
Ratnapura,Yala,Yam,2020,43.11,689.93,Wet/Intermediate,Unverified
Trincomalee,Maha,Banana,2020,177.31,7114.98,Dry,Unverified
Trincomalee,Maha,Banana,2020,203.57,5961.6,Dry,Unverified
Trincomalee,Maha,Banana,2020,161.04,5319.96,Dry,Unverified
Trincomalee,Maha,Banana,2020,160.87,3985.41,Dry,Unverified
Trincomalee,Maha,Banana,2020,107.21,3515.21,Dry,Unverified
Trincomalee,Maha,Black Gram,2020,57.15,462.61,Dry,Unverified
Trincomalee,Maha,Brinjal,2020,97.63,1146.25,Dry,Unverified
Trincomalee,Maha,Carrot,2020,92.49,1608.9,Dry,Supported envelope
Trincomalee,Maha,Carrot,2020,95.44,1654.06,Dry,Supported envelope
Trincomalee,Maha,Chilli,2020,39.73,361.05,Dry,Supported envelope
Trincomalee,Maha,Chilli,2020,50.53,364.77,Dry,Supported envelope
Trincomalee,Maha,Chilli,2020,52.49,386.4,Dry,Supported envelope
Trincomalee,Maha,Coconut,2020,224.01,7284.27,Dry,Unverified
Trincomalee,Maha,Coconut,2020,122.77,4305.78,Dry,Unverified
Trincomalee,Maha,Groundnut,2020,47.77,463.46,Dry,Supported envelope
Trincomalee,Maha,Long Bean,2020,65.66,548.52,Dry,Unverified
Trincomalee,Maha,Maize,2020,82.76,1566.06,Dry,Supported envelope
Trincomalee,Maha,Maize,2020,78.93,1379.19,Dry,Supported envelope
Trincomalee,Maha,Potato,2020,98.39,2086.24,Dry,Supported envelope
Trincomalee,Maha,Red Onion,2020,41.63,381.26,Dry,Supported envelope
Trincomalee,Maha,Soybean,2020,60.85,550.69,Dry,Unverified
Trincomalee,Maha,Soybean,2020,58.21,634.43,Dry,Unverified
Trincomalee,Maha,Taro,2020,99.71,1315.37,Dry,Unverified
Trincomalee,Maha,Taro,2020,82.03,988.35,Dry,Unverified
Trincomalee,Maha,Taro,2020,81.19,1127.46,Dry,Unverified
Trincomalee,Maha,Watermelon,2020,101.49,2108.3,Dry,Unverified
Trincomalee,Maha,Watermelon,2020,144.33,2838.75,Dry,Unverified
Trincomalee,Maha,Yam,2020,130.18,1401.61,Dry,Unverified
Trincomalee,Yala,Ash Plantain,2020,193.6,5918.54,Dry,Unverified
Trincomalee,Yala,Banana,2020,197.74,6511.99,Dry,Unverified
Trincomalee,Yala,Banana,2020,181.04,6068.56,Dry,Unverified
Trincomalee,Yala,Bitter Gourd,2020,48.44,523.29,Dry,Unverified
Trincomalee,Yala,Brinjal,2020,45.42,463.39,Dry,Unverified
Trincomalee,Yala,Carrot,2020,100.96,1309.28,Dry,Supported envelope
Trincomalee,Yala,Carrot,2020,118.25,1939.7,Dry,Supported envelope
Trincomalee,Yala,Chilli,2020,57.19,381.54,Dry,Supported envelope
Trincomalee,Yala,Ginger,2020,115.26,1365.84,Dry,Supported envelope
Trincomalee,Yala,Groundnut,2020,57.92,509.83,Dry,Supported envelope
Trincomalee,Yala,Long Bean,2020,51.61,555.88,Dry,Unverified
Trincomalee,Yala,Papaya,2020,104.25,3356.73,Dry,Unverified
Trincomalee,Yala,Rice,2020,103.77,2241.03,Dry,Unverified
Trincomalee,Yala,Rice,2020,79.4,1596.05,Dry,Unverified
Trincomalee,Yala,Rice,2020,69.33,1524.15,Dry,Unverified
Trincomalee,Yala,Taro,2020,41.35,498.05,Dry,Unverified
Trincomalee,Yala,Taro,2020,87.33,1070.89,Dry,Unverified
Trincomalee,Yala,Tomato,2020,98.23,1270.59,Dry,Unverified
Trincomalee,Yala,Watermelon,2020,173.56,3493.1,Dry,Unverified
Trincomalee,Yala,Watermelon,2020,66.1,1388.02,Dry,Unverified
Trincomalee,Yala,Watermelon,2020,73.11,1694.98,Dry,Unverified
Trincomalee,Yala,Watermelon,2020,141.67,2571.42,Dry,Unverified
Vavuniya,Maha,Banana,2020,107.25,3443.79,Dry,Unverified
Vavuniya,Maha,Banana,2020,179.6,5252.77,Dry,Unverified
Vavuniya,Maha,Banana,2020,226.72,7475.5,Dry,Unverified
Vavuniya,Maha,Bitter Gourd,2020,57.93,574.92,Dry,Unverified
Vavuniya,Maha,Bitter Gourd,2020,44.28,432.41,Dry,Unverified
Vavuniya,Maha,Bitter Gourd,2020,65.47,619.96,Dry,Unverified
Vavuniya,Maha,Black Gram,2020,56.1,426.7,Dry,Unverified
Vavuniya,Maha,Carrot,2020,159.11,2397.41,Dry,Supported envelope
Vavuniya,Maha,Chilli,2020,37.66,290.43,Dry,Supported envelope
Vavuniya,Maha,Chilli,2020,56.49,406.25,Dry,Supported envelope
Vavuniya,Maha,Cowpea,2020,27.58,261.74,Dry,Supported envelope
Vavuniya,Maha,Groundnut,2020,49.2,596.53,Dry,Supported envelope
Vavuniya,Maha,Long Bean,2020,38.64,381.5,Dry,Unverified
Vavuniya,Maha,Maize,2020,73.3,1432.06,Dry,Supported envelope
Vavuniya,Maha,Maize,2020,71.63,1196.12,Dry,Supported envelope
Vavuniya,Maha,Maize,2020,131.5,2049.09,Dry,Supported envelope
Vavuniya,Maha,Okra,2020,46.5,395.57,Dry,Unverified
Vavuniya,Maha,Red Onion,2020,31.47,252.61,Dry,Supported envelope
Vavuniya,Maha,Rice,2020,126.32,2560.93,Dry,Unverified
Vavuniya,Maha,Ridge Gourd,2020,62.45,601.44,Dry,Unverified
Vavuniya,Maha,Snake Gourd,2020,86.54,795.55,Dry,Unverified
Vavuniya,Maha,Snake Gourd,2020,67.43,553.28,Dry,Unverified
Vavuniya,Maha,Yam,2020,92.9,1246.05,Dry,Unverified
Vavuniya,Yala,Ash Plantain,2020,165.5,4389.46,Dry,Unverified
Vavuniya,Yala,Banana,2020,177.56,7231.19,Dry,Unverified
Vavuniya,Yala,Banana,2020,145.8,5184.19,Dry,Unverified
Vavuniya,Yala,Bitter Gourd,2020,70.19,827.15,Dry,Unverified
Vavuniya,Yala,Brinjal,2020,128.2,1396.12,Dry,Unverified
Vavuniya,Yala,Carrot,2020,112.98,1710.11,Dry,Supported envelope
Vavuniya,Yala,Carrot,2020,84.5,1284.59,Dry,Supported envelope
Vavuniya,Yala,Carrot,2020,72.35,1095.47,Dry,Supported envelope
Vavuniya,Yala,Carrot,2020,73.02,1202.2,Dry,Supported envelope
Vavuniya,Yala,Carrot,2020,91.48,1295.12,Dry,Supported envelope
Vavuniya,Yala,Carrot,2020,72.75,984.23,Dry,Supported envelope
Vavuniya,Yala,Carrot,2020,69.72,1427.51,Dry,Supported envelope
Vavuniya,Yala,Chilli,2020,46.79,346.86,Dry,Supported envelope
Vavuniya,Yala,Cucumber,2020,85.66,1091.75,Dry,Unverified
Vavuniya,Yala,Maize,2020,96.06,1449.08,Dry,Supported envelope
Vavuniya,Yala,Okra,2020,55.73,434.98,Dry,Unverified
Vavuniya,Yala,Pumpkin,2020,93.05,1505.66,Dry,Unverified
Vavuniya,Yala,Ridge Gourd,2020,58.05,580.27,Dry,Unverified
Vavuniya,Yala,Ridge Gourd,2020,78.48,890.69,Dry,Unverified
Vavuniya,Yala,Sesame,2020,38.03,234.9,Dry,Unverified
Vavuniya,Yala,Taro,2020,72.36,742.92,Dry,Unverified
Vavuniya,Yala,Turmeric,2020,54.03,492.52,Dry,Supported envelope
Vavuniya,Yala,Watermelon,2020,61.91,1186.47,Dry,Unverified
Vavuniya,Yala,Watermelon,2020,183.48,3355.77,Dry,Unverified
Vavuniya,Yala,Watermelon,2020,92.69,1395.97,Dry,Unverified
Vavuniya,Yala,Watermelon,2020,154.0,3052.28,Dry,Unverified
Ampara,Maha,Ash Plantain,2021,268.82,8481.13,Dry,Unverified
Ampara,Maha,Ash Plantain,2021,115.76,3109.55,Dry,Unverified
Ampara,Maha,Banana,2021,187.64,6016.26,Dry,Unverified
Ampara,Maha,Big Onion,2021,72.05,922.86,Dry,Supported envelope
Ampara,Maha,Bitter Gourd,2021,75.89,695.67,Dry,Unverified
Ampara,Maha,Bitter Gourd,2021,89.9,966.27,Dry,Unverified
Ampara,Maha,Bitter Gourd,2021,44.34,443.12,Dry,Unverified
Ampara,Maha,Carrot,2021,63.85,1020.14,Dry,Supported envelope
Ampara,Maha,Carrot,2021,83.49,1136.58,Dry,Supported envelope
Ampara,Maha,Carrot,2021,84.4,1181.43,Dry,Supported envelope
Ampara,Maha,Carrot,2021,85.25,1178.67,Dry,Supported envelope
Ampara,Maha,Carrot,2021,101.25,1658.46,Dry,Supported envelope
Ampara,Maha,Cassava,2021,133.01,2813.87,Dry,Supported envelope
Ampara,Maha,Chilli,2021,50.88,384.72,Dry,Supported envelope
Ampara,Maha,Chilli,2021,73.03,584.92,Dry,Supported envelope
Ampara,Maha,Chilli,2021,37.36,270.31,Dry,Supported envelope
Ampara,Maha,Chilli,2021,38.65,390.12,Dry,Supported envelope
Ampara,Maha,Coconut,2021,177.24,5443.27,Dry,Unverified
Ampara,Maha,Cucumber,2021,62.98,927.7,Dry,Unverified
Ampara,Maha,Cucumber,2021,62.55,1247.38,Dry,Unverified
Ampara,Maha,Ginger,2021,44.09,511.36,Dry,Supported envelope
Ampara,Maha,Ginger,2021,121.26,1424.54,Dry,Supported envelope
Ampara,Maha,Ginger,2021,52.88,567.43,Dry,Supported envelope
Ampara,Maha,Green Gram,2021,76.89,545.66,Dry,Supported envelope
Ampara,Maha,Groundnut,2021,82.36,758.43,Dry,Supported envelope
Ampara,Maha,Long Bean,2021,47.28,372.11,Dry,Unverified
Ampara,Maha,Long Bean,2021,47.69,425.7,Dry,Unverified
Ampara,Maha,Long Bean,2021,52.44,510.98,Dry,Unverified
Ampara,Maha,Maize,2021,64.85,1060.81,Dry,Supported envelope
Ampara,Maha,Mango,2021,94.21,2627.59,Dry,Unverified
Ampara,Maha,Mango,2021,92.94,1925.25,Dry,Unverified
Ampara,Maha,Okra,2021,67.84,592.05,Dry,Unverified
Ampara,Maha,Okra,2021,29.04,186.81,Dry,Unverified
Ampara,Maha,Potato,2021,111.33,2560.42,Dry,Supported envelope
Ampara,Maha,Pumpkin,2021,93.33,1360.86,Dry,Unverified
Ampara,Maha,Pumpkin,2021,95.56,1396.12,Dry,Unverified
Ampara,Maha,Ridge Gourd,2021,85.66,665.02,Dry,Unverified
Ampara,Maha,Snake Gourd,2021,50.39,553.11,Dry,Unverified
Ampara,Maha,Sweet Potato,2021,122.94,1333.27,Dry,Supported envelope
Ampara,Maha,Sweet Potato,2021,123.04,1451.25,Dry,Supported envelope
Ampara,Maha,Watermelon,2021,92.11,1327.13,Dry,Unverified
Ampara,Maha,Watermelon,2021,91.14,1574.04,Dry,Unverified
Ampara,Maha,Yam,2021,80.16,1147.85,Dry,Unverified
Ampara,Maha,Yam,2021,71.33,1007.59,Dry,Unverified
Ampara,Yala,Banana,2021,125.5,3719.69,Dry,Unverified
Ampara,Yala,Banana,2021,162.43,5042.66,Dry,Unverified
Ampara,Yala,Bitter Gourd,2021,64.35,618.28,Dry,Unverified
Ampara,Yala,Carrot,2021,63.78,973.51,Dry,Supported envelope
Ampara,Yala,Chilli,2021,46.13,341.87,Dry,Supported envelope
Ampara,Yala,Coconut,2021,199.26,6169.42,Dry,Unverified
Ampara,Yala,Cowpea,2021,59.09,463.04,Dry,Supported envelope
Ampara,Yala,Cucumber,2021,105.41,1711.32,Dry,Unverified
Ampara,Yala,Green Gram,2021,48.23,311.14,Dry,Supported envelope
Ampara,Yala,Green Gram,2021,42.62,262.41,Dry,Supported envelope
Ampara,Yala,Mango,2021,175.32,4284.74,Dry,Unverified
Ampara,Yala,Okra,2021,47.42,399.35,Dry,Unverified
Ampara,Yala,Red Onion,2021,64.4,526.48,Dry,Supported envelope
Ampara,Yala,Snake Gourd,2021,52.77,523.61,Dry,Unverified
Ampara,Yala,Watermelon,2021,94.84,1841.62,Dry,Unverified
Ampara,Yala,Watermelon,2021,137.15,2986.21,Dry,Unverified
Ampara,Yala,Watermelon,2021,121.53,2226.57,Dry,Unverified
Ampara,Yala,Watermelon,2021,122.57,2150.62,Dry,Unverified
Ampara,Yala,Yam,2021,58.42,765.54,Dry,Unverified
Anuradhapura,Maha,Banana,2021,189.35,5567.99,Dry,Unverified
Anuradhapura,Maha,Banana,2021,214.85,7112.56,Dry,Unverified
Anuradhapura,Maha,Banana,2021,316.06,9917.71,Dry,Unverified
Anuradhapura,Maha,Big Onion,2021,94.53,1297.39,Dry,Supported envelope
Anuradhapura,Maha,Black Gram,2021,51.9,340.78,Dry,Unverified
Anuradhapura,Maha,Brinjal,2021,104.96,1355.37,Dry,Unverified
Anuradhapura,Maha,Brinjal,2021,106.17,1340.97,Dry,Unverified
Anuradhapura,Maha,Brinjal,2021,111.72,1484.79,Dry,Unverified
Anuradhapura,Maha,Brinjal,2021,56.17,764.71,Dry,Unverified
Anuradhapura,Maha,Brinjal,2021,106.16,1385.16,Dry,Unverified
Anuradhapura,Maha,Chilli,2021,79.33,751.93,Dry,Supported envelope
Anuradhapura,Maha,Chilli,2021,78.69,576.22,Dry,Supported envelope
Anuradhapura,Maha,Chilli,2021,63.17,519.86,Dry,Supported envelope
Anuradhapura,Maha,Chilli,2021,90.78,679.34,Dry,Supported envelope
Anuradhapura,Maha,Coconut,2021,158.69,6312.32,Dry,Unverified
Anuradhapura,Maha,Coconut,2021,125.24,3471.15,Dry,Unverified
Anuradhapura,Maha,Cowpea,2021,59.16,412.1,Dry,Supported envelope
Anuradhapura,Maha,Ginger,2021,60.11,658.44,Dry,Supported envelope
Anuradhapura,Maha,Green Gram,2021,73.51,635.99,Dry,Supported envelope
Anuradhapura,Maha,Green Gram,2021,40.49,243.42,Dry,Supported envelope
Anuradhapura,Maha,Maize,2021,81.8,1250.49,Dry,Supported envelope
Anuradhapura,Maha,Okra,2021,59.02,463.58,Dry,Unverified
Anuradhapura,Maha,Potato,2021,159.18,2693.83,Dry,Supported envelope
Anuradhapura,Maha,Potato,2021,181.73,3604.11,Dry,Supported envelope
Anuradhapura,Maha,Red Onion,2021,135.18,1385.06,Dry,Supported envelope
Anuradhapura,Maha,Ridge Gourd,2021,74.51,797.87,Dry,Unverified
Anuradhapura,Maha,Ridge Gourd,2021,67.09,617.53,Dry,Unverified
Anuradhapura,Maha,Ridge Gourd,2021,57.44,528.55,Dry,Unverified
Anuradhapura,Maha,Soybean,2021,76.87,540.18,Dry,Unverified
Anuradhapura,Maha,Soybean,2021,72.04,570.57,Dry,Unverified
Anuradhapura,Maha,Sweet Potato,2021,72.33,956.76,Dry,Supported envelope
Anuradhapura,Maha,Tomato,2021,104.91,1512.6,Dry,Unverified
Anuradhapura,Maha,Watermelon,2021,187.9,5135.53,Dry,Unverified
Anuradhapura,Maha,Watermelon,2021,196.6,3488.25,Dry,Unverified
Anuradhapura,Maha,Watermelon,2021,252.38,4457.1,Dry,Unverified
Anuradhapura,Maha,Yam,2021,70.96,873.32,Dry,Unverified
Anuradhapura,Yala,Ash Plantain,2021,197.71,5072.07,Dry,Unverified
Anuradhapura,Yala,Banana,2021,350.06,12570.49,Dry,Unverified
Anuradhapura,Yala,Banana,2021,278.63,8488.04,Dry,Unverified
Anuradhapura,Yala,Big Onion,2021,114.02,1081.47,Dry,Supported envelope
Anuradhapura,Yala,Brinjal,2021,101.95,1270.25,Dry,Unverified
Anuradhapura,Yala,Coconut,2021,110.72,4354.35,Dry,Unverified
Anuradhapura,Yala,Ginger,2021,75.88,908.16,Dry,Supported envelope
Anuradhapura,Yala,Groundnut,2021,85.57,937.69,Dry,Supported envelope
Anuradhapura,Yala,Maize,2021,82.97,1396.18,Dry,Supported envelope
Anuradhapura,Yala,Mango,2021,88.51,1672.49,Dry,Unverified
Anuradhapura,Yala,Papaya,2021,153.1,3737.68,Dry,Unverified
Anuradhapura,Yala,Potato,2021,158.69,3271.18,Dry,Supported envelope
Anuradhapura,Yala,Potato,2021,111.64,2263.76,Dry,Supported envelope
Anuradhapura,Yala,Sesame,2021,33.46,222.29,Dry,Unverified
Anuradhapura,Yala,Soybean,2021,74.51,859.26,Dry,Unverified
Anuradhapura,Yala,Sweet Potato,2021,87.6,1097.55,Dry,Supported envelope
Anuradhapura,Yala,Turmeric,2021,72.2,697.82,Dry,Supported envelope
Anuradhapura,Yala,Turmeric,2021,66.17,688.36,Dry,Supported envelope
Anuradhapura,Yala,Watermelon,2021,123.34,2593.42,Dry,Unverified
Anuradhapura,Yala,Watermelon,2021,256.2,4787.56,Dry,Unverified
Badulla,Maha,Ash Plantain,2021,226.36,6354.24,Up-country Intermediate,Unverified
Badulla,Maha,Banana,2021,166.48,6321.46,Up-country Intermediate,Unverified
Badulla,Maha,Banana,2021,157.36,6007.59,Up-country Intermediate,Unverified
Badulla,Maha,Banana,2021,112.35,3754.37,Up-country Intermediate,Unverified
Badulla,Maha,Banana,2021,183.35,6312.14,Up-country Intermediate,Unverified
Badulla,Maha,Beans,2021,80.68,808.58,Up-country Intermediate,Supported envelope
Badulla,Maha,Beans,2021,74.65,572.66,Up-country Intermediate,Supported envelope
Badulla,Maha,Beans,2021,85.59,762.88,Up-country Intermediate,Supported envelope
Badulla,Maha,Bitter Gourd,2021,86.43,902.13,Up-country Intermediate,Unverified
Badulla,Maha,Black Gram,2021,97.47,602.76,Up-country Intermediate,Unverified
Badulla,Maha,Brinjal,2021,68.33,752.57,Up-country Intermediate,Unverified
Badulla,Maha,Brinjal,2021,74.12,960.65,Up-country Intermediate,Unverified
Badulla,Maha,Carrot,2021,118.03,1698.43,Up-country Intermediate,Supported envelope
Badulla,Maha,Carrot,2021,83.44,1347.28,Up-country Intermediate,Supported envelope
Badulla,Maha,Carrot,2021,97.81,1445.32,Up-country Intermediate,Supported envelope
Badulla,Maha,Cauliflower,2021,52.83,528.03,Up-country Intermediate,Supported envelope
Badulla,Maha,Cauliflower,2021,50.73,529.26,Up-country Intermediate,Supported envelope
Badulla,Maha,Coconut,2021,139.85,4559.61,Up-country Intermediate,Unverified
Badulla,Maha,Ginger,2021,42.56,535.1,Up-country Intermediate,Supported envelope
Badulla,Maha,Leeks,2021,75.19,1289.54,Up-country Intermediate,Supported envelope
Badulla,Maha,Leeks,2021,152.61,1764.4,Up-country Intermediate,Supported envelope
Badulla,Maha,Leeks,2021,125.74,1110.71,Up-country Intermediate,Supported envelope
Badulla,Maha,Mango,2021,165.35,4226.56,Up-country Intermediate,Unverified
Badulla,Maha,Okra,2021,54.85,357.29,Up-country Intermediate,Unverified
Badulla,Maha,Pepper,2021,32.45,174.91,Up-country Intermediate,Supported envelope
Badulla,Maha,Pumpkin,2021,79.73,1184.0,Up-country Intermediate,Unverified
Badulla,Maha,Red Onion,2021,64.67,665.57,Up-country Intermediate,Supported envelope
Badulla,Maha,Red Onion,2021,52.86,404.78,Up-country Intermediate,Supported envelope
Badulla,Maha,Snake Gourd,2021,68.7,662.39,Up-country Intermediate,Unverified
Badulla,Maha,Snake Gourd,2021,59.77,545.74,Up-country Intermediate,Unverified
Badulla,Maha,Sweet Potato,2021,90.33,1272.91,Up-country Intermediate,Supported envelope
Badulla,Maha,Taro,2021,80.16,1247.18,Up-country Intermediate,Unverified
Badulla,Maha,Turmeric,2021,50.87,482.86,Up-country Intermediate,Supported envelope
Badulla,Maha,Watermelon,2021,91.33,1929.48,Up-country Intermediate,Unverified
Badulla,Maha,Watermelon,2021,93.2,2025.85,Up-country Intermediate,Unverified
Badulla,Yala,Beans,2021,82.3,1070.59,Up-country Intermediate,Supported envelope
Badulla,Yala,Big Onion,2021,44.03,526.38,Up-country Intermediate,Supported envelope
Badulla,Yala,Bitter Gourd,2021,49.42,519.3,Up-country Intermediate,Unverified
Badulla,Yala,Cabbage,2021,65.33,1152.14,Up-country Intermediate,Supported envelope
Badulla,Yala,Cabbage,2021,62.52,941.53,Up-country Intermediate,Supported envelope
Badulla,Yala,Carrot,2021,112.08,1537.78,Up-country Intermediate,Supported envelope
Badulla,Yala,Carrot,2021,77.7,1435.56,Up-country Intermediate,Supported envelope
Badulla,Yala,Carrot,2021,144.85,2310.76,Up-country Intermediate,Supported envelope
Badulla,Yala,Cassava,2021,105.46,2298.31,Up-country Intermediate,Supported envelope
Badulla,Yala,Cauliflower,2021,85.93,873.5,Up-country Intermediate,Supported envelope
Badulla,Yala,Cucumber,2021,62.44,816.98,Up-country Intermediate,Unverified
Badulla,Yala,Leeks,2021,60.17,839.63,Up-country Intermediate,Supported envelope
Badulla,Yala,Long Bean,2021,47.48,457.54,Up-country Intermediate,Unverified
Badulla,Yala,Long Bean,2021,68.19,651.12,Up-country Intermediate,Unverified
Badulla,Yala,Maize,2021,75.82,1278.42,Up-country Intermediate,Supported envelope
Badulla,Yala,Okra,2021,47.97,333.91,Up-country Intermediate,Unverified
Badulla,Yala,Potato,2021,67.92,1556.24,Up-country Intermediate,Supported envelope
Badulla,Yala,Potato,2021,89.17,1598.26,Up-country Intermediate,Supported envelope
Badulla,Yala,Red Onion,2021,58.41,582.93,Up-country Intermediate,Supported envelope
Badulla,Yala,Rice,2021,88.23,1591.61,Up-country Intermediate,Unverified
Badulla,Yala,Rice,2021,58.09,1284.69,Up-country Intermediate,Unverified
Badulla,Yala,Rice,2021,155.79,3872.73,Up-country Intermediate,Unverified
Badulla,Yala,Sesame,2021,43.26,235.14,Up-country Intermediate,Unverified
Badulla,Yala,Soybean,2021,54.36,515.69,Up-country Intermediate,Unverified
Badulla,Yala,Sweet Potato,2021,86.99,1360.36,Up-country Intermediate,Supported envelope
Badulla,Yala,Tea,2021,152.01,3795.3,Up-country Intermediate,Supported envelope
Badulla,Yala,Tea,2021,197.31,5399.71,Up-country Intermediate,Supported envelope
Badulla,Yala,Watermelon,2021,118.78,2161.52,Up-country Intermediate,Unverified
Badulla,Yala,Watermelon,2021,99.51,1912.46,Up-country Intermediate,Unverified
Badulla,Yala,Yam,2021,53.72,797.86,Up-country Intermediate,Unverified
Badulla,Yala,Yam,2021,81.9,1164.29,Up-country Intermediate,Unverified
Batticaloa,Maha,Banana,2021,125.85,4473.73,Dry,Unverified
Batticaloa,Maha,Banana,2021,79.36,2379.25,Dry,Unverified
Batticaloa,Maha,Black Gram,2021,51.52,396.99,Dry,Unverified
Batticaloa,Maha,Black Gram,2021,43.17,244.95,Dry,Unverified
Batticaloa,Maha,Brinjal,2021,76.01,817.23,Dry,Unverified
Batticaloa,Maha,Carrot,2021,72.32,1135.59,Dry,Supported envelope
Batticaloa,Maha,Chilli,2021,41.94,287.45,Dry,Supported envelope
Batticaloa,Maha,Chilli,2021,46.52,344.99,Dry,Supported envelope
Batticaloa,Maha,Chilli,2021,32.87,240.29,Dry,Supported envelope
Batticaloa,Maha,Chilli,2021,33.1,325.91,Dry,Supported envelope
Batticaloa,Maha,Chilli,2021,54.25,380.41,Dry,Supported envelope
Batticaloa,Maha,Chilli,2021,44.95,456.16,Dry,Supported envelope
Batticaloa,Maha,Cowpea,2021,42.43,332.21,Dry,Supported envelope
Batticaloa,Maha,Cucumber,2021,68.6,983.28,Dry,Unverified
Batticaloa,Maha,Groundnut,2021,36.64,368.15,Dry,Supported envelope
Batticaloa,Maha,Long Bean,2021,71.85,708.54,Dry,Unverified
Batticaloa,Maha,Okra,2021,63.5,489.31,Dry,Unverified
Batticaloa,Maha,Okra,2021,62.68,615.38,Dry,Unverified
Batticaloa,Maha,Potato,2021,179.83,2823.16,Dry,Supported envelope
Batticaloa,Maha,Potato,2021,91.15,1684.42,Dry,Supported envelope
Batticaloa,Maha,Pumpkin,2021,92.81,1289.42,Dry,Unverified
Batticaloa,Maha,Rice,2021,106.49,2344.81,Dry,Unverified
Batticaloa,Maha,Rice,2021,94.5,1990.66,Dry,Unverified
Batticaloa,Maha,Rice,2021,100.9,2318.78,Dry,Unverified
Batticaloa,Maha,Ridge Gourd,2021,61.77,535.56,Dry,Unverified
Batticaloa,Maha,Sweet Potato,2021,55.81,602.97,Dry,Supported envelope
Batticaloa,Maha,Sweet Potato,2021,89.98,1431.89,Dry,Supported envelope
Batticaloa,Maha,Watermelon,2021,95.36,2136.91,Dry,Unverified
Batticaloa,Maha,Watermelon,2021,160.18,3138.77,Dry,Unverified
Batticaloa,Maha,Watermelon,2021,123.87,2711.29,Dry,Unverified
Batticaloa,Yala,Banana,2021,146.29,4045.74,Dry,Unverified
Batticaloa,Yala,Banana,2021,205.06,5961.85,Dry,Unverified
Batticaloa,Yala,Banana,2021,149.12,5486.76,Dry,Unverified
Batticaloa,Yala,Big Onion,2021,74.33,832.42,Dry,Supported envelope
Batticaloa,Yala,Bitter Gourd,2021,71.25,823.25,Dry,Unverified
Batticaloa,Yala,Carrot,2021,67.17,876.0,Dry,Supported envelope
Batticaloa,Yala,Carrot,2021,76.97,1120.22,Dry,Supported envelope
Batticaloa,Yala,Carrot,2021,84.3,1673.87,Dry,Supported envelope
Batticaloa,Yala,Cassava,2021,133.17,2719.83,Dry,Supported envelope
Batticaloa,Yala,Chilli,2021,47.11,317.28,Dry,Supported envelope
Batticaloa,Yala,Chilli,2021,33.92,292.19,Dry,Supported envelope
Batticaloa,Yala,Coconut,2021,146.36,5541.45,Dry,Unverified
Batticaloa,Yala,Cowpea,2021,53.1,382.03,Dry,Supported envelope
Batticaloa,Yala,Ginger,2021,55.94,681.0,Dry,Supported envelope
Batticaloa,Yala,Maize,2021,93.66,1347.87,Dry,Supported envelope
Batticaloa,Yala,Potato,2021,86.78,1552.22,Dry,Supported envelope
Batticaloa,Yala,Potato,2021,105.78,1886.73,Dry,Supported envelope
Batticaloa,Yala,Pumpkin,2021,114.0,1780.73,Dry,Unverified
Batticaloa,Yala,Rice,2021,137.93,3031.45,Dry,Unverified
Batticaloa,Yala,Ridge Gourd,2021,47.49,508.87,Dry,Unverified
Batticaloa,Yala,Ridge Gourd,2021,48.49,565.93,Dry,Unverified
Batticaloa,Yala,Sesame,2021,39.91,232.89,Dry,Unverified
Batticaloa,Yala,Sweet Potato,2021,59.82,908.63,Dry,Supported envelope
Batticaloa,Yala,Tomato,2021,58.22,833.47,Dry,Unverified
Batticaloa,Yala,Watermelon,2021,135.43,3341.45,Dry,Unverified
Batticaloa,Yala,Watermelon,2021,150.64,3121.0,Dry,Unverified
Batticaloa,Yala,Watermelon,2021,123.82,2416.04,Dry,Unverified
Colombo,Maha,Banana,2021,294.98,10650.51,Wet,Unverified
Colombo,Maha,Banana,2021,172.75,5949.73,Wet,Unverified
Colombo,Maha,Bitter Gourd,2021,44.31,530.43,Wet,Unverified
Colombo,Maha,Carrot,2021,75.08,1108.11,Wet,Supported envelope
Colombo,Maha,Carrot,2021,67.0,1003.84,Wet,Supported envelope
Colombo,Maha,Chilli,2021,48.39,334.91,Wet,Supported envelope
Colombo,Maha,Chilli,2021,52.26,299.13,Wet,Supported envelope
Colombo,Maha,Chilli,2021,61.71,486.26,Wet,Supported envelope
Colombo,Maha,Coconut,2021,130.88,4543.59,Wet,Unverified
Colombo,Maha,Long Bean,2021,63.59,590.65,Wet,Unverified
Colombo,Maha,Papaya,2021,171.1,4892.37,Wet,Unverified
Colombo,Maha,Red Onion,2021,53.71,497.19,Wet,Supported envelope
Colombo,Maha,Ridge Gourd,2021,53.53,615.06,Wet,Unverified
Colombo,Maha,Snake Gourd,2021,88.4,844.29,Wet,Unverified
Colombo,Maha,Taro,2021,109.43,1236.25,Wet,Unverified
Colombo,Maha,Tomato,2021,76.13,1335.17,Wet,Unverified
Colombo,Maha,Turmeric,2021,56.44,466.92,Wet,Supported envelope
Colombo,Maha,Turmeric,2021,64.79,782.8,Wet,Supported envelope
Colombo,Maha,Watermelon,2021,100.19,2098.1,Wet,Unverified
Colombo,Yala,Banana,2021,221.35,6583.07,Wet,Unverified
Colombo,Yala,Banana,2021,140.11,3540.01,Wet,Unverified
Colombo,Yala,Banana,2021,262.11,6986.21,Wet,Unverified
Colombo,Yala,Bitter Gourd,2021,51.25,547.68,Wet,Unverified
Colombo,Yala,Black Gram,2021,62.77,385.49,Wet,Unverified
Colombo,Yala,Black Gram,2021,42.79,253.56,Wet,Unverified
Colombo,Yala,Carrot,2021,80.66,1452.68,Wet,Supported envelope
Colombo,Yala,Carrot,2021,92.9,1567.92,Wet,Supported envelope
Colombo,Yala,Carrot,2021,127.86,1896.74,Wet,Supported envelope
Colombo,Yala,Chilli,2021,74.99,662.15,Wet,Supported envelope
Colombo,Yala,Chilli,2021,41.69,308.79,Wet,Supported envelope
Colombo,Yala,Chilli,2021,54.35,407.9,Wet,Supported envelope
Colombo,Yala,Chilli,2021,64.84,508.07,Wet,Supported envelope
Colombo,Yala,Chilli,2021,52.11,377.33,Wet,Supported envelope
Colombo,Yala,Mango,2021,170.92,3424.29,Wet,Unverified
Colombo,Yala,Mango,2021,86.39,2444.31,Wet,Unverified
Colombo,Yala,Mango,2021,91.21,2241.03,Wet,Unverified
Colombo,Yala,Okra,2021,86.06,693.42,Wet,Unverified
Colombo,Yala,Papaya,2021,159.94,4136.06,Wet,Unverified
Colombo,Yala,Pineapple,2021,136.36,2922.06,Wet,Supported envelope
Colombo,Yala,Pumpkin,2021,107.05,2039.37,Wet,Unverified
Colombo,Yala,Snake Gourd,2021,74.12,630.06,Wet,Unverified
Colombo,Yala,Sweet Potato,2021,120.8,1759.11,Wet,Supported envelope
Colombo,Yala,Turmeric,2021,67.45,517.48,Wet,Supported envelope
Colombo,Yala,Turmeric,2021,73.42,723.2,Wet,Supported envelope
Colombo,Yala,Watermelon,2021,108.52,2206.68,Wet,Unverified
Colombo,Yala,Watermelon,2021,109.27,2317.12,Wet,Unverified
Colombo,Yala,Watermelon,2021,175.19,3447.51,Wet,Unverified
Colombo,Yala,Watermelon,2021,102.35,2571.89,Wet,Unverified
Galle,Maha,Ash Plantain,2021,120.04,4334.29,Wet,Unverified
Galle,Maha,Banana,2021,139.25,4031.51,Wet,Unverified
Galle,Maha,Banana,2021,204.8,7345.91,Wet,Unverified
Galle,Maha,Banana,2021,139.57,3600.69,Wet,Unverified
Galle,Maha,Banana,2021,162.46,4726.4,Wet,Unverified
Galle,Maha,Bitter Gourd,2021,36.13,307.31,Wet,Unverified
Galle,Maha,Brinjal,2021,57.34,755.66,Wet,Unverified
Galle,Maha,Carrot,2021,64.51,854.82,Wet,Supported envelope
Galle,Maha,Carrot,2021,96.72,1435.74,Wet,Supported envelope
Galle,Maha,Carrot,2021,75.12,1044.17,Wet,Supported envelope
Galle,Maha,Chilli,2021,48.17,402.83,Wet,Supported envelope
Galle,Maha,Chilli,2021,58.37,468.58,Wet,Supported envelope
Galle,Maha,Chilli,2021,61.89,497.82,Wet,Supported envelope
Galle,Maha,Mango,2021,90.46,1843.49,Wet,Unverified
Galle,Maha,Mango,2021,133.48,3027.42,Wet,Unverified
Galle,Maha,Mango,2021,119.88,2911.74,Wet,Unverified
Galle,Maha,Okra,2021,66.68,586.27,Wet,Unverified
Galle,Maha,Okra,2021,42.97,429.84,Wet,Unverified
Galle,Maha,Pepper,2021,31.95,172.9,Wet,Supported envelope
Galle,Maha,Potato,2021,115.79,2529.31,Wet,Supported envelope
Galle,Maha,Potato,2021,99.21,1694.61,Wet,Supported envelope
Galle,Maha,Taro,2021,84.68,1036.03,Wet,Unverified
Galle,Maha,Taro,2021,76.51,855.71,Wet,Unverified
Galle,Maha,Turmeric,2021,117.76,1357.47,Wet,Supported envelope
Galle,Maha,Watermelon,2021,87.5,1848.19,Wet,Unverified
Galle,Maha,Watermelon,2021,127.99,2896.49,Wet,Unverified
Galle,Maha,Watermelon,2021,141.53,2884.79,Wet,Unverified
Galle,Maha,Watermelon,2021,106.78,2094.1,Wet,Unverified
Galle,Maha,Watermelon,2021,93.16,1817.35,Wet,Unverified
Galle,Maha,Yam,2021,63.89,833.15,Wet,Unverified
Galle,Yala,Banana,2021,121.68,3260.93,Wet,Unverified
Galle,Yala,Banana,2021,282.1,7002.46,Wet,Unverified
Galle,Yala,Brinjal,2021,57.88,652.73,Wet,Unverified
Galle,Yala,Carrot,2021,72.81,1293.88,Wet,Supported envelope
Galle,Yala,Carrot,2021,56.85,814.8,Wet,Supported envelope
Galle,Yala,Carrot,2021,78.42,1209.49,Wet,Supported envelope
Galle,Yala,Carrot,2021,76.75,1049.29,Wet,Supported envelope
Galle,Yala,Cassava,2021,72.51,2208.84,Wet,Supported envelope
Galle,Yala,Chilli,2021,34.71,258.71,Wet,Supported envelope
Galle,Yala,Chilli,2021,38.52,291.39,Wet,Supported envelope
Galle,Yala,Chilli,2021,57.72,461.43,Wet,Supported envelope
Galle,Yala,Chilli,2021,51.28,478.52,Wet,Supported envelope
Galle,Yala,Cinnamon,2021,63.69,283.64,Wet,Supported envelope
Galle,Yala,Long Bean,2021,47.57,379.77,Wet,Unverified
Galle,Yala,Papaya,2021,140.91,3830.59,Wet,Unverified
Galle,Yala,Papaya,2021,131.65,3705.14,Wet,Unverified
Galle,Yala,Red Onion,2021,39.43,297.92,Wet,Supported envelope
Galle,Yala,Rice,2021,111.85,2049.86,Wet,Unverified
Galle,Yala,Ridge Gourd,2021,44.2,393.5,Wet,Unverified
Galle,Yala,Ridge Gourd,2021,61.93,713.18,Wet,Unverified
Galle,Yala,Soybean,2021,68.66,484.2,Wet,Unverified
Galle,Yala,Sweet Potato,2021,56.17,762.44,Wet,Supported envelope
Galle,Yala,Turmeric,2021,82.32,964.06,Wet,Supported envelope
Galle,Yala,Watermelon,2021,94.69,2051.58,Wet,Unverified
Galle,Yala,Watermelon,2021,65.74,1423.95,Wet,Unverified
Galle,Yala,Watermelon,2021,145.99,2456.7,Wet,Unverified
Galle,Yala,Watermelon,2021,115.99,2294.69,Wet,Unverified
Galle,Yala,Watermelon,2021,106.36,2190.38,Wet,Unverified
Gampaha,Maha,Ash Plantain,2021,308.04,9584.83,Wet,Unverified
Gampaha,Maha,Ash Plantain,2021,435.97,17793.7,Wet,Unverified
Gampaha,Maha,Banana,2021,263.27,9192.76,Wet,Unverified
Gampaha,Maha,Banana,2021,308.23,10040.35,Wet,Unverified
Gampaha,Maha,Banana,2021,320.31,11628.88,Wet,Unverified
Gampaha,Maha,Banana,2021,319.07,8901.79,Wet,Unverified
Gampaha,Maha,Brinjal,2021,159.68,1669.8,Wet,Unverified
Gampaha,Maha,Carrot,2021,159.52,2711.5,Wet,Supported envelope
Gampaha,Maha,Carrot,2021,162.85,2591.96,Wet,Supported envelope
Gampaha,Maha,Cassava,2021,202.04,5924.04,Wet,Supported envelope
Gampaha,Maha,Chilli,2021,75.33,571.46,Wet,Supported envelope
Gampaha,Maha,Chilli,2021,116.63,1005.75,Wet,Supported envelope
Gampaha,Maha,Chilli,2021,73.08,603.15,Wet,Supported envelope
Gampaha,Maha,Chilli,2021,77.53,619.5,Wet,Supported envelope
Gampaha,Maha,Cucumber,2021,108.93,1569.54,Wet,Unverified
Gampaha,Maha,Green Gram,2021,82.43,531.46,Wet,Supported envelope
Gampaha,Maha,Maize,2021,125.47,1908.14,Wet,Supported envelope
Gampaha,Maha,Mango,2021,168.59,3531.76,Wet,Unverified
Gampaha,Maha,Mango,2021,211.29,5881.44,Wet,Unverified
Gampaha,Maha,Mango,2021,201.63,4431.05,Wet,Unverified
Gampaha,Maha,Okra,2021,69.71,536.98,Wet,Unverified
Gampaha,Maha,Papaya,2021,189.45,4933.18,Wet,Unverified
Gampaha,Maha,Papaya,2021,135.35,3137.33,Wet,Unverified
Gampaha,Maha,Pineapple,2021,225.5,6616.04,Wet,Supported envelope
Gampaha,Maha,Pineapple,2021,140.37,3836.29,Wet,Supported envelope
Gampaha,Maha,Potato,2021,156.18,2752.94,Wet,Supported envelope
Gampaha,Maha,Watermelon,2021,161.47,2617.22,Wet,Unverified
Gampaha,Maha,Watermelon,2021,188.89,3878.99,Wet,Unverified
Gampaha,Maha,Watermelon,2021,156.25,3839.29,Wet,Unverified
Gampaha,Yala,Banana,2021,259.25,8417.62,Wet,Unverified
Gampaha,Yala,Banana,2021,253.25,7856.03,Wet,Unverified
Gampaha,Yala,Black Gram,2021,55.1,360.98,Wet,Unverified
Gampaha,Yala,Chilli,2021,111.79,821.47,Wet,Supported envelope
Gampaha,Yala,Chilli,2021,93.55,670.68,Wet,Supported envelope
Gampaha,Yala,Coconut,2021,283.53,7019.21,Wet,Unverified
Gampaha,Yala,Cucumber,2021,122.21,2157.64,Wet,Unverified
Gampaha,Yala,Cucumber,2021,134.95,1992.32,Wet,Unverified
Gampaha,Yala,Ginger,2021,114.47,1168.89,Wet,Supported envelope
Gampaha,Yala,Ginger,2021,105.94,1167.44,Wet,Supported envelope
Gampaha,Yala,Long Bean,2021,127.07,913.42,Wet,Unverified
Gampaha,Yala,Mango,2021,166.29,4387.45,Wet,Unverified
Gampaha,Yala,Pumpkin,2021,203.63,2628.56,Wet,Unverified
Gampaha,Yala,Red Onion,2021,115.56,1081.04,Wet,Supported envelope
Gampaha,Yala,Sesame,2021,62.25,338.02,Wet,Unverified
Gampaha,Yala,Snake Gourd,2021,83.98,805.08,Wet,Unverified
Gampaha,Yala,Sweet Potato,2021,196.74,2626.34,Wet,Supported envelope
Gampaha,Yala,Sweet Potato,2021,107.6,1753.44,Wet,Supported envelope
Gampaha,Yala,Watermelon,2021,108.15,2750.66,Wet,Unverified
Gampaha,Yala,Watermelon,2021,112.35,2307.11,Wet,Unverified
Gampaha,Yala,Watermelon,2021,170.49,3659.82,Wet,Unverified
Hambantota,Maha,Ash Plantain,2021,252.25,7628.28,Dry/Intermediate,Unverified
Hambantota,Maha,Ash Plantain,2021,225.88,6924.98,Dry/Intermediate,Unverified
Hambantota,Maha,Banana,2021,168.87,5677.82,Dry/Intermediate,Unverified
Hambantota,Maha,Big Onion,2021,68.1,947.6,Dry/Intermediate,Supported envelope
Hambantota,Maha,Carrot,2021,115.3,1799.78,Dry/Intermediate,Supported envelope
Hambantota,Maha,Chilli,2021,66.41,519.93,Dry/Intermediate,Supported envelope
Hambantota,Maha,Chilli,2021,57.58,431.28,Dry/Intermediate,Supported envelope
Hambantota,Maha,Chilli,2021,80.48,674.6,Dry/Intermediate,Supported envelope
Hambantota,Maha,Cowpea,2021,54.3,368.74,Dry/Intermediate,Supported envelope
Hambantota,Maha,Green Gram,2021,61.36,373.65,Dry/Intermediate,Supported envelope
Hambantota,Maha,Potato,2021,147.42,3150.03,Dry/Intermediate,Supported envelope
Hambantota,Maha,Rice,2021,123.06,2276.25,Dry/Intermediate,Unverified
Hambantota,Maha,Soybean,2021,73.87,672.94,Dry/Intermediate,Unverified
Hambantota,Maha,Sweet Potato,2021,121.74,1554.69,Dry/Intermediate,Supported envelope
Hambantota,Maha,Sweet Potato,2021,129.18,1617.5,Dry/Intermediate,Supported envelope
Hambantota,Maha,Sweet Potato,2021,94.46,1383.23,Dry/Intermediate,Supported envelope
Hambantota,Maha,Taro,2021,73.28,827.82,Dry/Intermediate,Unverified
Hambantota,Maha,Tomato,2021,108.42,1286.67,Dry/Intermediate,Unverified
Hambantota,Maha,Turmeric,2021,86.55,1058.98,Dry/Intermediate,Supported envelope
Hambantota,Maha,Turmeric,2021,59.09,561.78,Dry/Intermediate,Supported envelope
Hambantota,Maha,Watermelon,2021,251.89,4695.0,Dry/Intermediate,Unverified
Hambantota,Maha,Watermelon,2021,179.89,3388.69,Dry/Intermediate,Unverified
Hambantota,Maha,Yam,2021,119.46,1462.57,Dry/Intermediate,Unverified
Hambantota,Maha,Yam,2021,103.88,1424.34,Dry/Intermediate,Unverified
Hambantota,Yala,Ash Plantain,2021,226.43,7009.25,Dry/Intermediate,Unverified
Hambantota,Yala,Banana,2021,293.31,8218.25,Dry/Intermediate,Unverified
Hambantota,Yala,Banana,2021,238.38,8333.62,Dry/Intermediate,Unverified
Hambantota,Yala,Banana,2021,234.0,6673.54,Dry/Intermediate,Unverified
Hambantota,Yala,Brinjal,2021,120.8,1604.43,Dry/Intermediate,Unverified
Hambantota,Yala,Carrot,2021,91.24,1587.86,Dry/Intermediate,Supported envelope
Hambantota,Yala,Chilli,2021,103.94,671.22,Dry/Intermediate,Supported envelope
Hambantota,Yala,Maize,2021,118.33,2000.32,Dry/Intermediate,Supported envelope
Hambantota,Yala,Maize,2021,108.65,1934.54,Dry/Intermediate,Supported envelope
Hambantota,Yala,Okra,2021,56.65,527.9,Dry/Intermediate,Unverified
Hambantota,Yala,Pumpkin,2021,148.42,2434.97,Dry/Intermediate,Unverified
Hambantota,Yala,Rice,2021,142.33,2981.1,Dry/Intermediate,Unverified
Hambantota,Yala,Sesame,2021,49.58,306.14,Dry/Intermediate,Unverified
Hambantota,Yala,Snake Gourd,2021,118.8,1307.86,Dry/Intermediate,Unverified
Hambantota,Yala,Soybean,2021,62.97,507.92,Dry/Intermediate,Unverified
Hambantota,Yala,Soybean,2021,64.49,654.93,Dry/Intermediate,Unverified
Hambantota,Yala,Watermelon,2021,105.69,1797.39,Dry/Intermediate,Unverified
Hambantota,Yala,Yam,2021,127.88,1772.76,Dry/Intermediate,Unverified
Jaffna,Maha,Big Onion,2021,102.91,1072.73,Dry,Supported envelope
Jaffna,Maha,Brinjal,2021,92.72,1167.04,Dry,Unverified
Jaffna,Maha,Carrot,2021,128.81,2012.88,Dry,Supported envelope
Jaffna,Maha,Carrot,2021,159.66,2301.4,Dry,Supported envelope
Jaffna,Maha,Cassava,2021,386.31,9860.64,Dry,Supported envelope
Jaffna,Maha,Cassava,2021,86.49,1928.93,Dry,Supported envelope
Jaffna,Maha,Chilli,2021,97.26,785.1,Dry,Supported envelope
Jaffna,Maha,Chilli,2021,46.92,407.71,Dry,Supported envelope
Jaffna,Maha,Coconut,2021,150.03,4070.84,Dry,Unverified
Jaffna,Maha,Cowpea,2021,80.11,539.12,Dry,Supported envelope
Jaffna,Maha,Cowpea,2021,73.08,619.89,Dry,Supported envelope
Jaffna,Maha,Groundnut,2021,81.36,705.7,Dry,Supported envelope
Jaffna,Maha,Okra,2021,95.86,751.23,Dry,Unverified
Jaffna,Maha,Okra,2021,68.31,536.5,Dry,Unverified
Jaffna,Maha,Potato,2021,98.4,1809.7,Dry,Supported envelope
Jaffna,Maha,Potato,2021,148.77,3418.82,Dry,Supported envelope
Jaffna,Maha,Potato,2021,176.14,2949.99,Dry,Supported envelope
Jaffna,Maha,Pumpkin,2021,132.38,1970.1,Dry,Unverified
Jaffna,Maha,Pumpkin,2021,94.86,1201.96,Dry,Unverified
Jaffna,Maha,Ridge Gourd,2021,77.25,951.28,Dry,Unverified
Jaffna,Maha,Snake Gourd,2021,101.63,913.09,Dry,Unverified
Jaffna,Maha,Snake Gourd,2021,116.62,1090.47,Dry,Unverified
Jaffna,Maha,Soybean,2021,117.16,1301.55,Dry,Unverified
Jaffna,Maha,Sweet Potato,2021,100.13,1146.23,Dry,Supported envelope
Jaffna,Maha,Tomato,2021,92.19,1479.77,Dry,Unverified
Jaffna,Maha,Tomato,2021,137.69,1885.78,Dry,Unverified
Jaffna,Maha,Watermelon,2021,165.0,3037.61,Dry,Unverified
Jaffna,Maha,Watermelon,2021,121.13,3110.38,Dry,Unverified
Jaffna,Maha,Watermelon,2021,136.9,2971.5,Dry,Unverified
Jaffna,Maha,Watermelon,2021,140.04,2834.59,Dry,Unverified
Jaffna,Maha,Yam,2021,116.57,1956.82,Dry,Unverified
Jaffna,Maha,Yam,2021,107.78,1487.78,Dry,Unverified
Jaffna,Yala,Banana,2021,184.69,5892.82,Dry,Unverified
Jaffna,Yala,Bitter Gourd,2021,74.17,735.2,Dry,Unverified
Jaffna,Yala,Black Gram,2021,67.06,402.33,Dry,Unverified
Jaffna,Yala,Carrot,2021,126.97,2406.2,Dry,Supported envelope
Jaffna,Yala,Carrot,2021,124.45,1709.14,Dry,Supported envelope
Jaffna,Yala,Cassava,2021,129.61,2849.88,Dry,Supported envelope
Jaffna,Yala,Cassava,2021,161.13,3640.32,Dry,Supported envelope
Jaffna,Yala,Cucumber,2021,120.52,1669.17,Dry,Unverified
Jaffna,Yala,Green Gram,2021,83.36,586.65,Dry,Supported envelope
Jaffna,Yala,Groundnut,2021,97.78,833.61,Dry,Supported envelope
Jaffna,Yala,Long Bean,2021,68.48,547.02,Dry,Unverified
Jaffna,Yala,Okra,2021,107.72,1014.17,Dry,Unverified
Jaffna,Yala,Okra,2021,60.97,428.67,Dry,Unverified
Jaffna,Yala,Pumpkin,2021,88.18,1287.27,Dry,Unverified
Jaffna,Yala,Rice,2021,134.31,2771.97,Dry,Unverified
Jaffna,Yala,Ridge Gourd,2021,62.84,586.74,Dry,Unverified
Jaffna,Yala,Ridge Gourd,2021,71.94,794.23,Dry,Unverified
Jaffna,Yala,Snake Gourd,2021,127.69,1205.54,Dry,Unverified
Jaffna,Yala,Sweet Potato,2021,111.8,1241.61,Dry,Supported envelope
Jaffna,Yala,Taro,2021,119.28,1667.01,Dry,Unverified
Jaffna,Yala,Turmeric,2021,59.75,672.63,Dry,Supported envelope
Jaffna,Yala,Watermelon,2021,181.12,3530.21,Dry,Unverified
Jaffna,Yala,Watermelon,2021,163.67,3387.68,Dry,Unverified
Jaffna,Yala,Watermelon,2021,97.51,1689.12,Dry,Unverified
Jaffna,Yala,Watermelon,2021,151.96,2768.58,Dry,Unverified
Kalutara,Maha,Banana,2021,276.1,8115.21,Wet,Unverified
Kalutara,Maha,Black Gram,2021,56.73,378.16,Wet,Unverified
Kalutara,Maha,Brinjal,2021,116.52,1649.43,Wet,Unverified
Kalutara,Maha,Carrot,2021,94.71,1698.04,Wet,Supported envelope
Kalutara,Maha,Carrot,2021,120.69,1653.89,Wet,Supported envelope
Kalutara,Maha,Carrot,2021,118.46,1795.45,Wet,Supported envelope
Kalutara,Maha,Cassava,2021,191.75,3658.45,Wet,Supported envelope
Kalutara,Maha,Cassava,2021,169.0,4684.45,Wet,Supported envelope
Kalutara,Maha,Chilli,2021,98.25,720.72,Wet,Supported envelope
Kalutara,Maha,Chilli,2021,47.81,366.53,Wet,Supported envelope
Kalutara,Maha,Chilli,2021,98.73,877.47,Wet,Supported envelope
Kalutara,Maha,Chilli,2021,66.16,441.86,Wet,Supported envelope
Kalutara,Maha,Coconut,2021,218.58,6705.5,Wet,Unverified
Kalutara,Maha,Potato,2021,181.34,3508.57,Wet,Supported envelope
Kalutara,Maha,Red Onion,2021,51.73,638.13,Wet,Supported envelope
Kalutara,Maha,Rice,2021,173.91,3748.36,Wet,Unverified
Kalutara,Maha,Ridge Gourd,2021,77.89,766.0,Wet,Unverified
Kalutara,Maha,Sweet Potato,2021,127.14,1719.6,Wet,Supported envelope
Kalutara,Maha,Taro,2021,97.66,993.12,Wet,Unverified
Kalutara,Maha,Taro,2021,133.52,1294.91,Wet,Unverified
Kalutara,Maha,Taro,2021,136.24,1664.1,Wet,Unverified
Kalutara,Maha,Tomato,2021,149.76,2268.67,Wet,Unverified
Kalutara,Maha,Watermelon,2021,176.61,3639.01,Wet,Unverified
Kalutara,Maha,Watermelon,2021,175.97,4613.26,Wet,Unverified
Kalutara,Maha,Watermelon,2021,198.78,3865.41,Wet,Unverified
Kalutara,Yala,Banana,2021,244.73,8195.86,Wet,Unverified
Kalutara,Yala,Bitter Gourd,2021,62.58,614.51,Wet,Unverified
Kalutara,Yala,Brinjal,2021,109.56,1297.96,Wet,Unverified
Kalutara,Yala,Brinjal,2021,95.39,1016.38,Wet,Unverified
Kalutara,Yala,Carrot,2021,171.76,2620.26,Wet,Supported envelope
Kalutara,Yala,Cassava,2021,151.37,4780.12,Wet,Supported envelope
Kalutara,Yala,Chilli,2021,50.17,329.96,Wet,Supported envelope
Kalutara,Yala,Coconut,2021,219.1,7027.16,Wet,Unverified
Kalutara,Yala,Mango,2021,173.63,3040.28,Wet,Unverified
Kalutara,Yala,Mango,2021,180.63,4935.97,Wet,Unverified
Kalutara,Yala,Mango,2021,152.09,3439.44,Wet,Unverified
Kalutara,Yala,Papaya,2021,167.9,3984.55,Wet,Unverified
Kalutara,Yala,Papaya,2021,227.96,5667.19,Wet,Unverified
Kalutara,Yala,Snake Gourd,2021,63.96,577.47,Wet,Unverified
Kalutara,Yala,Sweet Potato,2021,129.89,1704.15,Wet,Supported envelope
Kalutara,Yala,Taro,2021,92.49,1173.22,Wet,Unverified
Kalutara,Yala,Tomato,2021,99.16,1540.33,Wet,Unverified
Kalutara,Yala,Watermelon,2021,173.46,3133.32,Wet,Unverified
Kandy,Maha,Ash Plantain,2021,182.12,5757.39,Up-country Wet/Intermediate,Unverified
Kandy,Maha,Ash Plantain,2021,151.58,3468.26,Up-country Wet/Intermediate,Unverified
Kandy,Maha,Banana,2021,172.66,5600.98,Up-country Wet/Intermediate,Unverified
Kandy,Maha,Banana,2021,216.73,6353.09,Up-country Wet/Intermediate,Unverified
Kandy,Maha,Banana,2021,222.99,6234.22,Up-country Wet/Intermediate,Unverified
Kandy,Maha,Banana,2021,239.23,6930.65,Up-country Wet/Intermediate,Unverified
Kandy,Maha,Beans,2021,92.88,996.41,Up-country Wet/Intermediate,Supported envelope
Kandy,Maha,Black Gram,2021,64.73,397.56,Up-country Wet/Intermediate,Unverified
Kandy,Maha,Carrot,2021,88.68,1410.26,Up-country Wet/Intermediate,Supported envelope
Kandy,Maha,Carrot,2021,194.25,2983.68,Up-country Wet/Intermediate,Supported envelope
Kandy,Maha,Cauliflower,2021,92.52,1117.52,Up-country Wet/Intermediate,Supported envelope
Kandy,Maha,Cucumber,2021,129.96,1857.05,Up-country Wet/Intermediate,Unverified
Kandy,Maha,Cucumber,2021,76.85,1091.39,Up-country Wet/Intermediate,Unverified
Kandy,Maha,Green Gram,2021,37.6,220.37,Up-country Wet/Intermediate,Supported envelope
Kandy,Maha,Green Gram,2021,58.88,544.29,Up-country Wet/Intermediate,Supported envelope
Kandy,Maha,Green Gram,2021,72.55,585.15,Up-country Wet/Intermediate,Supported envelope
Kandy,Maha,Green Gram,2021,80.2,700.7,Up-country Wet/Intermediate,Supported envelope
Kandy,Maha,Groundnut,2021,77.91,791.08,Up-country Wet/Intermediate,Supported envelope
Kandy,Maha,Leeks,2021,151.98,1618.77,Up-country Wet/Intermediate,Supported envelope
Kandy,Maha,Leeks,2021,101.69,1198.12,Up-country Wet/Intermediate,Supported envelope
Kandy,Maha,Maize,2021,113.89,1782.71,Up-country Wet/Intermediate,Supported envelope
Kandy,Maha,Maize,2021,127.49,1796.5,Up-country Wet/Intermediate,Supported envelope
Kandy,Maha,Okra,2021,77.17,571.99,Up-country Wet/Intermediate,Unverified
Kandy,Maha,Papaya,2021,176.04,4279.98,Up-country Wet/Intermediate,Unverified
Kandy,Maha,Papaya,2021,181.19,4359.85,Up-country Wet/Intermediate,Unverified
Kandy,Maha,Pepper,2021,54.88,296.98,Up-country Wet/Intermediate,Supported envelope
Kandy,Maha,Pepper,2021,62.67,304.98,Up-country Wet/Intermediate,Supported envelope
Kandy,Maha,Pumpkin,2021,96.27,1560.28,Up-country Wet/Intermediate,Unverified
Kandy,Maha,Red Onion,2021,88.31,868.15,Up-country Wet/Intermediate,Supported envelope
Kandy,Maha,Rice,2021,93.38,1948.1,Up-country Wet/Intermediate,Unverified
Kandy,Maha,Ridge Gourd,2021,103.94,1235.02,Up-country Wet/Intermediate,Unverified
Kandy,Maha,Sesame,2021,43.41,196.29,Up-country Wet/Intermediate,Unverified
Kandy,Maha,Sesame,2021,54.44,293.27,Up-country Wet/Intermediate,Unverified
Kandy,Maha,Soybean,2021,65.58,711.67,Up-country Wet/Intermediate,Unverified
Kandy,Maha,Taro,2021,106.19,1602.41,Up-country Wet/Intermediate,Unverified
Kandy,Maha,Taro,2021,106.53,1163.09,Up-country Wet/Intermediate,Unverified
Kandy,Maha,Tomato,2021,127.2,1412.76,Up-country Wet/Intermediate,Unverified
Kandy,Maha,Watermelon,2021,96.93,2667.7,Up-country Wet/Intermediate,Unverified
Kandy,Maha,Watermelon,2021,177.04,3440.58,Up-country Wet/Intermediate,Unverified
Kandy,Maha,Watermelon,2021,126.33,2681.04,Up-country Wet/Intermediate,Unverified
Kandy,Maha,Watermelon,2021,104.76,2020.25,Up-country Wet/Intermediate,Unverified
Kandy,Yala,Ash Plantain,2021,235.25,6059.88,Up-country Wet/Intermediate,Unverified
Kandy,Yala,Ash Plantain,2021,186.09,5908.84,Up-country Wet/Intermediate,Unverified
Kandy,Yala,Banana,2021,248.55,9737.12,Up-country Wet/Intermediate,Unverified
Kandy,Yala,Banana,2021,248.53,7289.9,Up-country Wet/Intermediate,Unverified
Kandy,Yala,Banana,2021,242.53,9181.33,Up-country Wet/Intermediate,Unverified
Kandy,Yala,Beans,2021,95.13,778.97,Up-country Wet/Intermediate,Supported envelope
Kandy,Yala,Bitter Gourd,2021,72.99,806.32,Up-country Wet/Intermediate,Unverified
Kandy,Yala,Cabbage,2021,116.6,1794.65,Up-country Wet/Intermediate,Supported envelope
Kandy,Yala,Cabbage,2021,83.01,1514.91,Up-country Wet/Intermediate,Supported envelope
Kandy,Yala,Cabbage,2021,75.7,1126.14,Up-country Wet/Intermediate,Supported envelope
Kandy,Yala,Cassava,2021,164.6,3814.83,Up-country Wet/Intermediate,Supported envelope
Kandy,Yala,Chilli,2021,66.48,462.1,Up-country Wet/Intermediate,Supported envelope
Kandy,Yala,Cowpea,2021,59.31,518.4,Up-country Wet/Intermediate,Supported envelope
Kandy,Yala,Ginger,2021,99.37,1137.26,Up-country Wet/Intermediate,Supported envelope
Kandy,Yala,Groundnut,2021,112.71,1086.02,Up-country Wet/Intermediate,Supported envelope
Kandy,Yala,Long Bean,2021,71.28,727.59,Up-country Wet/Intermediate,Unverified
Kandy,Yala,Maize,2021,110.85,1764.94,Up-country Wet/Intermediate,Supported envelope
Kandy,Yala,Maize,2021,92.01,1641.41,Up-country Wet/Intermediate,Supported envelope
Kandy,Yala,Pumpkin,2021,102.12,1800.95,Up-country Wet/Intermediate,Unverified
Kandy,Yala,Soybean,2021,76.97,862.64,Up-country Wet/Intermediate,Unverified
Kandy,Yala,Sweet Potato,2021,70.56,907.17,Up-country Wet/Intermediate,Supported envelope
Kandy,Yala,Sweet Potato,2021,76.2,1075.71,Up-country Wet/Intermediate,Supported envelope
Kandy,Yala,Watermelon,2021,150.01,2850.1,Up-country Wet/Intermediate,Unverified
Kandy,Yala,Yam,2021,74.46,1051.48,Up-country Wet/Intermediate,Unverified
Kegalle,Maha,Beans,2021,43.83,421.78,Wet/Intermediate,Supported envelope
Kegalle,Maha,Beans,2021,57.98,531.53,Wet/Intermediate,Supported envelope
Kegalle,Maha,Black Gram,2021,69.42,398.14,Wet/Intermediate,Unverified
Kegalle,Maha,Carrot,2021,88.37,1449.73,Wet/Intermediate,Supported envelope
Kegalle,Maha,Chilli,2021,72.84,617.18,Wet/Intermediate,Supported envelope
Kegalle,Maha,Chilli,2021,68.31,402.72,Wet/Intermediate,Supported envelope
Kegalle,Maha,Chilli,2021,61.13,484.25,Wet/Intermediate,Supported envelope
Kegalle,Maha,Ginger,2021,76.79,710.4,Wet/Intermediate,Supported envelope
Kegalle,Maha,Green Gram,2021,69.96,506.97,Wet/Intermediate,Supported envelope
Kegalle,Maha,Long Bean,2021,98.15,851.45,Wet/Intermediate,Unverified
Kegalle,Maha,Maize,2021,126.88,1777.8,Wet/Intermediate,Supported envelope
Kegalle,Maha,Mango,2021,204.69,5664.92,Wet/Intermediate,Unverified
Kegalle,Maha,Okra,2021,62.45,508.83,Wet/Intermediate,Unverified
Kegalle,Maha,Papaya,2021,168.66,4776.11,Wet/Intermediate,Unverified
Kegalle,Maha,Papaya,2021,193.57,5217.86,Wet/Intermediate,Unverified
Kegalle,Maha,Potato,2021,141.73,2341.09,Wet/Intermediate,Supported envelope
Kegalle,Maha,Pumpkin,2021,84.14,1337.41,Wet/Intermediate,Unverified
Kegalle,Maha,Pumpkin,2021,119.62,1990.57,Wet/Intermediate,Unverified
Kegalle,Maha,Soybean,2021,46.1,415.5,Wet/Intermediate,Unverified
Kegalle,Maha,Sweet Potato,2021,98.89,1209.47,Wet/Intermediate,Supported envelope
Kegalle,Maha,Taro,2021,99.96,1311.57,Wet/Intermediate,Unverified
Kegalle,Maha,Watermelon,2021,98.82,1953.2,Wet/Intermediate,Unverified
Kegalle,Maha,Watermelon,2021,96.46,1502.41,Wet/Intermediate,Unverified
Kegalle,Maha,Yam,2021,91.21,1250.49,Wet/Intermediate,Unverified
Kegalle,Yala,Banana,2021,174.21,6051.99,Wet/Intermediate,Unverified
Kegalle,Yala,Banana,2021,223.97,4986.01,Wet/Intermediate,Unverified
Kegalle,Yala,Banana,2021,217.48,8033.4,Wet/Intermediate,Unverified
Kegalle,Yala,Banana,2021,188.34,5574.88,Wet/Intermediate,Unverified
Kegalle,Yala,Beans,2021,97.82,1016.43,Wet/Intermediate,Supported envelope
Kegalle,Yala,Beans,2021,68.29,624.72,Wet/Intermediate,Supported envelope
Kegalle,Yala,Beans,2021,70.01,700.83,Wet/Intermediate,Supported envelope
Kegalle,Yala,Beans,2021,75.27,795.88,Wet/Intermediate,Supported envelope
Kegalle,Yala,Carrot,2021,99.16,1840.99,Wet/Intermediate,Supported envelope
Kegalle,Yala,Carrot,2021,71.91,1103.44,Wet/Intermediate,Supported envelope
Kegalle,Yala,Cassava,2021,99.21,2340.86,Wet/Intermediate,Supported envelope
Kegalle,Yala,Cassava,2021,133.22,2847.38,Wet/Intermediate,Supported envelope
Kegalle,Yala,Cauliflower,2021,79.8,957.47,Wet/Intermediate,Supported envelope
Kegalle,Yala,Chilli,2021,86.5,626.74,Wet/Intermediate,Supported envelope
Kegalle,Yala,Chilli,2021,52.11,366.61,Wet/Intermediate,Supported envelope
Kegalle,Yala,Chilli,2021,57.06,506.14,Wet/Intermediate,Supported envelope
Kegalle,Yala,Cinnamon,2021,32.25,125.77,Wet/Intermediate,Supported envelope
Kegalle,Yala,Coconut,2021,230.97,6987.93,Wet/Intermediate,Unverified
Kegalle,Yala,Cucumber,2021,71.43,1198.34,Wet/Intermediate,Unverified
Kegalle,Yala,Green Gram,2021,60.98,406.35,Wet/Intermediate,Supported envelope
Kegalle,Yala,Maize,2021,108.94,1811.48,Wet/Intermediate,Supported envelope
Kegalle,Yala,Pineapple,2021,137.73,3499.14,Wet/Intermediate,Supported envelope
Kegalle,Yala,Ridge Gourd,2021,66.8,761.41,Wet/Intermediate,Unverified
Kegalle,Yala,Sesame,2021,50.03,310.05,Wet/Intermediate,Unverified
Kegalle,Yala,Snake Gourd,2021,71.45,770.08,Wet/Intermediate,Unverified
Kegalle,Yala,Soybean,2021,88.37,768.54,Wet/Intermediate,Unverified
Kegalle,Yala,Tomato,2021,118.53,1293.61,Wet/Intermediate,Unverified
Kegalle,Yala,Turmeric,2021,72.98,737.28,Wet/Intermediate,Supported envelope
Kegalle,Yala,Turmeric,2021,68.95,648.48,Wet/Intermediate,Supported envelope
Kegalle,Yala,Watermelon,2021,88.12,1762.1,Wet/Intermediate,Unverified
Kegalle,Yala,Watermelon,2021,123.71,2753.27,Wet/Intermediate,Unverified
Kegalle,Yala,Watermelon,2021,168.7,3917.96,Wet/Intermediate,Unverified
Kilinochchi,Maha,Ash Plantain,2021,114.52,3091.51,Dry,Unverified
Kilinochchi,Maha,Banana,2021,209.16,8919.53,Dry,Unverified
Kilinochchi,Maha,Big Onion,2021,47.17,613.16,Dry,Supported envelope
Kilinochchi,Maha,Bitter Gourd,2021,63.27,638.93,Dry,Unverified
Kilinochchi,Maha,Black Gram,2021,66.44,480.09,Dry,Unverified
Kilinochchi,Maha,Carrot,2021,72.1,951.92,Dry,Supported envelope
Kilinochchi,Maha,Cassava,2021,161.71,3172.9,Dry,Supported envelope
Kilinochchi,Maha,Cassava,2021,137.31,3435.43,Dry,Supported envelope
Kilinochchi,Maha,Chilli,2021,42.22,306.92,Dry,Supported envelope
Kilinochchi,Maha,Chilli,2021,38.88,283.41,Dry,Supported envelope
Kilinochchi,Maha,Chilli,2021,34.18,226.22,Dry,Supported envelope
Kilinochchi,Maha,Coconut,2021,156.43,4454.41,Dry,Unverified
Kilinochchi,Maha,Cowpea,2021,55.42,376.37,Dry,Supported envelope
Kilinochchi,Maha,Groundnut,2021,55.24,548.89,Dry,Supported envelope
Kilinochchi,Maha,Maize,2021,95.99,1704.96,Dry,Supported envelope
Kilinochchi,Maha,Mango,2021,109.33,2335.67,Dry,Unverified
Kilinochchi,Maha,Papaya,2021,74.29,1927.06,Dry,Unverified
Kilinochchi,Maha,Potato,2021,78.83,1259.18,Dry,Supported envelope
Kilinochchi,Maha,Pumpkin,2021,84.84,1341.5,Dry,Unverified
Kilinochchi,Maha,Pumpkin,2021,177.27,2377.2,Dry,Unverified
Kilinochchi,Maha,Red Onion,2021,85.82,821.82,Dry,Supported envelope
Kilinochchi,Maha,Sesame,2021,42.54,281.57,Dry,Unverified
Kilinochchi,Maha,Sesame,2021,34.69,220.82,Dry,Unverified
Kilinochchi,Maha,Snake Gourd,2021,64.19,628.93,Dry,Unverified
Kilinochchi,Maha,Snake Gourd,2021,75.93,775.77,Dry,Unverified
Kilinochchi,Maha,Snake Gourd,2021,63.91,618.39,Dry,Unverified
Kilinochchi,Maha,Sweet Potato,2021,50.35,699.7,Dry,Supported envelope
Kilinochchi,Maha,Taro,2021,42.17,486.58,Dry,Unverified
Kilinochchi,Maha,Tomato,2021,72.07,1127.24,Dry,Unverified
Kilinochchi,Maha,Turmeric,2021,58.37,602.26,Dry,Supported envelope
Kilinochchi,Maha,Watermelon,2021,106.65,2148.08,Dry,Unverified
Kilinochchi,Yala,Banana,2021,130.96,4928.49,Dry,Unverified
Kilinochchi,Yala,Banana,2021,173.24,5169.75,Dry,Unverified
Kilinochchi,Yala,Banana,2021,150.58,4099.36,Dry,Unverified
Kilinochchi,Yala,Banana,2021,159.54,3989.86,Dry,Unverified
Kilinochchi,Yala,Bitter Gourd,2021,70.79,754.52,Dry,Unverified
Kilinochchi,Yala,Black Gram,2021,39.9,241.97,Dry,Unverified
Kilinochchi,Yala,Carrot,2021,86.77,1503.43,Dry,Supported envelope
Kilinochchi,Yala,Carrot,2021,109.61,1458.79,Dry,Supported envelope
Kilinochchi,Yala,Carrot,2021,77.58,1386.83,Dry,Supported envelope
Kilinochchi,Yala,Carrot,2021,71.33,1214.26,Dry,Supported envelope
Kilinochchi,Yala,Carrot,2021,61.25,707.78,Dry,Supported envelope
Kilinochchi,Yala,Cassava,2021,101.03,3175.76,Dry,Supported envelope
Kilinochchi,Yala,Chilli,2021,42.9,340.57,Dry,Supported envelope
Kilinochchi,Yala,Chilli,2021,37.71,314.35,Dry,Supported envelope
Kilinochchi,Yala,Chilli,2021,38.25,273.22,Dry,Supported envelope
Kilinochchi,Yala,Cucumber,2021,67.73,956.3,Dry,Unverified
Kilinochchi,Yala,Maize,2021,51.88,920.67,Dry,Supported envelope
Kilinochchi,Yala,Okra,2021,51.86,312.51,Dry,Unverified
Kilinochchi,Yala,Potato,2021,97.98,1845.35,Dry,Supported envelope
Kilinochchi,Yala,Pumpkin,2021,110.83,1864.0,Dry,Unverified
Kilinochchi,Yala,Rice,2021,86.85,1392.48,Dry,Unverified
Kilinochchi,Yala,Ridge Gourd,2021,56.95,558.09,Dry,Unverified
Kilinochchi,Yala,Ridge Gourd,2021,47.68,515.98,Dry,Unverified
Kilinochchi,Yala,Sesame,2021,37.32,263.44,Dry,Unverified
Kilinochchi,Yala,Snake Gourd,2021,69.78,540.65,Dry,Unverified
Kilinochchi,Yala,Soybean,2021,37.99,269.97,Dry,Unverified
Kilinochchi,Yala,Tomato,2021,70.26,919.54,Dry,Unverified
Kilinochchi,Yala,Turmeric,2021,40.86,382.15,Dry,Supported envelope
Kilinochchi,Yala,Watermelon,2021,81.02,1513.27,Dry,Unverified
Kilinochchi,Yala,Yam,2021,60.66,825.51,Dry,Unverified
Kurunegala,Maha,Banana,2021,358.65,11756.84,Intermediate/Dry,Unverified
Kurunegala,Maha,Banana,2021,310.57,9499.7,Intermediate/Dry,Unverified
Kurunegala,Maha,Bitter Gourd,2021,44.31,523.86,Intermediate/Dry,Unverified
Kurunegala,Maha,Black Gram,2021,51.46,374.94,Intermediate/Dry,Unverified
Kurunegala,Maha,Brinjal,2021,65.11,849.89,Intermediate/Dry,Unverified
Kurunegala,Maha,Carrot,2021,151.86,2518.68,Intermediate/Dry,Supported envelope
Kurunegala,Maha,Carrot,2021,98.06,1471.77,Intermediate/Dry,Supported envelope
Kurunegala,Maha,Chilli,2021,69.64,609.71,Intermediate/Dry,Supported envelope
Kurunegala,Maha,Chilli,2021,56.82,416.96,Intermediate/Dry,Supported envelope
Kurunegala,Maha,Chilli,2021,62.86,517.89,Intermediate/Dry,Supported envelope
Kurunegala,Maha,Coconut,2021,364.75,10712.06,Intermediate/Dry,Unverified
Kurunegala,Maha,Ginger,2021,108.49,1179.85,Intermediate/Dry,Supported envelope
Kurunegala,Maha,Ginger,2021,75.36,934.09,Intermediate/Dry,Supported envelope
Kurunegala,Maha,Mango,2021,203.55,4417.6,Intermediate/Dry,Unverified
Kurunegala,Maha,Okra,2021,54.14,405.58,Intermediate/Dry,Unverified
Kurunegala,Maha,Papaya,2021,168.88,4377.82,Intermediate/Dry,Unverified
Kurunegala,Maha,Papaya,2021,119.79,3778.25,Intermediate/Dry,Unverified
Kurunegala,Maha,Papaya,2021,113.8,2823.9,Intermediate/Dry,Unverified
Kurunegala,Maha,Pineapple,2021,148.69,3240.98,Intermediate/Dry,Supported envelope
Kurunegala,Maha,Pineapple,2021,132.69,3558.53,Intermediate/Dry,Supported envelope
Kurunegala,Maha,Potato,2021,76.9,1321.97,Intermediate/Dry,Supported envelope
Kurunegala,Maha,Pumpkin,2021,107.74,1489.96,Intermediate/Dry,Unverified
Kurunegala,Maha,Rice,2021,129.84,2921.62,Intermediate/Dry,Unverified
Kurunegala,Maha,Ridge Gourd,2021,71.9,677.72,Intermediate/Dry,Unverified
Kurunegala,Maha,Sesame,2021,61.42,309.72,Intermediate/Dry,Unverified
Kurunegala,Maha,Snake Gourd,2021,79.66,1032.11,Intermediate/Dry,Unverified
Kurunegala,Maha,Snake Gourd,2021,76.04,1100.65,Intermediate/Dry,Unverified
Kurunegala,Maha,Tomato,2021,104.6,1266.82,Intermediate/Dry,Unverified
Kurunegala,Maha,Tomato,2021,84.63,1078.83,Intermediate/Dry,Unverified
Kurunegala,Maha,Watermelon,2021,164.98,2986.55,Intermediate/Dry,Unverified
Kurunegala,Maha,Watermelon,2021,74.11,1485.81,Intermediate/Dry,Unverified
Kurunegala,Maha,Watermelon,2021,183.95,3839.86,Intermediate/Dry,Unverified
Kurunegala,Maha,Watermelon,2021,178.9,3533.24,Intermediate/Dry,Unverified
Kurunegala,Yala,Banana,2021,314.31,9842.81,Intermediate/Dry,Unverified
Kurunegala,Yala,Big Onion,2021,60.58,640.27,Intermediate/Dry,Supported envelope
Kurunegala,Yala,Black Gram,2021,74.58,483.4,Intermediate/Dry,Unverified
Kurunegala,Yala,Cassava,2021,192.61,4254.08,Intermediate/Dry,Supported envelope
Kurunegala,Yala,Chilli,2021,57.07,441.52,Intermediate/Dry,Supported envelope
Kurunegala,Yala,Chilli,2021,57.96,481.87,Intermediate/Dry,Supported envelope
Kurunegala,Yala,Coconut,2021,274.36,7105.42,Intermediate/Dry,Unverified
Kurunegala,Yala,Cowpea,2021,90.19,596.83,Intermediate/Dry,Supported envelope
Kurunegala,Yala,Cowpea,2021,57.11,408.69,Intermediate/Dry,Supported envelope
Kurunegala,Yala,Ginger,2021,113.76,1323.86,Intermediate/Dry,Supported envelope
Kurunegala,Yala,Long Bean,2021,56.01,562.47,Intermediate/Dry,Unverified
Kurunegala,Yala,Long Bean,2021,82.19,625.26,Intermediate/Dry,Unverified
Kurunegala,Yala,Mango,2021,126.18,2846.5,Intermediate/Dry,Unverified
Kurunegala,Yala,Okra,2021,85.15,739.01,Intermediate/Dry,Unverified
Kurunegala,Yala,Pineapple,2021,160.43,3710.66,Intermediate/Dry,Supported envelope
Kurunegala,Yala,Red Onion,2021,61.62,600.93,Intermediate/Dry,Supported envelope
Kurunegala,Yala,Ridge Gourd,2021,66.41,581.52,Intermediate/Dry,Unverified
Kurunegala,Yala,Sweet Potato,2021,110.14,1502.24,Intermediate/Dry,Supported envelope
Kurunegala,Yala,Tomato,2021,78.12,1072.44,Intermediate/Dry,Unverified
Kurunegala,Yala,Watermelon,2021,85.37,1875.74,Intermediate/Dry,Unverified
Kurunegala,Yala,Watermelon,2021,170.02,2933.13,Intermediate/Dry,Unverified
Kurunegala,Yala,Watermelon,2021,102.63,1947.27,Intermediate/Dry,Unverified
Kurunegala,Yala,Watermelon,2021,172.55,3051.12,Intermediate/Dry,Unverified
Kurunegala,Yala,Watermelon,2021,130.43,2860.73,Intermediate/Dry,Unverified
Kurunegala,Yala,Yam,2021,163.97,2116.46,Intermediate/Dry,Unverified
Mannar,Maha,Banana,2021,336.07,10592.39,Dry,Unverified
Mannar,Maha,Banana,2021,202.56,6059.41,Dry,Unverified
Mannar,Maha,Banana,2021,184.72,6024.12,Dry,Unverified
Mannar,Maha,Bitter Gourd,2021,90.22,1003.55,Dry,Unverified
Mannar,Maha,Carrot,2021,118.14,1820.16,Dry,Supported envelope
Mannar,Maha,Carrot,2021,157.84,2686.78,Dry,Supported envelope
Mannar,Maha,Chilli,2021,66.9,510.7,Dry,Supported envelope
Mannar,Maha,Chilli,2021,67.5,497.04,Dry,Supported envelope
Mannar,Maha,Chilli,2021,78.85,744.85,Dry,Supported envelope
Mannar,Maha,Cucumber,2021,118.35,2084.14,Dry,Unverified
Mannar,Maha,Ginger,2021,92.55,1051.03,Dry,Supported envelope
Mannar,Maha,Groundnut,2021,72.61,561.56,Dry,Supported envelope
Mannar,Maha,Long Bean,2021,68.74,737.26,Dry,Unverified
Mannar,Maha,Mango,2021,167.07,4201.89,Dry,Unverified
Mannar,Maha,Okra,2021,104.86,948.7,Dry,Unverified
Mannar,Maha,Papaya,2021,277.81,8396.7,Dry,Unverified
Mannar,Maha,Potato,2021,111.92,2216.76,Dry,Supported envelope
Mannar,Maha,Red Onion,2021,102.68,1066.62,Dry,Supported envelope
Mannar,Maha,Soybean,2021,115.91,919.13,Dry,Unverified
Mannar,Maha,Watermelon,2021,281.34,6203.14,Dry,Unverified
Mannar,Maha,Watermelon,2021,278.67,5103.57,Dry,Unverified
Mannar,Maha,Watermelon,2021,160.24,2877.19,Dry,Unverified
Mannar,Yala,Ash Plantain,2021,284.58,9624.65,Dry,Unverified
Mannar,Yala,Banana,2021,249.52,7187.16,Dry,Unverified
Mannar,Yala,Big Onion,2021,99.95,1117.84,Dry,Supported envelope
Mannar,Yala,Black Gram,2021,79.0,515.74,Dry,Unverified
Mannar,Yala,Brinjal,2021,106.51,1550.79,Dry,Unverified
Mannar,Yala,Chilli,2021,88.74,610.37,Dry,Supported envelope
Mannar,Yala,Chilli,2021,79.99,738.17,Dry,Supported envelope
Mannar,Yala,Coconut,2021,254.97,6671.4,Dry,Unverified
Mannar,Yala,Cucumber,2021,87.72,1227.97,Dry,Unverified
Mannar,Yala,Ginger,2021,65.68,669.78,Dry,Supported envelope
Mannar,Yala,Long Bean,2021,58.46,474.13,Dry,Unverified
Mannar,Yala,Maize,2021,127.48,2092.08,Dry,Supported envelope
Mannar,Yala,Maize,2021,97.44,1372.81,Dry,Supported envelope
Mannar,Yala,Okra,2021,63.85,526.81,Dry,Unverified
Mannar,Yala,Potato,2021,86.34,1780.89,Dry,Supported envelope
Mannar,Yala,Red Onion,2021,105.58,926.53,Dry,Supported envelope
Mannar,Yala,Sweet Potato,2021,132.43,1826.96,Dry,Supported envelope
Mannar,Yala,Sweet Potato,2021,178.01,2635.49,Dry,Supported envelope
Mannar,Yala,Turmeric,2021,84.79,766.63,Dry,Supported envelope
Mannar,Yala,Turmeric,2021,56.77,658.29,Dry,Supported envelope
Mannar,Yala,Watermelon,2021,96.35,1637.96,Dry,Unverified
Mannar,Yala,Watermelon,2021,139.13,3064.42,Dry,Unverified
Mannar,Yala,Watermelon,2021,208.72,4562.33,Dry,Unverified
Mannar,Yala,Watermelon,2021,198.15,4193.19,Dry,Unverified
Matale,Maha,Banana,2021,183.12,5881.94,Intermediate/Up-country,Unverified
Matale,Maha,Banana,2021,209.32,6790.58,Intermediate/Up-country,Unverified
Matale,Maha,Banana,2021,149.72,5505.2,Intermediate/Up-country,Unverified
Matale,Maha,Beans,2021,44.03,437.85,Intermediate/Up-country,Supported envelope
Matale,Maha,Beans,2021,59.49,491.05,Intermediate/Up-country,Supported envelope
Matale,Maha,Beans,2021,72.93,827.79,Intermediate/Up-country,Supported envelope
Matale,Maha,Big Onion,2021,161.65,1746.98,Intermediate/Up-country,Supported envelope
Matale,Maha,Black Gram,2021,49.74,323.28,Intermediate/Up-country,Unverified
Matale,Maha,Brinjal,2021,71.78,756.59,Intermediate/Up-country,Unverified
Matale,Maha,Carrot,2021,90.68,1488.09,Intermediate/Up-country,Supported envelope
Matale,Maha,Carrot,2021,138.54,1850.43,Intermediate/Up-country,Supported envelope
Matale,Maha,Cassava,2021,131.57,3777.08,Intermediate/Up-country,Supported envelope
Matale,Maha,Cowpea,2021,67.84,504.13,Intermediate/Up-country,Supported envelope
Matale,Maha,Cucumber,2021,69.94,1041.92,Intermediate/Up-country,Unverified
Matale,Maha,Ginger,2021,62.56,601.06,Intermediate/Up-country,Supported envelope
Matale,Maha,Ginger,2021,78.93,743.59,Intermediate/Up-country,Supported envelope
Matale,Maha,Leeks,2021,61.42,669.91,Intermediate/Up-country,Supported envelope
Matale,Maha,Long Bean,2021,77.14,702.43,Intermediate/Up-country,Unverified
Matale,Maha,Long Bean,2021,62.98,526.69,Intermediate/Up-country,Unverified
Matale,Maha,Long Bean,2021,51.96,632.84,Intermediate/Up-country,Unverified
Matale,Maha,Long Bean,2021,69.22,497.96,Intermediate/Up-country,Unverified
Matale,Maha,Maize,2021,99.39,1742.08,Intermediate/Up-country,Supported envelope
Matale,Maha,Mango,2021,158.42,3620.99,Intermediate/Up-country,Unverified
Matale,Maha,Papaya,2021,106.08,2799.31,Intermediate/Up-country,Unverified
Matale,Maha,Pepper,2021,23.16,104.85,Intermediate/Up-country,Supported envelope
Matale,Maha,Pepper,2021,44.54,221.8,Intermediate/Up-country,Supported envelope
Matale,Maha,Red Onion,2021,40.94,345.82,Intermediate/Up-country,Supported envelope
Matale,Maha,Ridge Gourd,2021,51.86,523.32,Intermediate/Up-country,Unverified
Matale,Maha,Sesame,2021,62.59,351.87,Intermediate/Up-country,Unverified
Matale,Maha,Soybean,2021,94.87,897.1,Intermediate/Up-country,Unverified
Matale,Maha,Soybean,2021,66.74,711.33,Intermediate/Up-country,Unverified
Matale,Maha,Watermelon,2021,106.39,2249.49,Intermediate/Up-country,Unverified
Matale,Maha,Watermelon,2021,104.14,2050.71,Intermediate/Up-country,Unverified
Matale,Maha,Watermelon,2021,122.02,2732.25,Intermediate/Up-country,Unverified
Matale,Yala,Ash Plantain,2021,138.84,3691.19,Intermediate/Up-country,Unverified
Matale,Yala,Banana,2021,160.27,4247.34,Intermediate/Up-country,Unverified
Matale,Yala,Banana,2021,117.76,3420.43,Intermediate/Up-country,Unverified
Matale,Yala,Beans,2021,81.9,991.94,Intermediate/Up-country,Supported envelope
Matale,Yala,Beans,2021,46.02,335.09,Intermediate/Up-country,Supported envelope
Matale,Yala,Beans,2021,46.14,375.36,Intermediate/Up-country,Supported envelope
Matale,Yala,Bitter Gourd,2021,75.03,751.65,Intermediate/Up-country,Unverified
Matale,Yala,Carrot,2021,99.11,1546.1,Intermediate/Up-country,Supported envelope
Matale,Yala,Carrot,2021,129.12,1974.78,Intermediate/Up-country,Supported envelope
Matale,Yala,Chilli,2021,68.59,502.95,Intermediate/Up-country,Supported envelope
Matale,Yala,Chilli,2021,61.95,532.78,Intermediate/Up-country,Supported envelope
Matale,Yala,Chilli,2021,36.7,377.91,Intermediate/Up-country,Supported envelope
Matale,Yala,Chilli,2021,74.83,616.37,Intermediate/Up-country,Supported envelope
Matale,Yala,Coconut,2021,182.78,4708.23,Intermediate/Up-country,Unverified
Matale,Yala,Cucumber,2021,77.37,1176.33,Intermediate/Up-country,Unverified
Matale,Yala,Groundnut,2021,48.31,483.46,Intermediate/Up-country,Supported envelope
Matale,Yala,Leeks,2021,68.6,799.76,Intermediate/Up-country,Supported envelope
Matale,Yala,Papaya,2021,106.66,2331.81,Intermediate/Up-country,Unverified
Matale,Yala,Papaya,2021,127.68,3128.26,Intermediate/Up-country,Unverified
Matale,Yala,Pepper,2021,34.64,174.48,Intermediate/Up-country,Supported envelope
Matale,Yala,Sweet Potato,2021,101.86,1428.22,Intermediate/Up-country,Supported envelope
Matale,Yala,Taro,2021,67.72,835.86,Intermediate/Up-country,Unverified
Matale,Yala,Tea,2021,147.79,3552.84,Intermediate/Up-country,Supported envelope
Matale,Yala,Tea,2021,130.79,4926.18,Intermediate/Up-country,Supported envelope
Matale,Yala,Tomato,2021,70.23,850.34,Intermediate/Up-country,Unverified
Matale,Yala,Yam,2021,60.55,741.67,Intermediate/Up-country,Unverified
Matara,Maha,Banana,2021,285.5,9455.49,Wet,Unverified
Matara,Maha,Banana,2021,188.63,6498.37,Wet,Unverified
Matara,Maha,Big Onion,2021,124.07,1260.78,Wet,Supported envelope
Matara,Maha,Big Onion,2021,67.93,717.57,Wet,Supported envelope
Matara,Maha,Bitter Gourd,2021,140.4,1703.53,Wet,Unverified
Matara,Maha,Bitter Gourd,2021,136.33,1302.5,Wet,Unverified
Matara,Maha,Black Gram,2021,56.41,333.69,Wet,Unverified
Matara,Maha,Carrot,2021,161.34,2264.46,Wet,Supported envelope
Matara,Maha,Chilli,2021,84.82,585.41,Wet,Supported envelope
Matara,Maha,Chilli,2021,73.73,641.89,Wet,Supported envelope
Matara,Maha,Chilli,2021,53.83,433.97,Wet,Supported envelope
Matara,Maha,Chilli,2021,39.1,299.19,Wet,Supported envelope
Matara,Maha,Chilli,2021,59.67,432.17,Wet,Supported envelope
Matara,Maha,Chilli,2021,49.97,429.6,Wet,Supported envelope
Matara,Maha,Cowpea,2021,102.17,953.31,Wet,Supported envelope
Matara,Maha,Cucumber,2021,103.1,1402.71,Wet,Unverified
Matara,Maha,Maize,2021,188.09,2926.73,Wet,Supported envelope
Matara,Maha,Papaya,2021,190.96,4911.56,Wet,Unverified
Matara,Maha,Pumpkin,2021,90.06,1339.26,Wet,Unverified
Matara,Maha,Rice,2021,156.83,3710.69,Wet,Unverified
Matara,Maha,Tea,2021,197.62,4613.44,Wet,Supported envelope
Matara,Maha,Yam,2021,106.06,1212.49,Wet,Unverified
Matara,Maha,Yam,2021,144.58,1618.89,Wet,Unverified
Matara,Yala,Banana,2021,254.17,8154.1,Wet,Unverified
Matara,Yala,Banana,2021,346.32,10570.72,Wet,Unverified
Matara,Yala,Banana,2021,188.73,6215.48,Wet,Unverified
Matara,Yala,Carrot,2021,163.05,2411.48,Wet,Supported envelope
Matara,Yala,Carrot,2021,152.11,2669.64,Wet,Supported envelope
Matara,Yala,Carrot,2021,119.57,1602.06,Wet,Supported envelope
Matara,Yala,Cassava,2021,175.03,4200.12,Wet,Supported envelope
Matara,Yala,Chilli,2021,64.21,533.23,Wet,Supported envelope
Matara,Yala,Chilli,2021,79.38,655.64,Wet,Supported envelope
Matara,Yala,Coconut,2021,224.76,7009.11,Wet,Unverified
Matara,Yala,Groundnut,2021,64.57,752.69,Wet,Supported envelope
Matara,Yala,Long Bean,2021,75.75,769.92,Wet,Unverified
Matara,Yala,Okra,2021,92.44,697.0,Wet,Unverified
Matara,Yala,Okra,2021,80.41,650.5,Wet,Unverified
Matara,Yala,Okra,2021,60.36,535.13,Wet,Unverified
Matara,Yala,Papaya,2021,204.45,4741.46,Wet,Unverified
Matara,Yala,Pepper,2021,48.12,194.1,Wet,Supported envelope
Matara,Yala,Sesame,2021,70.21,465.64,Wet,Unverified
Matara,Yala,Snake Gourd,2021,67.49,734.54,Wet,Unverified
Matara,Yala,Soybean,2021,77.53,759.9,Wet,Unverified
Matara,Yala,Taro,2021,75.31,1072.39,Wet,Unverified
Matara,Yala,Tomato,2021,78.86,992.26,Wet,Unverified
Matara,Yala,Watermelon,2021,150.42,3250.57,Wet,Unverified
Matara,Yala,Watermelon,2021,155.57,2861.29,Wet,Unverified
Monaragala,Maha,Banana,2021,296.04,8466.15,Unknown,Unverified
Monaragala,Maha,Banana,2021,177.36,5837.97,Unknown,Unverified
Monaragala,Maha,Brinjal,2021,78.8,854.5,Unknown,Unverified
Monaragala,Maha,Coconut,2021,157.65,4399.8,Unknown,Unverified
Monaragala,Maha,Cucumber,2021,93.43,1213.12,Unknown,Unverified
Monaragala,Maha,Mango,2021,111.04,2376.58,Unknown,Unverified
Monaragala,Maha,Mango,2021,135.3,3342.01,Unknown,Unverified
Monaragala,Maha,Mango,2021,122.73,3415.05,Unknown,Unverified
Monaragala,Maha,Okra,2021,69.4,574.29,Unknown,Unverified
Monaragala,Maha,Papaya,2021,128.79,3828.23,Unknown,Unverified
Monaragala,Maha,Pumpkin,2021,86.89,1703.75,Unknown,Unverified
Monaragala,Maha,Rice,2021,135.74,2839.06,Unknown,Unverified
Monaragala,Maha,Rice,2021,87.75,2330.18,Unknown,Unverified
Monaragala,Maha,Ridge Gourd,2021,83.66,939.13,Unknown,Unverified
Monaragala,Maha,Sesame,2021,60.8,304.91,Unknown,Unverified
Monaragala,Maha,Soybean,2021,48.72,466.65,Unknown,Unverified
Monaragala,Maha,Soybean,2021,62.59,629.04,Unknown,Unverified
Monaragala,Maha,Tomato,2021,98.4,1765.69,Unknown,Unverified
Monaragala,Maha,Watermelon,2021,127.2,2917.9,Unknown,Unverified
Monaragala,Maha,Watermelon,2021,171.87,3323.82,Unknown,Unverified
Monaragala,Maha,Watermelon,2021,232.14,4414.18,Unknown,Unverified
Monaragala,Maha,Watermelon,2021,200.64,3677.34,Unknown,Unverified
Monaragala,Maha,Watermelon,2021,149.33,2870.96,Unknown,Unverified
Monaragala,Maha,Watermelon,2021,162.44,3015.82,Unknown,Unverified
Monaragala,Maha,Watermelon,2021,233.67,5469.73,Unknown,Unverified
Monaragala,Yala,Ash Plantain,2021,154.08,4622.68,Unknown,Unverified
Monaragala,Yala,Ash Plantain,2021,124.81,3401.14,Unknown,Unverified
Monaragala,Yala,Ash Plantain,2021,154.89,4546.75,Unknown,Unverified
Monaragala,Yala,Banana,2021,213.78,8322.39,Unknown,Unverified
Monaragala,Yala,Black Gram,2021,60.94,375.83,Unknown,Unverified
Monaragala,Yala,Brinjal,2021,81.2,990.39,Unknown,Unverified
Monaragala,Yala,Cucumber,2021,67.21,1089.85,Unknown,Unverified
Monaragala,Yala,Cucumber,2021,102.05,1611.03,Unknown,Unverified
Monaragala,Yala,Long Bean,2021,34.01,303.28,Unknown,Unverified
Monaragala,Yala,Okra,2021,64.11,510.05,Unknown,Unverified
Monaragala,Yala,Snake Gourd,2021,44.54,501.5,Unknown,Unverified
Monaragala,Yala,Snake Gourd,2021,55.68,573.5,Unknown,Unverified
Monaragala,Yala,Soybean,2021,59.32,624.97,Unknown,Unverified
Monaragala,Yala,Watermelon,2021,180.03,4272.73,Unknown,Unverified
Monaragala,Yala,Watermelon,2021,226.52,4469.75,Unknown,Unverified
Mullaitivu,Maha,Ash Plantain,2021,235.53,8365.57,Dry,Unverified
Mullaitivu,Maha,Banana,2021,367.4,10883.49,Dry,Unverified
Mullaitivu,Maha,Big Onion,2021,95.24,907.56,Dry,Supported envelope
Mullaitivu,Maha,Big Onion,2021,141.07,1438.84,Dry,Supported envelope
Mullaitivu,Maha,Carrot,2021,90.96,1726.94,Dry,Supported envelope
Mullaitivu,Maha,Carrot,2021,114.55,1672.97,Dry,Supported envelope
Mullaitivu,Maha,Carrot,2021,214.36,2460.72,Dry,Supported envelope
Mullaitivu,Maha,Cassava,2021,230.8,7040.36,Dry,Supported envelope
Mullaitivu,Maha,Cassava,2021,167.45,3608.29,Dry,Supported envelope
Mullaitivu,Maha,Chilli,2021,85.51,570.4,Dry,Supported envelope
Mullaitivu,Maha,Coconut,2021,397.86,11010.84,Dry,Unverified
Mullaitivu,Maha,Ginger,2021,93.53,1133.78,Dry,Supported envelope
Mullaitivu,Maha,Green Gram,2021,66.82,490.82,Dry,Supported envelope
Mullaitivu,Maha,Groundnut,2021,80.95,707.03,Dry,Supported envelope
Mullaitivu,Maha,Okra,2021,84.42,611.17,Dry,Unverified
Mullaitivu,Maha,Pumpkin,2021,120.19,1813.29,Dry,Unverified
Mullaitivu,Maha,Red Onion,2021,110.3,958.56,Dry,Supported envelope
Mullaitivu,Maha,Rice,2021,193.93,4229.19,Dry,Unverified
Mullaitivu,Maha,Rice,2021,150.77,3767.64,Dry,Unverified
Mullaitivu,Maha,Ridge Gourd,2021,105.04,908.77,Dry,Unverified
Mullaitivu,Maha,Ridge Gourd,2021,71.21,750.72,Dry,Unverified
Mullaitivu,Maha,Ridge Gourd,2021,81.77,707.76,Dry,Unverified
Mullaitivu,Maha,Snake Gourd,2021,120.51,1188.31,Dry,Unverified
Mullaitivu,Maha,Sweet Potato,2021,81.62,1039.42,Dry,Supported envelope
Mullaitivu,Maha,Sweet Potato,2021,148.25,2436.4,Dry,Supported envelope
Mullaitivu,Maha,Sweet Potato,2021,102.52,1290.08,Dry,Supported envelope
Mullaitivu,Maha,Tomato,2021,140.34,1763.69,Dry,Unverified
Mullaitivu,Maha,Tomato,2021,153.86,2063.09,Dry,Unverified
Mullaitivu,Maha,Watermelon,2021,206.85,4401.31,Dry,Unverified
Mullaitivu,Maha,Watermelon,2021,155.07,2463.88,Dry,Unverified
Mullaitivu,Maha,Yam,2021,113.68,1310.0,Dry,Unverified
Mullaitivu,Yala,Banana,2021,193.85,5389.99,Dry,Unverified
Mullaitivu,Yala,Banana,2021,191.31,4420.08,Dry,Unverified
Mullaitivu,Yala,Carrot,2021,154.75,2560.22,Dry,Supported envelope
Mullaitivu,Yala,Carrot,2021,151.36,2086.8,Dry,Supported envelope
Mullaitivu,Yala,Carrot,2021,111.04,1536.37,Dry,Supported envelope
Mullaitivu,Yala,Chilli,2021,89.0,861.3,Dry,Supported envelope
Mullaitivu,Yala,Long Bean,2021,75.51,627.79,Dry,Unverified
Mullaitivu,Yala,Long Bean,2021,61.76,656.4,Dry,Unverified
Mullaitivu,Yala,Long Bean,2021,64.42,629.59,Dry,Unverified
Mullaitivu,Yala,Maize,2021,138.42,2023.88,Dry,Supported envelope
Mullaitivu,Yala,Maize,2021,132.13,2421.83,Dry,Supported envelope
Mullaitivu,Yala,Maize,2021,181.27,2754.9,Dry,Supported envelope
Mullaitivu,Yala,Potato,2021,134.72,2800.58,Dry,Supported envelope
Mullaitivu,Yala,Red Onion,2021,101.15,855.64,Dry,Supported envelope
Mullaitivu,Yala,Rice,2021,213.29,3850.1,Dry,Unverified
Mullaitivu,Yala,Rice,2021,152.96,4015.33,Dry,Unverified
Mullaitivu,Yala,Rice,2021,133.49,2626.84,Dry,Unverified
Mullaitivu,Yala,Snake Gourd,2021,107.36,1134.08,Dry,Unverified
Mullaitivu,Yala,Sweet Potato,2021,173.68,2569.54,Dry,Supported envelope
Mullaitivu,Yala,Taro,2021,100.76,1317.81,Dry,Unverified
Mullaitivu,Yala,Watermelon,2021,184.42,3550.2,Dry,Unverified
Mullaitivu,Yala,Watermelon,2021,150.61,2993.38,Dry,Unverified
Mullaitivu,Yala,Yam,2021,97.72,1160.01,Dry,Unverified
Nuwara Eliya,Maha,Banana,2021,114.73,2908.06,Up-country Wet,Unverified
Nuwara Eliya,Maha,Banana,2021,158.11,4356.7,Up-country Wet,Unverified
Nuwara Eliya,Maha,Carrot,2021,132.66,2278.05,Up-country Wet,Supported envelope
Nuwara Eliya,Maha,Carrot,2021,205.41,2959.24,Up-country Wet,Supported envelope
Nuwara Eliya,Maha,Carrot,2021,153.36,2141.43,Up-country Wet,Supported envelope
Nuwara Eliya,Maha,Cauliflower,2021,64.08,772.72,Up-country Wet,Supported envelope
Nuwara Eliya,Maha,Chilli,2021,47.95,479.18,Up-country Wet,Supported envelope
Nuwara Eliya,Maha,Chilli,2021,77.82,540.31,Up-country Wet,Supported envelope
Nuwara Eliya,Maha,Chilli,2021,47.29,298.68,Up-country Wet,Supported envelope
Nuwara Eliya,Maha,Cowpea,2021,45.9,300.9,Up-country Wet,Supported envelope
Nuwara Eliya,Maha,Cucumber,2021,98.6,1443.95,Up-country Wet,Unverified
Nuwara Eliya,Maha,Cucumber,2021,62.41,953.97,Up-country Wet,Unverified
Nuwara Eliya,Maha,Cucumber,2021,80.76,1115.95,Up-country Wet,Unverified
Nuwara Eliya,Maha,Ginger,2021,59.77,793.48,Up-country Wet,Supported envelope
Nuwara Eliya,Maha,Groundnut,2021,49.78,513.84,Up-country Wet,Supported envelope
Nuwara Eliya,Maha,Leeks,2021,119.22,1530.57,Up-country Wet,Supported envelope
Nuwara Eliya,Maha,Leeks,2021,138.05,1475.38,Up-country Wet,Supported envelope
Nuwara Eliya,Maha,Leeks,2021,157.39,2338.78,Up-country Wet,Supported envelope
Nuwara Eliya,Maha,Okra,2021,55.15,490.29,Up-country Wet,Unverified
Nuwara Eliya,Maha,Pumpkin,2021,83.76,1425.08,Up-country Wet,Unverified
Nuwara Eliya,Maha,Rice,2021,98.84,2168.05,Up-country Wet,Unverified
Nuwara Eliya,Maha,Sesame,2021,41.95,256.72,Up-country Wet,Unverified
Nuwara Eliya,Maha,Soybean,2021,61.62,497.2,Up-country Wet,Unverified
Nuwara Eliya,Maha,Sweet Potato,2021,128.79,1605.7,Up-country Wet,Supported envelope
Nuwara Eliya,Maha,Taro,2021,93.16,1132.11,Up-country Wet,Unverified
Nuwara Eliya,Maha,Taro,2021,88.67,1163.83,Up-country Wet,Unverified
Nuwara Eliya,Maha,Tea,2021,318.86,6488.08,Up-country Wet,Supported envelope
Nuwara Eliya,Maha,Tomato,2021,81.65,1114.35,Up-country Wet,Unverified
Nuwara Eliya,Maha,Turmeric,2021,61.07,627.67,Up-country Wet,Supported envelope
Nuwara Eliya,Maha,Turmeric,2021,92.87,855.93,Up-country Wet,Supported envelope
Nuwara Eliya,Maha,Turmeric,2021,56.2,579.94,Up-country Wet,Supported envelope
Nuwara Eliya,Maha,Watermelon,2021,111.01,2554.2,Up-country Wet,Unverified
Nuwara Eliya,Maha,Yam,2021,81.67,1316.35,Up-country Wet,Unverified
Nuwara Eliya,Maha,Yam,2021,87.51,1073.55,Up-country Wet,Unverified
Nuwara Eliya,Yala,Ash Plantain,2021,206.7,4777.08,Up-country Wet,Unverified
Nuwara Eliya,Yala,Banana,2021,99.05,2917.54,Up-country Wet,Unverified
Nuwara Eliya,Yala,Beans,2021,144.71,1415.07,Up-country Wet,Supported envelope
Nuwara Eliya,Yala,Beans,2021,97.32,992.32,Up-country Wet,Supported envelope
Nuwara Eliya,Yala,Carrot,2021,123.75,1937.24,Up-country Wet,Supported envelope
Nuwara Eliya,Yala,Carrot,2021,163.02,2327.87,Up-country Wet,Supported envelope
Nuwara Eliya,Yala,Carrot,2021,179.48,2337.58,Up-country Wet,Supported envelope
Nuwara Eliya,Yala,Chilli,2021,59.32,443.54,Up-country Wet,Supported envelope
Nuwara Eliya,Yala,Cowpea,2021,48.42,426.08,Up-country Wet,Supported envelope
Nuwara Eliya,Yala,Cowpea,2021,69.78,552.51,Up-country Wet,Supported envelope
Nuwara Eliya,Yala,Ginger,2021,68.11,720.11,Up-country Wet,Supported envelope
Nuwara Eliya,Yala,Ginger,2021,63.93,722.96,Up-country Wet,Supported envelope
Nuwara Eliya,Yala,Leeks,2021,130.05,1202.27,Up-country Wet,Supported envelope
Nuwara Eliya,Yala,Leeks,2021,159.86,2106.84,Up-country Wet,Supported envelope
Nuwara Eliya,Yala,Leeks,2021,86.03,983.02,Up-country Wet,Supported envelope
Nuwara Eliya,Yala,Maize,2021,82.64,1364.8,Up-country Wet,Supported envelope
Nuwara Eliya,Yala,Papaya,2021,122.73,3205.45,Up-country Wet,Unverified
Nuwara Eliya,Yala,Pepper,2021,37.83,191.84,Up-country Wet,Supported envelope
Nuwara Eliya,Yala,Potato,2021,133.17,2746.05,Up-country Wet,Supported envelope
Nuwara Eliya,Yala,Pumpkin,2021,101.57,1673.73,Up-country Wet,Unverified
Nuwara Eliya,Yala,Red Onion,2021,47.8,458.79,Up-country Wet,Supported envelope
Nuwara Eliya,Yala,Red Onion,2021,68.1,650.68,Up-country Wet,Supported envelope
Nuwara Eliya,Yala,Sesame,2021,32.19,192.67,Up-country Wet,Unverified
Nuwara Eliya,Yala,Snake Gourd,2021,82.62,776.12,Up-country Wet,Unverified
Nuwara Eliya,Yala,Taro,2021,95.93,1166.33,Up-country Wet,Unverified
Nuwara Eliya,Yala,Tea,2021,285.83,8706.57,Up-country Wet,Supported envelope
Nuwara Eliya,Yala,Watermelon,2021,81.73,1427.84,Up-country Wet,Unverified
Nuwara Eliya,Yala,Watermelon,2021,141.72,2605.44,Up-country Wet,Unverified
Polonnaruwa,Maha,Banana,2021,273.02,8978.68,Dry,Unverified
Polonnaruwa,Maha,Banana,2021,139.39,4185.14,Dry,Unverified
Polonnaruwa,Maha,Banana,2021,222.6,5959.96,Dry,Unverified
Polonnaruwa,Maha,Banana,2021,187.33,6198.27,Dry,Unverified
Polonnaruwa,Maha,Banana,2021,134.49,4059.8,Dry,Unverified
Polonnaruwa,Maha,Banana,2021,139.02,3727.77,Dry,Unverified
Polonnaruwa,Maha,Black Gram,2021,50.23,362.82,Dry,Unverified
Polonnaruwa,Maha,Carrot,2021,108.7,1810.67,Dry,Supported envelope
Polonnaruwa,Maha,Carrot,2021,76.66,873.39,Dry,Supported envelope
Polonnaruwa,Maha,Chilli,2021,67.7,609.86,Dry,Supported envelope
Polonnaruwa,Maha,Chilli,2021,70.01,534.08,Dry,Supported envelope
Polonnaruwa,Maha,Chilli,2021,34.88,271.19,Dry,Supported envelope
Polonnaruwa,Maha,Cowpea,2021,57.25,491.04,Dry,Supported envelope
Polonnaruwa,Maha,Cowpea,2021,108.01,724.33,Dry,Supported envelope
Polonnaruwa,Maha,Ginger,2021,143.77,1833.13,Dry,Supported envelope
Polonnaruwa,Maha,Groundnut,2021,68.17,617.34,Dry,Supported envelope
Polonnaruwa,Maha,Maize,2021,129.35,2474.91,Dry,Supported envelope
Polonnaruwa,Maha,Okra,2021,59.39,467.35,Dry,Unverified
Polonnaruwa,Maha,Okra,2021,83.81,676.8,Dry,Unverified
Polonnaruwa,Maha,Potato,2021,108.49,1613.62,Dry,Supported envelope
Polonnaruwa,Maha,Potato,2021,177.19,2990.14,Dry,Supported envelope
Polonnaruwa,Maha,Pumpkin,2021,109.13,1873.42,Dry,Unverified
Polonnaruwa,Maha,Red Onion,2021,84.27,766.3,Dry,Supported envelope
Polonnaruwa,Maha,Rice,2021,282.23,6172.33,Dry,Unverified
Polonnaruwa,Maha,Ridge Gourd,2021,53.48,525.57,Dry,Unverified
Polonnaruwa,Maha,Ridge Gourd,2021,96.27,980.52,Dry,Unverified
Polonnaruwa,Maha,Snake Gourd,2021,62.81,715.3,Dry,Unverified
Polonnaruwa,Maha,Watermelon,2021,122.3,2172.37,Dry,Unverified
Polonnaruwa,Yala,Banana,2021,189.46,6710.68,Dry,Unverified
Polonnaruwa,Yala,Banana,2021,182.71,4572.47,Dry,Unverified
Polonnaruwa,Yala,Banana,2021,213.6,7390.5,Dry,Unverified
Polonnaruwa,Yala,Banana,2021,141.28,3222.2,Dry,Unverified
Polonnaruwa,Yala,Bitter Gourd,2021,69.0,708.4,Dry,Unverified
Polonnaruwa,Yala,Carrot,2021,107.67,1712.83,Dry,Supported envelope
Polonnaruwa,Yala,Carrot,2021,83.59,1214.42,Dry,Supported envelope
Polonnaruwa,Yala,Cassava,2021,198.61,4335.13,Dry,Supported envelope
Polonnaruwa,Yala,Chilli,2021,57.06,339.6,Dry,Supported envelope
Polonnaruwa,Yala,Cowpea,2021,56.75,385.22,Dry,Supported envelope
Polonnaruwa,Yala,Ginger,2021,102.05,1058.07,Dry,Supported envelope
Polonnaruwa,Yala,Groundnut,2021,90.78,821.66,Dry,Supported envelope
Polonnaruwa,Yala,Long Bean,2021,60.47,477.96,Dry,Unverified
Polonnaruwa,Yala,Maize,2021,136.66,1965.76,Dry,Supported envelope
Polonnaruwa,Yala,Mango,2021,217.33,4810.61,Dry,Unverified
Polonnaruwa,Yala,Pumpkin,2021,90.64,1386.96,Dry,Unverified
Polonnaruwa,Yala,Rice,2021,205.79,4900.78,Dry,Unverified
Polonnaruwa,Yala,Ridge Gourd,2021,81.44,670.83,Dry,Unverified
Polonnaruwa,Yala,Snake Gourd,2021,91.16,813.84,Dry,Unverified
Polonnaruwa,Yala,Snake Gourd,2021,44.23,543.51,Dry,Unverified
Polonnaruwa,Yala,Taro,2021,98.05,930.74,Dry,Unverified
Polonnaruwa,Yala,Taro,2021,126.45,1477.64,Dry,Unverified
Polonnaruwa,Yala,Tomato,2021,108.31,1283.32,Dry,Unverified
Polonnaruwa,Yala,Turmeric,2021,89.74,1036.39,Dry,Supported envelope
Polonnaruwa,Yala,Watermelon,2021,106.86,1796.35,Dry,Unverified
Polonnaruwa,Yala,Watermelon,2021,131.1,2382.49,Dry,Unverified
Polonnaruwa,Yala,Watermelon,2021,142.52,2411.01,Dry,Unverified
Polonnaruwa,Yala,Watermelon,2021,112.22,2406.26,Dry,Unverified
Puttalam,Maha,Banana,2021,140.1,4305.64,Dry/Intermediate,Unverified
Puttalam,Maha,Banana,2021,186.71,5478.77,Dry/Intermediate,Unverified
Puttalam,Maha,Banana,2021,270.7,10838.17,Dry/Intermediate,Unverified
Puttalam,Maha,Black Gram,2021,82.58,454.03,Dry/Intermediate,Unverified
Puttalam,Maha,Brinjal,2021,67.66,713.0,Dry/Intermediate,Unverified
Puttalam,Maha,Carrot,2021,111.52,1687.12,Dry/Intermediate,Supported envelope
Puttalam,Maha,Carrot,2021,116.08,2011.54,Dry/Intermediate,Supported envelope
Puttalam,Maha,Carrot,2021,75.4,1364.47,Dry/Intermediate,Supported envelope
Puttalam,Maha,Carrot,2021,136.24,2488.25,Dry/Intermediate,Supported envelope
Puttalam,Maha,Chilli,2021,73.45,542.26,Dry/Intermediate,Supported envelope
Puttalam,Maha,Chilli,2021,55.62,422.13,Dry/Intermediate,Supported envelope
Puttalam,Maha,Chilli,2021,69.11,511.88,Dry/Intermediate,Supported envelope
Puttalam,Maha,Ginger,2021,79.5,803.18,Dry/Intermediate,Supported envelope
Puttalam,Maha,Green Gram,2021,67.75,543.84,Dry/Intermediate,Supported envelope
Puttalam,Maha,Mango,2021,242.69,5771.24,Dry/Intermediate,Unverified
Puttalam,Maha,Potato,2021,128.93,1983.09,Dry/Intermediate,Supported envelope
Puttalam,Maha,Rice,2021,176.07,4065.13,Dry/Intermediate,Unverified
Puttalam,Maha,Rice,2021,161.83,3803.03,Dry/Intermediate,Unverified
Puttalam,Maha,Rice,2021,120.76,2574.4,Dry/Intermediate,Unverified
Puttalam,Maha,Soybean,2021,81.31,727.04,Dry/Intermediate,Unverified
Puttalam,Maha,Soybean,2021,45.19,440.8,Dry/Intermediate,Unverified
Puttalam,Maha,Sweet Potato,2021,102.6,1459.84,Dry/Intermediate,Supported envelope
Puttalam,Maha,Taro,2021,118.66,1350.64,Dry/Intermediate,Unverified
Puttalam,Maha,Taro,2021,61.54,785.93,Dry/Intermediate,Unverified
Puttalam,Maha,Turmeric,2021,87.28,930.66,Dry/Intermediate,Supported envelope
Puttalam,Maha,Watermelon,2021,99.54,1777.19,Dry/Intermediate,Unverified
Puttalam,Maha,Watermelon,2021,165.48,3334.95,Dry/Intermediate,Unverified
Puttalam,Yala,Bitter Gourd,2021,75.93,778.68,Dry/Intermediate,Unverified
Puttalam,Yala,Black Gram,2021,44.0,310.47,Dry/Intermediate,Unverified
Puttalam,Yala,Chilli,2021,65.01,494.73,Dry/Intermediate,Supported envelope
Puttalam,Yala,Chilli,2021,62.31,540.32,Dry/Intermediate,Supported envelope
Puttalam,Yala,Green Gram,2021,54.48,445.99,Dry/Intermediate,Supported envelope
Puttalam,Yala,Groundnut,2021,87.12,824.54,Dry/Intermediate,Supported envelope
Puttalam,Yala,Groundnut,2021,66.41,589.14,Dry/Intermediate,Supported envelope
Puttalam,Yala,Mango,2021,182.48,4955.06,Dry/Intermediate,Unverified
Puttalam,Yala,Papaya,2021,199.32,3801.58,Dry/Intermediate,Unverified
Puttalam,Yala,Potato,2021,120.53,2059.89,Dry/Intermediate,Supported envelope
Puttalam,Yala,Red Onion,2021,60.38,654.7,Dry/Intermediate,Supported envelope
Puttalam,Yala,Rice,2021,106.87,2495.24,Dry/Intermediate,Unverified
Puttalam,Yala,Sesame,2021,53.17,310.2,Dry/Intermediate,Unverified
Puttalam,Yala,Snake Gourd,2021,54.98,520.21,Dry/Intermediate,Unverified
Puttalam,Yala,Sweet Potato,2021,98.04,1407.1,Dry/Intermediate,Supported envelope
Puttalam,Yala,Taro,2021,68.81,890.38,Dry/Intermediate,Unverified
Puttalam,Yala,Tomato,2021,60.71,935.36,Dry/Intermediate,Unverified
Puttalam,Yala,Watermelon,2021,132.69,2533.92,Dry/Intermediate,Unverified
Puttalam,Yala,Watermelon,2021,203.68,3253.36,Dry/Intermediate,Unverified
Ratnapura,Maha,Banana,2021,204.4,6507.22,Wet/Intermediate,Unverified
Ratnapura,Maha,Beans,2021,32.91,272.48,Wet/Intermediate,Supported envelope
Ratnapura,Maha,Beans,2021,40.63,404.24,Wet/Intermediate,Supported envelope
Ratnapura,Maha,Beans,2021,79.92,745.35,Wet/Intermediate,Supported envelope
Ratnapura,Maha,Big Onion,2021,76.89,941.81,Wet/Intermediate,Supported envelope
Ratnapura,Maha,Bitter Gourd,2021,59.79,682.49,Wet/Intermediate,Unverified
Ratnapura,Maha,Carrot,2021,69.88,1111.02,Wet/Intermediate,Supported envelope
Ratnapura,Maha,Carrot,2021,108.69,1744.32,Wet/Intermediate,Supported envelope
Ratnapura,Maha,Carrot,2021,71.88,999.52,Wet/Intermediate,Supported envelope
Ratnapura,Maha,Carrot,2021,47.66,924.05,Wet/Intermediate,Supported envelope
Ratnapura,Maha,Chilli,2021,74.16,470.87,Wet/Intermediate,Supported envelope
Ratnapura,Maha,Chilli,2021,52.86,388.39,Wet/Intermediate,Supported envelope
Ratnapura,Maha,Chilli,2021,47.26,364.51,Wet/Intermediate,Supported envelope
Ratnapura,Maha,Chilli,2021,46.51,398.29,Wet/Intermediate,Supported envelope
Ratnapura,Maha,Cinnamon,2021,45.5,203.13,Wet/Intermediate,Supported envelope
Ratnapura,Maha,Cinnamon,2021,31.2,133.54,Wet/Intermediate,Supported envelope
Ratnapura,Maha,Cowpea,2021,73.56,517.63,Wet/Intermediate,Supported envelope
Ratnapura,Maha,Cowpea,2021,57.88,367.43,Wet/Intermediate,Supported envelope
Ratnapura,Maha,Long Bean,2021,96.31,881.34,Wet/Intermediate,Unverified
Ratnapura,Maha,Long Bean,2021,44.42,386.33,Wet/Intermediate,Unverified
Ratnapura,Maha,Okra,2021,52.71,300.15,Wet/Intermediate,Unverified
Ratnapura,Maha,Pumpkin,2021,97.47,1969.65,Wet/Intermediate,Unverified
Ratnapura,Maha,Red Onion,2021,67.58,638.87,Wet/Intermediate,Supported envelope
Ratnapura,Maha,Rice,2021,109.28,2671.49,Wet/Intermediate,Unverified
Ratnapura,Maha,Sesame,2021,53.07,334.73,Wet/Intermediate,Unverified
Ratnapura,Maha,Snake Gourd,2021,45.87,505.74,Wet/Intermediate,Unverified
Ratnapura,Maha,Soybean,2021,74.68,841.27,Wet/Intermediate,Unverified
Ratnapura,Maha,Sweet Potato,2021,55.92,781.73,Wet/Intermediate,Supported envelope
Ratnapura,Maha,Tea,2021,215.53,6139.96,Wet/Intermediate,Supported envelope
Ratnapura,Maha,Tea,2021,202.57,5666.25,Wet/Intermediate,Supported envelope
Ratnapura,Maha,Tomato,2021,106.03,1283.26,Wet/Intermediate,Unverified
Ratnapura,Maha,Watermelon,2021,128.49,3430.47,Wet/Intermediate,Unverified
Ratnapura,Maha,Watermelon,2021,159.51,3645.07,Wet/Intermediate,Unverified
Ratnapura,Yala,Banana,2021,116.1,3846.82,Wet/Intermediate,Unverified
Ratnapura,Yala,Beans,2021,56.93,540.7,Wet/Intermediate,Supported envelope
Ratnapura,Yala,Carrot,2021,76.88,1317.0,Wet/Intermediate,Supported envelope
Ratnapura,Yala,Chilli,2021,47.24,335.07,Wet/Intermediate,Supported envelope
Ratnapura,Yala,Chilli,2021,37.84,312.58,Wet/Intermediate,Supported envelope
Ratnapura,Yala,Coconut,2021,119.88,3032.61,Wet/Intermediate,Unverified
Ratnapura,Yala,Green Gram,2021,54.76,402.98,Wet/Intermediate,Supported envelope
Ratnapura,Yala,Green Gram,2021,32.97,274.57,Wet/Intermediate,Supported envelope
Ratnapura,Yala,Pepper,2021,56.89,297.73,Wet/Intermediate,Supported envelope
Ratnapura,Yala,Pumpkin,2021,126.11,2349.03,Wet/Intermediate,Unverified
Ratnapura,Yala,Sesame,2021,40.17,238.31,Wet/Intermediate,Unverified
Ratnapura,Yala,Sweet Potato,2021,60.38,758.25,Wet/Intermediate,Supported envelope
Ratnapura,Yala,Taro,2021,79.35,1153.77,Wet/Intermediate,Unverified
Ratnapura,Yala,Taro,2021,60.57,649.0,Wet/Intermediate,Unverified
Ratnapura,Yala,Taro,2021,114.4,1403.28,Wet/Intermediate,Unverified
Ratnapura,Yala,Tea,2021,131.46,2932.69,Wet/Intermediate,Supported envelope
Ratnapura,Yala,Tea,2021,138.3,3851.65,Wet/Intermediate,Supported envelope
Ratnapura,Yala,Tomato,2021,104.78,1359.33,Wet/Intermediate,Unverified
Ratnapura,Yala,Watermelon,2021,209.84,4409.54,Wet/Intermediate,Unverified
Ratnapura,Yala,Watermelon,2021,93.39,1979.04,Wet/Intermediate,Unverified
Ratnapura,Yala,Watermelon,2021,66.57,1345.61,Wet/Intermediate,Unverified
Trincomalee,Maha,Carrot,2021,105.69,1218.47,Dry,Supported envelope
Trincomalee,Maha,Carrot,2021,77.17,1205.39,Dry,Supported envelope
Trincomalee,Maha,Carrot,2021,83.91,1429.12,Dry,Supported envelope
Trincomalee,Maha,Carrot,2021,107.77,1939.06,Dry,Supported envelope
Trincomalee,Maha,Carrot,2021,93.92,1452.64,Dry,Supported envelope
Trincomalee,Maha,Carrot,2021,98.75,1548.41,Dry,Supported envelope
Trincomalee,Maha,Cassava,2021,159.5,3953.78,Dry,Supported envelope
Trincomalee,Maha,Chilli,2021,39.94,308.98,Dry,Supported envelope
Trincomalee,Maha,Cowpea,2021,45.82,327.38,Dry,Supported envelope
Trincomalee,Maha,Cowpea,2021,41.99,337.74,Dry,Supported envelope
Trincomalee,Maha,Ginger,2021,94.87,975.51,Dry,Supported envelope
Trincomalee,Maha,Groundnut,2021,56.25,514.73,Dry,Supported envelope
Trincomalee,Maha,Groundnut,2021,78.81,767.59,Dry,Supported envelope
Trincomalee,Maha,Groundnut,2021,73.52,810.96,Dry,Supported envelope
Trincomalee,Maha,Long Bean,2021,74.01,681.26,Dry,Unverified
Trincomalee,Maha,Potato,2021,110.4,2121.2,Dry,Supported envelope
Trincomalee,Maha,Red Onion,2021,65.16,751.04,Dry,Supported envelope
Trincomalee,Maha,Sesame,2021,26.47,178.43,Dry,Unverified
Trincomalee,Maha,Snake Gourd,2021,73.71,833.89,Dry,Unverified
Trincomalee,Maha,Tomato,2021,140.09,1876.15,Dry,Unverified
Trincomalee,Maha,Watermelon,2021,108.32,2051.59,Dry,Unverified
Trincomalee,Maha,Watermelon,2021,168.89,3397.81,Dry,Unverified
Trincomalee,Maha,Watermelon,2021,116.87,1959.41,Dry,Unverified
Trincomalee,Yala,Ash Plantain,2021,201.14,5791.8,Dry,Unverified
Trincomalee,Yala,Banana,2021,238.02,6971.89,Dry,Unverified
Trincomalee,Yala,Brinjal,2021,88.55,1060.63,Dry,Unverified
Trincomalee,Yala,Chilli,2021,46.85,386.19,Dry,Supported envelope
Trincomalee,Yala,Chilli,2021,56.52,400.56,Dry,Supported envelope
Trincomalee,Yala,Cucumber,2021,98.62,1634.55,Dry,Unverified
Trincomalee,Yala,Mango,2021,104.39,2737.17,Dry,Unverified
Trincomalee,Yala,Okra,2021,37.14,319.73,Dry,Unverified
Trincomalee,Yala,Snake Gourd,2021,62.25,797.65,Dry,Unverified
Trincomalee,Yala,Soybean,2021,113.24,1069.13,Dry,Unverified
Trincomalee,Yala,Sweet Potato,2021,92.08,1386.03,Dry,Supported envelope
Trincomalee,Yala,Turmeric,2021,90.01,897.78,Dry,Supported envelope
Vavuniya,Maha,Ash Plantain,2021,180.55,6064.71,Dry,Unverified
Vavuniya,Maha,Banana,2021,123.77,4406.43,Dry,Unverified
Vavuniya,Maha,Banana,2021,206.89,6164.16,Dry,Unverified
Vavuniya,Maha,Big Onion,2021,56.22,562.87,Dry,Supported envelope
Vavuniya,Maha,Big Onion,2021,62.83,771.04,Dry,Supported envelope
Vavuniya,Maha,Black Gram,2021,31.71,219.76,Dry,Unverified
Vavuniya,Maha,Brinjal,2021,78.07,901.96,Dry,Unverified
Vavuniya,Maha,Brinjal,2021,94.14,1157.61,Dry,Unverified
Vavuniya,Maha,Carrot,2021,113.65,1760.89,Dry,Supported envelope
Vavuniya,Maha,Carrot,2021,63.58,949.15,Dry,Supported envelope
Vavuniya,Maha,Cassava,2021,155.05,3544.86,Dry,Supported envelope
Vavuniya,Maha,Cassava,2021,164.74,4020.02,Dry,Supported envelope
Vavuniya,Maha,Chilli,2021,43.05,317.62,Dry,Supported envelope
Vavuniya,Maha,Cowpea,2021,68.88,468.5,Dry,Supported envelope
Vavuniya,Maha,Cucumber,2021,74.07,1087.08,Dry,Unverified
Vavuniya,Maha,Cucumber,2021,97.7,1877.71,Dry,Unverified
Vavuniya,Maha,Long Bean,2021,49.83,479.12,Dry,Unverified
Vavuniya,Maha,Maize,2021,96.13,1350.47,Dry,Supported envelope
Vavuniya,Maha,Okra,2021,47.54,401.06,Dry,Unverified
Vavuniya,Maha,Papaya,2021,84.7,1805.99,Dry,Unverified
Vavuniya,Maha,Pumpkin,2021,127.47,2221.65,Dry,Unverified
Vavuniya,Maha,Ridge Gourd,2021,77.72,813.49,Dry,Unverified
Vavuniya,Maha,Ridge Gourd,2021,69.85,699.33,Dry,Unverified
Vavuniya,Maha,Ridge Gourd,2021,66.93,640.38,Dry,Unverified
Vavuniya,Maha,Sesame,2021,46.16,295.49,Dry,Unverified
Vavuniya,Maha,Soybean,2021,75.42,805.69,Dry,Unverified
Vavuniya,Maha,Taro,2021,62.33,639.46,Dry,Unverified
Vavuniya,Maha,Tomato,2021,109.39,1510.97,Dry,Unverified
Vavuniya,Maha,Tomato,2021,83.01,1062.2,Dry,Unverified
Vavuniya,Maha,Tomato,2021,85.23,1471.7,Dry,Unverified
Vavuniya,Maha,Watermelon,2021,125.09,2224.72,Dry,Unverified
Vavuniya,Maha,Watermelon,2021,93.55,1531.3,Dry,Unverified
Vavuniya,Maha,Yam,2021,83.44,1095.44,Dry,Unverified
Vavuniya,Maha,Yam,2021,92.7,1204.73,Dry,Unverified
Vavuniya,Yala,Banana,2021,192.61,7341.93,Dry,Unverified
Vavuniya,Yala,Banana,2021,127.88,4160.18,Dry,Unverified
Vavuniya,Yala,Banana,2021,152.97,4903.32,Dry,Unverified
Vavuniya,Yala,Banana,2021,141.92,3843.96,Dry,Unverified
Vavuniya,Yala,Big Onion,2021,57.37,636.86,Dry,Supported envelope
Vavuniya,Yala,Big Onion,2021,47.15,479.06,Dry,Supported envelope
Vavuniya,Yala,Bitter Gourd,2021,50.71,486.02,Dry,Unverified
Vavuniya,Yala,Carrot,2021,78.9,1322.03,Dry,Supported envelope
Vavuniya,Yala,Cassava,2021,104.0,2101.21,Dry,Supported envelope
Vavuniya,Yala,Cassava,2021,151.04,4679.53,Dry,Supported envelope
Vavuniya,Yala,Chilli,2021,41.35,267.71,Dry,Supported envelope
Vavuniya,Yala,Chilli,2021,43.26,322.56,Dry,Supported envelope
Vavuniya,Yala,Coconut,2021,111.22,3841.28,Dry,Unverified
Vavuniya,Yala,Cucumber,2021,115.59,1864.97,Dry,Unverified
Vavuniya,Yala,Cucumber,2021,106.97,1734.13,Dry,Unverified
Vavuniya,Yala,Green Gram,2021,45.84,320.94,Dry,Supported envelope
Vavuniya,Yala,Long Bean,2021,82.77,770.78,Dry,Unverified
Vavuniya,Yala,Maize,2021,80.26,1191.37,Dry,Supported envelope
Vavuniya,Yala,Potato,2021,108.47,1993.17,Dry,Supported envelope
Vavuniya,Yala,Pumpkin,2021,60.8,916.22,Dry,Unverified
Vavuniya,Yala,Rice,2021,79.87,1752.4,Dry,Unverified
Vavuniya,Yala,Sesame,2021,23.73,144.37,Dry,Unverified
Vavuniya,Yala,Tomato,2021,69.52,857.29,Dry,Unverified
Vavuniya,Yala,Watermelon,2021,123.18,2865.76,Dry,Unverified
Vavuniya,Yala,Watermelon,2021,120.82,2417.55,Dry,Unverified
Ampara,Maha,Banana,2022,174.47,4853.1,Dry,Unverified
Ampara,Maha,Big Onion,2022,69.04,728.12,Dry,Supported envelope
Ampara,Maha,Brinjal,2022,79.07,924.14,Dry,Unverified
Ampara,Maha,Brinjal,2022,69.62,710.74,Dry,Unverified
Ampara,Maha,Carrot,2022,58.68,883.09,Dry,Supported envelope
Ampara,Maha,Carrot,2022,113.05,2040.49,Dry,Supported envelope
Ampara,Maha,Carrot,2022,141.37,1867.68,Dry,Supported envelope
Ampara,Maha,Chilli,2022,53.2,430.7,Dry,Supported envelope
Ampara,Maha,Chilli,2022,36.63,307.89,Dry,Supported envelope
Ampara,Maha,Coconut,2022,85.01,2497.82,Dry,Unverified
Ampara,Maha,Cowpea,2022,76.96,651.3,Dry,Supported envelope
Ampara,Maha,Cowpea,2022,39.27,339.1,Dry,Supported envelope
Ampara,Maha,Cucumber,2022,156.12,2795.07,Dry,Unverified
Ampara,Maha,Groundnut,2022,90.28,921.68,Dry,Supported envelope
Ampara,Maha,Groundnut,2022,66.07,603.77,Dry,Supported envelope
Ampara,Maha,Groundnut,2022,66.18,765.98,Dry,Supported envelope
Ampara,Maha,Long Bean,2022,48.75,440.24,Dry,Unverified
Ampara,Maha,Okra,2022,70.71,465.68,Dry,Unverified
Ampara,Maha,Okra,2022,78.58,689.73,Dry,Unverified
Ampara,Maha,Potato,2022,89.71,1750.48,Dry,Supported envelope
Ampara,Maha,Potato,2022,62.69,1132.3,Dry,Supported envelope
Ampara,Maha,Pumpkin,2022,78.02,1341.54,Dry,Unverified
Ampara,Maha,Pumpkin,2022,87.83,1296.57,Dry,Unverified
Ampara,Maha,Pumpkin,2022,107.12,1529.05,Dry,Unverified
Ampara,Maha,Ridge Gourd,2022,55.08,626.33,Dry,Unverified
Ampara,Maha,Soybean,2022,55.61,536.32,Dry,Unverified
Ampara,Maha,Watermelon,2022,150.19,2951.15,Dry,Unverified
Ampara,Yala,Carrot,2022,63.51,833.9,Dry,Supported envelope
Ampara,Yala,Cassava,2022,101.45,2628.15,Dry,Supported envelope
Ampara,Yala,Chilli,2022,64.84,467.95,Dry,Supported envelope
Ampara,Yala,Cowpea,2022,36.64,237.4,Dry,Supported envelope
Ampara,Yala,Ginger,2022,65.85,654.01,Dry,Supported envelope
Ampara,Yala,Long Bean,2022,77.7,857.25,Dry,Unverified
Ampara,Yala,Red Onion,2022,65.05,612.98,Dry,Supported envelope
Ampara,Yala,Red Onion,2022,50.97,429.05,Dry,Supported envelope
Ampara,Yala,Rice,2022,160.92,3265.63,Dry,Unverified
Ampara,Yala,Snake Gourd,2022,53.52,568.96,Dry,Unverified
Ampara,Yala,Soybean,2022,76.1,770.56,Dry,Unverified
Ampara,Yala,Soybean,2022,58.46,613.78,Dry,Unverified
Ampara,Yala,Tomato,2022,89.36,1104.76,Dry,Unverified
Ampara,Yala,Watermelon,2022,149.05,3156.24,Dry,Unverified
Ampara,Yala,Watermelon,2022,103.71,1520.19,Dry,Unverified
Ampara,Yala,Yam,2022,72.52,976.88,Dry,Unverified
Anuradhapura,Maha,Banana,2022,274.78,8222.49,Dry,Unverified
Anuradhapura,Maha,Bitter Gourd,2022,39.41,379.48,Dry,Unverified
Anuradhapura,Maha,Cassava,2022,165.37,3335.24,Dry,Supported envelope
Anuradhapura,Maha,Chilli,2022,99.59,804.94,Dry,Supported envelope
Anuradhapura,Maha,Chilli,2022,93.93,772.55,Dry,Supported envelope
Anuradhapura,Maha,Coconut,2022,175.06,4798.02,Dry,Unverified
Anuradhapura,Maha,Cucumber,2022,66.61,815.08,Dry,Unverified
Anuradhapura,Maha,Cucumber,2022,89.02,1359.29,Dry,Unverified
Anuradhapura,Maha,Cucumber,2022,131.02,1998.99,Dry,Unverified
Anuradhapura,Maha,Maize,2022,129.96,2323.86,Dry,Supported envelope
Anuradhapura,Maha,Maize,2022,62.19,964.43,Dry,Supported envelope
Anuradhapura,Maha,Okra,2022,73.33,646.19,Dry,Unverified
Anuradhapura,Maha,Okra,2022,63.96,518.7,Dry,Unverified
Anuradhapura,Maha,Papaya,2022,109.84,3222.67,Dry,Unverified
Anuradhapura,Maha,Pumpkin,2022,107.11,1621.44,Dry,Unverified
Anuradhapura,Maha,Rice,2022,226.62,4845.91,Dry,Unverified
Anuradhapura,Maha,Sweet Potato,2022,68.61,893.97,Dry,Supported envelope
Anuradhapura,Maha,Taro,2022,76.96,969.68,Dry,Unverified
Anuradhapura,Maha,Tomato,2022,133.98,1820.87,Dry,Unverified
Anuradhapura,Maha,Tomato,2022,113.78,1874.8,Dry,Unverified
Anuradhapura,Maha,Turmeric,2022,51.94,596.37,Dry,Supported envelope
Anuradhapura,Maha,Watermelon,2022,232.57,5427.58,Dry,Unverified
Anuradhapura,Maha,Watermelon,2022,174.28,3020.07,Dry,Unverified
Anuradhapura,Maha,Watermelon,2022,149.71,3431.9,Dry,Unverified
Anuradhapura,Maha,Watermelon,2022,171.59,3085.97,Dry,Unverified
Anuradhapura,Maha,Yam,2022,62.17,817.93,Dry,Unverified
Anuradhapura,Yala,Black Gram,2022,46.18,245.0,Dry,Unverified
Anuradhapura,Yala,Cassava,2022,144.5,3017.72,Dry,Supported envelope
Anuradhapura,Yala,Coconut,2022,188.68,4960.97,Dry,Unverified
Anuradhapura,Yala,Coconut,2022,190.2,5636.08,Dry,Unverified
Anuradhapura,Yala,Coconut,2022,123.15,3407.71,Dry,Unverified
Anuradhapura,Yala,Cowpea,2022,45.41,297.33,Dry,Supported envelope
Anuradhapura,Yala,Cucumber,2022,84.89,1496.49,Dry,Unverified
Anuradhapura,Yala,Green Gram,2022,57.68,394.64,Dry,Supported envelope
Anuradhapura,Yala,Groundnut,2022,79.55,779.5,Dry,Supported envelope
Anuradhapura,Yala,Long Bean,2022,51.04,423.82,Dry,Unverified
Anuradhapura,Yala,Okra,2022,77.04,616.45,Dry,Unverified
Anuradhapura,Yala,Pumpkin,2022,99.92,1902.03,Dry,Unverified
Anuradhapura,Yala,Pumpkin,2022,90.16,1160.48,Dry,Unverified
Anuradhapura,Yala,Pumpkin,2022,95.8,1496.38,Dry,Unverified
Anuradhapura,Yala,Sesame,2022,32.67,200.98,Dry,Unverified
Anuradhapura,Yala,Taro,2022,104.7,1369.73,Dry,Unverified
Anuradhapura,Yala,Turmeric,2022,68.11,603.74,Dry,Supported envelope
Anuradhapura,Yala,Watermelon,2022,228.47,4719.05,Dry,Unverified
Anuradhapura,Yala,Watermelon,2022,126.1,2048.45,Dry,Unverified
Anuradhapura,Yala,Watermelon,2022,129.58,2610.07,Dry,Unverified
Anuradhapura,Yala,Watermelon,2022,149.84,3063.47,Dry,Unverified
Anuradhapura,Yala,Watermelon,2022,203.95,4340.76,Dry,Unverified
Badulla,Maha,Ash Plantain,2022,206.49,7262.63,Up-country Intermediate,Unverified
Badulla,Maha,Banana,2022,128.62,3267.16,Up-country Intermediate,Unverified
Badulla,Maha,Banana,2022,167.25,5692.99,Up-country Intermediate,Unverified
Badulla,Maha,Banana,2022,179.69,6024.03,Up-country Intermediate,Unverified
Badulla,Maha,Banana,2022,212.37,6077.52,Up-country Intermediate,Unverified
Badulla,Maha,Beans,2022,115.53,1135.79,Up-country Intermediate,Supported envelope
Badulla,Maha,Big Onion,2022,77.05,832.33,Up-country Intermediate,Supported envelope
Badulla,Maha,Big Onion,2022,40.1,541.46,Up-country Intermediate,Supported envelope
Badulla,Maha,Brinjal,2022,62.22,723.86,Up-country Intermediate,Unverified
Badulla,Maha,Carrot,2022,100.92,1191.94,Up-country Intermediate,Supported envelope
Badulla,Maha,Chilli,2022,44.3,342.02,Up-country Intermediate,Supported envelope
Badulla,Maha,Chilli,2022,56.9,385.8,Up-country Intermediate,Supported envelope
Badulla,Maha,Chilli,2022,57.63,521.24,Up-country Intermediate,Supported envelope
Badulla,Maha,Chilli,2022,60.27,465.07,Up-country Intermediate,Supported envelope
Badulla,Maha,Chilli,2022,47.44,388.43,Up-country Intermediate,Supported envelope
Badulla,Maha,Chilli,2022,41.68,318.11,Up-country Intermediate,Supported envelope
Badulla,Maha,Cowpea,2022,50.85,410.58,Up-country Intermediate,Supported envelope
Badulla,Maha,Cucumber,2022,68.46,1090.13,Up-country Intermediate,Unverified
Badulla,Maha,Ginger,2022,83.96,934.96,Up-country Intermediate,Supported envelope
Badulla,Maha,Green Gram,2022,29.74,252.52,Up-country Intermediate,Supported envelope
Badulla,Maha,Leeks,2022,123.42,1372.76,Up-country Intermediate,Supported envelope
Badulla,Maha,Papaya,2022,142.76,3259.45,Up-country Intermediate,Unverified
Badulla,Maha,Potato,2022,76.76,1755.5,Up-country Intermediate,Supported envelope
Badulla,Maha,Pumpkin,2022,91.67,1287.31,Up-country Intermediate,Unverified
Badulla,Maha,Pumpkin,2022,91.61,1427.66,Up-country Intermediate,Unverified
Badulla,Maha,Red Onion,2022,63.9,551.83,Up-country Intermediate,Supported envelope
Badulla,Maha,Ridge Gourd,2022,54.47,532.39,Up-country Intermediate,Unverified
Badulla,Maha,Snake Gourd,2022,79.34,655.86,Up-country Intermediate,Unverified
Badulla,Maha,Sweet Potato,2022,76.37,1066.46,Up-country Intermediate,Supported envelope
Badulla,Maha,Turmeric,2022,64.98,735.27,Up-country Intermediate,Supported envelope
Badulla,Maha,Turmeric,2022,62.8,745.71,Up-country Intermediate,Supported envelope
Badulla,Maha,Turmeric,2022,72.27,776.0,Up-country Intermediate,Supported envelope
Badulla,Maha,Watermelon,2022,150.47,2917.64,Up-country Intermediate,Unverified
Badulla,Maha,Watermelon,2022,81.8,1710.99,Up-country Intermediate,Unverified
Badulla,Maha,Yam,2022,67.81,995.7,Up-country Intermediate,Unverified
Badulla,Yala,Banana,2022,173.9,4520.42,Up-country Intermediate,Unverified
Badulla,Yala,Banana,2022,153.26,4898.91,Up-country Intermediate,Unverified
Badulla,Yala,Banana,2022,189.1,5365.74,Up-country Intermediate,Unverified
Badulla,Yala,Banana,2022,214.95,6415.61,Up-country Intermediate,Unverified
Badulla,Yala,Beans,2022,68.47,636.38,Up-country Intermediate,Supported envelope
Badulla,Yala,Beans,2022,59.08,619.77,Up-country Intermediate,Supported envelope
Badulla,Yala,Beans,2022,55.63,490.99,Up-country Intermediate,Supported envelope
Badulla,Yala,Cassava,2022,128.01,3011.34,Up-country Intermediate,Supported envelope
Badulla,Yala,Cassava,2022,151.6,3127.29,Up-country Intermediate,Supported envelope
Badulla,Yala,Cauliflower,2022,71.35,955.89,Up-country Intermediate,Supported envelope
Badulla,Yala,Chilli,2022,44.54,367.37,Up-country Intermediate,Supported envelope
Badulla,Yala,Chilli,2022,37.73,324.47,Up-country Intermediate,Supported envelope
Badulla,Yala,Chilli,2022,37.27,305.18,Up-country Intermediate,Supported envelope
Badulla,Yala,Coconut,2022,130.64,3683.16,Up-country Intermediate,Unverified
Badulla,Yala,Cucumber,2022,75.25,1072.03,Up-country Intermediate,Unverified
Badulla,Yala,Green Gram,2022,44.33,336.83,Up-country Intermediate,Supported envelope
Badulla,Yala,Green Gram,2022,34.93,279.74,Up-country Intermediate,Supported envelope
Badulla,Yala,Leeks,2022,96.42,1101.74,Up-country Intermediate,Supported envelope
Badulla,Yala,Leeks,2022,111.24,1533.06,Up-country Intermediate,Supported envelope
Badulla,Yala,Long Bean,2022,29.9,314.69,Up-country Intermediate,Unverified
Badulla,Yala,Long Bean,2022,58.02,516.0,Up-country Intermediate,Unverified
Badulla,Yala,Pepper,2022,52.25,269.35,Up-country Intermediate,Supported envelope
Badulla,Yala,Ridge Gourd,2022,78.76,945.34,Up-country Intermediate,Unverified
Badulla,Yala,Sesame,2022,49.96,276.9,Up-country Intermediate,Unverified
Badulla,Yala,Snake Gourd,2022,91.85,923.63,Up-country Intermediate,Unverified
Badulla,Yala,Snake Gourd,2022,74.66,777.95,Up-country Intermediate,Unverified
Badulla,Yala,Soybean,2022,50.02,494.28,Up-country Intermediate,Unverified
Badulla,Yala,Sweet Potato,2022,72.46,997.06,Up-country Intermediate,Supported envelope
Badulla,Yala,Tea,2022,184.64,4067.17,Up-country Intermediate,Supported envelope
Badulla,Yala,Turmeric,2022,63.95,815.41,Up-country Intermediate,Supported envelope
Badulla,Yala,Watermelon,2022,122.05,2090.32,Up-country Intermediate,Unverified
Batticaloa,Maha,Banana,2022,166.36,4804.15,Dry,Unverified
Batticaloa,Maha,Banana,2022,145.9,5001.81,Dry,Unverified
Batticaloa,Maha,Banana,2022,241.63,9227.61,Dry,Unverified
Batticaloa,Maha,Big Onion,2022,62.07,776.18,Dry,Supported envelope
Batticaloa,Maha,Big Onion,2022,57.83,656.97,Dry,Supported envelope
Batticaloa,Maha,Bitter Gourd,2022,76.41,783.73,Dry,Unverified
Batticaloa,Maha,Brinjal,2022,59.28,727.7,Dry,Unverified
Batticaloa,Maha,Brinjal,2022,78.44,979.53,Dry,Unverified
Batticaloa,Maha,Carrot,2022,64.21,985.29,Dry,Supported envelope
Batticaloa,Maha,Carrot,2022,75.85,1184.99,Dry,Supported envelope
Batticaloa,Maha,Cassava,2022,117.95,3444.44,Dry,Supported envelope
Batticaloa,Maha,Chilli,2022,62.79,452.1,Dry,Supported envelope
Batticaloa,Maha,Chilli,2022,62.68,492.61,Dry,Supported envelope
Batticaloa,Maha,Chilli,2022,51.7,465.66,Dry,Supported envelope
Batticaloa,Maha,Chilli,2022,42.81,396.6,Dry,Supported envelope
Batticaloa,Maha,Cowpea,2022,57.6,396.05,Dry,Supported envelope
Batticaloa,Maha,Cowpea,2022,65.01,537.95,Dry,Supported envelope
Batticaloa,Maha,Green Gram,2022,53.77,404.67,Dry,Supported envelope
Batticaloa,Maha,Maize,2022,91.47,1840.56,Dry,Supported envelope
Batticaloa,Maha,Maize,2022,89.39,1137.49,Dry,Supported envelope
Batticaloa,Maha,Papaya,2022,120.31,2675.12,Dry,Unverified
Batticaloa,Maha,Papaya,2022,131.61,3069.85,Dry,Unverified
Batticaloa,Maha,Papaya,2022,151.23,3641.75,Dry,Unverified
Batticaloa,Maha,Papaya,2022,177.36,5173.36,Dry,Unverified
Batticaloa,Maha,Soybean,2022,50.43,493.32,Dry,Unverified
Batticaloa,Maha,Sweet Potato,2022,127.49,1809.87,Dry,Supported envelope
Batticaloa,Maha,Turmeric,2022,54.09,541.19,Dry,Supported envelope
Batticaloa,Maha,Watermelon,2022,170.34,2389.95,Dry,Unverified
Batticaloa,Maha,Watermelon,2022,71.68,1603.72,Dry,Unverified
Batticaloa,Yala,Banana,2022,124.57,5277.35,Dry,Unverified
Batticaloa,Yala,Banana,2022,186.95,5885.44,Dry,Unverified
Batticaloa,Yala,Carrot,2022,83.97,1136.94,Dry,Supported envelope
Batticaloa,Yala,Carrot,2022,73.86,980.58,Dry,Supported envelope
Batticaloa,Yala,Carrot,2022,87.34,1673.72,Dry,Supported envelope
Batticaloa,Yala,Carrot,2022,74.26,1309.3,Dry,Supported envelope
Batticaloa,Yala,Carrot,2022,40.68,556.5,Dry,Supported envelope
Batticaloa,Yala,Carrot,2022,43.25,595.81,Dry,Supported envelope
Batticaloa,Yala,Carrot,2022,118.11,2298.99,Dry,Supported envelope
Batticaloa,Yala,Chilli,2022,37.78,270.06,Dry,Supported envelope
Batticaloa,Yala,Chilli,2022,28.31,223.95,Dry,Supported envelope
Batticaloa,Yala,Chilli,2022,35.98,251.85,Dry,Supported envelope
Batticaloa,Yala,Chilli,2022,32.68,235.88,Dry,Supported envelope
Batticaloa,Yala,Green Gram,2022,30.99,228.49,Dry,Supported envelope
Batticaloa,Yala,Long Bean,2022,61.98,600.91,Dry,Unverified
Batticaloa,Yala,Maize,2022,70.6,1177.89,Dry,Supported envelope
Batticaloa,Yala,Mango,2022,137.07,3442.3,Dry,Unverified
Batticaloa,Yala,Papaya,2022,90.89,2072.89,Dry,Unverified
Batticaloa,Yala,Pumpkin,2022,34.04,619.2,Dry,Unverified
Batticaloa,Yala,Pumpkin,2022,128.77,2222.0,Dry,Unverified
Batticaloa,Yala,Red Onion,2022,73.74,744.36,Dry,Supported envelope
Batticaloa,Yala,Red Onion,2022,67.99,681.83,Dry,Supported envelope
Batticaloa,Yala,Rice,2022,80.1,1953.03,Dry,Unverified
Batticaloa,Yala,Rice,2022,90.73,1702.47,Dry,Unverified
Batticaloa,Yala,Tomato,2022,88.43,1324.25,Dry,Unverified
Batticaloa,Yala,Watermelon,2022,111.23,1932.35,Dry,Unverified
Batticaloa,Yala,Watermelon,2022,114.27,2186.8,Dry,Unverified
Batticaloa,Yala,Watermelon,2022,135.31,2564.26,Dry,Unverified
Batticaloa,Yala,Yam,2022,76.42,867.17,Dry,Unverified
Colombo,Maha,Ash Plantain,2022,255.76,8946.18,Wet,Unverified
Colombo,Maha,Ash Plantain,2022,225.34,7478.9,Wet,Unverified
Colombo,Maha,Banana,2022,194.98,6841.53,Wet,Unverified
Colombo,Maha,Banana,2022,209.36,6518.71,Wet,Unverified
Colombo,Maha,Banana,2022,247.33,7266.02,Wet,Unverified
Colombo,Maha,Brinjal,2022,137.79,2008.83,Wet,Unverified
Colombo,Maha,Brinjal,2022,113.83,1497.59,Wet,Unverified
Colombo,Maha,Brinjal,2022,89.01,1080.15,Wet,Unverified
Colombo,Maha,Carrot,2022,91.19,1326.63,Wet,Supported envelope
Colombo,Maha,Carrot,2022,98.94,1283.07,Wet,Supported envelope
Colombo,Maha,Carrot,2022,84.96,1200.16,Wet,Supported envelope
Colombo,Maha,Carrot,2022,65.58,902.49,Wet,Supported envelope
Colombo,Maha,Chilli,2022,61.1,424.87,Wet,Supported envelope
Colombo,Maha,Coconut,2022,146.49,4719.6,Wet,Unverified
Colombo,Maha,Coconut,2022,178.7,4953.85,Wet,Unverified
Colombo,Maha,Mango,2022,152.68,3978.36,Wet,Unverified
Colombo,Maha,Okra,2022,96.4,821.76,Wet,Unverified
Colombo,Maha,Red Onion,2022,62.18,631.06,Wet,Supported envelope
Colombo,Maha,Ridge Gourd,2022,67.31,611.38,Wet,Unverified
Colombo,Maha,Sesame,2022,27.07,133.89,Wet,Unverified
Colombo,Maha,Snake Gourd,2022,149.95,1267.29,Wet,Unverified
Colombo,Maha,Watermelon,2022,163.16,3058.23,Wet,Unverified
Colombo,Yala,Bitter Gourd,2022,60.81,552.36,Wet,Unverified
Colombo,Yala,Black Gram,2022,48.12,364.51,Wet,Unverified
Colombo,Yala,Brinjal,2022,63.2,759.77,Wet,Unverified
Colombo,Yala,Carrot,2022,97.76,1593.84,Wet,Supported envelope
Colombo,Yala,Carrot,2022,83.71,1252.4,Wet,Supported envelope
Colombo,Yala,Carrot,2022,97.14,1670.21,Wet,Supported envelope
Colombo,Yala,Carrot,2022,110.48,1793.48,Wet,Supported envelope
Colombo,Yala,Carrot,2022,154.39,2144.25,Wet,Supported envelope
Colombo,Yala,Cassava,2022,195.86,4294.31,Wet,Supported envelope
Colombo,Yala,Chilli,2022,59.06,469.97,Wet,Supported envelope
Colombo,Yala,Chilli,2022,60.82,506.49,Wet,Supported envelope
Colombo,Yala,Chilli,2022,52.41,433.2,Wet,Supported envelope
Colombo,Yala,Coconut,2022,135.21,4803.24,Wet,Unverified
Colombo,Yala,Cucumber,2022,89.94,1287.77,Wet,Unverified
Colombo,Yala,Ginger,2022,70.28,594.73,Wet,Supported envelope
Colombo,Yala,Long Bean,2022,79.36,668.69,Wet,Unverified
Colombo,Yala,Mango,2022,102.77,2259.7,Wet,Unverified
Colombo,Yala,Rice,2022,149.79,3355.03,Wet,Unverified
Colombo,Yala,Sesame,2022,43.47,188.09,Wet,Unverified
Colombo,Yala,Snake Gourd,2022,54.69,603.73,Wet,Unverified
Colombo,Yala,Soybean,2022,78.83,702.56,Wet,Unverified
Colombo,Yala,Sweet Potato,2022,151.56,2154.45,Wet,Supported envelope
Colombo,Yala,Sweet Potato,2022,94.14,1234.52,Wet,Supported envelope
Colombo,Yala,Sweet Potato,2022,67.3,711.87,Wet,Supported envelope
Colombo,Yala,Tomato,2022,86.75,993.56,Wet,Unverified
Colombo,Yala,Turmeric,2022,58.29,641.33,Wet,Supported envelope
Colombo,Yala,Watermelon,2022,115.86,2148.52,Wet,Unverified
Colombo,Yala,Yam,2022,84.65,1123.23,Wet,Unverified
Galle,Maha,Ash Plantain,2022,183.01,6221.54,Wet,Unverified
Galle,Maha,Bitter Gourd,2022,42.71,378.02,Wet,Unverified
Galle,Maha,Brinjal,2022,59.23,722.95,Wet,Unverified
Galle,Maha,Carrot,2022,51.6,871.12,Wet,Supported envelope
Galle,Maha,Carrot,2022,67.2,941.31,Wet,Supported envelope
Galle,Maha,Carrot,2022,96.19,1780.56,Wet,Supported envelope
Galle,Maha,Cassava,2022,164.86,4193.14,Wet,Supported envelope
Galle,Maha,Chilli,2022,49.56,318.64,Wet,Supported envelope
Galle,Maha,Coconut,2022,124.75,3653.06,Wet,Unverified
Galle,Maha,Coconut,2022,148.55,4387.51,Wet,Unverified
Galle,Maha,Papaya,2022,102.0,3253.4,Wet,Unverified
Galle,Maha,Pepper,2022,39.88,184.27,Wet,Supported envelope
Galle,Maha,Potato,2022,82.38,1569.35,Wet,Supported envelope
Galle,Maha,Red Onion,2022,53.89,548.18,Wet,Supported envelope
Galle,Maha,Rice,2022,78.04,1787.85,Wet,Unverified
Galle,Maha,Sesame,2022,29.98,166.95,Wet,Unverified
Galle,Maha,Snake Gourd,2022,51.43,515.9,Wet,Unverified
Galle,Maha,Sweet Potato,2022,116.2,1550.49,Wet,Supported envelope
Galle,Maha,Tea,2022,81.99,2254.6,Wet,Supported envelope
Galle,Maha,Tomato,2022,61.71,821.38,Wet,Unverified
Galle,Maha,Turmeric,2022,46.54,447.12,Wet,Supported envelope
Galle,Yala,Banana,2022,105.05,3482.48,Wet,Unverified
Galle,Yala,Bitter Gourd,2022,72.64,575.69,Wet,Unverified
Galle,Yala,Bitter Gourd,2022,79.59,685.07,Wet,Unverified
Galle,Yala,Black Gram,2022,26.23,181.84,Wet,Unverified
Galle,Yala,Brinjal,2022,54.29,692.83,Wet,Unverified
Galle,Yala,Carrot,2022,46.19,830.28,Wet,Supported envelope
Galle,Yala,Cucumber,2022,77.83,1048.63,Wet,Unverified
Galle,Yala,Mango,2022,140.49,3814.85,Wet,Unverified
Galle,Yala,Okra,2022,44.64,388.82,Wet,Unverified
Galle,Yala,Okra,2022,37.73,288.24,Wet,Unverified
Galle,Yala,Okra,2022,53.24,438.7,Wet,Unverified
Galle,Yala,Red Onion,2022,65.81,524.78,Wet,Supported envelope
Galle,Yala,Soybean,2022,51.77,443.2,Wet,Unverified
Galle,Yala,Tea,2022,94.93,2895.75,Wet,Supported envelope
Galle,Yala,Watermelon,2022,119.39,2613.95,Wet,Unverified
Galle,Yala,Watermelon,2022,103.0,1847.57,Wet,Unverified
Galle,Yala,Watermelon,2022,119.15,2309.54,Wet,Unverified
Gampaha,Maha,Carrot,2022,168.71,2477.86,Wet,Supported envelope
Gampaha,Maha,Carrot,2022,131.61,2441.72,Wet,Supported envelope
Gampaha,Maha,Cassava,2022,342.39,7712.96,Wet,Supported envelope
Gampaha,Maha,Cassava,2022,248.66,5845.41,Wet,Supported envelope
Gampaha,Maha,Chilli,2022,94.32,597.32,Wet,Supported envelope
Gampaha,Maha,Chilli,2022,80.3,601.08,Wet,Supported envelope
Gampaha,Maha,Chilli,2022,60.73,486.26,Wet,Supported envelope
Gampaha,Maha,Cowpea,2022,96.4,705.41,Wet,Supported envelope
Gampaha,Maha,Maize,2022,124.8,1723.46,Wet,Supported envelope
Gampaha,Maha,Papaya,2022,159.24,3800.12,Wet,Unverified
Gampaha,Maha,Pumpkin,2022,137.64,2190.27,Wet,Unverified
Gampaha,Maha,Red Onion,2022,91.82,943.2,Wet,Supported envelope
Gampaha,Maha,Rice,2022,215.0,4504.29,Wet,Unverified
Gampaha,Maha,Sesame,2022,61.87,299.51,Wet,Unverified
Gampaha,Yala,Ash Plantain,2022,219.42,7025.27,Wet,Unverified
Gampaha,Yala,Ash Plantain,2022,233.24,7216.87,Wet,Unverified
Gampaha,Yala,Banana,2022,204.64,6883.87,Wet,Unverified
Gampaha,Yala,Banana,2022,369.03,11263.25,Wet,Unverified
Gampaha,Yala,Banana,2022,231.76,6701.97,Wet,Unverified
Gampaha,Yala,Banana,2022,301.83,8629.97,Wet,Unverified
Gampaha,Yala,Bitter Gourd,2022,121.29,1539.57,Wet,Unverified
Gampaha,Yala,Bitter Gourd,2022,81.74,914.7,Wet,Unverified
Gampaha,Yala,Brinjal,2022,113.4,1482.35,Wet,Unverified
Gampaha,Yala,Carrot,2022,100.65,1411.23,Wet,Supported envelope
Gampaha,Yala,Carrot,2022,141.17,2107.99,Wet,Supported envelope
Gampaha,Yala,Carrot,2022,109.77,1802.97,Wet,Supported envelope
Gampaha,Yala,Carrot,2022,99.92,1500.77,Wet,Supported envelope
Gampaha,Yala,Chilli,2022,71.44,532.54,Wet,Supported envelope
Gampaha,Yala,Chilli,2022,79.46,686.63,Wet,Supported envelope
Gampaha,Yala,Coconut,2022,274.01,7703.39,Wet,Unverified
Gampaha,Yala,Cucumber,2022,85.0,1528.54,Wet,Unverified
Gampaha,Yala,Ginger,2022,106.45,1462.04,Wet,Supported envelope
Gampaha,Yala,Green Gram,2022,74.25,557.5,Wet,Supported envelope
Gampaha,Yala,Mango,2022,145.9,3557.63,Wet,Unverified
Gampaha,Yala,Pineapple,2022,161.0,3905.75,Wet,Supported envelope
Gampaha,Yala,Potato,2022,122.58,2285.8,Wet,Supported envelope
Gampaha,Yala,Potato,2022,144.28,3421.25,Wet,Supported envelope
Gampaha,Yala,Potato,2022,144.03,2841.01,Wet,Supported envelope
Gampaha,Yala,Rice,2022,148.66,3745.08,Wet,Unverified
Gampaha,Yala,Ridge Gourd,2022,76.88,681.32,Wet,Unverified
Gampaha,Yala,Soybean,2022,79.34,769.18,Wet,Unverified
Gampaha,Yala,Sweet Potato,2022,129.73,1711.68,Wet,Supported envelope
Gampaha,Yala,Taro,2022,130.66,1539.81,Wet,Unverified
Gampaha,Yala,Watermelon,2022,229.67,4532.36,Wet,Unverified
Gampaha,Yala,Watermelon,2022,180.68,3120.11,Wet,Unverified
Gampaha,Yala,Watermelon,2022,165.48,3156.89,Wet,Unverified
Hambantota,Maha,Ash Plantain,2022,263.45,7780.36,Dry/Intermediate,Unverified
Hambantota,Maha,Ash Plantain,2022,189.03,5283.2,Dry/Intermediate,Unverified
Hambantota,Maha,Banana,2022,232.19,7147.59,Dry/Intermediate,Unverified
Hambantota,Maha,Banana,2022,174.92,4170.19,Dry/Intermediate,Unverified
Hambantota,Maha,Banana,2022,332.3,11003.61,Dry/Intermediate,Unverified
Hambantota,Maha,Banana,2022,238.84,6610.76,Dry/Intermediate,Unverified
Hambantota,Maha,Banana,2022,228.72,8184.2,Dry/Intermediate,Unverified
Hambantota,Maha,Banana,2022,217.43,6820.49,Dry/Intermediate,Unverified
Hambantota,Maha,Carrot,2022,126.83,2323.25,Dry/Intermediate,Supported envelope
Hambantota,Maha,Carrot,2022,130.24,1910.18,Dry/Intermediate,Supported envelope
Hambantota,Maha,Chilli,2022,100.67,917.61,Dry/Intermediate,Supported envelope
Hambantota,Maha,Chilli,2022,118.92,1172.42,Dry/Intermediate,Supported envelope
Hambantota,Maha,Cowpea,2022,67.55,479.45,Dry/Intermediate,Supported envelope
Hambantota,Maha,Groundnut,2022,95.75,1006.68,Dry/Intermediate,Supported envelope
Hambantota,Maha,Groundnut,2022,106.77,893.48,Dry/Intermediate,Supported envelope
Hambantota,Maha,Okra,2022,67.94,574.19,Dry/Intermediate,Unverified
Hambantota,Maha,Potato,2022,180.68,3412.25,Dry/Intermediate,Supported envelope
Hambantota,Maha,Sesame,2022,72.97,565.56,Dry/Intermediate,Unverified
Hambantota,Maha,Snake Gourd,2022,69.66,654.32,Dry/Intermediate,Unverified
Hambantota,Maha,Taro,2022,113.56,1436.01,Dry/Intermediate,Unverified
Hambantota,Maha,Tomato,2022,87.18,1361.99,Dry/Intermediate,Unverified
Hambantota,Maha,Turmeric,2022,77.55,1005.42,Dry/Intermediate,Supported envelope
Hambantota,Maha,Watermelon,2022,372.56,7710.19,Dry/Intermediate,Unverified
Hambantota,Maha,Watermelon,2022,227.26,5074.03,Dry/Intermediate,Unverified
Hambantota,Maha,Yam,2022,112.4,1433.49,Dry/Intermediate,Unverified
Hambantota,Maha,Yam,2022,95.34,1135.33,Dry/Intermediate,Unverified
Hambantota,Yala,Ash Plantain,2022,186.12,5588.14,Dry/Intermediate,Unverified
Hambantota,Yala,Banana,2022,214.79,6673.16,Dry/Intermediate,Unverified
Hambantota,Yala,Bitter Gourd,2022,77.51,813.05,Dry/Intermediate,Unverified
Hambantota,Yala,Bitter Gourd,2022,101.23,937.72,Dry/Intermediate,Unverified
Hambantota,Yala,Carrot,2022,110.33,1893.88,Dry/Intermediate,Supported envelope
Hambantota,Yala,Carrot,2022,81.57,1240.92,Dry/Intermediate,Supported envelope
Hambantota,Yala,Cassava,2022,150.44,3718.07,Dry/Intermediate,Supported envelope
Hambantota,Yala,Green Gram,2022,64.83,436.29,Dry/Intermediate,Supported envelope
Hambantota,Yala,Green Gram,2022,74.17,522.14,Dry/Intermediate,Supported envelope
Hambantota,Yala,Green Gram,2022,81.14,521.6,Dry/Intermediate,Supported envelope
Hambantota,Yala,Okra,2022,89.82,733.14,Dry/Intermediate,Unverified
Hambantota,Yala,Pumpkin,2022,129.68,2183.28,Dry/Intermediate,Unverified
Hambantota,Yala,Red Onion,2022,62.64,577.0,Dry/Intermediate,Supported envelope
Hambantota,Yala,Red Onion,2022,89.17,851.26,Dry/Intermediate,Supported envelope
Hambantota,Yala,Ridge Gourd,2022,71.91,668.79,Dry/Intermediate,Unverified
Hambantota,Yala,Ridge Gourd,2022,69.53,673.57,Dry/Intermediate,Unverified
Hambantota,Yala,Sesame,2022,44.7,211.71,Dry/Intermediate,Unverified
Hambantota,Yala,Sesame,2022,52.34,347.17,Dry/Intermediate,Unverified
Hambantota,Yala,Tomato,2022,89.14,996.46,Dry/Intermediate,Unverified
Hambantota,Yala,Turmeric,2022,91.36,971.56,Dry/Intermediate,Supported envelope
Hambantota,Yala,Watermelon,2022,265.51,5151.64,Dry/Intermediate,Unverified
Hambantota,Yala,Watermelon,2022,243.61,5108.37,Dry/Intermediate,Unverified
Hambantota,Yala,Yam,2022,103.01,1485.3,Dry/Intermediate,Unverified
Jaffna,Maha,Banana,2022,353.97,11107.82,Dry,Unverified
Jaffna,Maha,Banana,2022,162.43,4565.2,Dry,Unverified
Jaffna,Maha,Banana,2022,145.55,5739.15,Dry,Unverified
Jaffna,Maha,Big Onion,2022,69.61,815.27,Dry,Supported envelope
Jaffna,Maha,Big Onion,2022,99.16,1003.99,Dry,Supported envelope
Jaffna,Maha,Bitter Gourd,2022,72.67,601.29,Dry,Unverified
Jaffna,Maha,Bitter Gourd,2022,95.99,1053.05,Dry,Unverified
Jaffna,Maha,Brinjal,2022,162.47,2162.99,Dry,Unverified
Jaffna,Maha,Carrot,2022,176.39,2758.78,Dry,Supported envelope
Jaffna,Maha,Chilli,2022,71.0,440.09,Dry,Supported envelope
Jaffna,Maha,Coconut,2022,205.45,8042.65,Dry,Unverified
Jaffna,Maha,Cucumber,2022,149.18,2370.29,Dry,Unverified
Jaffna,Maha,Groundnut,2022,63.82,548.11,Dry,Supported envelope
Jaffna,Maha,Maize,2022,94.12,1409.58,Dry,Supported envelope
Jaffna,Maha,Okra,2022,113.83,767.89,Dry,Unverified
Jaffna,Maha,Papaya,2022,214.66,5431.81,Dry,Unverified
Jaffna,Maha,Papaya,2022,165.03,4927.5,Dry,Unverified
Jaffna,Maha,Potato,2022,105.36,2316.35,Dry,Supported envelope
Jaffna,Maha,Red Onion,2022,182.32,1590.75,Dry,Supported envelope
Jaffna,Maha,Rice,2022,163.08,3437.2,Dry,Unverified
Jaffna,Maha,Sesame,2022,55.92,304.29,Dry,Unverified
Jaffna,Maha,Sesame,2022,40.51,220.73,Dry,Unverified
Jaffna,Maha,Soybean,2022,89.43,734.04,Dry,Unverified
Jaffna,Maha,Tomato,2022,94.63,1678.3,Dry,Unverified
Jaffna,Maha,Tomato,2022,117.84,1597.24,Dry,Unverified
Jaffna,Maha,Turmeric,2022,94.03,1003.22,Dry,Supported envelope
Jaffna,Maha,Turmeric,2022,105.6,1059.63,Dry,Supported envelope
Jaffna,Maha,Watermelon,2022,145.99,2934.52,Dry,Unverified
Jaffna,Maha,Watermelon,2022,195.18,4567.53,Dry,Unverified
Jaffna,Maha,Watermelon,2022,160.15,4244.06,Dry,Unverified
Jaffna,Maha,Watermelon,2022,109.94,2196.02,Dry,Unverified
Jaffna,Yala,Ash Plantain,2022,162.79,4537.83,Dry,Unverified
Jaffna,Yala,Banana,2022,252.37,9609.46,Dry,Unverified
Jaffna,Yala,Banana,2022,358.59,11773.51,Dry,Unverified
Jaffna,Yala,Banana,2022,277.78,7651.71,Dry,Unverified
Jaffna,Yala,Black Gram,2022,66.8,519.64,Dry,Unverified
Jaffna,Yala,Brinjal,2022,91.55,1057.76,Dry,Unverified
Jaffna,Yala,Carrot,2022,101.43,1658.91,Dry,Supported envelope
Jaffna,Yala,Carrot,2022,102.12,1343.43,Dry,Supported envelope
Jaffna,Yala,Chilli,2022,79.37,674.38,Dry,Supported envelope
Jaffna,Yala,Chilli,2022,59.37,459.59,Dry,Supported envelope
Jaffna,Yala,Coconut,2022,187.78,5025.27,Dry,Unverified
Jaffna,Yala,Coconut,2022,178.16,5591.82,Dry,Unverified
Jaffna,Yala,Cucumber,2022,109.57,1597.9,Dry,Unverified
Jaffna,Yala,Mango,2022,230.44,4586.47,Dry,Unverified
Jaffna,Yala,Papaya,2022,155.31,3364.69,Dry,Unverified
Jaffna,Yala,Red Onion,2022,174.36,1816.57,Dry,Supported envelope
Jaffna,Yala,Red Onion,2022,241.68,2194.52,Dry,Supported envelope
Jaffna,Yala,Red Onion,2022,132.53,1256.15,Dry,Supported envelope
Jaffna,Yala,Snake Gourd,2022,70.89,635.57,Dry,Unverified
Jaffna,Yala,Soybean,2022,69.82,617.58,Dry,Unverified
Jaffna,Yala,Watermelon,2022,168.9,3796.63,Dry,Unverified
Jaffna,Yala,Watermelon,2022,113.93,2253.49,Dry,Unverified
Jaffna,Yala,Watermelon,2022,138.15,2691.7,Dry,Unverified
Jaffna,Yala,Watermelon,2022,105.98,2476.82,Dry,Unverified
Jaffna,Yala,Yam,2022,96.0,1249.48,Dry,Unverified
Kalutara,Maha,Ash Plantain,2022,259.47,7830.02,Wet,Unverified
Kalutara,Maha,Banana,2022,249.16,7441.45,Wet,Unverified
Kalutara,Maha,Banana,2022,225.93,7001.66,Wet,Unverified
Kalutara,Maha,Banana,2022,189.92,5228.62,Wet,Unverified
Kalutara,Maha,Banana,2022,190.28,6005.98,Wet,Unverified
Kalutara,Maha,Carrot,2022,173.32,2747.83,Wet,Supported envelope
Kalutara,Maha,Carrot,2022,126.18,1471.46,Wet,Supported envelope
Kalutara,Maha,Carrot,2022,156.18,2376.64,Wet,Supported envelope
Kalutara,Maha,Carrot,2022,134.71,1749.33,Wet,Supported envelope
Kalutara,Maha,Cassava,2022,200.33,4209.49,Wet,Supported envelope
Kalutara,Maha,Chilli,2022,81.57,660.76,Wet,Supported envelope
Kalutara,Maha,Coconut,2022,188.35,5588.41,Wet,Unverified
Kalutara,Maha,Papaya,2022,143.47,3192.95,Wet,Unverified
Kalutara,Maha,Pepper,2022,37.23,168.77,Wet,Supported envelope
Kalutara,Maha,Potato,2022,134.76,2332.45,Wet,Supported envelope
Kalutara,Maha,Red Onion,2022,62.73,669.18,Wet,Supported envelope
Kalutara,Maha,Sesame,2022,43.89,247.85,Wet,Unverified
Kalutara,Maha,Sesame,2022,70.39,389.8,Wet,Unverified
Kalutara,Maha,Sesame,2022,48.28,252.77,Wet,Unverified
Kalutara,Maha,Taro,2022,113.15,1228.81,Wet,Unverified
Kalutara,Maha,Tomato,2022,87.13,1101.91,Wet,Unverified
Kalutara,Maha,Turmeric,2022,101.07,1091.91,Wet,Supported envelope
Kalutara,Maha,Watermelon,2022,174.51,3760.42,Wet,Unverified
Kalutara,Maha,Watermelon,2022,108.56,1976.65,Wet,Unverified
Kalutara,Maha,Yam,2022,102.72,1221.82,Wet,Unverified
Kalutara,Yala,Banana,2022,265.6,8943.9,Wet,Unverified
Kalutara,Yala,Banana,2022,155.08,5183.02,Wet,Unverified
Kalutara,Yala,Black Gram,2022,68.15,384.17,Wet,Unverified
Kalutara,Yala,Carrot,2022,98.56,1777.97,Wet,Supported envelope
Kalutara,Yala,Carrot,2022,148.83,2038.5,Wet,Supported envelope
Kalutara,Yala,Chilli,2022,43.24,312.51,Wet,Supported envelope
Kalutara,Yala,Cinnamon,2022,99.93,497.56,Wet,Supported envelope
Kalutara,Yala,Ginger,2022,92.41,1019.98,Wet,Supported envelope
Kalutara,Yala,Ginger,2022,47.75,505.3,Wet,Supported envelope
Kalutara,Yala,Pepper,2022,69.67,333.01,Wet,Supported envelope
Kalutara,Yala,Pumpkin,2022,146.66,2893.3,Wet,Unverified
Kalutara,Yala,Red Onion,2022,66.15,650.69,Wet,Supported envelope
Kalutara,Yala,Ridge Gourd,2022,61.89,516.26,Wet,Unverified
Kalutara,Yala,Ridge Gourd,2022,109.65,1246.59,Wet,Unverified
Kalutara,Yala,Tomato,2022,88.8,1399.41,Wet,Unverified
Kalutara,Yala,Yam,2022,108.94,1463.31,Wet,Unverified
Kandy,Maha,Ash Plantain,2022,168.84,4558.84,Up-country Wet/Intermediate,Unverified
Kandy,Maha,Banana,2022,225.88,6333.4,Up-country Wet/Intermediate,Unverified
Kandy,Maha,Banana,2022,292.82,9447.34,Up-country Wet/Intermediate,Unverified
Kandy,Maha,Banana,2022,267.9,7205.52,Up-country Wet/Intermediate,Unverified
Kandy,Maha,Banana,2022,295.31,9249.6,Up-country Wet/Intermediate,Unverified
Kandy,Maha,Banana,2022,231.24,6460.26,Up-country Wet/Intermediate,Unverified
Kandy,Maha,Banana,2022,240.92,6933.22,Up-country Wet/Intermediate,Unverified
Kandy,Maha,Beans,2022,68.99,587.57,Up-country Wet/Intermediate,Supported envelope
Kandy,Maha,Big Onion,2022,81.1,1132.06,Up-country Wet/Intermediate,Supported envelope
Kandy,Maha,Big Onion,2022,124.12,1134.12,Up-country Wet/Intermediate,Supported envelope
Kandy,Maha,Bitter Gourd,2022,68.11,625.51,Up-country Wet/Intermediate,Unverified
Kandy,Maha,Brinjal,2022,139.51,1570.96,Up-country Wet/Intermediate,Unverified
Kandy,Maha,Cabbage,2022,89.99,1402.42,Up-country Wet/Intermediate,Supported envelope
Kandy,Maha,Cassava,2022,161.41,3709.91,Up-country Wet/Intermediate,Supported envelope
Kandy,Maha,Chilli,2022,53.02,430.4,Up-country Wet/Intermediate,Supported envelope
Kandy,Maha,Cowpea,2022,59.13,395.07,Up-country Wet/Intermediate,Supported envelope
Kandy,Maha,Groundnut,2022,139.48,1513.23,Up-country Wet/Intermediate,Supported envelope
Kandy,Maha,Groundnut,2022,82.47,774.17,Up-country Wet/Intermediate,Supported envelope
Kandy,Maha,Leeks,2022,124.03,1241.22,Up-country Wet/Intermediate,Supported envelope
Kandy,Maha,Leeks,2022,100.03,1331.67,Up-country Wet/Intermediate,Supported envelope
Kandy,Maha,Okra,2022,71.11,549.55,Up-country Wet/Intermediate,Unverified
Kandy,Maha,Pumpkin,2022,113.86,1775.55,Up-country Wet/Intermediate,Unverified
Kandy,Maha,Ridge Gourd,2022,84.2,916.89,Up-country Wet/Intermediate,Unverified
Kandy,Maha,Snake Gourd,2022,107.84,1103.61,Up-country Wet/Intermediate,Unverified
Kandy,Maha,Snake Gourd,2022,118.59,1026.86,Up-country Wet/Intermediate,Unverified
Kandy,Maha,Tea,2022,223.18,5115.89,Up-country Wet/Intermediate,Supported envelope
Kandy,Maha,Tea,2022,221.5,4346.3,Up-country Wet/Intermediate,Supported envelope
Kandy,Maha,Tea,2022,219.34,5058.24,Up-country Wet/Intermediate,Supported envelope
Kandy,Maha,Tomato,2022,108.87,1423.84,Up-country Wet/Intermediate,Unverified
Kandy,Maha,Watermelon,2022,145.96,2581.59,Up-country Wet/Intermediate,Unverified
Kandy,Maha,Watermelon,2022,159.23,2828.54,Up-country Wet/Intermediate,Unverified
Kandy,Yala,Ash Plantain,2022,192.67,6638.05,Up-country Wet/Intermediate,Unverified
Kandy,Yala,Ash Plantain,2022,194.96,6497.14,Up-country Wet/Intermediate,Unverified
Kandy,Yala,Banana,2022,136.63,3967.01,Up-country Wet/Intermediate,Unverified
Kandy,Yala,Banana,2022,133.14,4500.28,Up-country Wet/Intermediate,Unverified
Kandy,Yala,Banana,2022,161.57,4981.01,Up-country Wet/Intermediate,Unverified
Kandy,Yala,Beans,2022,87.1,894.63,Up-country Wet/Intermediate,Supported envelope
Kandy,Yala,Brinjal,2022,87.89,1057.33,Up-country Wet/Intermediate,Unverified
Kandy,Yala,Carrot,2022,103.68,1686.44,Up-country Wet/Intermediate,Supported envelope
Kandy,Yala,Carrot,2022,157.72,2235.41,Up-country Wet/Intermediate,Supported envelope
Kandy,Yala,Cassava,2022,153.0,2958.75,Up-country Wet/Intermediate,Supported envelope
Kandy,Yala,Chilli,2022,54.26,457.19,Up-country Wet/Intermediate,Supported envelope
Kandy,Yala,Chilli,2022,80.18,667.79,Up-country Wet/Intermediate,Supported envelope
Kandy,Yala,Groundnut,2022,52.19,497.7,Up-country Wet/Intermediate,Supported envelope
Kandy,Yala,Leeks,2022,127.54,1382.45,Up-country Wet/Intermediate,Supported envelope
Kandy,Yala,Long Bean,2022,67.32,708.24,Up-country Wet/Intermediate,Unverified
Kandy,Yala,Mango,2022,160.25,3126.96,Up-country Wet/Intermediate,Unverified
Kandy,Yala,Mango,2022,130.62,3708.42,Up-country Wet/Intermediate,Unverified
Kandy,Yala,Mango,2022,121.97,3120.05,Up-country Wet/Intermediate,Unverified
Kandy,Yala,Papaya,2022,125.55,3549.02,Up-country Wet/Intermediate,Unverified
Kandy,Yala,Pineapple,2022,154.54,3393.08,Up-country Wet/Intermediate,Supported envelope
Kandy,Yala,Potato,2022,81.21,1746.15,Up-country Wet/Intermediate,Supported envelope
Kandy,Yala,Rice,2022,174.59,3385.58,Up-country Wet/Intermediate,Unverified
Kandy,Yala,Rice,2022,155.89,3205.96,Up-country Wet/Intermediate,Unverified
Kandy,Yala,Ridge Gourd,2022,47.8,594.39,Up-country Wet/Intermediate,Unverified
Kandy,Yala,Ridge Gourd,2022,76.53,924.24,Up-country Wet/Intermediate,Unverified
Kandy,Yala,Ridge Gourd,2022,69.1,759.54,Up-country Wet/Intermediate,Unverified
Kandy,Yala,Sesame,2022,42.81,241.1,Up-country Wet/Intermediate,Unverified
Kandy,Yala,Sweet Potato,2022,130.22,1590.29,Up-country Wet/Intermediate,Supported envelope
Kandy,Yala,Tea,2022,204.39,5511.47,Up-country Wet/Intermediate,Supported envelope
Kandy,Yala,Watermelon,2022,120.89,2045.76,Up-country Wet/Intermediate,Unverified
Kandy,Yala,Watermelon,2022,197.92,3392.96,Up-country Wet/Intermediate,Unverified
Kandy,Yala,Watermelon,2022,93.56,2004.3,Up-country Wet/Intermediate,Unverified
Kegalle,Maha,Ash Plantain,2022,196.43,6092.77,Wet/Intermediate,Unverified
Kegalle,Maha,Beans,2022,84.93,717.49,Wet/Intermediate,Supported envelope
Kegalle,Maha,Cabbage,2022,118.6,1610.12,Wet/Intermediate,Supported envelope
Kegalle,Maha,Cassava,2022,148.72,3108.7,Wet/Intermediate,Supported envelope
Kegalle,Maha,Chilli,2022,127.98,882.89,Wet/Intermediate,Supported envelope
Kegalle,Maha,Cinnamon,2022,29.54,149.84,Wet/Intermediate,Supported envelope
Kegalle,Maha,Cucumber,2022,230.03,3535.76,Wet/Intermediate,Unverified
Kegalle,Maha,Ginger,2022,71.24,676.76,Wet/Intermediate,Supported envelope
Kegalle,Maha,Mango,2022,140.32,3216.31,Wet/Intermediate,Unverified
Kegalle,Maha,Pepper,2022,47.38,238.45,Wet/Intermediate,Supported envelope
Kegalle,Maha,Ridge Gourd,2022,60.0,636.82,Wet/Intermediate,Unverified
Kegalle,Maha,Snake Gourd,2022,74.65,603.76,Wet/Intermediate,Unverified
Kegalle,Maha,Watermelon,2022,152.49,3475.79,Wet/Intermediate,Unverified
Kegalle,Yala,Banana,2022,193.22,6715.39,Wet/Intermediate,Unverified
Kegalle,Yala,Banana,2022,149.04,3801.21,Wet/Intermediate,Unverified
Kegalle,Yala,Banana,2022,180.27,6040.29,Wet/Intermediate,Unverified
Kegalle,Yala,Beans,2022,73.52,704.57,Wet/Intermediate,Supported envelope
Kegalle,Yala,Beans,2022,95.06,1107.51,Wet/Intermediate,Supported envelope
Kegalle,Yala,Bitter Gourd,2022,84.92,850.4,Wet/Intermediate,Unverified
Kegalle,Yala,Black Gram,2022,45.6,292.89,Wet/Intermediate,Unverified
Kegalle,Yala,Cabbage,2022,114.85,1699.92,Wet/Intermediate,Supported envelope
Kegalle,Yala,Cabbage,2022,146.55,2126.24,Wet/Intermediate,Supported envelope
Kegalle,Yala,Carrot,2022,98.1,1548.39,Wet/Intermediate,Supported envelope
Kegalle,Yala,Carrot,2022,168.11,2337.05,Wet/Intermediate,Supported envelope
Kegalle,Yala,Carrot,2022,98.15,1199.01,Wet/Intermediate,Supported envelope
Kegalle,Yala,Carrot,2022,61.07,973.89,Wet/Intermediate,Supported envelope
Kegalle,Yala,Cassava,2022,119.68,2359.69,Wet/Intermediate,Supported envelope
Kegalle,Yala,Chilli,2022,57.81,417.35,Wet/Intermediate,Supported envelope
Kegalle,Yala,Chilli,2022,48.21,345.34,Wet/Intermediate,Supported envelope
Kegalle,Yala,Maize,2022,92.9,1380.05,Wet/Intermediate,Supported envelope
Kegalle,Yala,Okra,2022,62.92,603.93,Wet/Intermediate,Unverified
Kegalle,Yala,Potato,2022,96.79,2055.13,Wet/Intermediate,Supported envelope
Kegalle,Yala,Potato,2022,79.86,1250.92,Wet/Intermediate,Supported envelope
Kegalle,Yala,Potato,2022,88.27,1541.47,Wet/Intermediate,Supported envelope
Kegalle,Yala,Potato,2022,82.51,1305.77,Wet/Intermediate,Supported envelope
Kegalle,Yala,Potato,2022,140.75,2267.35,Wet/Intermediate,Supported envelope
Kegalle,Yala,Pumpkin,2022,117.62,1782.74,Wet/Intermediate,Unverified
Kegalle,Yala,Rice,2022,76.07,1570.96,Wet/Intermediate,Unverified
Kegalle,Yala,Snake Gourd,2022,73.73,749.28,Wet/Intermediate,Unverified
Kegalle,Yala,Soybean,2022,55.28,619.99,Wet/Intermediate,Unverified
Kegalle,Yala,Tea,2022,124.14,3902.68,Wet/Intermediate,Supported envelope
Kegalle,Yala,Watermelon,2022,120.88,2552.75,Wet/Intermediate,Unverified
Kegalle,Yala,Watermelon,2022,180.15,3752.97,Wet/Intermediate,Unverified
Kegalle,Yala,Watermelon,2022,149.88,3100.89,Wet/Intermediate,Unverified
Kegalle,Yala,Watermelon,2022,92.24,1885.17,Wet/Intermediate,Unverified
Kegalle,Yala,Watermelon,2022,136.61,2951.73,Wet/Intermediate,Unverified
Kilinochchi,Maha,Banana,2022,169.89,5078.91,Dry,Unverified
Kilinochchi,Maha,Banana,2022,139.07,3625.66,Dry,Unverified
Kilinochchi,Maha,Bitter Gourd,2022,41.95,433.65,Dry,Unverified
Kilinochchi,Maha,Bitter Gourd,2022,72.26,695.72,Dry,Unverified
Kilinochchi,Maha,Black Gram,2022,28.57,198.5,Dry,Unverified
Kilinochchi,Maha,Cassava,2022,159.56,3403.05,Dry,Supported envelope
Kilinochchi,Maha,Cassava,2022,117.57,2851.68,Dry,Supported envelope
Kilinochchi,Maha,Chilli,2022,49.89,387.09,Dry,Supported envelope
Kilinochchi,Maha,Chilli,2022,38.36,274.27,Dry,Supported envelope
Kilinochchi,Maha,Chilli,2022,41.27,333.88,Dry,Supported envelope
Kilinochchi,Maha,Ginger,2022,72.11,803.39,Dry,Supported envelope
Kilinochchi,Maha,Green Gram,2022,59.21,363.22,Dry,Supported envelope
Kilinochchi,Maha,Green Gram,2022,41.49,265.6,Dry,Supported envelope
Kilinochchi,Maha,Maize,2022,142.52,2295.6,Dry,Supported envelope
Kilinochchi,Maha,Maize,2022,90.75,1410.19,Dry,Supported envelope
Kilinochchi,Maha,Rice,2022,92.39,1683.4,Dry,Unverified
Kilinochchi,Maha,Soybean,2022,56.14,626.74,Dry,Unverified
Kilinochchi,Maha,Taro,2022,80.49,1177.22,Dry,Unverified
Kilinochchi,Maha,Taro,2022,68.65,938.4,Dry,Unverified
Kilinochchi,Maha,Watermelon,2022,141.41,2985.71,Dry,Unverified
Kilinochchi,Yala,Ash Plantain,2022,110.38,3620.57,Dry,Unverified
Kilinochchi,Yala,Ash Plantain,2022,96.41,3130.51,Dry,Unverified
Kilinochchi,Yala,Bitter Gourd,2022,80.73,756.85,Dry,Unverified
Kilinochchi,Yala,Carrot,2022,69.91,1181.2,Dry,Supported envelope
Kilinochchi,Yala,Cassava,2022,135.11,3113.76,Dry,Supported envelope
Kilinochchi,Yala,Chilli,2022,27.52,200.07,Dry,Supported envelope
Kilinochchi,Yala,Chilli,2022,46.27,328.7,Dry,Supported envelope
Kilinochchi,Yala,Cowpea,2022,54.42,426.85,Dry,Supported envelope
Kilinochchi,Yala,Cowpea,2022,44.92,285.38,Dry,Supported envelope
Kilinochchi,Yala,Cucumber,2022,58.95,921.75,Dry,Unverified
Kilinochchi,Yala,Cucumber,2022,59.64,890.39,Dry,Unverified
Kilinochchi,Yala,Cucumber,2022,74.11,960.36,Dry,Unverified
Kilinochchi,Yala,Ginger,2022,54.48,596.19,Dry,Supported envelope
Kilinochchi,Yala,Green Gram,2022,42.97,323.94,Dry,Supported envelope
Kilinochchi,Yala,Maize,2022,77.54,1041.23,Dry,Supported envelope
Kilinochchi,Yala,Okra,2022,37.33,311.94,Dry,Unverified
Kilinochchi,Yala,Potato,2022,73.83,1427.91,Dry,Supported envelope
Kilinochchi,Yala,Pumpkin,2022,78.27,1303.52,Dry,Unverified
Kilinochchi,Yala,Pumpkin,2022,73.09,1230.72,Dry,Unverified
Kilinochchi,Yala,Ridge Gourd,2022,55.48,537.68,Dry,Unverified
Kilinochchi,Yala,Snake Gourd,2022,59.19,533.6,Dry,Unverified
Kilinochchi,Yala,Soybean,2022,53.88,477.45,Dry,Unverified
Kilinochchi,Yala,Tomato,2022,96.24,1471.58,Dry,Unverified
Kilinochchi,Yala,Watermelon,2022,65.24,1549.78,Dry,Unverified
Kurunegala,Maha,Ash Plantain,2022,244.6,8382.79,Intermediate/Dry,Unverified
Kurunegala,Maha,Big Onion,2022,52.46,550.3,Intermediate/Dry,Supported envelope
Kurunegala,Maha,Brinjal,2022,119.05,1241.8,Intermediate/Dry,Unverified
Kurunegala,Maha,Brinjal,2022,92.6,1193.74,Intermediate/Dry,Unverified
Kurunegala,Maha,Carrot,2022,118.23,1782.88,Intermediate/Dry,Supported envelope
Kurunegala,Maha,Carrot,2022,103.27,1568.4,Intermediate/Dry,Supported envelope
Kurunegala,Maha,Cassava,2022,168.41,3264.44,Intermediate/Dry,Supported envelope
Kurunegala,Maha,Chilli,2022,60.18,437.99,Intermediate/Dry,Supported envelope
Kurunegala,Maha,Chilli,2022,45.16,334.49,Intermediate/Dry,Supported envelope
Kurunegala,Maha,Chilli,2022,69.43,490.09,Intermediate/Dry,Supported envelope
Kurunegala,Maha,Chilli,2022,38.8,279.63,Intermediate/Dry,Supported envelope
Kurunegala,Maha,Chilli,2022,51.12,355.53,Intermediate/Dry,Supported envelope
Kurunegala,Maha,Cucumber,2022,115.38,1948.09,Intermediate/Dry,Unverified
Kurunegala,Maha,Maize,2022,115.43,1740.03,Intermediate/Dry,Supported envelope
Kurunegala,Maha,Mango,2022,111.55,2599.52,Intermediate/Dry,Unverified
Kurunegala,Maha,Papaya,2022,176.28,4202.74,Intermediate/Dry,Unverified
Kurunegala,Maha,Pumpkin,2022,73.11,1135.4,Intermediate/Dry,Unverified
Kurunegala,Maha,Rice,2022,147.16,3292.76,Intermediate/Dry,Unverified
Kurunegala,Maha,Sesame,2022,59.87,353.16,Intermediate/Dry,Unverified
Kurunegala,Maha,Snake Gourd,2022,95.36,875.93,Intermediate/Dry,Unverified
Kurunegala,Maha,Tomato,2022,104.89,1538.39,Intermediate/Dry,Unverified
Kurunegala,Maha,Watermelon,2022,78.48,1620.88,Intermediate/Dry,Unverified
Kurunegala,Maha,Watermelon,2022,92.8,2409.04,Intermediate/Dry,Unverified
Kurunegala,Maha,Watermelon,2022,107.92,1817.91,Intermediate/Dry,Unverified
Kurunegala,Maha,Watermelon,2022,140.29,2530.14,Intermediate/Dry,Unverified
Kurunegala,Maha,Yam,2022,132.82,1420.68,Intermediate/Dry,Unverified
Kurunegala,Yala,Banana,2022,308.35,9299.7,Intermediate/Dry,Unverified
Kurunegala,Yala,Banana,2022,232.06,7578.26,Intermediate/Dry,Unverified
Kurunegala,Yala,Big Onion,2022,64.74,611.42,Intermediate/Dry,Supported envelope
Kurunegala,Yala,Big Onion,2022,139.79,1599.05,Intermediate/Dry,Supported envelope
Kurunegala,Yala,Big Onion,2022,65.26,690.73,Intermediate/Dry,Supported envelope
Kurunegala,Yala,Bitter Gourd,2022,68.51,752.83,Intermediate/Dry,Unverified
Kurunegala,Yala,Black Gram,2022,49.02,330.83,Intermediate/Dry,Unverified
Kurunegala,Yala,Carrot,2022,70.43,891.03,Intermediate/Dry,Supported envelope
Kurunegala,Yala,Chilli,2022,59.89,504.66,Intermediate/Dry,Supported envelope
Kurunegala,Yala,Chilli,2022,32.92,238.18,Intermediate/Dry,Supported envelope
Kurunegala,Yala,Chilli,2022,68.56,565.85,Intermediate/Dry,Supported envelope
Kurunegala,Yala,Ginger,2022,39.1,382.74,Intermediate/Dry,Supported envelope
Kurunegala,Yala,Green Gram,2022,68.5,492.72,Intermediate/Dry,Supported envelope
Kurunegala,Yala,Groundnut,2022,77.42,705.97,Intermediate/Dry,Supported envelope
Kurunegala,Yala,Long Bean,2022,77.4,748.2,Intermediate/Dry,Unverified
Kurunegala,Yala,Long Bean,2022,114.31,999.82,Intermediate/Dry,Unverified
Kurunegala,Yala,Maize,2022,124.34,1868.52,Intermediate/Dry,Supported envelope
Kurunegala,Yala,Okra,2022,46.82,356.38,Intermediate/Dry,Unverified
Kurunegala,Yala,Pineapple,2022,171.07,3586.85,Intermediate/Dry,Supported envelope
Kurunegala,Yala,Rice,2022,99.88,2518.04,Intermediate/Dry,Unverified
Kurunegala,Yala,Sweet Potato,2022,125.64,1922.4,Intermediate/Dry,Supported envelope
Kurunegala,Yala,Sweet Potato,2022,114.92,1666.51,Intermediate/Dry,Supported envelope
Kurunegala,Yala,Taro,2022,132.26,1898.0,Intermediate/Dry,Unverified
Kurunegala,Yala,Turmeric,2022,74.35,680.02,Intermediate/Dry,Supported envelope
Kurunegala,Yala,Turmeric,2022,63.94,675.95,Intermediate/Dry,Supported envelope
Kurunegala,Yala,Turmeric,2022,119.91,1267.33,Intermediate/Dry,Supported envelope
Kurunegala,Yala,Watermelon,2022,136.26,2057.26,Intermediate/Dry,Unverified
Kurunegala,Yala,Watermelon,2022,101.4,2112.23,Intermediate/Dry,Unverified
Kurunegala,Yala,Yam,2022,184.09,2484.23,Intermediate/Dry,Unverified
Mannar,Maha,Ash Plantain,2022,244.03,7097.59,Dry,Unverified
Mannar,Maha,Ash Plantain,2022,285.08,8742.44,Dry,Unverified
Mannar,Maha,Banana,2022,297.92,9516.56,Dry,Unverified
Mannar,Maha,Banana,2022,387.71,10669.8,Dry,Unverified
Mannar,Maha,Banana,2022,250.48,6199.2,Dry,Unverified
Mannar,Maha,Banana,2022,241.11,7333.57,Dry,Unverified
Mannar,Maha,Carrot,2022,146.14,2404.87,Dry,Supported envelope
Mannar,Maha,Carrot,2022,133.9,2111.62,Dry,Supported envelope
Mannar,Maha,Cassava,2022,231.59,4896.82,Dry,Supported envelope
Mannar,Maha,Cassava,2022,131.69,2820.08,Dry,Supported envelope
Mannar,Maha,Chilli,2022,101.74,875.33,Dry,Supported envelope
Mannar,Maha,Coconut,2022,254.82,7982.75,Dry,Unverified
Mannar,Maha,Groundnut,2022,126.2,972.45,Dry,Supported envelope
Mannar,Maha,Groundnut,2022,74.59,866.7,Dry,Supported envelope
Mannar,Maha,Maize,2022,167.08,2500.14,Dry,Supported envelope
Mannar,Maha,Okra,2022,88.62,819.59,Dry,Unverified
Mannar,Maha,Papaya,2022,173.47,5320.94,Dry,Unverified
Mannar,Maha,Papaya,2022,245.93,7074.64,Dry,Unverified
Mannar,Maha,Potato,2022,121.34,2463.52,Dry,Supported envelope
Mannar,Maha,Rice,2022,182.78,4104.16,Dry,Unverified
Mannar,Maha,Rice,2022,166.19,3619.18,Dry,Unverified
Mannar,Maha,Ridge Gourd,2022,105.61,1208.34,Dry,Unverified
Mannar,Maha,Sesame,2022,98.16,612.11,Dry,Unverified
Mannar,Maha,Snake Gourd,2022,100.27,954.23,Dry,Unverified
Mannar,Maha,Sweet Potato,2022,155.72,1714.92,Dry,Supported envelope
Mannar,Maha,Sweet Potato,2022,214.88,3081.23,Dry,Supported envelope
Mannar,Maha,Taro,2022,279.7,3829.18,Dry,Unverified
Mannar,Maha,Tomato,2022,113.97,1329.68,Dry,Unverified
Mannar,Maha,Watermelon,2022,194.35,3300.87,Dry,Unverified
Mannar,Maha,Watermelon,2022,203.42,4335.75,Dry,Unverified
Mannar,Maha,Watermelon,2022,176.29,3211.06,Dry,Unverified
Mannar,Maha,Watermelon,2022,195.02,4549.79,Dry,Unverified
Mannar,Maha,Watermelon,2022,140.04,2870.03,Dry,Unverified
Mannar,Maha,Yam,2022,152.91,1713.6,Dry,Unverified
Mannar,Yala,Banana,2022,168.08,5931.76,Dry,Unverified
Mannar,Yala,Banana,2022,199.48,6156.87,Dry,Unverified
Mannar,Yala,Banana,2022,192.7,6857.78,Dry,Unverified
Mannar,Yala,Banana,2022,252.81,7387.21,Dry,Unverified
Mannar,Yala,Banana,2022,289.33,8458.53,Dry,Unverified
Mannar,Yala,Brinjal,2022,113.47,1476.76,Dry,Unverified
Mannar,Yala,Carrot,2022,150.48,2410.92,Dry,Supported envelope
Mannar,Yala,Carrot,2022,120.39,1833.19,Dry,Supported envelope
Mannar,Yala,Carrot,2022,131.67,1869.43,Dry,Supported envelope
Mannar,Yala,Carrot,2022,214.04,3708.72,Dry,Supported envelope
Mannar,Yala,Carrot,2022,77.31,1170.07,Dry,Supported envelope
Mannar,Yala,Cassava,2022,191.69,4441.21,Dry,Supported envelope
Mannar,Yala,Cowpea,2022,73.95,613.05,Dry,Supported envelope
Mannar,Yala,Potato,2022,183.44,4068.69,Dry,Supported envelope
Mannar,Yala,Red Onion,2022,109.15,1016.53,Dry,Supported envelope
Mannar,Yala,Sesame,2022,38.1,187.76,Dry,Unverified
Mannar,Yala,Taro,2022,139.64,1956.31,Dry,Unverified
Mannar,Yala,Taro,2022,93.26,1187.06,Dry,Unverified
Mannar,Yala,Tomato,2022,99.37,1404.51,Dry,Unverified
Mannar,Yala,Tomato,2022,121.23,1672.33,Dry,Unverified
Mannar,Yala,Watermelon,2022,182.33,3390.15,Dry,Unverified
Matale,Maha,Ash Plantain,2022,188.84,4751.86,Intermediate/Up-country,Unverified
Matale,Maha,Banana,2022,165.52,5201.1,Intermediate/Up-country,Unverified
Matale,Maha,Banana,2022,129.25,3812.13,Intermediate/Up-country,Unverified
Matale,Maha,Beans,2022,78.3,866.67,Intermediate/Up-country,Supported envelope
Matale,Maha,Beans,2022,59.24,573.7,Intermediate/Up-country,Supported envelope
Matale,Maha,Beans,2022,64.73,722.9,Intermediate/Up-country,Supported envelope
Matale,Maha,Beans,2022,89.11,735.97,Intermediate/Up-country,Supported envelope
Matale,Maha,Big Onion,2022,56.52,711.78,Intermediate/Up-country,Supported envelope
Matale,Maha,Bitter Gourd,2022,42.18,424.11,Intermediate/Up-country,Unverified
Matale,Maha,Bitter Gourd,2022,60.58,638.63,Intermediate/Up-country,Unverified
Matale,Maha,Cabbage,2022,97.2,1710.03,Intermediate/Up-country,Supported envelope
Matale,Maha,Carrot,2022,119.28,1946.01,Intermediate/Up-country,Supported envelope
Matale,Maha,Cassava,2022,142.35,3569.43,Intermediate/Up-country,Supported envelope
Matale,Maha,Cauliflower,2022,101.56,1371.96,Intermediate/Up-country,Supported envelope
Matale,Maha,Chilli,2022,54.79,446.28,Intermediate/Up-country,Supported envelope
Matale,Maha,Chilli,2022,43.11,330.42,Intermediate/Up-country,Supported envelope
Matale,Maha,Coconut,2022,136.71,3549.1,Intermediate/Up-country,Unverified
Matale,Maha,Green Gram,2022,47.9,259.62,Intermediate/Up-country,Supported envelope
Matale,Maha,Leeks,2022,73.5,781.31,Intermediate/Up-country,Supported envelope
Matale,Maha,Leeks,2022,67.7,794.61,Intermediate/Up-country,Supported envelope
Matale,Maha,Leeks,2022,42.5,561.0,Intermediate/Up-country,Supported envelope
Matale,Maha,Mango,2022,96.08,2581.07,Intermediate/Up-country,Unverified
Matale,Maha,Okra,2022,49.21,409.5,Intermediate/Up-country,Unverified
Matale,Maha,Pepper,2022,25.07,120.46,Intermediate/Up-country,Supported envelope
Matale,Maha,Pepper,2022,26.82,139.37,Intermediate/Up-country,Supported envelope
Matale,Maha,Pepper,2022,27.03,154.39,Intermediate/Up-country,Supported envelope
Matale,Maha,Potato,2022,128.07,2323.79,Intermediate/Up-country,Supported envelope
Matale,Maha,Rice,2022,108.76,2527.38,Intermediate/Up-country,Unverified
Matale,Maha,Sesame,2022,41.78,275.52,Intermediate/Up-country,Unverified
Matale,Maha,Snake Gourd,2022,40.5,427.52,Intermediate/Up-country,Unverified
Matale,Maha,Snake Gourd,2022,56.81,697.29,Intermediate/Up-country,Unverified
Matale,Maha,Tomato,2022,65.65,814.03,Intermediate/Up-country,Unverified
Matale,Maha,Turmeric,2022,55.14,544.05,Intermediate/Up-country,Supported envelope
Matale,Maha,Turmeric,2022,54.56,515.83,Intermediate/Up-country,Supported envelope
Matale,Maha,Watermelon,2022,92.74,1875.98,Intermediate/Up-country,Unverified
Matale,Maha,Watermelon,2022,111.5,2319.73,Intermediate/Up-country,Unverified
Matale,Maha,Watermelon,2022,88.82,1733.26,Intermediate/Up-country,Unverified
Matale,Yala,Beans,2022,60.68,731.54,Intermediate/Up-country,Supported envelope
Matale,Yala,Big Onion,2022,160.74,1682.18,Intermediate/Up-country,Supported envelope
Matale,Yala,Black Gram,2022,37.27,281.73,Intermediate/Up-country,Unverified
Matale,Yala,Brinjal,2022,77.18,984.92,Intermediate/Up-country,Unverified
Matale,Yala,Carrot,2022,111.3,1589.78,Intermediate/Up-country,Supported envelope
Matale,Yala,Carrot,2022,120.67,1627.49,Intermediate/Up-country,Supported envelope
Matale,Yala,Chilli,2022,35.45,257.52,Intermediate/Up-country,Supported envelope
Matale,Yala,Chilli,2022,66.74,405.44,Intermediate/Up-country,Supported envelope
Matale,Yala,Chilli,2022,74.47,558.52,Intermediate/Up-country,Supported envelope
Matale,Yala,Chilli,2022,57.74,424.88,Intermediate/Up-country,Supported envelope
Matale,Yala,Green Gram,2022,62.27,420.11,Intermediate/Up-country,Supported envelope
Matale,Yala,Mango,2022,165.47,4413.51,Intermediate/Up-country,Unverified
Matale,Yala,Okra,2022,59.11,422.45,Intermediate/Up-country,Unverified
Matale,Yala,Red Onion,2022,50.39,531.83,Intermediate/Up-country,Supported envelope
Matale,Yala,Rice,2022,115.5,2760.5,Intermediate/Up-country,Unverified
Matale,Yala,Sesame,2022,40.25,271.59,Intermediate/Up-country,Unverified
Matale,Yala,Soybean,2022,70.2,627.7,Intermediate/Up-country,Unverified
Matale,Yala,Sweet Potato,2022,62.64,742.85,Intermediate/Up-country,Supported envelope
Matale,Yala,Sweet Potato,2022,106.35,1394.95,Intermediate/Up-country,Supported envelope
Matale,Yala,Taro,2022,68.85,690.83,Intermediate/Up-country,Unverified
Matale,Yala,Turmeric,2022,43.87,446.73,Intermediate/Up-country,Supported envelope
Matale,Yala,Watermelon,2022,118.91,2434.42,Intermediate/Up-country,Unverified
Matale,Yala,Watermelon,2022,74.2,1584.18,Intermediate/Up-country,Unverified
Matara,Maha,Banana,2022,267.89,10010.11,Wet,Unverified
Matara,Maha,Banana,2022,307.41,9240.81,Wet,Unverified
Matara,Maha,Banana,2022,219.35,6389.3,Wet,Unverified
Matara,Maha,Big Onion,2022,87.89,817.04,Wet,Supported envelope
Matara,Maha,Big Onion,2022,81.43,748.53,Wet,Supported envelope
Matara,Maha,Bitter Gourd,2022,109.86,1376.41,Wet,Unverified
Matara,Maha,Black Gram,2022,68.45,498.63,Wet,Unverified
Matara,Maha,Brinjal,2022,92.49,1036.6,Wet,Unverified
Matara,Maha,Carrot,2022,132.21,2122.96,Wet,Supported envelope
Matara,Maha,Carrot,2022,125.36,1971.01,Wet,Supported envelope
Matara,Maha,Chilli,2022,68.61,597.3,Wet,Supported envelope
Matara,Maha,Chilli,2022,91.81,844.71,Wet,Supported envelope
Matara,Maha,Mango,2022,193.28,4787.88,Wet,Unverified
Matara,Maha,Pepper,2022,39.15,195.25,Wet,Supported envelope
Matara,Maha,Potato,2022,168.84,2536.07,Wet,Supported envelope
Matara,Maha,Potato,2022,224.33,4393.57,Wet,Supported envelope
Matara,Maha,Potato,2022,166.31,2918.14,Wet,Supported envelope
Matara,Maha,Red Onion,2022,73.56,684.98,Wet,Supported envelope
Matara,Maha,Ridge Gourd,2022,112.08,1539.34,Wet,Unverified
Matara,Maha,Sesame,2022,62.66,382.7,Wet,Unverified
Matara,Maha,Sesame,2022,63.44,437.51,Wet,Unverified
Matara,Maha,Soybean,2022,94.24,806.66,Wet,Unverified
Matara,Maha,Turmeric,2022,99.63,1164.38,Wet,Supported envelope
Matara,Maha,Turmeric,2022,118.84,1042.47,Wet,Supported envelope
Matara,Maha,Watermelon,2022,163.91,3643.14,Wet,Unverified
Matara,Maha,Watermelon,2022,171.8,3593.55,Wet,Unverified
Matara,Maha,Watermelon,2022,143.03,2606.65,Wet,Unverified
Matara,Yala,Banana,2022,201.9,7086.81,Wet,Unverified
Matara,Yala,Banana,2022,215.52,6616.18,Wet,Unverified
Matara,Yala,Big Onion,2022,104.7,950.19,Wet,Supported envelope
Matara,Yala,Black Gram,2022,47.23,247.04,Wet,Unverified
Matara,Yala,Carrot,2022,142.61,2144.11,Wet,Supported envelope
Matara,Yala,Carrot,2022,118.62,2022.82,Wet,Supported envelope
Matara,Yala,Carrot,2022,214.96,2936.39,Wet,Supported envelope
Matara,Yala,Cassava,2022,166.6,4465.87,Wet,Supported envelope
Matara,Yala,Chilli,2022,72.83,564.07,Wet,Supported envelope
Matara,Yala,Chilli,2022,57.18,390.15,Wet,Supported envelope
Matara,Yala,Chilli,2022,74.66,597.93,Wet,Supported envelope
Matara,Yala,Cinnamon,2022,83.36,321.52,Wet,Supported envelope
Matara,Yala,Coconut,2022,234.02,7227.28,Wet,Unverified
Matara,Yala,Coconut,2022,152.03,6422.72,Wet,Unverified
Matara,Yala,Cowpea,2022,73.48,557.9,Wet,Supported envelope
Matara,Yala,Cucumber,2022,180.83,1969.77,Wet,Unverified
Matara,Yala,Ginger,2022,68.45,1003.05,Wet,Supported envelope
Matara,Yala,Long Bean,2022,104.95,806.3,Wet,Unverified
Matara,Yala,Maize,2022,111.76,1461.68,Wet,Supported envelope
Matara,Yala,Maize,2022,133.79,2382.24,Wet,Supported envelope
Matara,Yala,Okra,2022,61.02,558.61,Wet,Unverified
Matara,Yala,Papaya,2022,169.02,4031.42,Wet,Unverified
Matara,Yala,Potato,2022,84.06,1306.77,Wet,Supported envelope
Matara,Yala,Sesame,2022,58.94,395.86,Wet,Unverified
Matara,Yala,Soybean,2022,76.2,653.91,Wet,Unverified
Matara,Yala,Sweet Potato,2022,104.11,1359.12,Wet,Supported envelope
Matara,Yala,Taro,2022,130.1,1222.02,Wet,Unverified
Matara,Yala,Tea,2022,126.58,2746.74,Wet,Supported envelope
Matara,Yala,Watermelon,2022,199.54,5118.48,Wet,Unverified
Monaragala,Maha,Banana,2022,481.29,15548.57,Unknown,Unverified
Monaragala,Maha,Banana,2022,270.86,8530.12,Unknown,Unverified
Monaragala,Maha,Banana,2022,289.31,8106.66,Unknown,Unverified
Monaragala,Maha,Banana,2022,315.91,11529.64,Unknown,Unverified
Monaragala,Maha,Banana,2022,245.1,7835.51,Unknown,Unverified
Monaragala,Maha,Bitter Gourd,2022,77.6,885.6,Unknown,Unverified
Monaragala,Maha,Black Gram,2022,32.24,222.99,Unknown,Unverified
Monaragala,Maha,Black Gram,2022,34.99,235.93,Unknown,Unverified
Monaragala,Maha,Coconut,2022,141.71,3603.01,Unknown,Unverified
Monaragala,Maha,Mango,2022,146.46,2937.11,Unknown,Unverified
Monaragala,Maha,Papaya,2022,135.86,3608.09,Unknown,Unverified
Monaragala,Maha,Rice,2022,147.1,3199.55,Unknown,Unverified
Monaragala,Maha,Rice,2022,142.89,2728.26,Unknown,Unverified
Monaragala,Maha,Ridge Gourd,2022,72.37,734.43,Unknown,Unverified
Monaragala,Maha,Ridge Gourd,2022,86.04,809.31,Unknown,Unverified
Monaragala,Maha,Snake Gourd,2022,64.5,792.34,Unknown,Unverified
Monaragala,Maha,Soybean,2022,82.49,774.94,Unknown,Unverified
Monaragala,Maha,Taro,2022,88.0,1041.41,Unknown,Unverified
Monaragala,Maha,Watermelon,2022,157.05,3153.82,Unknown,Unverified
Monaragala,Maha,Watermelon,2022,142.89,2785.96,Unknown,Unverified
Monaragala,Maha,Watermelon,2022,180.01,3611.1,Unknown,Unverified
Monaragala,Maha,Yam,2022,100.61,1225.04,Unknown,Unverified
Monaragala,Yala,Banana,2022,147.61,4187.46,Unknown,Unverified
Monaragala,Yala,Coconut,2022,149.91,4506.22,Unknown,Unverified
Monaragala,Yala,Ridge Gourd,2022,82.45,770.77,Unknown,Unverified
Monaragala,Yala,Watermelon,2022,169.39,3643.86,Unknown,Unverified
Mullaitivu,Maha,Ash Plantain,2022,376.16,11545.33,Dry,Unverified
Mullaitivu,Maha,Banana,2022,190.59,4983.03,Dry,Unverified
Mullaitivu,Maha,Banana,2022,228.75,8137.23,Dry,Unverified
Mullaitivu,Maha,Bitter Gourd,2022,69.81,813.06,Dry,Unverified
Mullaitivu,Maha,Carrot,2022,136.75,1840.99,Dry,Supported envelope
Mullaitivu,Maha,Carrot,2022,105.55,1362.54,Dry,Supported envelope
Mullaitivu,Maha,Carrot,2022,126.15,1892.9,Dry,Supported envelope
Mullaitivu,Maha,Carrot,2022,121.59,1600.65,Dry,Supported envelope
Mullaitivu,Maha,Maize,2022,132.95,1930.55,Dry,Supported envelope
Mullaitivu,Maha,Potato,2022,146.01,3322.85,Dry,Supported envelope
Mullaitivu,Maha,Pumpkin,2022,172.48,1950.8,Dry,Unverified
Mullaitivu,Maha,Red Onion,2022,109.42,897.87,Dry,Supported envelope
Mullaitivu,Maha,Ridge Gourd,2022,57.93,562.24,Dry,Unverified
Mullaitivu,Maha,Snake Gourd,2022,76.22,558.18,Dry,Unverified
Mullaitivu,Maha,Snake Gourd,2022,92.42,950.34,Dry,Unverified
Mullaitivu,Maha,Snake Gourd,2022,78.4,747.1,Dry,Unverified
Mullaitivu,Maha,Soybean,2022,79.76,806.19,Dry,Unverified
Mullaitivu,Maha,Soybean,2022,107.47,1034.19,Dry,Unverified
Mullaitivu,Maha,Taro,2022,112.75,1453.6,Dry,Unverified
Mullaitivu,Maha,Tomato,2022,98.93,1326.78,Dry,Unverified
Mullaitivu,Maha,Watermelon,2022,166.26,2784.58,Dry,Unverified
Mullaitivu,Maha,Watermelon,2022,265.18,4513.29,Dry,Unverified
Mullaitivu,Maha,Yam,2022,144.43,2113.47,Dry,Unverified
Mullaitivu,Maha,Yam,2022,119.21,1628.7,Dry,Unverified
Mullaitivu,Maha,Yam,2022,101.25,1200.8,Dry,Unverified
Mullaitivu,Maha,Yam,2022,112.99,1532.3,Dry,Unverified
Mullaitivu,Yala,Ash Plantain,2022,256.21,7429.85,Dry,Unverified
Mullaitivu,Yala,Banana,2022,234.89,8434.62,Dry,Unverified
Mullaitivu,Yala,Banana,2022,238.65,6523.63,Dry,Unverified
Mullaitivu,Yala,Banana,2022,216.1,7257.24,Dry,Unverified
Mullaitivu,Yala,Black Gram,2022,93.65,545.11,Dry,Unverified
Mullaitivu,Yala,Carrot,2022,129.36,1752.64,Dry,Supported envelope
Mullaitivu,Yala,Carrot,2022,223.02,4049.99,Dry,Supported envelope
Mullaitivu,Yala,Chilli,2022,68.46,365.76,Dry,Supported envelope
Mullaitivu,Yala,Chilli,2022,69.46,512.9,Dry,Supported envelope
Mullaitivu,Yala,Chilli,2022,55.21,487.16,Dry,Supported envelope
Mullaitivu,Yala,Chilli,2022,52.46,506.03,Dry,Supported envelope
Mullaitivu,Yala,Coconut,2022,202.19,5638.6,Dry,Unverified
Mullaitivu,Yala,Cowpea,2022,82.69,665.05,Dry,Supported envelope
Mullaitivu,Yala,Cucumber,2022,128.23,1859.49,Dry,Unverified
Mullaitivu,Yala,Cucumber,2022,83.55,1368.57,Dry,Unverified
Mullaitivu,Yala,Ridge Gourd,2022,148.89,1548.02,Dry,Unverified
Mullaitivu,Yala,Soybean,2022,110.05,824.03,Dry,Unverified
Mullaitivu,Yala,Taro,2022,70.09,979.32,Dry,Unverified
Mullaitivu,Yala,Turmeric,2022,96.42,1108.71,Dry,Supported envelope
Mullaitivu,Yala,Watermelon,2022,161.19,2659.37,Dry,Unverified
Mullaitivu,Yala,Watermelon,2022,192.13,5124.57,Dry,Unverified
Mullaitivu,Yala,Yam,2022,122.59,1390.55,Dry,Unverified
Nuwara Eliya,Maha,Banana,2022,142.29,4335.81,Up-country Wet,Unverified
Nuwara Eliya,Maha,Banana,2022,137.65,4423.59,Up-country Wet,Unverified
Nuwara Eliya,Maha,Beans,2022,124.89,1112.23,Up-country Wet,Supported envelope
Nuwara Eliya,Maha,Beans,2022,74.47,832.02,Up-country Wet,Supported envelope
Nuwara Eliya,Maha,Beans,2022,82.88,780.52,Up-country Wet,Supported envelope
Nuwara Eliya,Maha,Big Onion,2022,68.12,715.84,Up-country Wet,Supported envelope
Nuwara Eliya,Maha,Cauliflower,2022,49.51,810.18,Up-country Wet,Supported envelope
Nuwara Eliya,Maha,Chilli,2022,44.25,357.08,Up-country Wet,Supported envelope
Nuwara Eliya,Maha,Chilli,2022,58.76,422.62,Up-country Wet,Supported envelope
Nuwara Eliya,Maha,Chilli,2022,48.12,299.57,Up-country Wet,Supported envelope
Nuwara Eliya,Maha,Cowpea,2022,48.99,340.39,Up-country Wet,Supported envelope
Nuwara Eliya,Maha,Cowpea,2022,53.32,351.2,Up-country Wet,Supported envelope
Nuwara Eliya,Maha,Cowpea,2022,59.95,399.02,Up-country Wet,Supported envelope
Nuwara Eliya,Maha,Groundnut,2022,72.1,702.37,Up-country Wet,Supported envelope
Nuwara Eliya,Maha,Leeks,2022,150.2,1623.99,Up-country Wet,Supported envelope
Nuwara Eliya,Maha,Mango,2022,225.91,5562.7,Up-country Wet,Unverified
Nuwara Eliya,Maha,Okra,2022,79.87,742.86,Up-country Wet,Unverified
Nuwara Eliya,Maha,Papaya,2022,113.04,3061.09,Up-country Wet,Unverified
Nuwara Eliya,Maha,Pepper,2022,42.16,237.6,Up-country Wet,Supported envelope
Nuwara Eliya,Maha,Pepper,2022,42.72,265.21,Up-country Wet,Supported envelope
Nuwara Eliya,Maha,Red Onion,2022,48.01,442.18,Up-country Wet,Supported envelope
Nuwara Eliya,Maha,Rice,2022,102.04,2197.58,Up-country Wet,Unverified
Nuwara Eliya,Maha,Soybean,2022,53.14,495.75,Up-country Wet,Unverified
Nuwara Eliya,Maha,Sweet Potato,2022,59.34,951.11,Up-country Wet,Supported envelope
Nuwara Eliya,Maha,Tea,2022,231.31,6514.69,Up-country Wet,Supported envelope
Nuwara Eliya,Maha,Watermelon,2022,126.54,2197.53,Up-country Wet,Unverified
Nuwara Eliya,Maha,Watermelon,2022,82.39,1802.37,Up-country Wet,Unverified
Nuwara Eliya,Maha,Watermelon,2022,56.11,1043.8,Up-country Wet,Unverified
Nuwara Eliya,Maha,Watermelon,2022,112.11,2093.29,Up-country Wet,Unverified
Nuwara Eliya,Maha,Yam,2022,98.29,1500.69,Up-country Wet,Unverified
Nuwara Eliya,Yala,Ash Plantain,2022,146.53,4695.67,Up-country Wet,Unverified
Nuwara Eliya,Yala,Banana,2022,166.58,5085.83,Up-country Wet,Unverified
Nuwara Eliya,Yala,Banana,2022,136.43,4232.26,Up-country Wet,Unverified
Nuwara Eliya,Yala,Big Onion,2022,103.47,1102.16,Up-country Wet,Supported envelope
Nuwara Eliya,Yala,Cabbage,2022,66.33,692.39,Up-country Wet,Supported envelope
Nuwara Eliya,Yala,Cabbage,2022,77.28,1136.95,Up-country Wet,Supported envelope
Nuwara Eliya,Yala,Carrot,2022,77.17,1112.59,Up-country Wet,Supported envelope
Nuwara Eliya,Yala,Carrot,2022,120.35,1625.55,Up-country Wet,Supported envelope
Nuwara Eliya,Yala,Carrot,2022,121.75,1771.92,Up-country Wet,Supported envelope
Nuwara Eliya,Yala,Chilli,2022,55.67,390.46,Up-country Wet,Supported envelope
Nuwara Eliya,Yala,Chilli,2022,28.38,190.73,Up-country Wet,Supported envelope
Nuwara Eliya,Yala,Coconut,2022,160.62,4531.47,Up-country Wet,Unverified
Nuwara Eliya,Yala,Coconut,2022,169.93,4484.63,Up-country Wet,Unverified
Nuwara Eliya,Yala,Cowpea,2022,61.63,454.5,Up-country Wet,Supported envelope
Nuwara Eliya,Yala,Cucumber,2022,81.26,1368.53,Up-country Wet,Unverified
Nuwara Eliya,Yala,Ginger,2022,48.75,494.24,Up-country Wet,Supported envelope
Nuwara Eliya,Yala,Groundnut,2022,52.61,552.71,Up-country Wet,Supported envelope
Nuwara Eliya,Yala,Groundnut,2022,93.54,872.86,Up-country Wet,Supported envelope
Nuwara Eliya,Yala,Leeks,2022,104.24,1525.81,Up-country Wet,Supported envelope
Nuwara Eliya,Yala,Leeks,2022,150.04,2019.04,Up-country Wet,Supported envelope
Nuwara Eliya,Yala,Leeks,2022,115.0,1197.62,Up-country Wet,Supported envelope
Nuwara Eliya,Yala,Long Bean,2022,57.93,458.39,Up-country Wet,Unverified
Nuwara Eliya,Yala,Pumpkin,2022,76.3,1167.76,Up-country Wet,Unverified
Nuwara Eliya,Yala,Rice,2022,109.22,2229.14,Up-country Wet,Unverified
Nuwara Eliya,Yala,Sesame,2022,39.54,257.89,Up-country Wet,Unverified
Nuwara Eliya,Yala,Snake Gourd,2022,49.46,397.36,Up-country Wet,Unverified
Nuwara Eliya,Yala,Watermelon,2022,119.53,2444.88,Up-country Wet,Unverified
Nuwara Eliya,Yala,Yam,2022,118.04,1563.91,Up-country Wet,Unverified
Polonnaruwa,Maha,Big Onion,2022,134.92,1727.42,Dry,Supported envelope
Polonnaruwa,Maha,Black Gram,2022,46.65,377.37,Dry,Unverified
Polonnaruwa,Maha,Black Gram,2022,72.27,465.64,Dry,Unverified
Polonnaruwa,Maha,Brinjal,2022,79.14,823.84,Dry,Unverified
Polonnaruwa,Maha,Carrot,2022,107.35,1568.11,Dry,Supported envelope
Polonnaruwa,Maha,Chilli,2022,65.2,448.94,Dry,Supported envelope
Polonnaruwa,Maha,Chilli,2022,55.77,465.79,Dry,Supported envelope
Polonnaruwa,Maha,Coconut,2022,165.4,5088.94,Dry,Unverified
Polonnaruwa,Maha,Cucumber,2022,102.06,1381.24,Dry,Unverified
Polonnaruwa,Maha,Cucumber,2022,56.67,882.38,Dry,Unverified
Polonnaruwa,Maha,Groundnut,2022,60.87,590.81,Dry,Supported envelope
Polonnaruwa,Maha,Groundnut,2022,83.39,826.65,Dry,Supported envelope
Polonnaruwa,Maha,Long Bean,2022,59.57,637.75,Dry,Unverified
Polonnaruwa,Maha,Long Bean,2022,52.26,497.17,Dry,Unverified
Polonnaruwa,Maha,Long Bean,2022,94.17,807.44,Dry,Unverified
Polonnaruwa,Maha,Maize,2022,117.88,2108.63,Dry,Supported envelope
Polonnaruwa,Maha,Maize,2022,117.96,1969.72,Dry,Supported envelope
Polonnaruwa,Maha,Papaya,2022,244.85,6545.44,Dry,Unverified
Polonnaruwa,Maha,Potato,2022,130.79,2487.25,Dry,Supported envelope
Polonnaruwa,Maha,Sesame,2022,61.37,343.01,Dry,Unverified
Polonnaruwa,Maha,Turmeric,2022,88.13,799.02,Dry,Supported envelope
Polonnaruwa,Maha,Watermelon,2022,134.75,2703.22,Dry,Unverified
Polonnaruwa,Maha,Watermelon,2022,203.73,3460.18,Dry,Unverified
Polonnaruwa,Maha,Watermelon,2022,144.31,2798.93,Dry,Unverified
Polonnaruwa,Maha,Watermelon,2022,140.02,3212.35,Dry,Unverified
Polonnaruwa,Maha,Watermelon,2022,114.3,1853.47,Dry,Unverified
Polonnaruwa,Maha,Yam,2022,112.04,1557.64,Dry,Unverified
Polonnaruwa,Yala,Banana,2022,330.58,9548.8,Dry,Unverified
Polonnaruwa,Yala,Banana,2022,336.7,8775.08,Dry,Unverified
Polonnaruwa,Yala,Big Onion,2022,80.11,704.34,Dry,Supported envelope
Polonnaruwa,Yala,Black Gram,2022,74.04,582.03,Dry,Unverified
Polonnaruwa,Yala,Brinjal,2022,115.61,1236.28,Dry,Unverified
Polonnaruwa,Yala,Carrot,2022,97.03,1795.7,Dry,Supported envelope
Polonnaruwa,Yala,Carrot,2022,85.78,1081.35,Dry,Supported envelope
Polonnaruwa,Yala,Carrot,2022,114.26,2611.19,Dry,Supported envelope
Polonnaruwa,Yala,Chilli,2022,60.93,531.43,Dry,Supported envelope
Polonnaruwa,Yala,Chilli,2022,79.03,684.38,Dry,Supported envelope
Polonnaruwa,Yala,Chilli,2022,72.13,683.97,Dry,Supported envelope
Polonnaruwa,Yala,Chilli,2022,65.01,517.78,Dry,Supported envelope
Polonnaruwa,Yala,Green Gram,2022,49.75,338.97,Dry,Supported envelope
Polonnaruwa,Yala,Groundnut,2022,46.87,423.67,Dry,Supported envelope
Polonnaruwa,Yala,Maize,2022,125.53,1867.02,Dry,Supported envelope
Polonnaruwa,Yala,Okra,2022,80.03,684.08,Dry,Unverified
Polonnaruwa,Yala,Papaya,2022,126.66,3886.79,Dry,Unverified
Polonnaruwa,Yala,Potato,2022,145.76,2667.53,Dry,Supported envelope
Polonnaruwa,Yala,Ridge Gourd,2022,66.03,622.28,Dry,Unverified
Polonnaruwa,Yala,Sweet Potato,2022,101.77,1519.35,Dry,Supported envelope
Polonnaruwa,Yala,Taro,2022,77.23,956.98,Dry,Unverified
Polonnaruwa,Yala,Tomato,2022,59.18,1101.29,Dry,Unverified
Polonnaruwa,Yala,Watermelon,2022,189.82,3973.2,Dry,Unverified
Polonnaruwa,Yala,Watermelon,2022,80.43,1571.03,Dry,Unverified
Puttalam,Maha,Ash Plantain,2022,128.77,4325.05,Dry/Intermediate,Unverified
Puttalam,Maha,Ash Plantain,2022,168.19,4252.43,Dry/Intermediate,Unverified
Puttalam,Maha,Ash Plantain,2022,202.47,5087.98,Dry/Intermediate,Unverified
Puttalam,Maha,Ash Plantain,2022,212.36,6871.89,Dry/Intermediate,Unverified
Puttalam,Maha,Bitter Gourd,2022,62.64,725.17,Dry/Intermediate,Unverified
Puttalam,Maha,Bitter Gourd,2022,77.45,704.66,Dry/Intermediate,Unverified
Puttalam,Maha,Bitter Gourd,2022,87.49,798.78,Dry/Intermediate,Unverified
Puttalam,Maha,Black Gram,2022,48.29,297.89,Dry/Intermediate,Unverified
Puttalam,Maha,Brinjal,2022,109.94,1263.06,Dry/Intermediate,Unverified
Puttalam,Maha,Carrot,2022,62.44,845.96,Dry/Intermediate,Supported envelope
Puttalam,Maha,Chilli,2022,72.43,657.7,Dry/Intermediate,Supported envelope
Puttalam,Maha,Chilli,2022,63.91,482.49,Dry/Intermediate,Supported envelope
Puttalam,Maha,Chilli,2022,80.68,621.73,Dry/Intermediate,Supported envelope
Puttalam,Maha,Chilli,2022,52.07,354.38,Dry/Intermediate,Supported envelope
Puttalam,Maha,Chilli,2022,89.17,559.88,Dry/Intermediate,Supported envelope
Puttalam,Maha,Chilli,2022,51.27,349.6,Dry/Intermediate,Supported envelope
Puttalam,Maha,Chilli,2022,105.75,761.03,Dry/Intermediate,Supported envelope
Puttalam,Maha,Cowpea,2022,48.9,338.49,Dry/Intermediate,Supported envelope
Puttalam,Maha,Cucumber,2022,112.08,2134.28,Dry/Intermediate,Unverified
Puttalam,Maha,Ginger,2022,64.21,777.31,Dry/Intermediate,Supported envelope
Puttalam,Maha,Groundnut,2022,58.9,452.33,Dry/Intermediate,Supported envelope
Puttalam,Maha,Maize,2022,77.11,1136.36,Dry/Intermediate,Supported envelope
Puttalam,Maha,Mango,2022,137.85,3630.53,Dry/Intermediate,Unverified
Puttalam,Maha,Mango,2022,160.11,3789.75,Dry/Intermediate,Unverified
Puttalam,Maha,Mango,2022,168.95,3501.67,Dry/Intermediate,Unverified
Puttalam,Maha,Okra,2022,45.6,334.55,Dry/Intermediate,Unverified
Puttalam,Maha,Pumpkin,2022,111.62,1808.33,Dry/Intermediate,Unverified
Puttalam,Maha,Ridge Gourd,2022,72.58,896.34,Dry/Intermediate,Unverified
Puttalam,Maha,Ridge Gourd,2022,90.86,994.26,Dry/Intermediate,Unverified
Puttalam,Maha,Taro,2022,142.92,1833.55,Dry/Intermediate,Unverified
Puttalam,Maha,Tomato,2022,158.38,2756.85,Dry/Intermediate,Unverified
Puttalam,Maha,Tomato,2022,61.49,782.24,Dry/Intermediate,Unverified
Puttalam,Maha,Watermelon,2022,209.8,4121.35,Dry/Intermediate,Unverified
Puttalam,Maha,Watermelon,2022,158.82,3420.4,Dry/Intermediate,Unverified
Puttalam,Maha,Watermelon,2022,151.78,2751.06,Dry/Intermediate,Unverified
Puttalam,Maha,Yam,2022,91.21,1090.09,Dry/Intermediate,Unverified
Puttalam,Yala,Banana,2022,142.91,5076.73,Dry/Intermediate,Unverified
Puttalam,Yala,Big Onion,2022,52.77,533.04,Dry/Intermediate,Supported envelope
Puttalam,Yala,Carrot,2022,96.96,1480.28,Dry/Intermediate,Supported envelope
Puttalam,Yala,Carrot,2022,70.87,918.42,Dry/Intermediate,Supported envelope
Puttalam,Yala,Chilli,2022,52.39,397.83,Dry/Intermediate,Supported envelope
Puttalam,Yala,Chilli,2022,32.22,250.5,Dry/Intermediate,Supported envelope
Puttalam,Yala,Coconut,2022,362.84,13866.28,Dry/Intermediate,Unverified
Puttalam,Yala,Cowpea,2022,72.01,465.62,Dry/Intermediate,Supported envelope
Puttalam,Yala,Cucumber,2022,94.7,1536.75,Dry/Intermediate,Unverified
Puttalam,Yala,Green Gram,2022,53.86,524.39,Dry/Intermediate,Supported envelope
Puttalam,Yala,Green Gram,2022,68.94,535.84,Dry/Intermediate,Supported envelope
Puttalam,Yala,Mango,2022,159.94,3833.2,Dry/Intermediate,Unverified
Puttalam,Yala,Mango,2022,138.75,3686.84,Dry/Intermediate,Unverified
Puttalam,Yala,Okra,2022,99.06,834.96,Dry/Intermediate,Unverified
Puttalam,Yala,Okra,2022,70.21,559.43,Dry/Intermediate,Unverified
Puttalam,Yala,Snake Gourd,2022,62.09,544.15,Dry/Intermediate,Unverified
Puttalam,Yala,Sweet Potato,2022,83.89,994.08,Dry/Intermediate,Supported envelope
Puttalam,Yala,Sweet Potato,2022,122.41,1527.06,Dry/Intermediate,Supported envelope
Puttalam,Yala,Taro,2022,134.64,1397.89,Dry/Intermediate,Unverified
Puttalam,Yala,Watermelon,2022,202.47,4280.48,Dry/Intermediate,Unverified
Puttalam,Yala,Watermelon,2022,116.5,2057.2,Dry/Intermediate,Unverified
Ratnapura,Maha,Banana,2022,165.27,4445.86,Wet/Intermediate,Unverified
Ratnapura,Maha,Beans,2022,44.91,452.75,Wet/Intermediate,Supported envelope
Ratnapura,Maha,Beans,2022,71.9,962.78,Wet/Intermediate,Supported envelope
Ratnapura,Maha,Black Gram,2022,68.0,502.25,Wet/Intermediate,Unverified
Ratnapura,Maha,Carrot,2022,96.74,1613.49,Wet/Intermediate,Supported envelope
Ratnapura,Maha,Cassava,2022,141.24,3701.76,Wet/Intermediate,Supported envelope
Ratnapura,Maha,Cassava,2022,221.58,4071.35,Wet/Intermediate,Supported envelope
Ratnapura,Maha,Cassava,2022,139.87,3002.75,Wet/Intermediate,Supported envelope
Ratnapura,Maha,Cassava,2022,135.04,2742.98,Wet/Intermediate,Supported envelope
Ratnapura,Maha,Cauliflower,2022,58.3,756.48,Wet/Intermediate,Supported envelope
Ratnapura,Maha,Chilli,2022,71.13,592.53,Wet/Intermediate,Supported envelope
Ratnapura,Maha,Cinnamon,2022,49.01,234.21,Wet/Intermediate,Supported envelope
Ratnapura,Maha,Green Gram,2022,41.49,308.45,Wet/Intermediate,Supported envelope
Ratnapura,Maha,Green Gram,2022,94.56,699.78,Wet/Intermediate,Supported envelope
Ratnapura,Maha,Okra,2022,37.4,369.56,Wet/Intermediate,Unverified
Ratnapura,Maha,Papaya,2022,176.79,3098.6,Wet/Intermediate,Unverified
Ratnapura,Maha,Pepper,2022,31.64,171.98,Wet/Intermediate,Supported envelope
Ratnapura,Maha,Pepper,2022,47.36,251.54,Wet/Intermediate,Supported envelope
Ratnapura,Maha,Potato,2022,89.18,1571.58,Wet/Intermediate,Supported envelope
Ratnapura,Maha,Pumpkin,2022,72.79,1224.9,Wet/Intermediate,Unverified
Ratnapura,Maha,Watermelon,2022,166.07,3606.57,Wet/Intermediate,Unverified
Ratnapura,Maha,Watermelon,2022,177.96,2940.98,Wet/Intermediate,Unverified
Ratnapura,Maha,Watermelon,2022,136.97,2364.81,Wet/Intermediate,Unverified
Ratnapura,Maha,Yam,2022,145.14,1905.03,Wet/Intermediate,Unverified
Ratnapura,Yala,Ash Plantain,2022,140.15,4433.35,Wet/Intermediate,Unverified
Ratnapura,Yala,Banana,2022,146.67,4751.69,Wet/Intermediate,Unverified
Ratnapura,Yala,Banana,2022,220.33,7325.04,Wet/Intermediate,Unverified
Ratnapura,Yala,Banana,2022,129.49,4551.78,Wet/Intermediate,Unverified
Ratnapura,Yala,Banana,2022,135.4,4699.48,Wet/Intermediate,Unverified
Ratnapura,Yala,Banana,2022,174.65,5526.09,Wet/Intermediate,Unverified
Ratnapura,Yala,Beans,2022,85.4,714.43,Wet/Intermediate,Supported envelope
Ratnapura,Yala,Beans,2022,73.39,607.12,Wet/Intermediate,Supported envelope
Ratnapura,Yala,Beans,2022,62.39,587.26,Wet/Intermediate,Supported envelope
Ratnapura,Yala,Big Onion,2022,66.63,933.95,Wet/Intermediate,Supported envelope
Ratnapura,Yala,Brinjal,2022,73.0,1065.94,Wet/Intermediate,Unverified
Ratnapura,Yala,Cabbage,2022,70.49,977.03,Wet/Intermediate,Supported envelope
Ratnapura,Yala,Carrot,2022,87.77,1407.92,Wet/Intermediate,Supported envelope
Ratnapura,Yala,Carrot,2022,94.18,1496.9,Wet/Intermediate,Supported envelope
Ratnapura,Yala,Carrot,2022,69.97,975.34,Wet/Intermediate,Supported envelope
Ratnapura,Yala,Carrot,2022,70.75,1151.95,Wet/Intermediate,Supported envelope
Ratnapura,Yala,Chilli,2022,57.35,491.48,Wet/Intermediate,Supported envelope
Ratnapura,Yala,Cinnamon,2022,40.81,194.67,Wet/Intermediate,Supported envelope
Ratnapura,Yala,Ginger,2022,61.21,602.26,Wet/Intermediate,Supported envelope
Ratnapura,Yala,Ginger,2022,70.21,814.39,Wet/Intermediate,Supported envelope
Ratnapura,Yala,Green Gram,2022,51.45,360.54,Wet/Intermediate,Supported envelope
Ratnapura,Yala,Groundnut,2022,99.27,971.8,Wet/Intermediate,Supported envelope
Ratnapura,Yala,Long Bean,2022,48.2,382.43,Wet/Intermediate,Unverified
Ratnapura,Yala,Maize,2022,94.09,1483.19,Wet/Intermediate,Supported envelope
Ratnapura,Yala,Maize,2022,110.23,1509.75,Wet/Intermediate,Supported envelope
Ratnapura,Yala,Mango,2022,121.08,3209.62,Wet/Intermediate,Unverified
Ratnapura,Yala,Okra,2022,52.81,383.45,Wet/Intermediate,Unverified
Ratnapura,Yala,Pepper,2022,39.08,239.43,Wet/Intermediate,Supported envelope
Ratnapura,Yala,Pumpkin,2022,99.22,1570.64,Wet/Intermediate,Unverified
Ratnapura,Yala,Red Onion,2022,55.75,584.62,Wet/Intermediate,Supported envelope
Ratnapura,Yala,Rice,2022,80.79,1992.54,Wet/Intermediate,Unverified
Ratnapura,Yala,Rice,2022,82.57,1945.15,Wet/Intermediate,Unverified
Ratnapura,Yala,Ridge Gourd,2022,65.89,728.58,Wet/Intermediate,Unverified
Ratnapura,Yala,Sweet Potato,2022,102.93,1397.28,Wet/Intermediate,Supported envelope
Trincomalee,Maha,Banana,2022,146.24,4096.66,Dry,Unverified
Trincomalee,Maha,Banana,2022,148.74,4382.44,Dry,Unverified
Trincomalee,Maha,Big Onion,2022,76.37,745.39,Dry,Supported envelope
Trincomalee,Maha,Bitter Gourd,2022,67.62,652.37,Dry,Unverified
Trincomalee,Maha,Black Gram,2022,69.97,484.37,Dry,Unverified
Trincomalee,Maha,Black Gram,2022,62.77,372.87,Dry,Unverified
Trincomalee,Maha,Carrot,2022,88.43,1357.37,Dry,Supported envelope
Trincomalee,Maha,Carrot,2022,107.48,1742.44,Dry,Supported envelope
Trincomalee,Maha,Carrot,2022,100.08,1554.62,Dry,Supported envelope
Trincomalee,Maha,Cassava,2022,213.94,4995.75,Dry,Supported envelope
Trincomalee,Maha,Cassava,2022,220.48,4987.58,Dry,Supported envelope
Trincomalee,Maha,Chilli,2022,65.01,499.34,Dry,Supported envelope
Trincomalee,Maha,Chilli,2022,88.73,624.69,Dry,Supported envelope
Trincomalee,Maha,Chilli,2022,59.95,411.4,Dry,Supported envelope
Trincomalee,Maha,Cucumber,2022,109.75,1422.61,Dry,Unverified
Trincomalee,Maha,Ginger,2022,77.1,754.6,Dry,Supported envelope
Trincomalee,Maha,Green Gram,2022,49.96,356.82,Dry,Supported envelope
Trincomalee,Maha,Long Bean,2022,67.43,560.67,Dry,Unverified
Trincomalee,Maha,Maize,2022,134.79,1932.6,Dry,Supported envelope
Trincomalee,Maha,Okra,2022,67.29,566.33,Dry,Unverified
Trincomalee,Maha,Papaya,2022,91.69,2291.12,Dry,Unverified
Trincomalee,Maha,Sweet Potato,2022,72.53,1013.29,Dry,Supported envelope
Trincomalee,Maha,Tomato,2022,77.33,1032.86,Dry,Unverified
Trincomalee,Maha,Tomato,2022,74.05,891.36,Dry,Unverified
Trincomalee,Maha,Tomato,2022,101.78,1324.52,Dry,Unverified
Trincomalee,Maha,Turmeric,2022,54.44,578.38,Dry,Supported envelope
Trincomalee,Maha,Turmeric,2022,103.8,1345.92,Dry,Supported envelope
Trincomalee,Maha,Turmeric,2022,73.69,716.26,Dry,Supported envelope
Trincomalee,Maha,Turmeric,2022,48.69,498.51,Dry,Supported envelope
Trincomalee,Maha,Watermelon,2022,95.33,2337.43,Dry,Unverified
Trincomalee,Maha,Watermelon,2022,131.48,2341.36,Dry,Unverified
Trincomalee,Yala,Black Gram,2022,34.65,232.56,Dry,Unverified
Trincomalee,Yala,Brinjal,2022,78.81,1130.9,Dry,Unverified
Trincomalee,Yala,Carrot,2022,82.29,1238.97,Dry,Supported envelope
Trincomalee,Yala,Carrot,2022,88.78,1366.69,Dry,Supported envelope
Trincomalee,Yala,Carrot,2022,102.02,1614.59,Dry,Supported envelope
Trincomalee,Yala,Chilli,2022,40.81,279.6,Dry,Supported envelope
Trincomalee,Yala,Chilli,2022,76.11,508.97,Dry,Supported envelope
Trincomalee,Yala,Chilli,2022,62.03,503.55,Dry,Supported envelope
Trincomalee,Yala,Chilli,2022,37.56,336.02,Dry,Supported envelope
Trincomalee,Yala,Chilli,2022,35.83,259.18,Dry,Supported envelope
Trincomalee,Yala,Chilli,2022,52.39,396.6,Dry,Supported envelope
Trincomalee,Yala,Coconut,2022,196.87,6280.7,Dry,Unverified
Trincomalee,Yala,Coconut,2022,184.01,5771.22,Dry,Unverified
Trincomalee,Yala,Coconut,2022,168.76,4877.72,Dry,Unverified
Trincomalee,Yala,Coconut,2022,234.01,5967.62,Dry,Unverified
Trincomalee,Yala,Ginger,2022,71.11,795.06,Dry,Supported envelope
Trincomalee,Yala,Green Gram,2022,54.3,399.31,Dry,Supported envelope
Trincomalee,Yala,Mango,2022,117.59,2603.34,Dry,Unverified
Trincomalee,Yala,Okra,2022,62.81,605.81,Dry,Unverified
Trincomalee,Yala,Okra,2022,68.23,406.14,Dry,Unverified
Trincomalee,Yala,Papaya,2022,173.87,4538.41,Dry,Unverified
Trincomalee,Yala,Papaya,2022,164.31,4598.75,Dry,Unverified
Trincomalee,Yala,Potato,2022,119.9,2164.23,Dry,Supported envelope
Trincomalee,Yala,Potato,2022,144.52,2088.5,Dry,Supported envelope
Trincomalee,Yala,Pumpkin,2022,77.95,1457.68,Dry,Unverified
Trincomalee,Yala,Red Onion,2022,68.07,642.68,Dry,Supported envelope
Trincomalee,Yala,Ridge Gourd,2022,53.18,600.08,Dry,Unverified
Trincomalee,Yala,Sesame,2022,34.66,243.56,Dry,Unverified
Trincomalee,Yala,Snake Gourd,2022,67.44,564.81,Dry,Unverified
Trincomalee,Yala,Snake Gourd,2022,97.45,878.16,Dry,Unverified
Trincomalee,Yala,Tomato,2022,73.9,1064.59,Dry,Unverified
Trincomalee,Yala,Yam,2022,59.64,708.52,Dry,Unverified
Vavuniya,Maha,Banana,2022,132.29,4298.61,Dry,Unverified
Vavuniya,Maha,Banana,2022,210.71,5079.03,Dry,Unverified
Vavuniya,Maha,Bitter Gourd,2022,73.1,720.9,Dry,Unverified
Vavuniya,Maha,Black Gram,2022,37.79,228.41,Dry,Unverified
Vavuniya,Maha,Carrot,2022,65.95,1110.54,Dry,Supported envelope
Vavuniya,Maha,Carrot,2022,94.99,1928.83,Dry,Supported envelope
Vavuniya,Maha,Carrot,2022,84.86,1414.55,Dry,Supported envelope
Vavuniya,Maha,Carrot,2022,111.52,2422.97,Dry,Supported envelope
Vavuniya,Maha,Carrot,2022,78.99,1220.27,Dry,Supported envelope
Vavuniya,Maha,Carrot,2022,97.68,1373.54,Dry,Supported envelope
Vavuniya,Maha,Chilli,2022,46.08,307.46,Dry,Supported envelope
Vavuniya,Maha,Chilli,2022,54.92,430.9,Dry,Supported envelope
Vavuniya,Maha,Chilli,2022,45.26,350.13,Dry,Supported envelope
Vavuniya,Maha,Groundnut,2022,50.91,392.27,Dry,Supported envelope
Vavuniya,Maha,Groundnut,2022,46.24,486.14,Dry,Supported envelope
Vavuniya,Maha,Maize,2022,136.64,2325.51,Dry,Supported envelope
Vavuniya,Maha,Papaya,2022,146.85,3645.39,Dry,Unverified
Vavuniya,Maha,Potato,2022,137.83,2668.51,Dry,Supported envelope
Vavuniya,Maha,Pumpkin,2022,88.72,1390.7,Dry,Unverified
Vavuniya,Maha,Red Onion,2022,89.97,905.2,Dry,Supported envelope
Vavuniya,Maha,Sesame,2022,54.91,230.52,Dry,Unverified
Vavuniya,Maha,Snake Gourd,2022,53.41,525.94,Dry,Unverified
Vavuniya,Maha,Snake Gourd,2022,76.32,716.2,Dry,Unverified
Vavuniya,Maha,Taro,2022,127.43,1565.22,Dry,Unverified
Vavuniya,Maha,Tomato,2022,81.79,1203.31,Dry,Unverified
Vavuniya,Maha,Tomato,2022,78.85,1186.07,Dry,Unverified
Vavuniya,Maha,Turmeric,2022,31.03,318.21,Dry,Supported envelope
Vavuniya,Maha,Turmeric,2022,61.2,596.38,Dry,Supported envelope
Vavuniya,Maha,Turmeric,2022,87.99,1057.94,Dry,Supported envelope
Vavuniya,Maha,Watermelon,2022,147.28,3704.35,Dry,Unverified
Vavuniya,Maha,Watermelon,2022,97.48,1769.48,Dry,Unverified
Vavuniya,Maha,Watermelon,2022,76.92,1500.65,Dry,Unverified
Vavuniya,Maha,Watermelon,2022,110.07,2808.98,Dry,Unverified
Vavuniya,Maha,Yam,2022,93.39,1251.39,Dry,Unverified
Vavuniya,Maha,Yam,2022,90.44,1181.36,Dry,Unverified
Vavuniya,Yala,Ash Plantain,2022,176.42,5549.55,Dry,Unverified
Vavuniya,Yala,Banana,2022,179.75,5818.1,Dry,Unverified
Vavuniya,Yala,Banana,2022,148.04,5282.6,Dry,Unverified
Vavuniya,Yala,Banana,2022,213.22,6259.46,Dry,Unverified
Vavuniya,Yala,Big Onion,2022,68.07,551.07,Dry,Supported envelope
Vavuniya,Yala,Bitter Gourd,2022,90.51,950.13,Dry,Unverified
Vavuniya,Yala,Black Gram,2022,45.09,303.22,Dry,Unverified
Vavuniya,Yala,Brinjal,2022,78.73,891.92,Dry,Unverified
Vavuniya,Yala,Carrot,2022,89.1,1530.28,Dry,Supported envelope
Vavuniya,Yala,Coconut,2022,119.98,3131.08,Dry,Unverified
Vavuniya,Yala,Green Gram,2022,50.37,342.11,Dry,Supported envelope
Vavuniya,Yala,Green Gram,2022,40.18,245.49,Dry,Supported envelope
Vavuniya,Yala,Groundnut,2022,65.92,640.87,Dry,Supported envelope
Vavuniya,Yala,Ridge Gourd,2022,43.87,414.26,Dry,Unverified
Vavuniya,Yala,Snake Gourd,2022,65.41,521.22,Dry,Unverified
Vavuniya,Yala,Taro,2022,64.41,893.29,Dry,Unverified
Vavuniya,Yala,Tomato,2022,88.3,1201.29,Dry,Unverified
Vavuniya,Yala,Tomato,2022,141.42,1812.6,Dry,Unverified
Vavuniya,Yala,Yam,2022,65.75,937.83,Dry,Unverified
Ampara,Maha,Banana,2023,207.63,7485.51,Dry,Unverified
Ampara,Maha,Banana,2023,149.11,5286.26,Dry,Unverified
Ampara,Maha,Bitter Gourd,2023,50.25,662.38,Dry,Unverified
Ampara,Maha,Black Gram,2023,42.23,309.76,Dry,Unverified
Ampara,Maha,Black Gram,2023,25.15,167.59,Dry,Unverified
Ampara,Maha,Carrot,2023,110.18,1796.73,Dry,Supported envelope
Ampara,Maha,Carrot,2023,124.96,2189.48,Dry,Supported envelope
Ampara,Maha,Chilli,2023,98.69,844.49,Dry,Supported envelope
Ampara,Maha,Chilli,2023,43.37,445.82,Dry,Supported envelope
Ampara,Maha,Cowpea,2023,47.3,383.22,Dry,Supported envelope
Ampara,Maha,Green Gram,2023,49.07,303.93,Dry,Supported envelope
Ampara,Maha,Long Bean,2023,56.89,585.1,Dry,Unverified
Ampara,Maha,Maize,2023,87.4,1414.99,Dry,Supported envelope
Ampara,Maha,Mango,2023,129.03,2823.03,Dry,Unverified
Ampara,Maha,Papaya,2023,114.59,3048.95,Dry,Unverified
Ampara,Maha,Papaya,2023,104.95,2164.47,Dry,Unverified
Ampara,Maha,Red Onion,2023,83.35,804.41,Dry,Supported envelope
Ampara,Maha,Rice,2023,163.97,4273.99,Dry,Unverified
Ampara,Maha,Rice,2023,192.53,3780.68,Dry,Unverified
Ampara,Maha,Soybean,2023,56.77,543.05,Dry,Unverified
Ampara,Maha,Sweet Potato,2023,130.04,1686.18,Dry,Supported envelope
Ampara,Maha,Tomato,2023,117.87,1323.58,Dry,Unverified
Ampara,Maha,Watermelon,2023,100.87,1862.95,Dry,Unverified
Ampara,Maha,Watermelon,2023,115.38,2215.07,Dry,Unverified
Ampara,Maha,Watermelon,2023,103.98,2284.21,Dry,Unverified
Ampara,Maha,Watermelon,2023,85.33,1491.19,Dry,Unverified
Ampara,Yala,Banana,2023,239.01,7753.01,Dry,Unverified
Ampara,Yala,Banana,2023,163.79,5130.14,Dry,Unverified
Ampara,Yala,Bitter Gourd,2023,77.54,782.31,Dry,Unverified
Ampara,Yala,Carrot,2023,101.38,1357.56,Dry,Supported envelope
Ampara,Yala,Chilli,2023,55.61,511.92,Dry,Supported envelope
Ampara,Yala,Chilli,2023,44.67,345.11,Dry,Supported envelope
Ampara,Yala,Chilli,2023,55.04,558.25,Dry,Supported envelope
Ampara,Yala,Chilli,2023,63.71,477.07,Dry,Supported envelope
Ampara,Yala,Chilli,2023,44.41,352.07,Dry,Supported envelope
Ampara,Yala,Chilli,2023,48.81,414.08,Dry,Supported envelope
Ampara,Yala,Long Bean,2023,121.04,1157.68,Dry,Unverified
Ampara,Yala,Long Bean,2023,50.51,473.59,Dry,Unverified
Ampara,Yala,Long Bean,2023,62.21,489.42,Dry,Unverified
Ampara,Yala,Maize,2023,74.77,1298.5,Dry,Supported envelope
Ampara,Yala,Red Onion,2023,43.71,390.79,Dry,Supported envelope
Ampara,Yala,Red Onion,2023,46.37,392.18,Dry,Supported envelope
Ampara,Yala,Sesame,2023,32.96,175.54,Dry,Unverified
Ampara,Yala,Soybean,2023,48.44,440.15,Dry,Unverified
Ampara,Yala,Watermelon,2023,121.98,1823.33,Dry,Unverified
Ampara,Yala,Watermelon,2023,113.67,2594.32,Dry,Unverified
Ampara,Yala,Watermelon,2023,120.69,2329.45,Dry,Unverified
Anuradhapura,Maha,Ash Plantain,2023,113.39,3298.66,Dry,Unverified
Anuradhapura,Maha,Ash Plantain,2023,175.26,4961.27,Dry,Unverified
Anuradhapura,Maha,Banana,2023,319.76,8826.04,Dry,Unverified
Anuradhapura,Maha,Banana,2023,316.36,9806.61,Dry,Unverified
Anuradhapura,Maha,Banana,2023,207.94,6357.31,Dry,Unverified
Anuradhapura,Maha,Banana,2023,257.83,8154.18,Dry,Unverified
Anuradhapura,Maha,Banana,2023,235.77,9245.18,Dry,Unverified
Anuradhapura,Maha,Cassava,2023,148.39,3566.76,Dry,Supported envelope
Anuradhapura,Maha,Chilli,2023,96.29,746.97,Dry,Supported envelope
Anuradhapura,Maha,Chilli,2023,73.71,675.31,Dry,Supported envelope
Anuradhapura,Maha,Chilli,2023,76.32,698.15,Dry,Supported envelope
Anuradhapura,Maha,Chilli,2023,78.21,631.54,Dry,Supported envelope
Anuradhapura,Maha,Chilli,2023,114.33,900.4,Dry,Supported envelope
Anuradhapura,Maha,Chilli,2023,52.74,422.15,Dry,Supported envelope
Anuradhapura,Maha,Coconut,2023,149.18,4821.43,Dry,Unverified
Anuradhapura,Maha,Cucumber,2023,138.19,2121.97,Dry,Unverified
Anuradhapura,Maha,Ginger,2023,72.82,826.37,Dry,Supported envelope
Anuradhapura,Maha,Green Gram,2023,50.95,374.98,Dry,Supported envelope
Anuradhapura,Maha,Long Bean,2023,55.13,471.3,Dry,Unverified
Anuradhapura,Maha,Maize,2023,113.09,1634.69,Dry,Supported envelope
Anuradhapura,Maha,Pumpkin,2023,110.89,2143.8,Dry,Unverified
Anuradhapura,Maha,Rice,2023,223.08,4850.28,Dry,Unverified
Anuradhapura,Maha,Sweet Potato,2023,86.59,1426.49,Dry,Supported envelope
Anuradhapura,Maha,Taro,2023,139.82,1975.88,Dry,Unverified
Anuradhapura,Maha,Tomato,2023,101.43,1535.68,Dry,Unverified
Anuradhapura,Maha,Turmeric,2023,75.24,826.66,Dry,Supported envelope
Anuradhapura,Maha,Watermelon,2023,168.82,2456.9,Dry,Unverified
Anuradhapura,Maha,Watermelon,2023,247.48,3993.9,Dry,Unverified
Anuradhapura,Maha,Watermelon,2023,158.04,3940.5,Dry,Unverified
Anuradhapura,Maha,Watermelon,2023,173.65,4062.26,Dry,Unverified
Anuradhapura,Maha,Watermelon,2023,180.23,4016.33,Dry,Unverified
Anuradhapura,Yala,Banana,2023,268.32,9505.87,Dry,Unverified
Anuradhapura,Yala,Banana,2023,243.99,7411.54,Dry,Unverified
Anuradhapura,Yala,Banana,2023,233.5,8024.53,Dry,Unverified
Anuradhapura,Yala,Big Onion,2023,85.98,914.55,Dry,Supported envelope
Anuradhapura,Yala,Big Onion,2023,75.24,875.49,Dry,Supported envelope
Anuradhapura,Yala,Brinjal,2023,55.66,741.13,Dry,Unverified
Anuradhapura,Yala,Cassava,2023,123.28,3011.02,Dry,Supported envelope
Anuradhapura,Yala,Chilli,2023,81.11,607.54,Dry,Supported envelope
Anuradhapura,Yala,Chilli,2023,77.42,519.63,Dry,Supported envelope
Anuradhapura,Yala,Cowpea,2023,49.79,358.9,Dry,Supported envelope
Anuradhapura,Yala,Ginger,2023,69.42,759.82,Dry,Supported envelope
Anuradhapura,Yala,Green Gram,2023,37.87,287.49,Dry,Supported envelope
Anuradhapura,Yala,Groundnut,2023,69.69,617.25,Dry,Supported envelope
Anuradhapura,Yala,Groundnut,2023,60.43,558.69,Dry,Supported envelope
Anuradhapura,Yala,Long Bean,2023,49.1,449.15,Dry,Unverified
Anuradhapura,Yala,Papaya,2023,163.39,3601.27,Dry,Unverified
Anuradhapura,Yala,Potato,2023,137.04,2076.99,Dry,Supported envelope
Anuradhapura,Yala,Pumpkin,2023,120.84,1681.74,Dry,Unverified
Anuradhapura,Yala,Pumpkin,2023,104.27,1299.97,Dry,Unverified
Anuradhapura,Yala,Rice,2023,158.89,3183.38,Dry,Unverified
Anuradhapura,Yala,Snake Gourd,2023,55.28,625.65,Dry,Unverified
Anuradhapura,Yala,Soybean,2023,58.99,512.54,Dry,Unverified
Anuradhapura,Yala,Sweet Potato,2023,104.12,997.41,Dry,Supported envelope
Anuradhapura,Yala,Taro,2023,84.23,863.99,Dry,Unverified
Anuradhapura,Yala,Watermelon,2023,130.62,2738.99,Dry,Unverified
Anuradhapura,Yala,Watermelon,2023,129.03,2860.93,Dry,Unverified
Anuradhapura,Yala,Watermelon,2023,134.34,2625.96,Dry,Unverified
Anuradhapura,Yala,Yam,2023,95.67,1257.83,Dry,Unverified
Anuradhapura,Yala,Yam,2023,75.59,1068.82,Dry,Unverified
Badulla,Maha,Banana,2023,133.89,4548.25,Up-country Intermediate,Unverified
Badulla,Maha,Banana,2023,144.5,4346.13,Up-country Intermediate,Unverified
Badulla,Maha,Beans,2023,88.86,720.32,Up-country Intermediate,Supported envelope
Badulla,Maha,Beans,2023,83.07,742.14,Up-country Intermediate,Supported envelope
Badulla,Maha,Big Onion,2023,67.05,676.27,Up-country Intermediate,Supported envelope
Badulla,Maha,Black Gram,2023,65.33,411.74,Up-country Intermediate,Unverified
Badulla,Maha,Cabbage,2023,74.31,1461.87,Up-country Intermediate,Supported envelope
Badulla,Maha,Carrot,2023,159.63,2406.56,Up-country Intermediate,Supported envelope
Badulla,Maha,Carrot,2023,126.33,1871.81,Up-country Intermediate,Supported envelope
Badulla,Maha,Carrot,2023,86.27,1197.45,Up-country Intermediate,Supported envelope
Badulla,Maha,Carrot,2023,135.72,2199.12,Up-country Intermediate,Supported envelope
Badulla,Maha,Cassava,2023,116.35,2477.92,Up-country Intermediate,Supported envelope
Badulla,Maha,Cowpea,2023,46.03,388.83,Up-country Intermediate,Supported envelope
Badulla,Maha,Cowpea,2023,43.91,343.06,Up-country Intermediate,Supported envelope
Badulla,Maha,Ginger,2023,76.44,784.47,Up-country Intermediate,Supported envelope
Badulla,Maha,Green Gram,2023,48.36,350.7,Up-country Intermediate,Supported envelope
Badulla,Maha,Leeks,2023,121.48,1716.94,Up-country Intermediate,Supported envelope
Badulla,Maha,Leeks,2023,71.62,790.36,Up-country Intermediate,Supported envelope
Badulla,Maha,Leeks,2023,94.11,1107.47,Up-country Intermediate,Supported envelope
Badulla,Maha,Long Bean,2023,38.78,413.96,Up-country Intermediate,Unverified
Badulla,Maha,Maize,2023,84.4,1346.11,Up-country Intermediate,Supported envelope
Badulla,Maha,Pepper,2023,48.2,244.08,Up-country Intermediate,Supported envelope
Badulla,Maha,Red Onion,2023,137.27,1955.1,Up-country Intermediate,Supported envelope
Badulla,Maha,Ridge Gourd,2023,58.88,612.02,Up-country Intermediate,Unverified
Badulla,Maha,Ridge Gourd,2023,52.27,583.25,Up-country Intermediate,Unverified
Badulla,Maha,Sesame,2023,51.27,396.02,Up-country Intermediate,Unverified
Badulla,Maha,Taro,2023,80.43,1116.27,Up-country Intermediate,Unverified
Badulla,Maha,Tea,2023,207.22,5199.91,Up-country Intermediate,Supported envelope
Badulla,Maha,Tomato,2023,96.6,1072.69,Up-country Intermediate,Unverified
Badulla,Maha,Turmeric,2023,122.09,1457.58,Up-country Intermediate,Supported envelope
Badulla,Maha,Turmeric,2023,28.29,301.14,Up-country Intermediate,Supported envelope
Badulla,Maha,Turmeric,2023,67.91,815.63,Up-country Intermediate,Supported envelope
Badulla,Maha,Watermelon,2023,152.76,2968.87,Up-country Intermediate,Unverified
Badulla,Yala,Ash Plantain,2023,147.49,4617.4,Up-country Intermediate,Unverified
Badulla,Yala,Banana,2023,123.49,4094.97,Up-country Intermediate,Unverified
Badulla,Yala,Banana,2023,130.17,4415.56,Up-country Intermediate,Unverified
Badulla,Yala,Cabbage,2023,95.93,1511.41,Up-country Intermediate,Supported envelope
Badulla,Yala,Carrot,2023,62.42,969.9,Up-country Intermediate,Supported envelope
Badulla,Yala,Chilli,2023,40.23,318.42,Up-country Intermediate,Supported envelope
Badulla,Yala,Cowpea,2023,45.99,362.91,Up-country Intermediate,Supported envelope
Badulla,Yala,Leeks,2023,96.28,1093.38,Up-country Intermediate,Supported envelope
Badulla,Yala,Leeks,2023,100.57,1039.39,Up-country Intermediate,Supported envelope
Badulla,Yala,Leeks,2023,110.31,1463.37,Up-country Intermediate,Supported envelope
Badulla,Yala,Long Bean,2023,50.42,358.47,Up-country Intermediate,Unverified
Badulla,Yala,Maize,2023,97.98,1280.61,Up-country Intermediate,Supported envelope
Badulla,Yala,Okra,2023,53.99,485.75,Up-country Intermediate,Unverified
Badulla,Yala,Red Onion,2023,62.72,720.96,Up-country Intermediate,Supported envelope
Badulla,Yala,Rice,2023,140.93,2538.28,Up-country Intermediate,Unverified
Badulla,Yala,Ridge Gourd,2023,135.06,1599.75,Up-country Intermediate,Unverified
Badulla,Yala,Sesame,2023,42.5,198.02,Up-country Intermediate,Unverified
Badulla,Yala,Soybean,2023,66.0,595.25,Up-country Intermediate,Unverified
Badulla,Yala,Taro,2023,83.57,959.45,Up-country Intermediate,Unverified
Badulla,Yala,Tea,2023,155.25,3728.22,Up-country Intermediate,Supported envelope
Badulla,Yala,Watermelon,2023,101.89,1841.93,Up-country Intermediate,Unverified
Badulla,Yala,Watermelon,2023,80.55,1338.48,Up-country Intermediate,Unverified
Badulla,Yala,Watermelon,2023,67.58,1764.46,Up-country Intermediate,Unverified
Badulla,Yala,Yam,2023,91.73,1202.15,Up-country Intermediate,Unverified
Batticaloa,Maha,Ash Plantain,2023,160.83,5424.53,Dry,Unverified
Batticaloa,Maha,Banana,2023,195.16,5098.61,Dry,Unverified
Batticaloa,Maha,Banana,2023,132.37,3478.09,Dry,Unverified
Batticaloa,Maha,Banana,2023,152.75,4039.45,Dry,Unverified
Batticaloa,Maha,Big Onion,2023,69.84,672.72,Dry,Supported envelope
Batticaloa,Maha,Bitter Gourd,2023,60.36,671.26,Dry,Unverified
Batticaloa,Maha,Brinjal,2023,57.37,600.15,Dry,Unverified
Batticaloa,Maha,Chilli,2023,62.82,555.76,Dry,Supported envelope
Batticaloa,Maha,Chilli,2023,78.53,603.7,Dry,Supported envelope
Batticaloa,Maha,Chilli,2023,64.19,549.12,Dry,Supported envelope
Batticaloa,Maha,Chilli,2023,51.39,395.93,Dry,Supported envelope
Batticaloa,Maha,Coconut,2023,201.92,5681.98,Dry,Unverified
Batticaloa,Maha,Cowpea,2023,46.59,377.91,Dry,Supported envelope
Batticaloa,Maha,Cucumber,2023,79.55,1272.56,Dry,Unverified
Batticaloa,Maha,Cucumber,2023,49.38,646.12,Dry,Unverified
Batticaloa,Maha,Groundnut,2023,68.55,635.18,Dry,Supported envelope
Batticaloa,Maha,Maize,2023,90.2,1164.78,Dry,Supported envelope
Batticaloa,Maha,Mango,2023,70.69,1646.5,Dry,Unverified
Batticaloa,Maha,Okra,2023,52.45,402.37,Dry,Unverified
Batticaloa,Maha,Papaya,2023,164.91,5223.9,Dry,Unverified
Batticaloa,Maha,Sesame,2023,44.64,271.37,Dry,Unverified
Batticaloa,Maha,Sesame,2023,46.71,252.86,Dry,Unverified
Batticaloa,Maha,Sweet Potato,2023,69.66,750.07,Dry,Supported envelope
Batticaloa,Maha,Sweet Potato,2023,76.92,1096.37,Dry,Supported envelope
Batticaloa,Maha,Watermelon,2023,106.18,2172.44,Dry,Unverified
Batticaloa,Maha,Watermelon,2023,87.22,1881.2,Dry,Unverified
Batticaloa,Maha,Watermelon,2023,96.98,2113.88,Dry,Unverified
Batticaloa,Yala,Ash Plantain,2023,113.64,3390.21,Dry,Unverified
Batticaloa,Yala,Ash Plantain,2023,150.86,4637.73,Dry,Unverified
Batticaloa,Yala,Banana,2023,119.37,3763.3,Dry,Unverified
Batticaloa,Yala,Banana,2023,186.38,6351.61,Dry,Unverified
Batticaloa,Yala,Banana,2023,140.2,3986.64,Dry,Unverified
Batticaloa,Yala,Banana,2023,223.65,7356.2,Dry,Unverified
Batticaloa,Yala,Carrot,2023,113.5,2269.72,Dry,Supported envelope
Batticaloa,Yala,Chilli,2023,67.92,477.73,Dry,Supported envelope
Batticaloa,Yala,Chilli,2023,51.44,453.7,Dry,Supported envelope
Batticaloa,Yala,Coconut,2023,159.86,6532.49,Dry,Unverified
Batticaloa,Yala,Cowpea,2023,67.27,610.59,Dry,Supported envelope
Batticaloa,Yala,Cowpea,2023,70.58,505.32,Dry,Supported envelope
Batticaloa,Yala,Cowpea,2023,65.94,541.47,Dry,Supported envelope
Batticaloa,Yala,Long Bean,2023,59.43,589.69,Dry,Unverified
Batticaloa,Yala,Papaya,2023,164.52,4794.86,Dry,Unverified
Batticaloa,Yala,Potato,2023,116.22,2034.41,Dry,Supported envelope
Batticaloa,Yala,Red Onion,2023,75.39,770.73,Dry,Supported envelope
Batticaloa,Yala,Snake Gourd,2023,53.54,601.41,Dry,Unverified
Batticaloa,Yala,Snake Gourd,2023,78.75,739.76,Dry,Unverified
Batticaloa,Yala,Sweet Potato,2023,142.85,1776.45,Dry,Supported envelope
Batticaloa,Yala,Turmeric,2023,67.73,686.62,Dry,Supported envelope
Batticaloa,Yala,Watermelon,2023,80.02,1638.25,Dry,Unverified
Batticaloa,Yala,Watermelon,2023,69.26,1340.63,Dry,Unverified
Batticaloa,Yala,Watermelon,2023,98.86,1861.51,Dry,Unverified
Batticaloa,Yala,Watermelon,2023,118.76,1744.0,Dry,Unverified
Batticaloa,Yala,Watermelon,2023,110.12,2140.58,Dry,Unverified
Colombo,Maha,Banana,2023,114.45,3498.81,Wet,Unverified
Colombo,Maha,Bitter Gourd,2023,84.93,831.83,Wet,Unverified
Colombo,Maha,Bitter Gourd,2023,46.14,462.98,Wet,Unverified
Colombo,Maha,Black Gram,2023,42.77,328.34,Wet,Unverified
Colombo,Maha,Brinjal,2023,111.23,1482.13,Wet,Unverified
Colombo,Maha,Brinjal,2023,91.22,1188.66,Wet,Unverified
Colombo,Maha,Brinjal,2023,99.39,1083.49,Wet,Unverified
Colombo,Maha,Carrot,2023,78.71,1344.28,Wet,Supported envelope
Colombo,Maha,Carrot,2023,89.73,1352.17,Wet,Supported envelope
Colombo,Maha,Carrot,2023,101.09,1638.4,Wet,Supported envelope
Colombo,Maha,Cassava,2023,145.31,2844.44,Wet,Supported envelope
Colombo,Maha,Cassava,2023,169.57,4077.23,Wet,Supported envelope
Colombo,Maha,Chilli,2023,56.81,499.09,Wet,Supported envelope
Colombo,Maha,Long Bean,2023,83.57,810.68,Wet,Unverified
Colombo,Maha,Okra,2023,64.11,530.81,Wet,Unverified
Colombo,Maha,Papaya,2023,259.6,6664.95,Wet,Unverified
Colombo,Maha,Pineapple,2023,158.53,3741.63,Wet,Supported envelope
Colombo,Maha,Pumpkin,2023,115.79,1408.86,Wet,Unverified
Colombo,Maha,Sweet Potato,2023,144.86,1963.98,Wet,Supported envelope
Colombo,Maha,Taro,2023,105.68,1502.79,Wet,Unverified
Colombo,Maha,Taro,2023,80.97,1111.61,Wet,Unverified
Colombo,Maha,Taro,2023,107.3,1398.84,Wet,Unverified
Colombo,Maha,Tomato,2023,63.35,785.7,Wet,Unverified
Colombo,Maha,Turmeric,2023,65.13,510.0,Wet,Supported envelope
Colombo,Maha,Turmeric,2023,118.5,1186.06,Wet,Supported envelope
Colombo,Maha,Watermelon,2023,68.63,1418.81,Wet,Unverified
Colombo,Yala,Banana,2023,205.05,6144.29,Wet,Unverified
Colombo,Yala,Banana,2023,83.26,2506.03,Wet,Unverified
Colombo,Yala,Carrot,2023,80.06,1443.14,Wet,Supported envelope
Colombo,Yala,Carrot,2023,84.81,1193.99,Wet,Supported envelope
Colombo,Yala,Cassava,2023,188.26,3734.5,Wet,Supported envelope
Colombo,Yala,Chilli,2023,64.54,605.9,Wet,Supported envelope
Colombo,Yala,Chilli,2023,50.96,377.69,Wet,Supported envelope
Colombo,Yala,Chilli,2023,24.49,187.75,Wet,Supported envelope
Colombo,Yala,Cucumber,2023,98.99,1968.8,Wet,Unverified
Colombo,Yala,Cucumber,2023,148.38,2326.88,Wet,Unverified
Colombo,Yala,Papaya,2023,172.68,5044.92,Wet,Unverified
Colombo,Yala,Pineapple,2023,198.39,3690.93,Wet,Supported envelope
Colombo,Yala,Pineapple,2023,128.43,3305.25,Wet,Supported envelope
Colombo,Yala,Red Onion,2023,75.96,734.26,Wet,Supported envelope
Colombo,Yala,Ridge Gourd,2023,57.43,641.23,Wet,Unverified
Colombo,Yala,Sesame,2023,29.11,176.41,Wet,Unverified
Colombo,Yala,Soybean,2023,46.59,460.33,Wet,Unverified
Colombo,Yala,Taro,2023,85.96,981.59,Wet,Unverified
Colombo,Yala,Tomato,2023,62.53,804.69,Wet,Unverified
Colombo,Yala,Tomato,2023,68.46,856.65,Wet,Unverified
Colombo,Yala,Watermelon,2023,107.24,2213.65,Wet,Unverified
Colombo,Yala,Watermelon,2023,120.2,3031.64,Wet,Unverified
Colombo,Yala,Watermelon,2023,136.63,3017.42,Wet,Unverified
Colombo,Yala,Yam,2023,72.43,917.2,Wet,Unverified
Galle,Maha,Bitter Gourd,2023,50.06,514.52,Wet,Unverified
Galle,Maha,Black Gram,2023,48.62,264.1,Wet,Unverified
Galle,Maha,Brinjal,2023,61.52,732.33,Wet,Unverified
Galle,Maha,Carrot,2023,72.18,926.11,Wet,Supported envelope
Galle,Maha,Carrot,2023,81.51,1279.88,Wet,Supported envelope
Galle,Maha,Cassava,2023,137.38,4103.26,Wet,Supported envelope
Galle,Maha,Cassava,2023,134.8,3095.11,Wet,Supported envelope
Galle,Maha,Chilli,2023,32.14,247.79,Wet,Supported envelope
Galle,Maha,Coconut,2023,93.41,3506.08,Wet,Unverified
Galle,Maha,Cucumber,2023,73.39,1272.63,Wet,Unverified
Galle,Maha,Ginger,2023,46.27,487.05,Wet,Supported envelope
Galle,Maha,Ginger,2023,64.0,820.78,Wet,Supported envelope
Galle,Maha,Long Bean,2023,66.41,584.52,Wet,Unverified
Galle,Maha,Pepper,2023,23.45,111.29,Wet,Supported envelope
Galle,Maha,Red Onion,2023,48.87,492.05,Wet,Supported envelope
Galle,Maha,Red Onion,2023,83.44,957.07,Wet,Supported envelope
Galle,Maha,Rice,2023,101.11,1713.2,Wet,Unverified
Galle,Maha,Ridge Gourd,2023,43.36,437.65,Wet,Unverified
Galle,Maha,Sesame,2023,32.13,204.47,Wet,Unverified
Galle,Maha,Snake Gourd,2023,63.37,645.82,Wet,Unverified
Galle,Maha,Tomato,2023,49.94,741.61,Wet,Unverified
Galle,Maha,Tomato,2023,60.78,811.16,Wet,Unverified
Galle,Maha,Tomato,2023,65.13,919.61,Wet,Unverified
Galle,Yala,Banana,2023,176.7,6122.06,Wet,Unverified
Galle,Yala,Carrot,2023,66.71,1111.79,Wet,Supported envelope
Galle,Yala,Carrot,2023,67.89,855.16,Wet,Supported envelope
Galle,Yala,Chilli,2023,49.13,417.79,Wet,Supported envelope
Galle,Yala,Chilli,2023,59.63,382.09,Wet,Supported envelope
Galle,Yala,Chilli,2023,55.54,344.23,Wet,Supported envelope
Galle,Yala,Chilli,2023,86.7,807.64,Wet,Supported envelope
Galle,Yala,Coconut,2023,139.01,4514.43,Wet,Unverified
Galle,Yala,Long Bean,2023,52.55,516.85,Wet,Unverified
Galle,Yala,Mango,2023,124.46,3146.44,Wet,Unverified
Galle,Yala,Potato,2023,50.61,819.29,Wet,Supported envelope
Galle,Yala,Tea,2023,79.18,1787.88,Wet,Supported envelope
Galle,Yala,Tomato,2023,92.95,1107.0,Wet,Unverified
Galle,Yala,Watermelon,2023,138.25,2348.54,Wet,Unverified
Galle,Yala,Watermelon,2023,79.37,1932.78,Wet,Unverified
Gampaha,Maha,Ash Plantain,2023,242.66,7567.91,Wet,Unverified
Gampaha,Maha,Banana,2023,289.36,6637.27,Wet,Unverified
Gampaha,Maha,Banana,2023,206.41,6786.82,Wet,Unverified
Gampaha,Maha,Bitter Gourd,2023,99.98,902.26,Wet,Unverified
Gampaha,Maha,Cassava,2023,282.65,6578.34,Wet,Supported envelope
Gampaha,Maha,Chilli,2023,69.98,498.09,Wet,Supported envelope
Gampaha,Maha,Coconut,2023,268.99,8457.44,Wet,Unverified
Gampaha,Maha,Cowpea,2023,87.25,780.93,Wet,Supported envelope
Gampaha,Maha,Cucumber,2023,189.5,2721.9,Wet,Unverified
Gampaha,Maha,Green Gram,2023,84.61,686.44,Wet,Supported envelope
Gampaha,Maha,Green Gram,2023,48.75,317.79,Wet,Supported envelope
Gampaha,Maha,Mango,2023,166.88,4031.55,Wet,Unverified
Gampaha,Maha,Potato,2023,120.01,1998.37,Wet,Supported envelope
Gampaha,Maha,Ridge Gourd,2023,107.17,1077.04,Wet,Unverified
Gampaha,Maha,Ridge Gourd,2023,104.81,999.43,Wet,Unverified
Gampaha,Maha,Tomato,2023,112.52,1317.51,Wet,Unverified
Gampaha,Maha,Watermelon,2023,237.56,4526.53,Wet,Unverified
Gampaha,Maha,Yam,2023,183.76,2673.64,Wet,Unverified
Gampaha,Yala,Ash Plantain,2023,193.03,7634.81,Wet,Unverified
Gampaha,Yala,Ash Plantain,2023,201.32,7081.06,Wet,Unverified
Gampaha,Yala,Banana,2023,284.07,9033.03,Wet,Unverified
Gampaha,Yala,Banana,2023,243.49,6418.59,Wet,Unverified
Gampaha,Yala,Banana,2023,291.2,9028.27,Wet,Unverified
Gampaha,Yala,Bitter Gourd,2023,85.08,818.9,Wet,Unverified
Gampaha,Yala,Brinjal,2023,115.39,1495.96,Wet,Unverified
Gampaha,Yala,Carrot,2023,145.0,2662.82,Wet,Supported envelope
Gampaha,Yala,Carrot,2023,92.74,1208.94,Wet,Supported envelope
Gampaha,Yala,Carrot,2023,167.93,2407.24,Wet,Supported envelope
Gampaha,Yala,Cassava,2023,176.71,3768.91,Wet,Supported envelope
Gampaha,Yala,Cassava,2023,229.59,5415.87,Wet,Supported envelope
Gampaha,Yala,Chilli,2023,93.72,720.42,Wet,Supported envelope
Gampaha,Yala,Cowpea,2023,83.97,614.86,Wet,Supported envelope
Gampaha,Yala,Cucumber,2023,112.02,1605.99,Wet,Unverified
Gampaha,Yala,Cucumber,2023,107.67,1616.36,Wet,Unverified
Gampaha,Yala,Ginger,2023,113.08,1315.42,Wet,Supported envelope
Gampaha,Yala,Ginger,2023,121.02,1433.44,Wet,Supported envelope
Gampaha,Yala,Long Bean,2023,67.94,577.61,Wet,Unverified
Gampaha,Yala,Long Bean,2023,102.03,865.18,Wet,Unverified
Gampaha,Yala,Maize,2023,123.35,2144.57,Wet,Supported envelope
Gampaha,Yala,Maize,2023,126.76,2089.55,Wet,Supported envelope
Gampaha,Yala,Papaya,2023,260.78,6055.88,Wet,Unverified
Gampaha,Yala,Potato,2023,108.55,1624.81,Wet,Supported envelope
Gampaha,Yala,Pumpkin,2023,97.97,1599.83,Wet,Unverified
Gampaha,Yala,Pumpkin,2023,111.9,1793.82,Wet,Unverified
Gampaha,Yala,Red Onion,2023,118.23,1149.01,Wet,Supported envelope
Gampaha,Yala,Red Onion,2023,65.92,795.61,Wet,Supported envelope
Gampaha,Yala,Ridge Gourd,2023,127.94,1229.5,Wet,Unverified
Gampaha,Yala,Snake Gourd,2023,98.3,1128.09,Wet,Unverified
Gampaha,Yala,Tomato,2023,124.77,1799.7,Wet,Unverified
Gampaha,Yala,Watermelon,2023,166.56,3101.1,Wet,Unverified
Gampaha,Yala,Watermelon,2023,200.69,4357.69,Wet,Unverified
Hambantota,Maha,Ash Plantain,2023,254.84,7934.11,Dry/Intermediate,Unverified
Hambantota,Maha,Ash Plantain,2023,210.35,6657.37,Dry/Intermediate,Unverified
Hambantota,Maha,Ash Plantain,2023,166.93,4812.11,Dry/Intermediate,Unverified
Hambantota,Maha,Banana,2023,225.33,6269.55,Dry/Intermediate,Unverified
Hambantota,Maha,Banana,2023,148.26,4471.4,Dry/Intermediate,Unverified
Hambantota,Maha,Brinjal,2023,77.01,1152.19,Dry/Intermediate,Unverified
Hambantota,Maha,Carrot,2023,98.38,1502.59,Dry/Intermediate,Supported envelope
Hambantota,Maha,Carrot,2023,112.37,1520.07,Dry/Intermediate,Supported envelope
Hambantota,Maha,Carrot,2023,84.9,1191.65,Dry/Intermediate,Supported envelope
Hambantota,Maha,Carrot,2023,185.19,2748.55,Dry/Intermediate,Supported envelope
Hambantota,Maha,Carrot,2023,169.05,2580.37,Dry/Intermediate,Supported envelope
Hambantota,Maha,Chilli,2023,79.19,694.83,Dry/Intermediate,Supported envelope
Hambantota,Maha,Chilli,2023,89.89,699.38,Dry/Intermediate,Supported envelope
Hambantota,Maha,Groundnut,2023,64.41,728.34,Dry/Intermediate,Supported envelope
Hambantota,Maha,Papaya,2023,178.45,5418.7,Dry/Intermediate,Unverified
Hambantota,Maha,Red Onion,2023,75.49,775.19,Dry/Intermediate,Supported envelope
Hambantota,Maha,Taro,2023,93.82,1173.82,Dry/Intermediate,Unverified
Hambantota,Maha,Turmeric,2023,97.89,934.49,Dry/Intermediate,Supported envelope
Hambantota,Maha,Watermelon,2023,161.51,3889.52,Dry/Intermediate,Unverified
Hambantota,Maha,Yam,2023,201.12,2828.82,Dry/Intermediate,Unverified
Hambantota,Yala,Banana,2023,161.35,5116.18,Dry/Intermediate,Unverified
Hambantota,Yala,Banana,2023,152.41,4241.1,Dry/Intermediate,Unverified
Hambantota,Yala,Banana,2023,212.38,6261.44,Dry/Intermediate,Unverified
Hambantota,Yala,Banana,2023,215.2,6486.51,Dry/Intermediate,Unverified
Hambantota,Yala,Big Onion,2023,39.27,424.72,Dry/Intermediate,Supported envelope
Hambantota,Yala,Carrot,2023,106.15,1743.18,Dry/Intermediate,Supported envelope
Hambantota,Yala,Chilli,2023,77.16,702.59,Dry/Intermediate,Supported envelope
Hambantota,Yala,Chilli,2023,88.64,729.58,Dry/Intermediate,Supported envelope
Hambantota,Yala,Chilli,2023,60.45,499.74,Dry/Intermediate,Supported envelope
Hambantota,Yala,Chilli,2023,81.94,696.2,Dry/Intermediate,Supported envelope
Hambantota,Yala,Chilli,2023,160.64,1223.22,Dry/Intermediate,Supported envelope
Hambantota,Yala,Cowpea,2023,33.37,308.02,Dry/Intermediate,Supported envelope
Hambantota,Yala,Green Gram,2023,71.42,457.67,Dry/Intermediate,Supported envelope
Hambantota,Yala,Maize,2023,125.15,1857.84,Dry/Intermediate,Supported envelope
Hambantota,Yala,Papaya,2023,163.92,4733.22,Dry/Intermediate,Unverified
Hambantota,Yala,Potato,2023,108.19,2474.84,Dry/Intermediate,Supported envelope
Hambantota,Yala,Red Onion,2023,73.07,653.31,Dry/Intermediate,Supported envelope
Hambantota,Yala,Rice,2023,116.52,2712.83,Dry/Intermediate,Unverified
Hambantota,Yala,Ridge Gourd,2023,73.55,855.2,Dry/Intermediate,Unverified
Hambantota,Yala,Sesame,2023,60.02,333.61,Dry/Intermediate,Unverified
Hambantota,Yala,Snake Gourd,2023,100.88,1069.21,Dry/Intermediate,Unverified
Hambantota,Yala,Sweet Potato,2023,92.23,1333.23,Dry/Intermediate,Supported envelope
Hambantota,Yala,Tomato,2023,67.79,982.38,Dry/Intermediate,Unverified
Hambantota,Yala,Tomato,2023,115.05,1362.49,Dry/Intermediate,Unverified
Hambantota,Yala,Tomato,2023,75.75,1074.16,Dry/Intermediate,Unverified
Hambantota,Yala,Watermelon,2023,267.16,5063.13,Dry/Intermediate,Unverified
Hambantota,Yala,Watermelon,2023,326.96,5770.17,Dry/Intermediate,Unverified
Hambantota,Yala,Watermelon,2023,341.85,6872.85,Dry/Intermediate,Unverified
Hambantota,Yala,Watermelon,2023,230.35,4726.23,Dry/Intermediate,Unverified
Jaffna,Maha,Ash Plantain,2023,317.53,11140.53,Dry,Unverified
Jaffna,Maha,Banana,2023,208.59,7747.89,Dry,Unverified
Jaffna,Maha,Banana,2023,270.07,8469.52,Dry,Unverified
Jaffna,Maha,Banana,2023,286.27,10051.79,Dry,Unverified
Jaffna,Maha,Banana,2023,231.34,8009.11,Dry,Unverified
Jaffna,Maha,Banana,2023,197.74,5216.71,Dry,Unverified
Jaffna,Maha,Banana,2023,219.06,7191.76,Dry,Unverified
Jaffna,Maha,Bitter Gourd,2023,132.45,1265.69,Dry,Unverified
Jaffna,Maha,Brinjal,2023,75.66,877.04,Dry,Unverified
Jaffna,Maha,Carrot,2023,103.24,1469.34,Dry,Supported envelope
Jaffna,Maha,Carrot,2023,104.81,1463.84,Dry,Supported envelope
Jaffna,Maha,Chilli,2023,60.95,448.95,Dry,Supported envelope
Jaffna,Maha,Chilli,2023,53.4,445.82,Dry,Supported envelope
Jaffna,Maha,Chilli,2023,97.06,859.16,Dry,Supported envelope
Jaffna,Maha,Chilli,2023,75.53,549.99,Dry,Supported envelope
Jaffna,Maha,Chilli,2023,39.88,334.19,Dry,Supported envelope
Jaffna,Maha,Coconut,2023,238.13,8669.65,Dry,Unverified
Jaffna,Maha,Coconut,2023,203.8,5725.98,Dry,Unverified
Jaffna,Maha,Cowpea,2023,68.76,524.12,Dry,Supported envelope
Jaffna,Maha,Cucumber,2023,81.7,1278.03,Dry,Unverified
Jaffna,Maha,Green Gram,2023,110.91,690.2,Dry,Supported envelope
Jaffna,Maha,Maize,2023,110.41,1515.53,Dry,Supported envelope
Jaffna,Maha,Papaya,2023,259.14,5863.08,Dry,Unverified
Jaffna,Maha,Red Onion,2023,140.13,1397.93,Dry,Supported envelope
Jaffna,Maha,Red Onion,2023,167.66,1773.85,Dry,Supported envelope
Jaffna,Maha,Rice,2023,130.38,3390.82,Dry,Unverified
Jaffna,Maha,Sesame,2023,40.92,226.6,Dry,Unverified
Jaffna,Maha,Snake Gourd,2023,108.1,1212.54,Dry,Unverified
Jaffna,Maha,Sweet Potato,2023,136.38,1829.03,Dry,Supported envelope
Jaffna,Maha,Sweet Potato,2023,113.66,1584.32,Dry,Supported envelope
Jaffna,Maha,Tomato,2023,137.2,1425.05,Dry,Unverified
Jaffna,Maha,Watermelon,2023,243.18,4498.84,Dry,Unverified
Jaffna,Maha,Watermelon,2023,108.04,2247.84,Dry,Unverified
Jaffna,Yala,Banana,2023,199.06,6547.92,Dry,Unverified
Jaffna,Yala,Brinjal,2023,124.92,1670.8,Dry,Unverified
Jaffna,Yala,Carrot,2023,68.89,1259.0,Dry,Supported envelope
Jaffna,Yala,Cassava,2023,119.89,3355.77,Dry,Supported envelope
Jaffna,Yala,Chilli,2023,61.72,470.19,Dry,Supported envelope
Jaffna,Yala,Coconut,2023,234.52,7401.17,Dry,Unverified
Jaffna,Yala,Coconut,2023,260.14,9544.59,Dry,Unverified
Jaffna,Yala,Coconut,2023,287.42,9034.75,Dry,Unverified
Jaffna,Yala,Cucumber,2023,120.94,1968.39,Dry,Unverified
Jaffna,Yala,Ginger,2023,79.88,846.63,Dry,Supported envelope
Jaffna,Yala,Green Gram,2023,103.8,785.13,Dry,Supported envelope
Jaffna,Yala,Long Bean,2023,80.08,628.66,Dry,Unverified
Jaffna,Yala,Maize,2023,103.98,1606.59,Dry,Supported envelope
Jaffna,Yala,Okra,2023,91.54,957.05,Dry,Unverified
Jaffna,Yala,Pumpkin,2023,184.15,2185.87,Dry,Unverified
Jaffna,Yala,Rice,2023,107.58,2516.9,Dry,Unverified
Jaffna,Yala,Sesame,2023,67.79,348.05,Dry,Unverified
Jaffna,Yala,Soybean,2023,87.67,702.32,Dry,Unverified
Jaffna,Yala,Soybean,2023,60.75,581.33,Dry,Unverified
Jaffna,Yala,Soybean,2023,64.42,576.6,Dry,Unverified
Jaffna,Yala,Taro,2023,81.47,979.77,Dry,Unverified
Jaffna,Yala,Tomato,2023,91.37,1437.92,Dry,Unverified
Jaffna,Yala,Watermelon,2023,155.15,3457.95,Dry,Unverified
Jaffna,Yala,Watermelon,2023,173.96,3414.79,Dry,Unverified
Jaffna,Yala,Yam,2023,81.33,1117.53,Dry,Unverified
Jaffna,Yala,Yam,2023,93.45,1194.94,Dry,Unverified
Jaffna,Yala,Yam,2023,104.91,1478.26,Dry,Unverified
Kalutara,Maha,Ash Plantain,2023,162.92,5157.96,Wet,Unverified
Kalutara,Maha,Banana,2023,222.89,6471.04,Wet,Unverified
Kalutara,Maha,Banana,2023,203.47,6721.17,Wet,Unverified
Kalutara,Maha,Banana,2023,182.05,5307.6,Wet,Unverified
Kalutara,Maha,Brinjal,2023,98.12,1186.93,Wet,Unverified
Kalutara,Maha,Carrot,2023,114.58,2121.87,Wet,Supported envelope
Kalutara,Maha,Carrot,2023,192.9,2916.67,Wet,Supported envelope
Kalutara,Maha,Cassava,2023,259.26,5042.18,Wet,Supported envelope
Kalutara,Maha,Chilli,2023,91.69,728.36,Wet,Supported envelope
Kalutara,Maha,Chilli,2023,71.59,510.06,Wet,Supported envelope
Kalutara,Maha,Cinnamon,2023,53.88,235.64,Wet,Supported envelope
Kalutara,Maha,Cinnamon,2023,61.1,282.36,Wet,Supported envelope
Kalutara,Maha,Coconut,2023,240.15,7234.28,Wet,Unverified
Kalutara,Maha,Ginger,2023,86.6,947.54,Wet,Supported envelope
Kalutara,Maha,Ginger,2023,131.32,1452.08,Wet,Supported envelope
Kalutara,Maha,Ginger,2023,69.02,680.84,Wet,Supported envelope
Kalutara,Maha,Long Bean,2023,57.8,489.26,Wet,Unverified
Kalutara,Maha,Long Bean,2023,115.4,1169.1,Wet,Unverified
Kalutara,Maha,Okra,2023,68.73,492.92,Wet,Unverified
Kalutara,Maha,Potato,2023,98.85,1998.62,Wet,Supported envelope
Kalutara,Maha,Potato,2023,108.38,2755.51,Wet,Supported envelope
Kalutara,Maha,Red Onion,2023,65.76,556.46,Wet,Supported envelope
Kalutara,Maha,Ridge Gourd,2023,80.4,917.53,Wet,Unverified
Kalutara,Maha,Ridge Gourd,2023,84.08,742.24,Wet,Unverified
Kalutara,Maha,Sesame,2023,37.04,210.64,Wet,Unverified
Kalutara,Maha,Snake Gourd,2023,73.17,691.0,Wet,Unverified
Kalutara,Maha,Soybean,2023,123.53,1417.9,Wet,Unverified
Kalutara,Maha,Sweet Potato,2023,74.84,775.21,Wet,Supported envelope
Kalutara,Maha,Taro,2023,84.51,1029.29,Wet,Unverified
Kalutara,Maha,Taro,2023,100.39,999.68,Wet,Unverified
Kalutara,Maha,Taro,2023,118.0,1870.61,Wet,Unverified
Kalutara,Maha,Tea,2023,219.01,5256.96,Wet,Supported envelope
Kalutara,Maha,Watermelon,2023,96.36,1809.98,Wet,Unverified
Kalutara,Maha,Watermelon,2023,127.84,2276.91,Wet,Unverified
Kalutara,Maha,Watermelon,2023,172.08,3092.94,Wet,Unverified
Kalutara,Yala,Ash Plantain,2023,214.27,6158.93,Wet,Unverified
Kalutara,Yala,Banana,2023,224.16,6370.67,Wet,Unverified
Kalutara,Yala,Banana,2023,263.18,10422.22,Wet,Unverified
Kalutara,Yala,Bitter Gourd,2023,95.27,1068.23,Wet,Unverified
Kalutara,Yala,Brinjal,2023,80.51,856.91,Wet,Unverified
Kalutara,Yala,Carrot,2023,86.5,1775.69,Wet,Supported envelope
Kalutara,Yala,Carrot,2023,76.4,1180.85,Wet,Supported envelope
Kalutara,Yala,Coconut,2023,252.7,7686.66,Wet,Unverified
Kalutara,Yala,Long Bean,2023,101.68,840.42,Wet,Unverified
Kalutara,Yala,Long Bean,2023,89.82,839.09,Wet,Unverified
Kalutara,Yala,Potato,2023,84.38,1515.46,Wet,Supported envelope
Kalutara,Yala,Potato,2023,124.75,2233.16,Wet,Supported envelope
Kalutara,Yala,Pumpkin,2023,174.08,2272.03,Wet,Unverified
Kalutara,Yala,Red Onion,2023,67.89,798.87,Wet,Supported envelope
Kalutara,Yala,Red Onion,2023,84.22,929.64,Wet,Supported envelope
Kalutara,Yala,Sweet Potato,2023,167.79,2204.52,Wet,Supported envelope
Kalutara,Yala,Watermelon,2023,136.0,2271.91,Wet,Unverified
Kalutara,Yala,Watermelon,2023,128.02,2672.53,Wet,Unverified
Kalutara,Yala,Watermelon,2023,141.5,2683.2,Wet,Unverified
Kalutara,Yala,Watermelon,2023,134.61,2640.08,Wet,Unverified
Kandy,Maha,Ash Plantain,2023,251.56,7898.92,Up-country Wet/Intermediate,Unverified
Kandy,Maha,Banana,2023,214.11,7003.55,Up-country Wet/Intermediate,Unverified
Kandy,Maha,Banana,2023,176.29,5405.82,Up-country Wet/Intermediate,Unverified
Kandy,Maha,Beans,2023,104.41,1005.99,Up-country Wet/Intermediate,Supported envelope
Kandy,Maha,Beans,2023,82.21,830.41,Up-country Wet/Intermediate,Supported envelope
Kandy,Maha,Beans,2023,94.57,1051.89,Up-country Wet/Intermediate,Supported envelope
Kandy,Maha,Beans,2023,88.17,1098.21,Up-country Wet/Intermediate,Supported envelope
Kandy,Maha,Bitter Gourd,2023,77.49,807.4,Up-country Wet/Intermediate,Unverified
Kandy,Maha,Brinjal,2023,68.15,834.73,Up-country Wet/Intermediate,Unverified
Kandy,Maha,Carrot,2023,171.35,2745.04,Up-country Wet/Intermediate,Supported envelope
Kandy,Maha,Carrot,2023,128.3,2041.74,Up-country Wet/Intermediate,Supported envelope
Kandy,Maha,Carrot,2023,126.17,1968.6,Up-country Wet/Intermediate,Supported envelope
Kandy,Maha,Carrot,2023,111.95,1821.17,Up-country Wet/Intermediate,Supported envelope
Kandy,Maha,Cassava,2023,123.35,2579.01,Up-country Wet/Intermediate,Supported envelope
Kandy,Maha,Cassava,2023,199.02,3986.63,Up-country Wet/Intermediate,Supported envelope
Kandy,Maha,Chilli,2023,99.43,700.04,Up-country Wet/Intermediate,Supported envelope
Kandy,Maha,Coconut,2023,162.83,5382.87,Up-country Wet/Intermediate,Unverified
Kandy,Maha,Cowpea,2023,54.65,405.85,Up-country Wet/Intermediate,Supported envelope
Kandy,Maha,Green Gram,2023,47.88,404.15,Up-country Wet/Intermediate,Supported envelope
Kandy,Maha,Leeks,2023,119.97,1430.88,Up-country Wet/Intermediate,Supported envelope
Kandy,Maha,Leeks,2023,79.53,837.83,Up-country Wet/Intermediate,Supported envelope
Kandy,Maha,Long Bean,2023,97.67,737.72,Up-country Wet/Intermediate,Unverified
Kandy,Maha,Long Bean,2023,60.24,488.45,Up-country Wet/Intermediate,Unverified
Kandy,Maha,Okra,2023,100.03,804.61,Up-country Wet/Intermediate,Unverified
Kandy,Maha,Okra,2023,63.52,479.17,Up-country Wet/Intermediate,Unverified
Kandy,Maha,Papaya,2023,144.74,3923.78,Up-country Wet/Intermediate,Unverified
Kandy,Maha,Papaya,2023,239.31,5221.56,Up-country Wet/Intermediate,Unverified
Kandy,Maha,Pumpkin,2023,124.41,2725.12,Up-country Wet/Intermediate,Unverified
Kandy,Maha,Pumpkin,2023,145.64,2327.45,Up-country Wet/Intermediate,Unverified
Kandy,Maha,Ridge Gourd,2023,84.84,882.82,Up-country Wet/Intermediate,Unverified
Kandy,Maha,Soybean,2023,94.25,911.63,Up-country Wet/Intermediate,Unverified
Kandy,Maha,Tomato,2023,79.56,1415.88,Up-country Wet/Intermediate,Unverified
Kandy,Maha,Tomato,2023,125.34,1590.78,Up-country Wet/Intermediate,Unverified
Kandy,Maha,Turmeric,2023,97.59,1059.87,Up-country Wet/Intermediate,Supported envelope
Kandy,Maha,Watermelon,2023,128.47,2419.79,Up-country Wet/Intermediate,Unverified
Kandy,Maha,Watermelon,2023,135.1,2196.67,Up-country Wet/Intermediate,Unverified
Kandy,Maha,Watermelon,2023,80.72,1438.12,Up-country Wet/Intermediate,Unverified
Kandy,Maha,Watermelon,2023,109.72,2868.45,Up-country Wet/Intermediate,Unverified
Kandy,Maha,Yam,2023,104.69,1475.02,Up-country Wet/Intermediate,Unverified
Kandy,Yala,Banana,2023,165.35,5014.21,Up-country Wet/Intermediate,Unverified
Kandy,Yala,Beans,2023,98.02,883.2,Up-country Wet/Intermediate,Supported envelope
Kandy,Yala,Beans,2023,113.13,1064.74,Up-country Wet/Intermediate,Supported envelope
Kandy,Yala,Big Onion,2023,102.02,1069.84,Up-country Wet/Intermediate,Supported envelope
Kandy,Yala,Big Onion,2023,76.02,769.14,Up-country Wet/Intermediate,Supported envelope
Kandy,Yala,Big Onion,2023,94.68,815.56,Up-country Wet/Intermediate,Supported envelope
Kandy,Yala,Carrot,2023,130.82,1778.96,Up-country Wet/Intermediate,Supported envelope
Kandy,Yala,Chilli,2023,61.79,497.41,Up-country Wet/Intermediate,Supported envelope
Kandy,Yala,Chilli,2023,68.41,523.41,Up-country Wet/Intermediate,Supported envelope
Kandy,Yala,Chilli,2023,62.66,552.59,Up-country Wet/Intermediate,Supported envelope
Kandy,Yala,Cucumber,2023,114.11,1511.09,Up-country Wet/Intermediate,Unverified
Kandy,Yala,Ginger,2023,129.82,1339.55,Up-country Wet/Intermediate,Supported envelope
Kandy,Yala,Green Gram,2023,73.78,591.32,Up-country Wet/Intermediate,Supported envelope
Kandy,Yala,Leeks,2023,110.1,1343.41,Up-country Wet/Intermediate,Supported envelope
Kandy,Yala,Leeks,2023,125.07,1357.64,Up-country Wet/Intermediate,Supported envelope
Kandy,Yala,Leeks,2023,144.63,1986.38,Up-country Wet/Intermediate,Supported envelope
Kandy,Yala,Mango,2023,136.4,3108.71,Up-country Wet/Intermediate,Unverified
Kandy,Yala,Papaya,2023,160.21,4434.92,Up-country Wet/Intermediate,Unverified
Kandy,Yala,Papaya,2023,184.41,4143.6,Up-country Wet/Intermediate,Unverified
Kandy,Yala,Rice,2023,89.76,1736.37,Up-country Wet/Intermediate,Unverified
Kandy,Yala,Ridge Gourd,2023,91.42,1017.24,Up-country Wet/Intermediate,Unverified
Kandy,Yala,Soybean,2023,119.21,1133.18,Up-country Wet/Intermediate,Unverified
Kandy,Yala,Soybean,2023,53.05,481.84,Up-country Wet/Intermediate,Unverified
Kandy,Yala,Taro,2023,91.39,1095.7,Up-country Wet/Intermediate,Unverified
Kandy,Yala,Taro,2023,94.23,1269.01,Up-country Wet/Intermediate,Unverified
Kandy,Yala,Tea,2023,298.6,7799.22,Up-country Wet/Intermediate,Supported envelope
Kandy,Yala,Tea,2023,318.68,8156.41,Up-country Wet/Intermediate,Supported envelope
Kandy,Yala,Tea,2023,203.08,6477.14,Up-country Wet/Intermediate,Supported envelope
Kandy,Yala,Turmeric,2023,93.53,1331.98,Up-country Wet/Intermediate,Supported envelope
Kandy,Yala,Watermelon,2023,136.93,3297.07,Up-country Wet/Intermediate,Unverified
Kegalle,Maha,Ash Plantain,2023,194.6,6740.64,Wet/Intermediate,Unverified
Kegalle,Maha,Banana,2023,207.58,5931.45,Wet/Intermediate,Unverified
Kegalle,Maha,Banana,2023,250.86,7168.57,Wet/Intermediate,Unverified
Kegalle,Maha,Banana,2023,131.95,3951.76,Wet/Intermediate,Unverified
Kegalle,Maha,Beans,2023,84.17,822.51,Wet/Intermediate,Supported envelope
Kegalle,Maha,Beans,2023,72.99,754.12,Wet/Intermediate,Supported envelope
Kegalle,Maha,Beans,2023,87.95,967.7,Wet/Intermediate,Supported envelope
Kegalle,Maha,Beans,2023,58.6,709.55,Wet/Intermediate,Supported envelope
Kegalle,Maha,Bitter Gourd,2023,92.02,968.76,Wet/Intermediate,Unverified
Kegalle,Maha,Carrot,2023,68.36,1001.39,Wet/Intermediate,Supported envelope
Kegalle,Maha,Carrot,2023,93.99,1447.08,Wet/Intermediate,Supported envelope
Kegalle,Maha,Carrot,2023,112.82,2031.49,Wet/Intermediate,Supported envelope
Kegalle,Maha,Cassava,2023,98.05,2612.57,Wet/Intermediate,Supported envelope
Kegalle,Maha,Chilli,2023,56.7,447.05,Wet/Intermediate,Supported envelope
Kegalle,Maha,Chilli,2023,49.01,388.69,Wet/Intermediate,Supported envelope
Kegalle,Maha,Chilli,2023,49.49,315.0,Wet/Intermediate,Supported envelope
Kegalle,Maha,Chilli,2023,61.43,487.24,Wet/Intermediate,Supported envelope
Kegalle,Maha,Ginger,2023,93.33,1095.85,Wet/Intermediate,Supported envelope
Kegalle,Maha,Green Gram,2023,64.92,453.03,Wet/Intermediate,Supported envelope
Kegalle,Maha,Pepper,2023,33.37,182.12,Wet/Intermediate,Supported envelope
Kegalle,Maha,Pepper,2023,62.44,241.91,Wet/Intermediate,Supported envelope
Kegalle,Maha,Pineapple,2023,143.51,2709.8,Wet/Intermediate,Supported envelope
Kegalle,Maha,Pineapple,2023,189.59,4614.3,Wet/Intermediate,Supported envelope
Kegalle,Maha,Potato,2023,160.43,3170.7,Wet/Intermediate,Supported envelope
Kegalle,Maha,Potato,2023,134.59,2712.32,Wet/Intermediate,Supported envelope
Kegalle,Maha,Red Onion,2023,72.55,713.92,Wet/Intermediate,Supported envelope
Kegalle,Maha,Red Onion,2023,62.93,569.18,Wet/Intermediate,Supported envelope
Kegalle,Maha,Rice,2023,113.59,2305.13,Wet/Intermediate,Unverified
Kegalle,Maha,Ridge Gourd,2023,52.77,513.66,Wet/Intermediate,Unverified
Kegalle,Maha,Snake Gourd,2023,87.64,856.75,Wet/Intermediate,Unverified
Kegalle,Maha,Soybean,2023,52.26,507.48,Wet/Intermediate,Unverified
Kegalle,Maha,Taro,2023,86.98,1097.61,Wet/Intermediate,Unverified
Kegalle,Maha,Turmeric,2023,104.17,1116.4,Wet/Intermediate,Supported envelope
Kegalle,Maha,Turmeric,2023,90.67,826.53,Wet/Intermediate,Supported envelope
Kegalle,Maha,Watermelon,2023,131.72,2489.19,Wet/Intermediate,Unverified
Kegalle,Maha,Watermelon,2023,104.16,1959.28,Wet/Intermediate,Unverified
Kegalle,Yala,Ash Plantain,2023,160.1,4314.96,Wet/Intermediate,Unverified
Kegalle,Yala,Banana,2023,409.55,12010.14,Wet/Intermediate,Unverified
Kegalle,Yala,Banana,2023,174.37,4564.25,Wet/Intermediate,Unverified
Kegalle,Yala,Beans,2023,97.34,811.63,Wet/Intermediate,Supported envelope
Kegalle,Yala,Bitter Gourd,2023,58.39,574.96,Wet/Intermediate,Unverified
Kegalle,Yala,Carrot,2023,112.24,1705.18,Wet/Intermediate,Supported envelope
Kegalle,Yala,Cassava,2023,127.5,2666.05,Wet/Intermediate,Supported envelope
Kegalle,Yala,Cassava,2023,142.69,3844.65,Wet/Intermediate,Supported envelope
Kegalle,Yala,Cauliflower,2023,86.76,1090.71,Wet/Intermediate,Supported envelope
Kegalle,Yala,Chilli,2023,71.71,558.32,Wet/Intermediate,Supported envelope
Kegalle,Yala,Chilli,2023,89.16,705.35,Wet/Intermediate,Supported envelope
Kegalle,Yala,Chilli,2023,37.07,324.62,Wet/Intermediate,Supported envelope
Kegalle,Yala,Chilli,2023,53.82,445.72,Wet/Intermediate,Supported envelope
Kegalle,Yala,Chilli,2023,61.97,479.77,Wet/Intermediate,Supported envelope
Kegalle,Yala,Chilli,2023,44.6,358.16,Wet/Intermediate,Supported envelope
Kegalle,Yala,Cinnamon,2023,33.61,147.78,Wet/Intermediate,Supported envelope
Kegalle,Yala,Green Gram,2023,40.1,274.8,Wet/Intermediate,Supported envelope
Kegalle,Yala,Maize,2023,78.6,1158.51,Wet/Intermediate,Supported envelope
Kegalle,Yala,Mango,2023,160.33,4163.38,Wet/Intermediate,Unverified
Kegalle,Yala,Okra,2023,78.02,644.53,Wet/Intermediate,Unverified
Kegalle,Yala,Pepper,2023,69.49,417.09,Wet/Intermediate,Supported envelope
Kegalle,Yala,Snake Gourd,2023,68.79,821.54,Wet/Intermediate,Unverified
Kegalle,Yala,Soybean,2023,103.39,980.89,Wet/Intermediate,Unverified
Kegalle,Yala,Taro,2023,73.8,950.59,Wet/Intermediate,Unverified
Kegalle,Yala,Watermelon,2023,140.47,2823.47,Wet/Intermediate,Unverified
Kilinochchi,Maha,Banana,2023,145.63,4942.22,Dry,Unverified
Kilinochchi,Maha,Big Onion,2023,80.97,800.43,Dry,Supported envelope
Kilinochchi,Maha,Big Onion,2023,44.8,457.59,Dry,Supported envelope
Kilinochchi,Maha,Bitter Gourd,2023,47.4,477.2,Dry,Unverified
Kilinochchi,Maha,Brinjal,2023,87.28,1085.18,Dry,Unverified
Kilinochchi,Maha,Carrot,2023,73.25,1249.9,Dry,Supported envelope
Kilinochchi,Maha,Carrot,2023,72.99,1003.83,Dry,Supported envelope
Kilinochchi,Maha,Carrot,2023,102.81,1567.52,Dry,Supported envelope
Kilinochchi,Maha,Carrot,2023,104.31,1731.39,Dry,Supported envelope
Kilinochchi,Maha,Carrot,2023,57.6,759.94,Dry,Supported envelope
Kilinochchi,Maha,Chilli,2023,38.82,355.41,Dry,Supported envelope
Kilinochchi,Maha,Chilli,2023,45.51,379.0,Dry,Supported envelope
Kilinochchi,Maha,Chilli,2023,34.39,260.57,Dry,Supported envelope
Kilinochchi,Maha,Coconut,2023,156.63,4841.5,Dry,Unverified
Kilinochchi,Maha,Cowpea,2023,67.8,491.06,Dry,Supported envelope
Kilinochchi,Maha,Cowpea,2023,48.05,354.62,Dry,Supported envelope
Kilinochchi,Maha,Green Gram,2023,35.32,289.9,Dry,Supported envelope
Kilinochchi,Maha,Maize,2023,87.62,1694.31,Dry,Supported envelope
Kilinochchi,Maha,Okra,2023,28.68,227.47,Dry,Unverified
Kilinochchi,Maha,Papaya,2023,139.95,2895.7,Dry,Unverified
Kilinochchi,Maha,Potato,2023,74.86,1309.3,Dry,Supported envelope
Kilinochchi,Maha,Pumpkin,2023,49.89,682.01,Dry,Unverified
Kilinochchi,Maha,Sesame,2023,45.19,245.82,Dry,Unverified
Kilinochchi,Maha,Snake Gourd,2023,54.53,632.71,Dry,Unverified
Kilinochchi,Maha,Soybean,2023,44.54,437.01,Dry,Unverified
Kilinochchi,Maha,Soybean,2023,46.2,411.72,Dry,Unverified
Kilinochchi,Maha,Sweet Potato,2023,79.58,776.19,Dry,Supported envelope
Kilinochchi,Maha,Watermelon,2023,115.06,3017.1,Dry,Unverified
Kilinochchi,Maha,Watermelon,2023,94.58,2043.54,Dry,Unverified
Kilinochchi,Maha,Watermelon,2023,145.03,3096.57,Dry,Unverified
Kilinochchi,Maha,Watermelon,2023,141.2,2881.88,Dry,Unverified
Kilinochchi,Maha,Watermelon,2023,64.97,1234.91,Dry,Unverified
Kilinochchi,Yala,Banana,2023,137.82,4485.34,Dry,Unverified
Kilinochchi,Yala,Banana,2023,216.57,7441.01,Dry,Unverified
Kilinochchi,Yala,Big Onion,2023,36.74,363.58,Dry,Supported envelope
Kilinochchi,Yala,Brinjal,2023,51.8,567.17,Dry,Unverified
Kilinochchi,Yala,Carrot,2023,71.05,1310.3,Dry,Supported envelope
Kilinochchi,Yala,Carrot,2023,64.14,937.18,Dry,Supported envelope
Kilinochchi,Yala,Carrot,2023,76.88,884.89,Dry,Supported envelope
Kilinochchi,Yala,Carrot,2023,48.76,807.95,Dry,Supported envelope
Kilinochchi,Yala,Cassava,2023,164.75,3811.77,Dry,Supported envelope
Kilinochchi,Yala,Chilli,2023,35.56,279.26,Dry,Supported envelope
Kilinochchi,Yala,Cowpea,2023,55.78,376.04,Dry,Supported envelope
Kilinochchi,Yala,Cucumber,2023,73.5,1197.63,Dry,Unverified
Kilinochchi,Yala,Green Gram,2023,59.69,413.51,Dry,Supported envelope
Kilinochchi,Yala,Long Bean,2023,78.16,672.52,Dry,Unverified
Kilinochchi,Yala,Mango,2023,109.71,2863.91,Dry,Unverified
Kilinochchi,Yala,Okra,2023,40.98,356.47,Dry,Unverified
Kilinochchi,Yala,Papaya,2023,98.9,2653.64,Dry,Unverified
Kilinochchi,Yala,Pumpkin,2023,76.89,1078.71,Dry,Unverified
Kilinochchi,Yala,Pumpkin,2023,126.77,1914.78,Dry,Unverified
Kilinochchi,Yala,Rice,2023,60.35,1207.56,Dry,Unverified
Kilinochchi,Yala,Sesame,2023,23.78,117.53,Dry,Unverified
Kilinochchi,Yala,Taro,2023,64.57,785.06,Dry,Unverified
Kilinochchi,Yala,Taro,2023,67.57,838.83,Dry,Unverified
Kilinochchi,Yala,Tomato,2023,92.36,1269.95,Dry,Unverified
Kilinochchi,Yala,Tomato,2023,55.32,955.27,Dry,Unverified
Kilinochchi,Yala,Turmeric,2023,63.72,587.71,Dry,Supported envelope
Kilinochchi,Yala,Turmeric,2023,40.25,355.68,Dry,Supported envelope
Kilinochchi,Yala,Watermelon,2023,104.9,1802.93,Dry,Unverified
Kilinochchi,Yala,Watermelon,2023,95.26,1634.47,Dry,Unverified
Kurunegala,Maha,Ash Plantain,2023,159.33,5189.53,Intermediate/Dry,Unverified
Kurunegala,Maha,Ash Plantain,2023,184.88,5591.08,Intermediate/Dry,Unverified
Kurunegala,Maha,Banana,2023,246.06,8952.38,Intermediate/Dry,Unverified
Kurunegala,Maha,Banana,2023,330.25,9881.41,Intermediate/Dry,Unverified
Kurunegala,Maha,Banana,2023,272.98,7662.16,Intermediate/Dry,Unverified
Kurunegala,Maha,Big Onion,2023,69.4,678.7,Intermediate/Dry,Supported envelope
Kurunegala,Maha,Bitter Gourd,2023,95.15,1011.22,Intermediate/Dry,Unverified
Kurunegala,Maha,Black Gram,2023,54.97,407.26,Intermediate/Dry,Unverified
Kurunegala,Maha,Carrot,2023,99.28,1500.72,Intermediate/Dry,Supported envelope
Kurunegala,Maha,Carrot,2023,99.23,1525.9,Intermediate/Dry,Supported envelope
Kurunegala,Maha,Carrot,2023,78.97,1406.78,Intermediate/Dry,Supported envelope
Kurunegala,Maha,Chilli,2023,55.2,410.23,Intermediate/Dry,Supported envelope
Kurunegala,Maha,Chilli,2023,94.03,639.88,Intermediate/Dry,Supported envelope
Kurunegala,Maha,Chilli,2023,53.71,393.72,Intermediate/Dry,Supported envelope
Kurunegala,Maha,Chilli,2023,44.05,484.11,Intermediate/Dry,Supported envelope
Kurunegala,Maha,Coconut,2023,375.08,10409.34,Intermediate/Dry,Unverified
Kurunegala,Maha,Cowpea,2023,38.55,252.91,Intermediate/Dry,Supported envelope
Kurunegala,Maha,Cucumber,2023,96.91,1367.52,Intermediate/Dry,Unverified
Kurunegala,Maha,Cucumber,2023,66.6,952.7,Intermediate/Dry,Unverified
Kurunegala,Maha,Cucumber,2023,91.21,1763.16,Intermediate/Dry,Unverified
Kurunegala,Maha,Groundnut,2023,67.88,771.79,Intermediate/Dry,Supported envelope
Kurunegala,Maha,Maize,2023,89.25,1278.06,Intermediate/Dry,Supported envelope
Kurunegala,Maha,Maize,2023,149.17,2639.33,Intermediate/Dry,Supported envelope
Kurunegala,Maha,Mango,2023,99.36,2325.96,Intermediate/Dry,Unverified
Kurunegala,Maha,Papaya,2023,102.25,2653.12,Intermediate/Dry,Unverified
Kurunegala,Maha,Pineapple,2023,217.83,4876.91,Intermediate/Dry,Supported envelope
Kurunegala,Maha,Rice,2023,251.76,5128.48,Intermediate/Dry,Unverified
Kurunegala,Maha,Ridge Gourd,2023,84.81,855.8,Intermediate/Dry,Unverified
Kurunegala,Maha,Sesame,2023,71.29,406.9,Intermediate/Dry,Unverified
Kurunegala,Maha,Soybean,2023,77.55,738.7,Intermediate/Dry,Unverified
Kurunegala,Maha,Soybean,2023,88.28,842.27,Intermediate/Dry,Unverified
Kurunegala,Maha,Soybean,2023,74.03,638.57,Intermediate/Dry,Unverified
Kurunegala,Maha,Turmeric,2023,52.05,517.54,Intermediate/Dry,Supported envelope
Kurunegala,Maha,Watermelon,2023,165.07,3566.47,Intermediate/Dry,Unverified
Kurunegala,Maha,Watermelon,2023,168.18,3051.39,Intermediate/Dry,Unverified
Kurunegala,Maha,Watermelon,2023,119.18,2135.53,Intermediate/Dry,Unverified
Kurunegala,Yala,Carrot,2023,119.59,1880.53,Intermediate/Dry,Supported envelope
Kurunegala,Yala,Chilli,2023,127.26,1082.69,Intermediate/Dry,Supported envelope
Kurunegala,Yala,Cucumber,2023,64.93,949.35,Intermediate/Dry,Unverified
Kurunegala,Yala,Maize,2023,107.04,1227.68,Intermediate/Dry,Supported envelope
Kurunegala,Yala,Papaya,2023,295.3,8414.64,Intermediate/Dry,Unverified
Kurunegala,Yala,Pineapple,2023,86.14,2337.81,Intermediate/Dry,Supported envelope
Kurunegala,Yala,Ridge Gourd,2023,48.69,438.41,Intermediate/Dry,Unverified
Kurunegala,Yala,Sesame,2023,49.15,315.98,Intermediate/Dry,Unverified
Kurunegala,Yala,Soybean,2023,64.58,638.84,Intermediate/Dry,Unverified
Kurunegala,Yala,Soybean,2023,80.36,760.73,Intermediate/Dry,Unverified
Kurunegala,Yala,Watermelon,2023,95.07,2200.98,Intermediate/Dry,Unverified
Kurunegala,Yala,Yam,2023,129.3,2264.21,Intermediate/Dry,Unverified
Mannar,Maha,Carrot,2023,192.76,3016.75,Dry,Supported envelope
Mannar,Maha,Carrot,2023,124.33,1989.1,Dry,Supported envelope
Mannar,Maha,Carrot,2023,103.1,1405.11,Dry,Supported envelope
Mannar,Maha,Chilli,2023,54.59,473.67,Dry,Supported envelope
Mannar,Maha,Cucumber,2023,145.6,1873.28,Dry,Unverified
Mannar,Maha,Mango,2023,332.79,7566.36,Dry,Unverified
Mannar,Maha,Mango,2023,143.21,3039.47,Dry,Unverified
Mannar,Maha,Papaya,2023,221.32,6577.19,Dry,Unverified
Mannar,Maha,Rice,2023,200.6,4328.23,Dry,Unverified
Mannar,Maha,Rice,2023,160.63,2954.63,Dry,Unverified
Mannar,Maha,Ridge Gourd,2023,145.33,1476.89,Dry,Unverified
Mannar,Maha,Ridge Gourd,2023,83.84,684.58,Dry,Unverified
Mannar,Maha,Soybean,2023,55.02,494.19,Dry,Unverified
Mannar,Maha,Tomato,2023,97.33,1800.48,Dry,Unverified
Mannar,Maha,Tomato,2023,106.82,1378.62,Dry,Unverified
Mannar,Maha,Turmeric,2023,132.31,1354.13,Dry,Supported envelope
Mannar,Maha,Yam,2023,122.44,1892.21,Dry,Unverified
Mannar,Yala,Ash Plantain,2023,195.86,6738.94,Dry,Unverified
Mannar,Yala,Ash Plantain,2023,195.69,5870.21,Dry,Unverified
Mannar,Yala,Big Onion,2023,109.35,1203.27,Dry,Supported envelope
Mannar,Yala,Carrot,2023,122.13,1849.74,Dry,Supported envelope
Mannar,Yala,Cassava,2023,222.92,4478.02,Dry,Supported envelope
Mannar,Yala,Chilli,2023,74.55,558.62,Dry,Supported envelope
Mannar,Yala,Cucumber,2023,111.71,1714.82,Dry,Unverified
Mannar,Yala,Ginger,2023,89.17,1177.03,Dry,Supported envelope
Mannar,Yala,Groundnut,2023,104.48,1151.22,Dry,Supported envelope
Mannar,Yala,Okra,2023,64.87,609.57,Dry,Unverified
Mannar,Yala,Potato,2023,274.24,4226.9,Dry,Supported envelope
Mannar,Yala,Red Onion,2023,79.03,766.74,Dry,Supported envelope
Mannar,Yala,Snake Gourd,2023,88.43,963.73,Dry,Unverified
Mannar,Yala,Watermelon,2023,199.78,3946.95,Dry,Unverified
Mannar,Yala,Watermelon,2023,332.3,5918.31,Dry,Unverified
Mannar,Yala,Watermelon,2023,165.05,3085.03,Dry,Unverified
Mannar,Yala,Watermelon,2023,107.23,2175.13,Dry,Unverified
Matale,Maha,Ash Plantain,2023,169.6,4695.71,Intermediate/Up-country,Unverified
Matale,Maha,Ash Plantain,2023,160.74,6606.56,Intermediate/Up-country,Unverified
Matale,Maha,Banana,2023,106.92,2815.57,Intermediate/Up-country,Unverified
Matale,Maha,Banana,2023,167.03,5517.34,Intermediate/Up-country,Unverified
Matale,Maha,Banana,2023,90.5,2909.81,Intermediate/Up-country,Unverified
Matale,Maha,Beans,2023,58.55,538.14,Intermediate/Up-country,Supported envelope
Matale,Maha,Beans,2023,53.84,696.08,Intermediate/Up-country,Supported envelope
Matale,Maha,Beans,2023,47.44,461.28,Intermediate/Up-country,Supported envelope
Matale,Maha,Beans,2023,58.7,617.55,Intermediate/Up-country,Supported envelope
Matale,Maha,Brinjal,2023,78.98,780.67,Intermediate/Up-country,Unverified
Matale,Maha,Cabbage,2023,74.9,1251.24,Intermediate/Up-country,Supported envelope
Matale,Maha,Cabbage,2023,132.9,2406.74,Intermediate/Up-country,Supported envelope
Matale,Maha,Cassava,2023,150.7,4113.91,Intermediate/Up-country,Supported envelope
Matale,Maha,Chilli,2023,60.09,509.56,Intermediate/Up-country,Supported envelope
Matale,Maha,Chilli,2023,38.62,305.38,Intermediate/Up-country,Supported envelope
Matale,Maha,Green Gram,2023,38.49,290.74,Intermediate/Up-country,Supported envelope
Matale,Maha,Leeks,2023,85.03,993.69,Intermediate/Up-country,Supported envelope
Matale,Maha,Long Bean,2023,62.33,499.71,Intermediate/Up-country,Unverified
Matale,Maha,Maize,2023,69.79,1622.34,Intermediate/Up-country,Supported envelope
Matale,Maha,Mango,2023,154.92,4136.72,Intermediate/Up-country,Unverified
Matale,Maha,Papaya,2023,140.78,4359.27,Intermediate/Up-country,Unverified
Matale,Maha,Rice,2023,117.03,1907.09,Intermediate/Up-country,Unverified
Matale,Maha,Sweet Potato,2023,66.52,751.22,Intermediate/Up-country,Supported envelope
Matale,Maha,Taro,2023,90.4,861.19,Intermediate/Up-country,Unverified
Matale,Maha,Taro,2023,116.45,1437.24,Intermediate/Up-country,Unverified
Matale,Maha,Taro,2023,74.66,867.93,Intermediate/Up-country,Unverified
Matale,Maha,Tea,2023,146.12,3099.02,Intermediate/Up-country,Supported envelope
Matale,Maha,Tea,2023,91.36,2340.47,Intermediate/Up-country,Supported envelope
Matale,Maha,Tomato,2023,81.34,1022.75,Intermediate/Up-country,Unverified
Matale,Maha,Turmeric,2023,95.83,899.94,Intermediate/Up-country,Supported envelope
Matale,Maha,Watermelon,2023,76.71,1608.01,Intermediate/Up-country,Unverified
Matale,Maha,Watermelon,2023,94.33,1945.68,Intermediate/Up-country,Unverified
Matale,Yala,Ash Plantain,2023,141.29,4277.99,Intermediate/Up-country,Unverified
Matale,Yala,Banana,2023,114.58,3831.98,Intermediate/Up-country,Unverified
Matale,Yala,Banana,2023,157.32,5599.68,Intermediate/Up-country,Unverified
Matale,Yala,Banana,2023,155.17,5157.92,Intermediate/Up-country,Unverified
Matale,Yala,Beans,2023,37.73,301.44,Intermediate/Up-country,Supported envelope
Matale,Yala,Beans,2023,95.16,1045.89,Intermediate/Up-country,Supported envelope
Matale,Yala,Beans,2023,59.56,600.88,Intermediate/Up-country,Supported envelope
Matale,Yala,Black Gram,2023,32.31,260.28,Intermediate/Up-country,Unverified
Matale,Yala,Brinjal,2023,73.83,793.93,Intermediate/Up-country,Unverified
Matale,Yala,Carrot,2023,49.96,688.78,Intermediate/Up-country,Supported envelope
Matale,Yala,Carrot,2023,100.77,1811.66,Intermediate/Up-country,Supported envelope
Matale,Yala,Chilli,2023,45.25,309.81,Intermediate/Up-country,Supported envelope
Matale,Yala,Chilli,2023,58.4,496.6,Intermediate/Up-country,Supported envelope
Matale,Yala,Chilli,2023,43.34,324.67,Intermediate/Up-country,Supported envelope
Matale,Yala,Chilli,2023,52.04,319.53,Intermediate/Up-country,Supported envelope
Matale,Yala,Green Gram,2023,64.36,518.81,Intermediate/Up-country,Supported envelope
Matale,Yala,Leeks,2023,51.06,587.7,Intermediate/Up-country,Supported envelope
Matale,Yala,Leeks,2023,36.64,497.4,Intermediate/Up-country,Supported envelope
Matale,Yala,Long Bean,2023,60.12,490.56,Intermediate/Up-country,Unverified
Matale,Yala,Pumpkin,2023,50.09,741.87,Intermediate/Up-country,Unverified
Matale,Yala,Pumpkin,2023,90.24,1709.74,Intermediate/Up-country,Unverified
Matale,Yala,Red Onion,2023,76.6,909.41,Intermediate/Up-country,Supported envelope
Matale,Yala,Red Onion,2023,66.8,580.65,Intermediate/Up-country,Supported envelope
Matale,Yala,Rice,2023,123.16,3074.77,Intermediate/Up-country,Unverified
Matale,Yala,Ridge Gourd,2023,48.86,395.71,Intermediate/Up-country,Unverified
Matale,Yala,Snake Gourd,2023,82.35,715.57,Intermediate/Up-country,Unverified
Matale,Yala,Soybean,2023,53.32,524.98,Intermediate/Up-country,Unverified
Matale,Yala,Sweet Potato,2023,84.38,853.61,Intermediate/Up-country,Supported envelope
Matale,Yala,Tea,2023,144.67,3099.22,Intermediate/Up-country,Supported envelope
Matale,Yala,Watermelon,2023,142.85,2672.56,Intermediate/Up-country,Unverified
Matale,Yala,Watermelon,2023,111.54,2123.76,Intermediate/Up-country,Unverified
Matale,Yala,Watermelon,2023,111.93,2143.83,Intermediate/Up-country,Unverified
Matale,Yala,Watermelon,2023,115.64,2368.24,Intermediate/Up-country,Unverified
Matara,Maha,Banana,2023,183.65,5603.09,Wet,Unverified
Matara,Maha,Banana,2023,279.11,9869.77,Wet,Unverified
Matara,Maha,Banana,2023,326.27,8496.91,Wet,Unverified
Matara,Maha,Big Onion,2023,82.28,914.3,Wet,Supported envelope
Matara,Maha,Bitter Gourd,2023,106.91,910.12,Wet,Unverified
Matara,Maha,Bitter Gourd,2023,117.49,1068.55,Wet,Unverified
Matara,Maha,Carrot,2023,221.6,3238.69,Wet,Supported envelope
Matara,Maha,Cassava,2023,149.28,3489.91,Wet,Supported envelope
Matara,Maha,Chilli,2023,76.31,556.61,Wet,Supported envelope
Matara,Maha,Coconut,2023,239.69,8775.73,Wet,Unverified
Matara,Maha,Cowpea,2023,79.35,636.61,Wet,Supported envelope
Matara,Maha,Cucumber,2023,125.6,1747.48,Wet,Unverified
Matara,Maha,Green Gram,2023,73.65,528.0,Wet,Supported envelope
Matara,Maha,Groundnut,2023,92.27,930.28,Wet,Supported envelope
Matara,Maha,Groundnut,2023,109.16,1286.46,Wet,Supported envelope
Matara,Maha,Mango,2023,166.07,3958.4,Wet,Unverified
Matara,Maha,Mango,2023,120.93,2648.82,Wet,Unverified
Matara,Maha,Papaya,2023,169.74,4249.37,Wet,Unverified
Matara,Maha,Pepper,2023,60.4,367.33,Wet,Supported envelope
Matara,Maha,Pepper,2023,49.54,256.27,Wet,Supported envelope
Matara,Maha,Potato,2023,152.46,2806.83,Wet,Supported envelope
Matara,Maha,Potato,2023,128.65,2181.25,Wet,Supported envelope
Matara,Maha,Ridge Gourd,2023,65.92,599.32,Wet,Unverified
Matara,Maha,Sesame,2023,66.25,412.0,Wet,Unverified
Matara,Maha,Sesame,2023,72.84,296.68,Wet,Unverified
Matara,Maha,Sweet Potato,2023,135.04,1700.37,Wet,Supported envelope
Matara,Maha,Taro,2023,135.21,1705.77,Wet,Unverified
Matara,Maha,Tea,2023,187.02,5034.91,Wet,Supported envelope
Matara,Maha,Tomato,2023,84.85,1179.79,Wet,Unverified
Matara,Maha,Watermelon,2023,166.76,3013.65,Wet,Unverified
Matara,Maha,Watermelon,2023,141.01,2584.69,Wet,Unverified
Matara,Maha,Watermelon,2023,261.89,3821.13,Wet,Unverified
Matara,Maha,Watermelon,2023,219.6,4189.38,Wet,Unverified
Matara,Maha,Watermelon,2023,159.75,2808.62,Wet,Unverified
Matara,Maha,Watermelon,2023,164.11,2912.79,Wet,Unverified
Matara,Yala,Ash Plantain,2023,265.24,8398.19,Wet,Unverified
Matara,Yala,Banana,2023,194.44,6323.0,Wet,Unverified
Matara,Yala,Big Onion,2023,87.88,1000.24,Wet,Supported envelope
Matara,Yala,Black Gram,2023,90.95,545.9,Wet,Unverified
Matara,Yala,Brinjal,2023,70.06,974.98,Wet,Unverified
Matara,Yala,Carrot,2023,115.03,1886.02,Wet,Supported envelope
Matara,Yala,Carrot,2023,110.6,1358.78,Wet,Supported envelope
Matara,Yala,Cassava,2023,157.12,3271.59,Wet,Supported envelope
Matara,Yala,Cassava,2023,189.16,3978.31,Wet,Supported envelope
Matara,Yala,Chilli,2023,79.43,481.62,Wet,Supported envelope
Matara,Yala,Chilli,2023,67.02,497.53,Wet,Supported envelope
Matara,Yala,Chilli,2023,45.78,334.68,Wet,Supported envelope
Matara,Yala,Chilli,2023,76.3,649.51,Wet,Supported envelope
Matara,Yala,Cinnamon,2023,99.41,468.17,Wet,Supported envelope
Matara,Yala,Cinnamon,2023,83.68,349.71,Wet,Supported envelope
Matara,Yala,Cowpea,2023,62.55,420.33,Wet,Supported envelope
Matara,Yala,Cowpea,2023,57.39,384.8,Wet,Supported envelope
Matara,Yala,Groundnut,2023,93.53,992.87,Wet,Supported envelope
Matara,Yala,Long Bean,2023,76.58,717.72,Wet,Unverified
Matara,Yala,Okra,2023,89.82,732.34,Wet,Unverified
Matara,Yala,Pepper,2023,42.93,221.53,Wet,Supported envelope
Matara,Yala,Pepper,2023,40.76,167.69,Wet,Supported envelope
Matara,Yala,Pepper,2023,49.36,263.32,Wet,Supported envelope
Matara,Yala,Potato,2023,187.62,3275.51,Wet,Supported envelope
Matara,Yala,Potato,2023,175.83,3870.5,Wet,Supported envelope
Matara,Yala,Pumpkin,2023,130.84,1845.96,Wet,Unverified
Matara,Yala,Pumpkin,2023,182.16,3022.49,Wet,Unverified
Matara,Yala,Red Onion,2023,69.23,631.7,Wet,Supported envelope
Matara,Yala,Snake Gourd,2023,58.81,617.61,Wet,Unverified
Matara,Yala,Snake Gourd,2023,73.6,834.05,Wet,Unverified
Matara,Yala,Taro,2023,120.11,1093.89,Wet,Unverified
Matara,Yala,Watermelon,2023,202.62,3411.96,Wet,Unverified
Matara,Yala,Watermelon,2023,171.15,3132.49,Wet,Unverified
Monaragala,Maha,Banana,2023,214.1,5971.35,Unknown,Unverified
Monaragala,Maha,Banana,2023,178.51,4977.34,Unknown,Unverified
Monaragala,Maha,Banana,2023,230.72,7167.7,Unknown,Unverified
Monaragala,Maha,Mango,2023,124.8,2694.45,Unknown,Unverified
Monaragala,Maha,Okra,2023,49.12,434.86,Unknown,Unverified
Monaragala,Maha,Rice,2023,102.1,2118.63,Unknown,Unverified
Monaragala,Maha,Sesame,2023,61.52,256.07,Unknown,Unverified
Monaragala,Maha,Soybean,2023,64.93,557.11,Unknown,Unverified
Monaragala,Maha,Watermelon,2023,137.43,3005.56,Unknown,Unverified
Monaragala,Maha,Watermelon,2023,187.8,4079.56,Unknown,Unverified
Monaragala,Maha,Yam,2023,91.23,1254.24,Unknown,Unverified
Monaragala,Maha,Yam,2023,99.14,1372.04,Unknown,Unverified
Monaragala,Maha,Yam,2023,76.87,911.04,Unknown,Unverified
Monaragala,Yala,Ash Plantain,2023,171.54,4778.7,Unknown,Unverified
Monaragala,Yala,Banana,2023,173.47,5593.16,Unknown,Unverified
Monaragala,Yala,Black Gram,2023,61.11,363.79,Unknown,Unverified
Monaragala,Yala,Mango,2023,173.44,4248.08,Unknown,Unverified
Monaragala,Yala,Papaya,2023,107.3,2519.65,Unknown,Unverified
Monaragala,Yala,Papaya,2023,151.65,4638.03,Unknown,Unverified
Monaragala,Yala,Rice,2023,115.16,2559.42,Unknown,Unverified
Monaragala,Yala,Rice,2023,69.35,1407.34,Unknown,Unverified
Monaragala,Yala,Sesame,2023,33.29,208.04,Unknown,Unverified
Monaragala,Yala,Tomato,2023,54.46,970.64,Unknown,Unverified
Monaragala,Yala,Watermelon,2023,195.08,4142.77,Unknown,Unverified
Mullaitivu,Maha,Banana,2023,202.91,5679.13,Dry,Unverified
Mullaitivu,Maha,Banana,2023,230.37,7689.79,Dry,Unverified
Mullaitivu,Maha,Big Onion,2023,92.58,1109.6,Dry,Supported envelope
Mullaitivu,Maha,Big Onion,2023,115.39,1093.82,Dry,Supported envelope
Mullaitivu,Maha,Bitter Gourd,2023,91.82,825.18,Dry,Unverified
Mullaitivu,Maha,Black Gram,2023,72.72,483.57,Dry,Unverified
Mullaitivu,Maha,Black Gram,2023,63.56,354.94,Dry,Unverified
Mullaitivu,Maha,Carrot,2023,103.23,1414.61,Dry,Supported envelope
Mullaitivu,Maha,Carrot,2023,99.3,1880.89,Dry,Supported envelope
Mullaitivu,Maha,Carrot,2023,113.83,1942.61,Dry,Supported envelope
Mullaitivu,Maha,Cucumber,2023,128.46,2032.65,Dry,Unverified
Mullaitivu,Maha,Green Gram,2023,44.57,369.13,Dry,Supported envelope
Mullaitivu,Maha,Green Gram,2023,71.44,609.45,Dry,Supported envelope
Mullaitivu,Maha,Mango,2023,163.71,3369.84,Dry,Unverified
Mullaitivu,Maha,Mango,2023,174.94,4747.7,Dry,Unverified
Mullaitivu,Maha,Papaya,2023,223.86,5628.65,Dry,Unverified
Mullaitivu,Maha,Papaya,2023,229.89,7368.91,Dry,Unverified
Mullaitivu,Maha,Papaya,2023,276.99,8333.1,Dry,Unverified
Mullaitivu,Maha,Papaya,2023,114.77,3274.47,Dry,Unverified
Mullaitivu,Maha,Potato,2023,170.5,3230.8,Dry,Supported envelope
Mullaitivu,Maha,Pumpkin,2023,78.14,1154.55,Dry,Unverified
Mullaitivu,Maha,Ridge Gourd,2023,102.07,1052.97,Dry,Unverified
Mullaitivu,Maha,Sesame,2023,73.57,405.63,Dry,Unverified
Mullaitivu,Maha,Snake Gourd,2023,65.74,631.67,Dry,Unverified
Mullaitivu,Maha,Tomato,2023,84.57,1412.21,Dry,Unverified
Mullaitivu,Maha,Yam,2023,130.97,1422.14,Dry,Unverified
Mullaitivu,Maha,Yam,2023,124.62,1598.23,Dry,Unverified
Mullaitivu,Yala,Banana,2023,214.25,6486.21,Dry,Unverified
Mullaitivu,Yala,Banana,2023,266.91,8298.73,Dry,Unverified
Mullaitivu,Yala,Banana,2023,285.75,9608.22,Dry,Unverified
Mullaitivu,Yala,Banana,2023,199.14,6071.77,Dry,Unverified
Mullaitivu,Yala,Bitter Gourd,2023,86.94,837.99,Dry,Unverified
Mullaitivu,Yala,Carrot,2023,103.26,1841.68,Dry,Supported envelope
Mullaitivu,Yala,Chilli,2023,77.3,473.26,Dry,Supported envelope
Mullaitivu,Yala,Chilli,2023,57.7,386.67,Dry,Supported envelope
Mullaitivu,Yala,Cucumber,2023,126.98,1602.68,Dry,Unverified
Mullaitivu,Yala,Green Gram,2023,49.46,413.12,Dry,Supported envelope
Mullaitivu,Yala,Long Bean,2023,76.47,755.24,Dry,Unverified
Mullaitivu,Yala,Long Bean,2023,78.29,770.55,Dry,Unverified
Mullaitivu,Yala,Maize,2023,93.96,1180.55,Dry,Supported envelope
Mullaitivu,Yala,Okra,2023,85.63,689.6,Dry,Unverified
Mullaitivu,Yala,Red Onion,2023,78.71,693.68,Dry,Supported envelope
Mullaitivu,Yala,Sesame,2023,68.43,334.26,Dry,Unverified
Mullaitivu,Yala,Sesame,2023,64.41,309.25,Dry,Unverified
Mullaitivu,Yala,Snake Gourd,2023,94.38,956.93,Dry,Unverified
Mullaitivu,Yala,Sweet Potato,2023,109.66,1521.85,Dry,Supported envelope
Mullaitivu,Yala,Taro,2023,103.03,1274.55,Dry,Unverified
Mullaitivu,Yala,Taro,2023,99.36,1059.28,Dry,Unverified
Mullaitivu,Yala,Tomato,2023,146.94,1757.23,Dry,Unverified
Mullaitivu,Yala,Watermelon,2023,129.15,2784.47,Dry,Unverified
Nuwara Eliya,Maha,Ash Plantain,2023,206.06,5977.7,Up-country Wet,Unverified
Nuwara Eliya,Maha,Banana,2023,156.39,5555.45,Up-country Wet,Unverified
Nuwara Eliya,Maha,Beans,2023,103.26,1178.66,Up-country Wet,Supported envelope
Nuwara Eliya,Maha,Beans,2023,114.18,1064.56,Up-country Wet,Supported envelope
Nuwara Eliya,Maha,Beans,2023,93.9,745.73,Up-country Wet,Supported envelope
Nuwara Eliya,Maha,Beans,2023,171.19,1534.94,Up-country Wet,Supported envelope
Nuwara Eliya,Maha,Big Onion,2023,69.81,846.01,Up-country Wet,Supported envelope
Nuwara Eliya,Maha,Cabbage,2023,56.07,1240.82,Up-country Wet,Supported envelope
Nuwara Eliya,Maha,Carrot,2023,104.72,1485.96,Up-country Wet,Supported envelope
Nuwara Eliya,Maha,Carrot,2023,139.04,2264.06,Up-country Wet,Supported envelope
Nuwara Eliya,Maha,Chilli,2023,52.86,413.43,Up-country Wet,Supported envelope
Nuwara Eliya,Maha,Chilli,2023,58.98,508.38,Up-country Wet,Supported envelope
Nuwara Eliya,Maha,Chilli,2023,38.17,353.55,Up-country Wet,Supported envelope
Nuwara Eliya,Maha,Chilli,2023,31.34,249.53,Up-country Wet,Supported envelope
Nuwara Eliya,Maha,Chilli,2023,42.23,293.16,Up-country Wet,Supported envelope
Nuwara Eliya,Maha,Coconut,2023,185.07,5116.97,Up-country Wet,Unverified
Nuwara Eliya,Maha,Cowpea,2023,65.28,502.6,Up-country Wet,Supported envelope
Nuwara Eliya,Maha,Cowpea,2023,43.53,399.84,Up-country Wet,Supported envelope
Nuwara Eliya,Maha,Ginger,2023,58.99,776.61,Up-country Wet,Supported envelope
Nuwara Eliya,Maha,Leeks,2023,165.76,1764.1,Up-country Wet,Supported envelope
Nuwara Eliya,Maha,Leeks,2023,68.07,716.7,Up-country Wet,Supported envelope
Nuwara Eliya,Maha,Leeks,2023,133.48,1797.16,Up-country Wet,Supported envelope
Nuwara Eliya,Maha,Leeks,2023,105.57,1348.62,Up-country Wet,Supported envelope
Nuwara Eliya,Maha,Leeks,2023,170.7,2047.75,Up-country Wet,Supported envelope
Nuwara Eliya,Maha,Long Bean,2023,64.77,523.9,Up-country Wet,Unverified
Nuwara Eliya,Maha,Papaya,2023,119.3,3395.98,Up-country Wet,Unverified
Nuwara Eliya,Maha,Pepper,2023,42.77,236.22,Up-country Wet,Supported envelope
Nuwara Eliya,Maha,Pumpkin,2023,109.51,1748.37,Up-country Wet,Unverified
Nuwara Eliya,Maha,Red Onion,2023,59.0,566.24,Up-country Wet,Supported envelope
Nuwara Eliya,Maha,Red Onion,2023,57.67,493.39,Up-country Wet,Supported envelope
Nuwara Eliya,Maha,Ridge Gourd,2023,93.66,906.59,Up-country Wet,Unverified
Nuwara Eliya,Maha,Soybean,2023,60.48,647.62,Up-country Wet,Unverified
Nuwara Eliya,Maha,Turmeric,2023,62.31,586.7,Up-country Wet,Supported envelope
Nuwara Eliya,Maha,Watermelon,2023,119.03,2701.12,Up-country Wet,Unverified
Nuwara Eliya,Maha,Yam,2023,84.4,1023.97,Up-country Wet,Unverified
Nuwara Eliya,Maha,Yam,2023,81.23,1110.35,Up-country Wet,Unverified
Nuwara Eliya,Maha,Yam,2023,91.26,1311.09,Up-country Wet,Unverified
Nuwara Eliya,Yala,Banana,2023,208.38,6077.32,Up-country Wet,Unverified
Nuwara Eliya,Yala,Banana,2023,102.27,3080.8,Up-country Wet,Unverified
Nuwara Eliya,Yala,Banana,2023,93.64,3227.62,Up-country Wet,Unverified
Nuwara Eliya,Yala,Banana,2023,157.5,5625.5,Up-country Wet,Unverified
Nuwara Eliya,Yala,Beans,2023,84.07,854.71,Up-country Wet,Supported envelope
Nuwara Eliya,Yala,Cassava,2023,110.4,2602.2,Up-country Wet,Supported envelope
Nuwara Eliya,Yala,Cassava,2023,103.42,2318.75,Up-country Wet,Supported envelope
Nuwara Eliya,Yala,Cassava,2023,109.55,2695.16,Up-country Wet,Supported envelope
Nuwara Eliya,Yala,Cauliflower,2023,80.67,1031.73,Up-country Wet,Supported envelope
Nuwara Eliya,Yala,Chilli,2023,58.91,425.84,Up-country Wet,Supported envelope
Nuwara Eliya,Yala,Chilli,2023,49.26,431.15,Up-country Wet,Supported envelope
Nuwara Eliya,Yala,Chilli,2023,53.75,500.57,Up-country Wet,Supported envelope
Nuwara Eliya,Yala,Chilli,2023,74.67,514.82,Up-country Wet,Supported envelope
Nuwara Eliya,Yala,Cucumber,2023,104.06,1836.37,Up-country Wet,Unverified
Nuwara Eliya,Yala,Groundnut,2023,65.6,659.01,Up-country Wet,Supported envelope
Nuwara Eliya,Yala,Leeks,2023,115.44,1239.19,Up-country Wet,Supported envelope
Nuwara Eliya,Yala,Leeks,2023,104.99,1334.08,Up-country Wet,Supported envelope
Nuwara Eliya,Yala,Leeks,2023,95.15,1183.87,Up-country Wet,Supported envelope
Nuwara Eliya,Yala,Pepper,2023,28.36,143.54,Up-country Wet,Supported envelope
Nuwara Eliya,Yala,Red Onion,2023,69.64,740.08,Up-country Wet,Supported envelope
Nuwara Eliya,Yala,Rice,2023,133.23,3126.51,Up-country Wet,Unverified
Nuwara Eliya,Yala,Tea,2023,285.91,8060.61,Up-country Wet,Supported envelope
Nuwara Eliya,Yala,Tomato,2023,112.06,1794.11,Up-country Wet,Unverified
Nuwara Eliya,Yala,Turmeric,2023,37.4,298.47,Up-country Wet,Supported envelope
Nuwara Eliya,Yala,Turmeric,2023,52.13,556.51,Up-country Wet,Supported envelope
Nuwara Eliya,Yala,Watermelon,2023,124.23,2341.82,Up-country Wet,Unverified
Nuwara Eliya,Yala,Yam,2023,78.31,897.67,Up-country Wet,Unverified
Nuwara Eliya,Yala,Yam,2023,50.04,680.95,Up-country Wet,Unverified
Polonnaruwa,Maha,Banana,2023,130.98,3442.54,Dry,Unverified
Polonnaruwa,Maha,Banana,2023,220.07,7220.85,Dry,Unverified
Polonnaruwa,Maha,Banana,2023,189.17,6782.82,Dry,Unverified
Polonnaruwa,Maha,Banana,2023,171.91,6146.72,Dry,Unverified
Polonnaruwa,Maha,Big Onion,2023,97.74,949.83,Dry,Supported envelope
Polonnaruwa,Maha,Black Gram,2023,56.84,333.4,Dry,Unverified
Polonnaruwa,Maha,Carrot,2023,105.64,1442.53,Dry,Supported envelope
Polonnaruwa,Maha,Carrot,2023,124.72,1311.99,Dry,Supported envelope
Polonnaruwa,Maha,Cassava,2023,133.55,3607.54,Dry,Supported envelope
Polonnaruwa,Maha,Chilli,2023,55.13,309.3,Dry,Supported envelope
Polonnaruwa,Maha,Chilli,2023,55.38,380.94,Dry,Supported envelope
Polonnaruwa,Maha,Chilli,2023,64.23,554.93,Dry,Supported envelope
Polonnaruwa,Maha,Chilli,2023,46.55,270.09,Dry,Supported envelope
Polonnaruwa,Maha,Chilli,2023,90.13,599.95,Dry,Supported envelope
Polonnaruwa,Maha,Coconut,2023,218.88,7741.08,Dry,Unverified
Polonnaruwa,Maha,Coconut,2023,242.72,6889.37,Dry,Unverified
Polonnaruwa,Maha,Cowpea,2023,51.53,429.24,Dry,Supported envelope
Polonnaruwa,Maha,Cucumber,2023,97.7,1707.56,Dry,Unverified
Polonnaruwa,Maha,Ginger,2023,79.48,752.1,Dry,Supported envelope
Polonnaruwa,Maha,Green Gram,2023,62.53,516.26,Dry,Supported envelope
Polonnaruwa,Maha,Long Bean,2023,98.21,1022.56,Dry,Unverified
Polonnaruwa,Maha,Maize,2023,116.28,1751.23,Dry,Supported envelope
Polonnaruwa,Maha,Papaya,2023,192.89,5458.91,Dry,Unverified
Polonnaruwa,Maha,Potato,2023,161.54,3088.73,Dry,Supported envelope
Polonnaruwa,Maha,Red Onion,2023,73.53,737.15,Dry,Supported envelope
Polonnaruwa,Maha,Sesame,2023,38.64,196.31,Dry,Unverified
Polonnaruwa,Maha,Snake Gourd,2023,109.27,934.9,Dry,Unverified
Polonnaruwa,Maha,Sweet Potato,2023,154.62,2408.71,Dry,Supported envelope
Polonnaruwa,Maha,Sweet Potato,2023,75.93,839.66,Dry,Supported envelope
Polonnaruwa,Maha,Turmeric,2023,64.73,707.78,Dry,Supported envelope
Polonnaruwa,Maha,Turmeric,2023,82.25,915.65,Dry,Supported envelope
Polonnaruwa,Maha,Yam,2023,93.62,1361.19,Dry,Unverified
Polonnaruwa,Yala,Ash Plantain,2023,133.62,3872.15,Dry,Unverified
Polonnaruwa,Yala,Ash Plantain,2023,201.73,6094.43,Dry,Unverified
Polonnaruwa,Yala,Banana,2023,126.91,3906.88,Dry,Unverified
Polonnaruwa,Yala,Brinjal,2023,98.87,1185.01,Dry,Unverified
Polonnaruwa,Yala,Carrot,2023,72.23,981.89,Dry,Supported envelope
Polonnaruwa,Yala,Cassava,2023,131.5,2918.66,Dry,Supported envelope
Polonnaruwa,Yala,Chilli,2023,65.72,411.56,Dry,Supported envelope
Polonnaruwa,Yala,Chilli,2023,79.95,532.31,Dry,Supported envelope
Polonnaruwa,Yala,Chilli,2023,61.07,374.53,Dry,Supported envelope
Polonnaruwa,Yala,Coconut,2023,190.6,6360.38,Dry,Unverified
Polonnaruwa,Yala,Mango,2023,204.93,5059.84,Dry,Unverified
Polonnaruwa,Yala,Okra,2023,92.22,673.05,Dry,Unverified
Polonnaruwa,Yala,Papaya,2023,159.46,3394.23,Dry,Unverified
Polonnaruwa,Yala,Potato,2023,130.94,2698.81,Dry,Supported envelope
Polonnaruwa,Yala,Rice,2023,258.43,6803.83,Dry,Unverified
Polonnaruwa,Yala,Snake Gourd,2023,58.92,626.19,Dry,Unverified
Polonnaruwa,Yala,Sweet Potato,2023,106.09,1451.26,Dry,Supported envelope
Polonnaruwa,Yala,Turmeric,2023,74.18,829.36,Dry,Supported envelope
Polonnaruwa,Yala,Watermelon,2023,98.28,2091.1,Dry,Unverified
Polonnaruwa,Yala,Watermelon,2023,146.33,2584.66,Dry,Unverified
Polonnaruwa,Yala,Watermelon,2023,137.64,3271.99,Dry,Unverified
Polonnaruwa,Yala,Watermelon,2023,125.23,2516.59,Dry,Unverified
Puttalam,Maha,Ash Plantain,2023,192.75,6298.24,Dry/Intermediate,Unverified
Puttalam,Maha,Banana,2023,216.6,6800.98,Dry/Intermediate,Unverified
Puttalam,Maha,Banana,2023,186.49,6057.94,Dry/Intermediate,Unverified
Puttalam,Maha,Banana,2023,176.85,4595.01,Dry/Intermediate,Unverified
Puttalam,Maha,Banana,2023,144.86,4533.81,Dry/Intermediate,Unverified
Puttalam,Maha,Banana,2023,191.26,6395.9,Dry/Intermediate,Unverified
Puttalam,Maha,Bitter Gourd,2023,70.18,588.05,Dry/Intermediate,Unverified
Puttalam,Maha,Brinjal,2023,91.0,1045.46,Dry/Intermediate,Unverified
Puttalam,Maha,Brinjal,2023,75.93,1105.74,Dry/Intermediate,Unverified
Puttalam,Maha,Carrot,2023,57.32,992.99,Dry/Intermediate,Supported envelope
Puttalam,Maha,Carrot,2023,74.22,994.5,Dry/Intermediate,Supported envelope
Puttalam,Maha,Chilli,2023,68.8,522.29,Dry/Intermediate,Supported envelope
Puttalam,Maha,Chilli,2023,60.76,478.7,Dry/Intermediate,Supported envelope
Puttalam,Maha,Chilli,2023,49.78,357.12,Dry/Intermediate,Supported envelope
Puttalam,Maha,Cowpea,2023,59.52,397.09,Dry/Intermediate,Supported envelope
Puttalam,Maha,Cowpea,2023,49.0,398.51,Dry/Intermediate,Supported envelope
Puttalam,Maha,Long Bean,2023,94.24,903.55,Dry/Intermediate,Unverified
Puttalam,Maha,Papaya,2023,242.23,7793.89,Dry/Intermediate,Unverified
Puttalam,Maha,Papaya,2023,198.45,6288.95,Dry/Intermediate,Unverified
Puttalam,Maha,Papaya,2023,252.54,6513.88,Dry/Intermediate,Unverified
Puttalam,Maha,Potato,2023,142.17,2726.03,Dry/Intermediate,Supported envelope
Puttalam,Maha,Pumpkin,2023,74.21,1559.71,Dry/Intermediate,Unverified
Puttalam,Maha,Pumpkin,2023,102.64,1469.8,Dry/Intermediate,Unverified
Puttalam,Maha,Ridge Gourd,2023,60.94,563.24,Dry/Intermediate,Unverified
Puttalam,Maha,Ridge Gourd,2023,65.27,712.52,Dry/Intermediate,Unverified
Puttalam,Maha,Snake Gourd,2023,70.93,586.95,Dry/Intermediate,Unverified
Puttalam,Maha,Taro,2023,73.67,1098.33,Dry/Intermediate,Unverified
Puttalam,Maha,Taro,2023,74.96,953.21,Dry/Intermediate,Unverified
Puttalam,Maha,Turmeric,2023,80.68,767.66,Dry/Intermediate,Supported envelope
Puttalam,Maha,Yam,2023,91.16,1508.29,Dry/Intermediate,Unverified
Puttalam,Yala,Ash Plantain,2023,158.64,4475.69,Dry/Intermediate,Unverified
Puttalam,Yala,Banana,2023,180.17,6364.6,Dry/Intermediate,Unverified
Puttalam,Yala,Banana,2023,166.55,5319.71,Dry/Intermediate,Unverified
Puttalam,Yala,Big Onion,2023,65.94,697.75,Dry/Intermediate,Supported envelope
Puttalam,Yala,Big Onion,2023,72.33,838.91,Dry/Intermediate,Supported envelope
Puttalam,Yala,Black Gram,2023,49.88,282.21,Dry/Intermediate,Unverified
Puttalam,Yala,Brinjal,2023,99.31,1371.58,Dry/Intermediate,Unverified
Puttalam,Yala,Carrot,2023,126.01,2193.58,Dry/Intermediate,Supported envelope
Puttalam,Yala,Cassava,2023,215.59,4940.79,Dry/Intermediate,Supported envelope
Puttalam,Yala,Chilli,2023,64.78,423.94,Dry/Intermediate,Supported envelope
Puttalam,Yala,Chilli,2023,53.64,446.53,Dry/Intermediate,Supported envelope
Puttalam,Yala,Cowpea,2023,52.45,422.6,Dry/Intermediate,Supported envelope
Puttalam,Yala,Green Gram,2023,45.81,327.48,Dry/Intermediate,Supported envelope
Puttalam,Yala,Pumpkin,2023,130.13,2342.57,Dry/Intermediate,Unverified
Puttalam,Yala,Red Onion,2023,80.33,794.25,Dry/Intermediate,Supported envelope
Puttalam,Yala,Sesame,2023,35.61,196.15,Dry/Intermediate,Unverified
Puttalam,Yala,Sesame,2023,48.02,272.77,Dry/Intermediate,Unverified
Puttalam,Yala,Snake Gourd,2023,75.25,727.2,Dry/Intermediate,Unverified
Puttalam,Yala,Taro,2023,66.96,900.25,Dry/Intermediate,Unverified
Ratnapura,Maha,Ash Plantain,2023,227.16,7943.92,Wet/Intermediate,Unverified
Ratnapura,Maha,Banana,2023,207.35,5555.08,Wet/Intermediate,Unverified
Ratnapura,Maha,Beans,2023,104.46,1182.2,Wet/Intermediate,Supported envelope
Ratnapura,Maha,Beans,2023,67.67,620.95,Wet/Intermediate,Supported envelope
Ratnapura,Maha,Beans,2023,101.26,1125.32,Wet/Intermediate,Supported envelope
Ratnapura,Maha,Big Onion,2023,77.77,817.68,Wet/Intermediate,Supported envelope
Ratnapura,Maha,Brinjal,2023,65.2,687.25,Wet/Intermediate,Unverified
Ratnapura,Maha,Carrot,2023,80.55,1271.17,Wet/Intermediate,Supported envelope
Ratnapura,Maha,Carrot,2023,85.55,1029.01,Wet/Intermediate,Supported envelope
Ratnapura,Maha,Carrot,2023,73.69,1145.57,Wet/Intermediate,Supported envelope
Ratnapura,Maha,Cauliflower,2023,146.22,2746.48,Wet/Intermediate,Supported envelope
Ratnapura,Maha,Chilli,2023,47.51,346.98,Wet/Intermediate,Supported envelope
Ratnapura,Maha,Chilli,2023,80.34,544.91,Wet/Intermediate,Supported envelope
Ratnapura,Maha,Coconut,2023,240.18,7466.45,Wet/Intermediate,Unverified
Ratnapura,Maha,Cowpea,2023,47.92,459.9,Wet/Intermediate,Supported envelope
Ratnapura,Maha,Cucumber,2023,67.47,1108.02,Wet/Intermediate,Unverified
Ratnapura,Maha,Green Gram,2023,74.42,529.12,Wet/Intermediate,Supported envelope
Ratnapura,Maha,Groundnut,2023,86.34,798.02,Wet/Intermediate,Supported envelope
Ratnapura,Maha,Groundnut,2023,48.04,489.7,Wet/Intermediate,Supported envelope
Ratnapura,Maha,Groundnut,2023,60.77,601.09,Wet/Intermediate,Supported envelope
Ratnapura,Maha,Long Bean,2023,56.96,524.31,Wet/Intermediate,Unverified
Ratnapura,Maha,Long Bean,2023,69.76,686.38,Wet/Intermediate,Unverified
Ratnapura,Maha,Mango,2023,154.86,3394.27,Wet/Intermediate,Unverified
Ratnapura,Maha,Mango,2023,154.06,2707.83,Wet/Intermediate,Unverified
Ratnapura,Maha,Pepper,2023,58.74,366.77,Wet/Intermediate,Supported envelope
Ratnapura,Maha,Pumpkin,2023,115.28,1879.61,Wet/Intermediate,Unverified
Ratnapura,Maha,Pumpkin,2023,134.14,2781.04,Wet/Intermediate,Unverified
Ratnapura,Maha,Ridge Gourd,2023,61.49,531.1,Wet/Intermediate,Unverified
Ratnapura,Maha,Sesame,2023,38.36,232.44,Wet/Intermediate,Unverified
Ratnapura,Maha,Snake Gourd,2023,63.03,603.12,Wet/Intermediate,Unverified
Ratnapura,Maha,Soybean,2023,52.0,590.45,Wet/Intermediate,Unverified
Ratnapura,Maha,Tomato,2023,78.26,1150.49,Wet/Intermediate,Unverified
Ratnapura,Maha,Turmeric,2023,56.21,555.37,Wet/Intermediate,Supported envelope
Ratnapura,Maha,Watermelon,2023,105.44,2052.59,Wet/Intermediate,Unverified
Ratnapura,Maha,Watermelon,2023,138.19,2486.61,Wet/Intermediate,Unverified
Ratnapura,Maha,Watermelon,2023,129.23,2862.28,Wet/Intermediate,Unverified
Ratnapura,Yala,Banana,2023,140.93,4540.7,Wet/Intermediate,Unverified
Ratnapura,Yala,Banana,2023,144.54,5075.48,Wet/Intermediate,Unverified
Ratnapura,Yala,Big Onion,2023,64.27,663.96,Wet/Intermediate,Supported envelope
Ratnapura,Yala,Brinjal,2023,87.51,1020.59,Wet/Intermediate,Unverified
Ratnapura,Yala,Carrot,2023,80.22,1360.59,Wet/Intermediate,Supported envelope
Ratnapura,Yala,Cassava,2023,124.63,2637.79,Wet/Intermediate,Supported envelope
Ratnapura,Yala,Cassava,2023,109.27,2407.35,Wet/Intermediate,Supported envelope
Ratnapura,Yala,Chilli,2023,45.43,334.83,Wet/Intermediate,Supported envelope
Ratnapura,Yala,Chilli,2023,53.76,483.03,Wet/Intermediate,Supported envelope
Ratnapura,Yala,Coconut,2023,239.1,6655.7,Wet/Intermediate,Unverified
Ratnapura,Yala,Cowpea,2023,77.63,555.49,Wet/Intermediate,Supported envelope
Ratnapura,Yala,Cowpea,2023,40.54,378.9,Wet/Intermediate,Supported envelope
Ratnapura,Yala,Green Gram,2023,43.69,349.39,Wet/Intermediate,Supported envelope
Ratnapura,Yala,Groundnut,2023,70.13,581.93,Wet/Intermediate,Supported envelope
Ratnapura,Yala,Papaya,2023,147.35,3702.91,Wet/Intermediate,Unverified
Ratnapura,Yala,Pumpkin,2023,111.03,1685.38,Wet/Intermediate,Unverified
Ratnapura,Yala,Red Onion,2023,67.2,657.38,Wet/Intermediate,Supported envelope
Ratnapura,Yala,Rice,2023,165.31,2720.21,Wet/Intermediate,Unverified
Ratnapura,Yala,Rice,2023,98.38,1968.15,Wet/Intermediate,Unverified
Ratnapura,Yala,Ridge Gourd,2023,92.08,817.68,Wet/Intermediate,Unverified
Ratnapura,Yala,Snake Gourd,2023,57.83,727.47,Wet/Intermediate,Unverified
Ratnapura,Yala,Tea,2023,167.41,4360.45,Wet/Intermediate,Supported envelope
Ratnapura,Yala,Tomato,2023,89.8,1111.75,Wet/Intermediate,Unverified
Trincomalee,Maha,Banana,2023,207.18,6964.31,Dry,Unverified
Trincomalee,Maha,Banana,2023,266.82,8596.29,Dry,Unverified
Trincomalee,Maha,Bitter Gourd,2023,80.58,792.2,Dry,Unverified
Trincomalee,Maha,Carrot,2023,125.33,1962.88,Dry,Supported envelope
Trincomalee,Maha,Carrot,2023,57.96,802.35,Dry,Supported envelope
Trincomalee,Maha,Carrot,2023,95.78,1569.48,Dry,Supported envelope
Trincomalee,Maha,Chilli,2023,46.79,385.96,Dry,Supported envelope
Trincomalee,Maha,Chilli,2023,56.76,489.24,Dry,Supported envelope
Trincomalee,Maha,Chilli,2023,62.1,497.95,Dry,Supported envelope
Trincomalee,Maha,Cucumber,2023,108.02,1654.37,Dry,Unverified
Trincomalee,Maha,Cucumber,2023,100.86,1556.83,Dry,Unverified
Trincomalee,Maha,Potato,2023,157.18,3852.94,Dry,Supported envelope
Trincomalee,Maha,Potato,2023,189.15,4141.84,Dry,Supported envelope
Trincomalee,Maha,Ridge Gourd,2023,41.68,412.39,Dry,Unverified
Trincomalee,Maha,Soybean,2023,75.54,650.16,Dry,Unverified
Trincomalee,Maha,Soybean,2023,62.33,600.65,Dry,Unverified
Trincomalee,Maha,Sweet Potato,2023,86.1,1168.19,Dry,Supported envelope
Trincomalee,Maha,Taro,2023,73.55,802.21,Dry,Unverified
Trincomalee,Maha,Taro,2023,89.17,1392.13,Dry,Unverified
Trincomalee,Maha,Taro,2023,63.04,729.79,Dry,Unverified
Trincomalee,Maha,Turmeric,2023,74.21,1065.32,Dry,Supported envelope
Trincomalee,Maha,Watermelon,2023,177.39,3806.54,Dry,Unverified
Trincomalee,Maha,Watermelon,2023,118.66,2660.17,Dry,Unverified
Trincomalee,Yala,Ash Plantain,2023,159.06,5546.88,Dry,Unverified
Trincomalee,Yala,Ash Plantain,2023,185.19,6059.46,Dry,Unverified
Trincomalee,Yala,Carrot,2023,85.24,1250.74,Dry,Supported envelope
Trincomalee,Yala,Carrot,2023,78.34,1232.12,Dry,Supported envelope
Trincomalee,Yala,Carrot,2023,77.03,1185.44,Dry,Supported envelope
Trincomalee,Yala,Carrot,2023,110.57,1609.51,Dry,Supported envelope
Trincomalee,Yala,Chilli,2023,56.49,478.21,Dry,Supported envelope
Trincomalee,Yala,Chilli,2023,61.42,533.08,Dry,Supported envelope
Trincomalee,Yala,Chilli,2023,42.53,273.68,Dry,Supported envelope
Trincomalee,Yala,Chilli,2023,49.5,506.3,Dry,Supported envelope
Trincomalee,Yala,Chilli,2023,37.92,252.63,Dry,Supported envelope
Trincomalee,Yala,Long Bean,2023,70.43,610.82,Dry,Unverified
Trincomalee,Yala,Mango,2023,107.96,2319.67,Dry,Unverified
Trincomalee,Yala,Mango,2023,115.99,2479.62,Dry,Unverified
Trincomalee,Yala,Papaya,2023,147.87,4366.8,Dry,Unverified
Trincomalee,Yala,Papaya,2023,88.66,2424.78,Dry,Unverified
Trincomalee,Yala,Papaya,2023,148.58,4059.35,Dry,Unverified
Trincomalee,Yala,Potato,2023,174.68,3433.41,Dry,Supported envelope
Trincomalee,Yala,Red Onion,2023,62.49,611.26,Dry,Supported envelope
Trincomalee,Yala,Sweet Potato,2023,74.42,935.07,Dry,Supported envelope
Trincomalee,Yala,Turmeric,2023,78.82,857.28,Dry,Supported envelope
Trincomalee,Yala,Watermelon,2023,175.64,4672.75,Dry,Unverified
Trincomalee,Yala,Watermelon,2023,75.25,1537.17,Dry,Unverified
Trincomalee,Yala,Watermelon,2023,170.61,3744.08,Dry,Unverified
Trincomalee,Yala,Watermelon,2023,110.57,2597.86,Dry,Unverified
Vavuniya,Maha,Banana,2023,195.91,5433.54,Dry,Unverified
Vavuniya,Maha,Bitter Gourd,2023,77.12,858.23,Dry,Unverified
Vavuniya,Maha,Bitter Gourd,2023,78.86,685.81,Dry,Unverified
Vavuniya,Maha,Black Gram,2023,53.66,466.79,Dry,Unverified
Vavuniya,Maha,Brinjal,2023,58.82,721.29,Dry,Unverified
Vavuniya,Maha,Carrot,2023,58.57,888.42,Dry,Supported envelope
Vavuniya,Maha,Carrot,2023,97.65,1388.29,Dry,Supported envelope
Vavuniya,Maha,Carrot,2023,99.53,1437.99,Dry,Supported envelope
Vavuniya,Maha,Cassava,2023,134.39,3671.48,Dry,Supported envelope
Vavuniya,Maha,Chilli,2023,64.82,515.35,Dry,Supported envelope
Vavuniya,Maha,Chilli,2023,59.39,547.45,Dry,Supported envelope
Vavuniya,Maha,Chilli,2023,54.32,441.12,Dry,Supported envelope
Vavuniya,Maha,Ginger,2023,88.49,1051.02,Dry,Supported envelope
Vavuniya,Maha,Ginger,2023,76.99,883.0,Dry,Supported envelope
Vavuniya,Maha,Okra,2023,65.15,632.99,Dry,Unverified
Vavuniya,Maha,Rice,2023,131.43,2632.51,Dry,Unverified
Vavuniya,Maha,Sweet Potato,2023,74.18,914.01,Dry,Supported envelope
Vavuniya,Maha,Sweet Potato,2023,85.14,942.42,Dry,Supported envelope
Vavuniya,Maha,Taro,2023,99.95,1433.68,Dry,Unverified
Vavuniya,Maha,Tomato,2023,75.92,1107.18,Dry,Unverified
Vavuniya,Maha,Turmeric,2023,67.41,769.83,Dry,Supported envelope
Vavuniya,Maha,Turmeric,2023,61.42,666.92,Dry,Supported envelope
Vavuniya,Maha,Watermelon,2023,84.41,1708.9,Dry,Unverified
Vavuniya,Maha,Watermelon,2023,137.77,2948.32,Dry,Unverified
Vavuniya,Yala,Banana,2023,156.87,4862.58,Dry,Unverified
Vavuniya,Yala,Banana,2023,193.06,5782.51,Dry,Unverified
Vavuniya,Yala,Big Onion,2023,73.8,687.85,Dry,Supported envelope
Vavuniya,Yala,Bitter Gourd,2023,86.13,1060.68,Dry,Unverified
Vavuniya,Yala,Carrot,2023,85.56,1586.76,Dry,Supported envelope
Vavuniya,Yala,Carrot,2023,72.96,1050.24,Dry,Supported envelope
Vavuniya,Yala,Carrot,2023,79.64,1298.92,Dry,Supported envelope
Vavuniya,Yala,Cassava,2023,97.49,2047.88,Dry,Supported envelope
Vavuniya,Yala,Chilli,2023,59.27,423.86,Dry,Supported envelope
Vavuniya,Yala,Chilli,2023,65.95,496.15,Dry,Supported envelope
Vavuniya,Yala,Green Gram,2023,60.38,499.35,Dry,Supported envelope
Vavuniya,Yala,Green Gram,2023,31.41,296.8,Dry,Supported envelope
Vavuniya,Yala,Groundnut,2023,35.72,365.91,Dry,Supported envelope
Vavuniya,Yala,Papaya,2023,123.45,2942.72,Dry,Unverified
Vavuniya,Yala,Papaya,2023,167.73,4106.67,Dry,Unverified
Vavuniya,Yala,Pumpkin,2023,149.92,2098.85,Dry,Unverified
Vavuniya,Yala,Soybean,2023,45.01,474.52,Dry,Unverified
Vavuniya,Yala,Soybean,2023,62.29,621.39,Dry,Unverified
Vavuniya,Yala,Tomato,2023,60.84,660.12,Dry,Unverified
Vavuniya,Yala,Tomato,2023,70.76,1126.58,Dry,Unverified
Vavuniya,Yala,Tomato,2023,90.55,1159.54,Dry,Unverified
Vavuniya,Yala,Turmeric,2023,70.78,681.35,Dry,Supported envelope
Vavuniya,Yala,Watermelon,2023,99.94,1710.2,Dry,Unverified
Vavuniya,Yala,Watermelon,2023,125.23,2968.52,Dry,Unverified
Vavuniya,Yala,Watermelon,2023,127.58,2740.54,Dry,Unverified
Vavuniya,Yala,Watermelon,2023,113.61,1842.51,Dry,Unverified
Vavuniya,Yala,Watermelon,2023,110.45,2246.14,Dry,Unverified
Vavuniya,Yala,Yam,2023,40.12,540.27,Dry,Unverified
Ampara,Maha,Ash Plantain,2024,181.08,7120.37,Dry,Unverified
Ampara,Maha,Banana,2024,191.0,5128.8,Dry,Unverified
Ampara,Maha,Banana,2024,197.66,5965.47,Dry,Unverified
Ampara,Maha,Bitter Gourd,2024,57.96,696.48,Dry,Unverified
Ampara,Maha,Black Gram,2024,34.27,219.63,Dry,Unverified
Ampara,Maha,Carrot,2024,88.52,1206.88,Dry,Supported envelope
Ampara,Maha,Carrot,2024,83.6,1196.8,Dry,Supported envelope
Ampara,Maha,Carrot,2024,84.69,1209.42,Dry,Supported envelope
Ampara,Maha,Chilli,2024,34.94,237.25,Dry,Supported envelope
Ampara,Maha,Chilli,2024,48.07,403.99,Dry,Supported envelope
Ampara,Maha,Chilli,2024,44.73,355.1,Dry,Supported envelope
Ampara,Maha,Chilli,2024,62.99,481.08,Dry,Supported envelope
Ampara,Maha,Long Bean,2024,66.32,635.53,Dry,Unverified
Ampara,Maha,Maize,2024,116.37,2138.29,Dry,Supported envelope
Ampara,Maha,Potato,2024,95.88,1861.66,Dry,Supported envelope
Ampara,Maha,Rice,2024,221.49,3713.84,Dry,Unverified
Ampara,Maha,Ridge Gourd,2024,77.79,652.68,Dry,Unverified
Ampara,Maha,Sesame,2024,62.36,343.63,Dry,Unverified
Ampara,Maha,Soybean,2024,47.6,436.61,Dry,Unverified
Ampara,Maha,Soybean,2024,47.11,447.23,Dry,Unverified
Ampara,Maha,Sweet Potato,2024,74.72,1164.88,Dry,Supported envelope
Ampara,Maha,Sweet Potato,2024,98.3,1617.17,Dry,Supported envelope
Ampara,Maha,Watermelon,2024,89.2,1717.12,Dry,Unverified
Ampara,Maha,Watermelon,2024,116.39,2213.24,Dry,Unverified
Ampara,Yala,Ash Plantain,2024,160.78,5340.62,Dry,Unverified
Ampara,Yala,Banana,2024,163.27,6052.46,Dry,Unverified
Ampara,Yala,Banana,2024,125.13,3932.25,Dry,Unverified
Ampara,Yala,Banana,2024,252.14,7687.32,Dry,Unverified
Ampara,Yala,Banana,2024,158.11,4838.4,Dry,Unverified
Ampara,Yala,Big Onion,2024,45.58,394.65,Dry,Supported envelope
Ampara,Yala,Black Gram,2024,82.45,419.68,Dry,Unverified
Ampara,Yala,Carrot,2024,83.96,1432.46,Dry,Supported envelope
Ampara,Yala,Carrot,2024,71.02,1046.31,Dry,Supported envelope
Ampara,Yala,Carrot,2024,56.24,865.66,Dry,Supported envelope
Ampara,Yala,Chilli,2024,33.83,264.06,Dry,Supported envelope
Ampara,Yala,Chilli,2024,52.69,427.01,Dry,Supported envelope
Ampara,Yala,Chilli,2024,54.94,447.98,Dry,Supported envelope
Ampara,Yala,Coconut,2024,114.62,3131.99,Dry,Unverified
Ampara,Yala,Cowpea,2024,52.19,448.83,Dry,Supported envelope
Ampara,Yala,Cowpea,2024,46.85,443.35,Dry,Supported envelope
Ampara,Yala,Ginger,2024,111.35,1121.13,Dry,Supported envelope
Ampara,Yala,Groundnut,2024,40.32,389.1,Dry,Supported envelope
Ampara,Yala,Groundnut,2024,82.48,815.26,Dry,Supported envelope
Ampara,Yala,Groundnut,2024,73.46,792.2,Dry,Supported envelope
Ampara,Yala,Okra,2024,60.07,439.26,Dry,Unverified
Ampara,Yala,Sesame,2024,47.73,307.15,Dry,Unverified
Ampara,Yala,Snake Gourd,2024,64.3,657.53,Dry,Unverified
Ampara,Yala,Soybean,2024,50.41,391.28,Dry,Unverified
Ampara,Yala,Sweet Potato,2024,79.48,1040.78,Dry,Supported envelope
Ampara,Yala,Taro,2024,64.55,908.23,Dry,Unverified
Ampara,Yala,Tomato,2024,53.61,680.15,Dry,Unverified
Ampara,Yala,Watermelon,2024,117.76,2364.89,Dry,Unverified
Ampara,Yala,Watermelon,2024,107.1,2117.95,Dry,Unverified
Ampara,Yala,Yam,2024,92.8,1359.93,Dry,Unverified
Ampara,Yala,Yam,2024,111.07,1316.07,Dry,Unverified
Anuradhapura,Maha,Ash Plantain,2024,193.45,5767.17,Dry,Unverified
Anuradhapura,Maha,Banana,2024,308.15,8541.89,Dry,Unverified
Anuradhapura,Maha,Banana,2024,406.48,15077.13,Dry,Unverified
Anuradhapura,Maha,Big Onion,2024,145.1,1409.28,Dry,Supported envelope
Anuradhapura,Maha,Brinjal,2024,85.2,1045.32,Dry,Unverified
Anuradhapura,Maha,Brinjal,2024,56.33,591.77,Dry,Unverified
Anuradhapura,Maha,Cassava,2024,159.03,3647.11,Dry,Supported envelope
Anuradhapura,Maha,Cassava,2024,92.01,1996.05,Dry,Supported envelope
Anuradhapura,Maha,Chilli,2024,63.97,504.79,Dry,Supported envelope
Anuradhapura,Maha,Chilli,2024,95.84,897.37,Dry,Supported envelope
Anuradhapura,Maha,Coconut,2024,143.03,4951.7,Dry,Unverified
Anuradhapura,Maha,Coconut,2024,150.9,4462.23,Dry,Unverified
Anuradhapura,Maha,Coconut,2024,157.15,4500.92,Dry,Unverified
Anuradhapura,Maha,Cowpea,2024,73.28,544.84,Dry,Supported envelope
Anuradhapura,Maha,Cucumber,2024,75.19,1224.57,Dry,Unverified
Anuradhapura,Maha,Ginger,2024,71.27,826.71,Dry,Supported envelope
Anuradhapura,Maha,Maize,2024,81.26,1314.0,Dry,Supported envelope
Anuradhapura,Maha,Mango,2024,162.97,3167.05,Dry,Unverified
Anuradhapura,Maha,Okra,2024,73.9,656.06,Dry,Unverified
Anuradhapura,Maha,Potato,2024,98.59,1935.57,Dry,Supported envelope
Anuradhapura,Maha,Pumpkin,2024,74.76,1124.29,Dry,Unverified
Anuradhapura,Maha,Red Onion,2024,57.11,520.36,Dry,Supported envelope
Anuradhapura,Maha,Rice,2024,132.06,2359.49,Dry,Unverified
Anuradhapura,Maha,Rice,2024,189.23,3482.11,Dry,Unverified
Anuradhapura,Maha,Rice,2024,141.47,3364.7,Dry,Unverified
Anuradhapura,Maha,Snake Gourd,2024,46.2,595.03,Dry,Unverified
Anuradhapura,Maha,Tomato,2024,83.15,1270.31,Dry,Unverified
Anuradhapura,Maha,Turmeric,2024,68.12,848.12,Dry,Supported envelope
Anuradhapura,Maha,Turmeric,2024,81.23,639.75,Dry,Supported envelope
Anuradhapura,Maha,Watermelon,2024,76.9,1396.52,Dry,Unverified
Anuradhapura,Maha,Watermelon,2024,130.09,2186.58,Dry,Unverified
Anuradhapura,Maha,Watermelon,2024,152.99,2872.33,Dry,Unverified
Anuradhapura,Maha,Yam,2024,59.58,866.8,Dry,Unverified
Anuradhapura,Yala,Banana,2024,241.86,6985.51,Dry,Unverified
Anuradhapura,Yala,Banana,2024,190.96,5265.8,Dry,Unverified
Anuradhapura,Yala,Banana,2024,303.03,8292.35,Dry,Unverified
Anuradhapura,Yala,Banana,2024,335.83,11204.48,Dry,Unverified
Anuradhapura,Yala,Big Onion,2024,56.96,699.44,Dry,Supported envelope
Anuradhapura,Yala,Chilli,2024,63.47,452.64,Dry,Supported envelope
Anuradhapura,Yala,Chilli,2024,85.94,685.03,Dry,Supported envelope
Anuradhapura,Yala,Cowpea,2024,59.77,366.01,Dry,Supported envelope
Anuradhapura,Yala,Cucumber,2024,84.13,1254.04,Dry,Unverified
Anuradhapura,Yala,Green Gram,2024,73.73,455.04,Dry,Supported envelope
Anuradhapura,Yala,Okra,2024,50.02,407.89,Dry,Unverified
Anuradhapura,Yala,Potato,2024,82.29,1444.91,Dry,Supported envelope
Anuradhapura,Yala,Pumpkin,2024,81.86,1377.66,Dry,Unverified
Anuradhapura,Yala,Pumpkin,2024,81.49,1409.94,Dry,Unverified
Anuradhapura,Yala,Red Onion,2024,79.64,782.54,Dry,Supported envelope
Anuradhapura,Yala,Red Onion,2024,53.33,541.08,Dry,Supported envelope
Anuradhapura,Yala,Ridge Gourd,2024,74.56,989.84,Dry,Unverified
Anuradhapura,Yala,Ridge Gourd,2024,80.6,868.37,Dry,Unverified
Anuradhapura,Yala,Ridge Gourd,2024,45.77,454.92,Dry,Unverified
Anuradhapura,Yala,Snake Gourd,2024,73.03,831.26,Dry,Unverified
Anuradhapura,Yala,Snake Gourd,2024,74.4,833.13,Dry,Unverified
Anuradhapura,Yala,Snake Gourd,2024,86.5,857.11,Dry,Unverified
Anuradhapura,Yala,Snake Gourd,2024,51.14,582.48,Dry,Unverified
Anuradhapura,Yala,Turmeric,2024,80.44,831.11,Dry,Supported envelope
Anuradhapura,Yala,Turmeric,2024,64.92,720.08,Dry,Supported envelope
Anuradhapura,Yala,Turmeric,2024,59.08,622.59,Dry,Supported envelope
Anuradhapura,Yala,Watermelon,2024,110.66,1821.82,Dry,Unverified
Anuradhapura,Yala,Watermelon,2024,97.76,1925.48,Dry,Unverified
Anuradhapura,Yala,Watermelon,2024,168.97,3125.7,Dry,Unverified
Anuradhapura,Yala,Watermelon,2024,200.66,5024.32,Dry,Unverified
Badulla,Maha,Ash Plantain,2024,101.86,3445.48,Up-country Intermediate,Unverified
Badulla,Maha,Ash Plantain,2024,158.46,4651.59,Up-country Intermediate,Unverified
Badulla,Maha,Banana,2024,144.08,5077.56,Up-country Intermediate,Unverified
Badulla,Maha,Banana,2024,220.63,9069.52,Up-country Intermediate,Unverified
Badulla,Maha,Banana,2024,241.18,7506.97,Up-country Intermediate,Unverified
Badulla,Maha,Beans,2024,70.83,777.08,Up-country Intermediate,Supported envelope
Badulla,Maha,Beans,2024,57.7,487.25,Up-country Intermediate,Supported envelope
Badulla,Maha,Beans,2024,71.62,703.34,Up-country Intermediate,Supported envelope
Badulla,Maha,Beans,2024,61.03,580.15,Up-country Intermediate,Supported envelope
Badulla,Maha,Big Onion,2024,66.02,806.25,Up-country Intermediate,Supported envelope
Badulla,Maha,Big Onion,2024,98.31,1099.56,Up-country Intermediate,Supported envelope
Badulla,Maha,Carrot,2024,97.94,1412.54,Up-country Intermediate,Supported envelope
Badulla,Maha,Carrot,2024,140.17,1706.22,Up-country Intermediate,Supported envelope
Badulla,Maha,Carrot,2024,146.42,2300.18,Up-country Intermediate,Supported envelope
Badulla,Maha,Carrot,2024,105.91,1705.58,Up-country Intermediate,Supported envelope
Badulla,Maha,Carrot,2024,80.99,1296.6,Up-country Intermediate,Supported envelope
Badulla,Maha,Carrot,2024,79.7,1320.94,Up-country Intermediate,Supported envelope
Badulla,Maha,Chilli,2024,47.49,447.0,Up-country Intermediate,Supported envelope
Badulla,Maha,Chilli,2024,43.49,383.85,Up-country Intermediate,Supported envelope
Badulla,Maha,Chilli,2024,69.13,522.17,Up-country Intermediate,Supported envelope
Badulla,Maha,Chilli,2024,59.41,421.66,Up-country Intermediate,Supported envelope
Badulla,Maha,Coconut,2024,134.35,4502.44,Up-country Intermediate,Unverified
Badulla,Maha,Cowpea,2024,55.61,413.41,Up-country Intermediate,Supported envelope
Badulla,Maha,Cowpea,2024,61.21,455.36,Up-country Intermediate,Supported envelope
Badulla,Maha,Ginger,2024,65.89,761.11,Up-country Intermediate,Supported envelope
Badulla,Maha,Ginger,2024,58.7,701.37,Up-country Intermediate,Supported envelope
Badulla,Maha,Green Gram,2024,34.05,263.81,Up-country Intermediate,Supported envelope
Badulla,Maha,Groundnut,2024,57.97,578.84,Up-country Intermediate,Supported envelope
Badulla,Maha,Groundnut,2024,58.1,605.65,Up-country Intermediate,Supported envelope
Badulla,Maha,Groundnut,2024,39.67,394.03,Up-country Intermediate,Supported envelope
Badulla,Maha,Long Bean,2024,71.19,513.97,Up-country Intermediate,Unverified
Badulla,Maha,Maize,2024,83.7,1246.94,Up-country Intermediate,Supported envelope
Badulla,Maha,Mango,2024,106.83,2409.69,Up-country Intermediate,Unverified
Badulla,Maha,Okra,2024,73.21,555.96,Up-country Intermediate,Unverified
Badulla,Maha,Papaya,2024,124.84,2899.04,Up-country Intermediate,Unverified
Badulla,Maha,Pepper,2024,46.69,204.41,Up-country Intermediate,Supported envelope
Badulla,Maha,Potato,2024,122.71,2604.79,Up-country Intermediate,Supported envelope
Badulla,Maha,Red Onion,2024,67.69,645.21,Up-country Intermediate,Supported envelope
Badulla,Maha,Sesame,2024,33.97,208.36,Up-country Intermediate,Unverified
Badulla,Maha,Sesame,2024,55.7,313.2,Up-country Intermediate,Unverified
Badulla,Maha,Taro,2024,64.53,962.48,Up-country Intermediate,Unverified
Badulla,Maha,Taro,2024,76.5,866.38,Up-country Intermediate,Unverified
Badulla,Maha,Tomato,2024,69.79,1025.67,Up-country Intermediate,Unverified
Badulla,Maha,Tomato,2024,91.3,1036.6,Up-country Intermediate,Unverified
Badulla,Maha,Turmeric,2024,48.75,556.71,Up-country Intermediate,Supported envelope
Badulla,Maha,Watermelon,2024,139.16,2959.2,Up-country Intermediate,Unverified
Badulla,Maha,Watermelon,2024,109.2,1894.03,Up-country Intermediate,Unverified
Badulla,Maha,Watermelon,2024,99.23,1910.42,Up-country Intermediate,Unverified
Badulla,Maha,Yam,2024,98.81,1125.18,Up-country Intermediate,Unverified
Badulla,Yala,Ash Plantain,2024,177.58,5410.79,Up-country Intermediate,Unverified
Badulla,Yala,Banana,2024,118.31,3790.95,Up-country Intermediate,Unverified
Badulla,Yala,Beans,2024,99.83,1031.28,Up-country Intermediate,Supported envelope
Badulla,Yala,Beans,2024,71.33,687.92,Up-country Intermediate,Supported envelope
Badulla,Yala,Big Onion,2024,73.61,759.47,Up-country Intermediate,Supported envelope
Badulla,Yala,Carrot,2024,97.58,1582.26,Up-country Intermediate,Supported envelope
Badulla,Yala,Chilli,2024,46.6,425.15,Up-country Intermediate,Supported envelope
Badulla,Yala,Chilli,2024,40.64,292.25,Up-country Intermediate,Supported envelope
Badulla,Yala,Chilli,2024,38.72,308.59,Up-country Intermediate,Supported envelope
Badulla,Yala,Groundnut,2024,68.0,676.79,Up-country Intermediate,Supported envelope
Badulla,Yala,Leeks,2024,84.13,981.4,Up-country Intermediate,Supported envelope
Badulla,Yala,Potato,2024,124.3,1829.95,Up-country Intermediate,Supported envelope
Badulla,Yala,Red Onion,2024,65.62,744.05,Up-country Intermediate,Supported envelope
Badulla,Yala,Ridge Gourd,2024,41.19,381.35,Up-country Intermediate,Unverified
Badulla,Yala,Ridge Gourd,2024,47.01,503.8,Up-country Intermediate,Unverified
Badulla,Yala,Sweet Potato,2024,83.3,1137.55,Up-country Intermediate,Supported envelope
Badulla,Yala,Watermelon,2024,122.59,2017.29,Up-country Intermediate,Unverified
Badulla,Yala,Yam,2024,69.81,838.9,Up-country Intermediate,Unverified
Badulla,Yala,Yam,2024,96.85,1695.32,Up-country Intermediate,Unverified
Batticaloa,Maha,Banana,2024,143.37,4869.97,Dry,Unverified
Batticaloa,Maha,Banana,2024,132.54,3962.25,Dry,Unverified
Batticaloa,Maha,Banana,2024,108.3,3327.12,Dry,Unverified
Batticaloa,Maha,Bitter Gourd,2024,69.53,734.45,Dry,Unverified
Batticaloa,Maha,Black Gram,2024,39.55,292.9,Dry,Unverified
Batticaloa,Maha,Brinjal,2024,73.57,873.25,Dry,Unverified
Batticaloa,Maha,Carrot,2024,57.17,943.74,Dry,Supported envelope
Batticaloa,Maha,Chilli,2024,47.38,369.98,Dry,Supported envelope
Batticaloa,Maha,Chilli,2024,45.43,350.75,Dry,Supported envelope
Batticaloa,Maha,Chilli,2024,42.03,374.37,Dry,Supported envelope
Batticaloa,Maha,Coconut,2024,256.02,7303.53,Dry,Unverified
Batticaloa,Maha,Ginger,2024,79.02,827.42,Dry,Supported envelope
Batticaloa,Maha,Green Gram,2024,37.9,278.9,Dry,Supported envelope
Batticaloa,Maha,Groundnut,2024,88.34,997.77,Dry,Supported envelope
Batticaloa,Maha,Long Bean,2024,89.83,717.64,Dry,Unverified
Batticaloa,Maha,Red Onion,2024,73.33,753.43,Dry,Supported envelope
Batticaloa,Maha,Rice,2024,171.76,3523.0,Dry,Unverified
Batticaloa,Maha,Ridge Gourd,2024,70.15,746.33,Dry,Unverified
Batticaloa,Maha,Sesame,2024,42.34,267.88,Dry,Unverified
Batticaloa,Maha,Snake Gourd,2024,64.47,707.57,Dry,Unverified
Batticaloa,Maha,Snake Gourd,2024,53.76,606.35,Dry,Unverified
Batticaloa,Maha,Snake Gourd,2024,88.68,856.4,Dry,Unverified
Batticaloa,Maha,Soybean,2024,57.75,537.46,Dry,Unverified
Batticaloa,Maha,Soybean,2024,74.6,758.51,Dry,Unverified
Batticaloa,Maha,Watermelon,2024,63.24,1502.08,Dry,Unverified
Batticaloa,Maha,Watermelon,2024,87.82,1491.61,Dry,Unverified
Batticaloa,Maha,Watermelon,2024,98.0,1898.34,Dry,Unverified
Batticaloa,Maha,Yam,2024,53.67,556.42,Dry,Unverified
Batticaloa,Maha,Yam,2024,91.14,1312.06,Dry,Unverified
Batticaloa,Maha,Yam,2024,48.49,692.98,Dry,Unverified
Batticaloa,Yala,Ash Plantain,2024,112.75,3623.75,Dry,Unverified
Batticaloa,Yala,Ash Plantain,2024,196.89,6156.1,Dry,Unverified
Batticaloa,Yala,Ash Plantain,2024,228.05,7265.43,Dry,Unverified
Batticaloa,Yala,Banana,2024,169.21,4907.64,Dry,Unverified
Batticaloa,Yala,Banana,2024,206.03,5970.17,Dry,Unverified
Batticaloa,Yala,Big Onion,2024,93.95,1176.25,Dry,Supported envelope
Batticaloa,Yala,Brinjal,2024,65.5,892.29,Dry,Unverified
Batticaloa,Yala,Brinjal,2024,95.11,1318.95,Dry,Unverified
Batticaloa,Yala,Carrot,2024,109.63,1749.88,Dry,Supported envelope
Batticaloa,Yala,Coconut,2024,193.31,6083.93,Dry,Unverified
Batticaloa,Yala,Cucumber,2024,73.69,968.73,Dry,Unverified
Batticaloa,Yala,Green Gram,2024,92.53,674.36,Dry,Supported envelope
Batticaloa,Yala,Long Bean,2024,64.83,613.22,Dry,Unverified
Batticaloa,Yala,Papaya,2024,172.89,4929.96,Dry,Unverified
Batticaloa,Yala,Pumpkin,2024,90.95,1661.45,Dry,Unverified
Batticaloa,Yala,Red Onion,2024,69.46,850.42,Dry,Supported envelope
Batticaloa,Yala,Soybean,2024,49.26,446.09,Dry,Unverified
Batticaloa,Yala,Sweet Potato,2024,102.02,1268.11,Dry,Supported envelope
Batticaloa,Yala,Sweet Potato,2024,67.95,881.53,Dry,Supported envelope
Batticaloa,Yala,Tomato,2024,79.52,915.11,Dry,Unverified
Batticaloa,Yala,Watermelon,2024,93.33,2092.92,Dry,Unverified
Batticaloa,Yala,Watermelon,2024,173.03,3618.21,Dry,Unverified
Batticaloa,Yala,Yam,2024,50.75,604.4,Dry,Unverified
Batticaloa,Yala,Yam,2024,111.24,1565.8,Dry,Unverified
Colombo,Maha,Ash Plantain,2024,211.05,6341.44,Wet,Unverified
Colombo,Maha,Banana,2024,124.85,4446.2,Wet,Unverified
Colombo,Maha,Banana,2024,135.47,5284.83,Wet,Unverified
Colombo,Maha,Banana,2024,199.8,5614.09,Wet,Unverified
Colombo,Maha,Banana,2024,216.25,6321.69,Wet,Unverified
Colombo,Maha,Bitter Gourd,2024,78.81,684.05,Wet,Unverified
Colombo,Maha,Black Gram,2024,35.75,243.41,Wet,Unverified
Colombo,Maha,Carrot,2024,76.3,1278.73,Wet,Supported envelope
Colombo,Maha,Carrot,2024,99.42,1496.9,Wet,Supported envelope
Colombo,Maha,Carrot,2024,109.0,1491.06,Wet,Supported envelope
Colombo,Maha,Carrot,2024,81.87,1113.9,Wet,Supported envelope
Colombo,Maha,Chilli,2024,46.32,425.51,Wet,Supported envelope
Colombo,Maha,Chilli,2024,74.97,519.46,Wet,Supported envelope
Colombo,Maha,Chilli,2024,46.61,342.23,Wet,Supported envelope
Colombo,Maha,Coconut,2024,194.21,5366.23,Wet,Unverified
Colombo,Maha,Ginger,2024,64.6,739.41,Wet,Supported envelope
Colombo,Maha,Ginger,2024,80.04,767.44,Wet,Supported envelope
Colombo,Maha,Long Bean,2024,46.3,408.22,Wet,Unverified
Colombo,Maha,Mango,2024,105.2,2248.15,Wet,Unverified
Colombo,Maha,Pumpkin,2024,153.52,2659.92,Wet,Unverified
Colombo,Maha,Pumpkin,2024,98.82,1884.82,Wet,Unverified
Colombo,Maha,Rice,2024,66.17,1596.43,Wet,Unverified
Colombo,Maha,Ridge Gourd,2024,78.35,778.76,Wet,Unverified
Colombo,Maha,Ridge Gourd,2024,104.12,1084.99,Wet,Unverified
Colombo,Maha,Sesame,2024,33.89,189.29,Wet,Unverified
Colombo,Maha,Soybean,2024,77.55,766.24,Wet,Unverified
Colombo,Maha,Soybean,2024,84.43,871.42,Wet,Unverified
Colombo,Maha,Sweet Potato,2024,150.33,2031.46,Wet,Supported envelope
Colombo,Maha,Sweet Potato,2024,99.35,1159.4,Wet,Supported envelope
Colombo,Maha,Taro,2024,101.59,1340.47,Wet,Unverified
Colombo,Maha,Watermelon,2024,113.63,2146.47,Wet,Unverified
Colombo,Maha,Yam,2024,110.31,1648.47,Wet,Unverified
Colombo,Maha,Yam,2024,107.75,1460.95,Wet,Unverified
Colombo,Yala,Banana,2024,119.38,4459.09,Wet,Unverified
Colombo,Yala,Banana,2024,162.99,4185.95,Wet,Unverified
Colombo,Yala,Banana,2024,191.48,6229.02,Wet,Unverified
Colombo,Yala,Carrot,2024,116.44,1758.0,Wet,Supported envelope
Colombo,Yala,Cassava,2024,243.5,4508.54,Wet,Supported envelope
Colombo,Yala,Chilli,2024,69.56,623.91,Wet,Supported envelope
Colombo,Yala,Chilli,2024,45.26,346.92,Wet,Supported envelope
Colombo,Yala,Coconut,2024,270.26,7753.06,Wet,Unverified
Colombo,Yala,Cucumber,2024,110.8,1639.4,Wet,Unverified
Colombo,Yala,Mango,2024,145.49,3119.28,Wet,Unverified
Colombo,Yala,Okra,2024,68.07,618.75,Wet,Unverified
Colombo,Yala,Papaya,2024,220.02,5360.97,Wet,Unverified
Colombo,Yala,Rice,2024,119.2,2603.56,Wet,Unverified
Colombo,Yala,Sesame,2024,59.38,294.43,Wet,Unverified
Colombo,Yala,Tomato,2024,124.63,1583.36,Wet,Unverified
Colombo,Yala,Watermelon,2024,86.87,1830.24,Wet,Unverified
Galle,Maha,Ash Plantain,2024,99.65,2869.33,Wet,Unverified
Galle,Maha,Banana,2024,141.66,5283.26,Wet,Unverified
Galle,Maha,Banana,2024,210.05,6532.97,Wet,Unverified
Galle,Maha,Banana,2024,219.98,6252.48,Wet,Unverified
Galle,Maha,Bitter Gourd,2024,63.75,672.94,Wet,Unverified
Galle,Maha,Black Gram,2024,49.7,312.22,Wet,Unverified
Galle,Maha,Carrot,2024,103.78,1497.36,Wet,Supported envelope
Galle,Maha,Carrot,2024,72.04,1179.74,Wet,Supported envelope
Galle,Maha,Carrot,2024,71.23,1080.97,Wet,Supported envelope
Galle,Maha,Carrot,2024,65.29,761.62,Wet,Supported envelope
Galle,Maha,Chilli,2024,42.43,350.86,Wet,Supported envelope
Galle,Maha,Chilli,2024,44.64,303.11,Wet,Supported envelope
Galle,Maha,Chilli,2024,49.58,314.3,Wet,Supported envelope
Galle,Maha,Long Bean,2024,48.14,366.04,Wet,Unverified
Galle,Maha,Long Bean,2024,49.71,543.02,Wet,Unverified
Galle,Maha,Okra,2024,40.68,430.3,Wet,Unverified
Galle,Maha,Papaya,2024,116.63,2861.23,Wet,Unverified
Galle,Maha,Potato,2024,80.55,1480.86,Wet,Supported envelope
Galle,Maha,Pumpkin,2024,81.53,1143.0,Wet,Unverified
Galle,Maha,Red Onion,2024,50.12,448.96,Wet,Supported envelope
Galle,Maha,Rice,2024,81.61,1729.75,Wet,Unverified
Galle,Maha,Ridge Gourd,2024,49.32,427.55,Wet,Unverified
Galle,Maha,Sesame,2024,32.01,187.32,Wet,Unverified
Galle,Maha,Taro,2024,65.9,910.23,Wet,Unverified
Galle,Maha,Tea,2024,96.79,2200.38,Wet,Supported envelope
Galle,Maha,Tomato,2024,54.19,688.57,Wet,Unverified
Galle,Maha,Turmeric,2024,48.37,642.68,Wet,Supported envelope
Galle,Maha,Turmeric,2024,86.79,1048.09,Wet,Supported envelope
Galle,Maha,Watermelon,2024,117.02,2454.8,Wet,Unverified
Galle,Maha,Watermelon,2024,124.74,2319.74,Wet,Unverified
Galle,Maha,Yam,2024,70.28,970.12,Wet,Unverified
Galle,Yala,Ash Plantain,2024,149.25,3708.24,Wet,Unverified
Galle,Yala,Ash Plantain,2024,141.89,3880.13,Wet,Unverified
Galle,Yala,Bitter Gourd,2024,62.78,611.63,Wet,Unverified
Galle,Yala,Black Gram,2024,43.15,197.31,Wet,Unverified
Galle,Yala,Brinjal,2024,54.38,664.52,Wet,Unverified
Galle,Yala,Carrot,2024,59.3,1086.14,Wet,Supported envelope
Galle,Yala,Carrot,2024,118.6,1626.11,Wet,Supported envelope
Galle,Yala,Cassava,2024,106.39,2391.44,Wet,Supported envelope
Galle,Yala,Chilli,2024,53.53,440.93,Wet,Supported envelope
Galle,Yala,Chilli,2024,40.68,292.86,Wet,Supported envelope
Galle,Yala,Cinnamon,2024,70.01,267.01,Wet,Supported envelope
Galle,Yala,Okra,2024,56.28,470.98,Wet,Unverified
Galle,Yala,Okra,2024,33.18,308.97,Wet,Unverified
Galle,Yala,Papaya,2024,69.37,1626.12,Wet,Unverified
Galle,Yala,Papaya,2024,93.68,2142.26,Wet,Unverified
Galle,Yala,Potato,2024,68.13,1395.68,Wet,Supported envelope
Galle,Yala,Pumpkin,2024,162.26,2531.72,Wet,Unverified
Galle,Yala,Red Onion,2024,51.17,518.96,Wet,Supported envelope
Galle,Yala,Red Onion,2024,48.21,525.93,Wet,Supported envelope
Galle,Yala,Sesame,2024,44.85,237.64,Wet,Unverified
Galle,Yala,Soybean,2024,45.75,417.39,Wet,Unverified
Galle,Yala,Soybean,2024,39.88,403.51,Wet,Unverified
Galle,Yala,Soybean,2024,56.4,488.51,Wet,Unverified
Galle,Yala,Sweet Potato,2024,96.9,910.98,Wet,Supported envelope
Galle,Yala,Sweet Potato,2024,73.93,927.65,Wet,Supported envelope
Galle,Yala,Taro,2024,89.42,1128.63,Wet,Unverified
Galle,Yala,Tea,2024,110.47,2784.82,Wet,Supported envelope
Galle,Yala,Tea,2024,155.84,4476.33,Wet,Supported envelope
Galle,Yala,Tomato,2024,63.23,1113.27,Wet,Unverified
Galle,Yala,Yam,2024,66.99,1054.61,Wet,Unverified
Gampaha,Maha,Banana,2024,253.67,8363.42,Wet,Unverified
Gampaha,Maha,Banana,2024,219.75,6415.41,Wet,Unverified
Gampaha,Maha,Banana,2024,398.0,13546.43,Wet,Unverified
Gampaha,Maha,Black Gram,2024,73.21,521.39,Wet,Unverified
Gampaha,Maha,Black Gram,2024,54.09,321.36,Wet,Unverified
Gampaha,Maha,Carrot,2024,172.54,2456.44,Wet,Supported envelope
Gampaha,Maha,Carrot,2024,172.37,2916.16,Wet,Supported envelope
Gampaha,Maha,Chilli,2024,59.58,511.65,Wet,Supported envelope
Gampaha,Maha,Chilli,2024,68.72,655.81,Wet,Supported envelope
Gampaha,Maha,Chilli,2024,93.43,792.52,Wet,Supported envelope
Gampaha,Maha,Cowpea,2024,62.73,383.55,Wet,Supported envelope
Gampaha,Maha,Cowpea,2024,106.29,841.05,Wet,Supported envelope
Gampaha,Maha,Long Bean,2024,113.17,1133.12,Wet,Unverified
Gampaha,Maha,Pineapple,2024,245.11,5396.68,Wet,Supported envelope
Gampaha,Maha,Pineapple,2024,271.47,6075.26,Wet,Supported envelope
Gampaha,Maha,Ridge Gourd,2024,93.53,940.26,Wet,Unverified
Gampaha,Maha,Soybean,2024,73.81,734.87,Wet,Unverified
Gampaha,Maha,Tomato,2024,109.72,1341.35,Wet,Unverified
Gampaha,Maha,Turmeric,2024,115.16,1095.27,Wet,Supported envelope
Gampaha,Maha,Watermelon,2024,218.63,4149.74,Wet,Unverified
Gampaha,Maha,Watermelon,2024,167.88,3345.91,Wet,Unverified
Gampaha,Maha,Watermelon,2024,139.58,3156.68,Wet,Unverified
Gampaha,Yala,Ash Plantain,2024,334.68,10523.7,Wet,Unverified
Gampaha,Yala,Banana,2024,343.3,10319.32,Wet,Unverified
Gampaha,Yala,Banana,2024,319.93,10237.77,Wet,Unverified
Gampaha,Yala,Bitter Gourd,2024,91.12,994.87,Wet,Unverified
Gampaha,Yala,Black Gram,2024,108.56,768.66,Wet,Unverified
Gampaha,Yala,Carrot,2024,123.96,2172.13,Wet,Supported envelope
Gampaha,Yala,Cucumber,2024,124.43,2324.11,Wet,Unverified
Gampaha,Yala,Papaya,2024,162.29,4294.96,Wet,Unverified
Gampaha,Yala,Pumpkin,2024,172.0,2826.66,Wet,Unverified
Gampaha,Yala,Rice,2024,116.47,2259.58,Wet,Unverified
Gampaha,Yala,Sesame,2024,66.5,351.71,Wet,Unverified
Gampaha,Yala,Sesame,2024,48.34,331.55,Wet,Unverified
Gampaha,Yala,Soybean,2024,66.7,745.11,Wet,Unverified
Gampaha,Yala,Taro,2024,100.38,1293.7,Wet,Unverified
Gampaha,Yala,Tomato,2024,90.88,1135.73,Wet,Unverified
Gampaha,Yala,Tomato,2024,57.1,953.24,Wet,Unverified
Gampaha,Yala,Watermelon,2024,219.45,5136.4,Wet,Unverified
Gampaha,Yala,Watermelon,2024,216.94,4664.65,Wet,Unverified
Hambantota,Maha,Ash Plantain,2024,295.38,7833.52,Dry/Intermediate,Unverified
Hambantota,Maha,Big Onion,2024,59.97,887.67,Dry/Intermediate,Supported envelope
Hambantota,Maha,Bitter Gourd,2024,74.75,868.41,Dry/Intermediate,Unverified
Hambantota,Maha,Bitter Gourd,2024,107.52,1016.31,Dry/Intermediate,Unverified
Hambantota,Maha,Black Gram,2024,51.48,315.62,Dry/Intermediate,Unverified
Hambantota,Maha,Carrot,2024,107.14,1569.63,Dry/Intermediate,Supported envelope
Hambantota,Maha,Carrot,2024,94.6,1191.1,Dry/Intermediate,Supported envelope
Hambantota,Maha,Carrot,2024,51.36,779.76,Dry/Intermediate,Supported envelope
Hambantota,Maha,Cassava,2024,183.26,4254.91,Dry/Intermediate,Supported envelope
Hambantota,Maha,Cassava,2024,154.72,3385.21,Dry/Intermediate,Supported envelope
Hambantota,Maha,Chilli,2024,51.99,405.04,Dry/Intermediate,Supported envelope
Hambantota,Maha,Chilli,2024,96.37,629.14,Dry/Intermediate,Supported envelope
Hambantota,Maha,Coconut,2024,164.68,4807.98,Dry/Intermediate,Unverified
Hambantota,Maha,Cucumber,2024,102.8,1975.16,Dry/Intermediate,Unverified
Hambantota,Maha,Ginger,2024,109.22,1270.71,Dry/Intermediate,Supported envelope
Hambantota,Maha,Green Gram,2024,71.19,623.72,Dry/Intermediate,Supported envelope
Hambantota,Maha,Long Bean,2024,66.29,484.12,Dry/Intermediate,Unverified
Hambantota,Maha,Okra,2024,72.28,617.79,Dry/Intermediate,Unverified
Hambantota,Maha,Okra,2024,73.39,727.49,Dry/Intermediate,Unverified
Hambantota,Maha,Papaya,2024,197.45,3827.08,Dry/Intermediate,Unverified
Hambantota,Maha,Potato,2024,139.37,3055.04,Dry/Intermediate,Supported envelope
Hambantota,Maha,Potato,2024,153.95,2514.56,Dry/Intermediate,Supported envelope
Hambantota,Maha,Red Onion,2024,72.39,591.39,Dry/Intermediate,Supported envelope
Hambantota,Maha,Red Onion,2024,70.12,709.57,Dry/Intermediate,Supported envelope
Hambantota,Maha,Rice,2024,89.71,1870.84,Dry/Intermediate,Unverified
Hambantota,Maha,Sesame,2024,73.59,390.52,Dry/Intermediate,Unverified
Hambantota,Maha,Sesame,2024,51.36,331.88,Dry/Intermediate,Unverified
Hambantota,Maha,Snake Gourd,2024,86.37,846.96,Dry/Intermediate,Unverified
Hambantota,Maha,Snake Gourd,2024,64.38,551.38,Dry/Intermediate,Unverified
Hambantota,Maha,Tomato,2024,93.29,1173.15,Dry/Intermediate,Unverified
Hambantota,Maha,Watermelon,2024,270.31,5658.97,Dry/Intermediate,Unverified
Hambantota,Maha,Watermelon,2024,211.7,4951.63,Dry/Intermediate,Unverified
Hambantota,Yala,Ash Plantain,2024,341.97,9047.04,Dry/Intermediate,Unverified
Hambantota,Yala,Banana,2024,222.91,7200.89,Dry/Intermediate,Unverified
Hambantota,Yala,Banana,2024,224.45,7406.65,Dry/Intermediate,Unverified
Hambantota,Yala,Black Gram,2024,42.2,262.29,Dry/Intermediate,Unverified
Hambantota,Yala,Black Gram,2024,60.14,509.33,Dry/Intermediate,Unverified
Hambantota,Yala,Carrot,2024,102.48,1400.69,Dry/Intermediate,Supported envelope
Hambantota,Yala,Carrot,2024,72.16,1012.74,Dry/Intermediate,Supported envelope
Hambantota,Yala,Chilli,2024,91.74,681.62,Dry/Intermediate,Supported envelope
Hambantota,Yala,Chilli,2024,55.71,426.09,Dry/Intermediate,Supported envelope
Hambantota,Yala,Chilli,2024,54.79,445.73,Dry/Intermediate,Supported envelope
Hambantota,Yala,Coconut,2024,381.17,14593.56,Dry/Intermediate,Unverified
Hambantota,Yala,Cucumber,2024,83.77,1343.58,Dry/Intermediate,Unverified
Hambantota,Yala,Cucumber,2024,107.08,1681.74,Dry/Intermediate,Unverified
Hambantota,Yala,Ginger,2024,87.8,968.42,Dry/Intermediate,Supported envelope
Hambantota,Yala,Mango,2024,139.37,3660.86,Dry/Intermediate,Unverified
Hambantota,Yala,Papaya,2024,177.93,4089.23,Dry/Intermediate,Unverified
Hambantota,Yala,Papaya,2024,93.3,2769.52,Dry/Intermediate,Unverified
Hambantota,Yala,Potato,2024,112.27,1774.08,Dry/Intermediate,Supported envelope
Hambantota,Yala,Potato,2024,190.22,4482.92,Dry/Intermediate,Supported envelope
Hambantota,Yala,Pumpkin,2024,70.62,1024.57,Dry/Intermediate,Unverified
Hambantota,Yala,Sesame,2024,55.89,385.56,Dry/Intermediate,Unverified
Hambantota,Yala,Taro,2024,112.08,1285.22,Dry/Intermediate,Unverified
Hambantota,Yala,Taro,2024,83.47,1054.52,Dry/Intermediate,Unverified
Hambantota,Yala,Tomato,2024,91.05,1078.63,Dry/Intermediate,Unverified
Hambantota,Yala,Watermelon,2024,286.77,6452.57,Dry/Intermediate,Unverified
Hambantota,Yala,Watermelon,2024,283.16,6291.23,Dry/Intermediate,Unverified
Hambantota,Yala,Yam,2024,106.33,1307.36,Dry/Intermediate,Unverified
Jaffna,Maha,Ash Plantain,2024,191.76,6224.46,Dry,Unverified
Jaffna,Maha,Banana,2024,177.33,5360.87,Dry,Unverified
Jaffna,Maha,Banana,2024,138.16,3916.76,Dry,Unverified
Jaffna,Maha,Banana,2024,135.29,3997.54,Dry,Unverified
Jaffna,Maha,Black Gram,2024,58.82,373.27,Dry,Unverified
Jaffna,Maha,Black Gram,2024,91.73,559.91,Dry,Unverified
Jaffna,Maha,Carrot,2024,124.14,2295.77,Dry,Supported envelope
Jaffna,Maha,Carrot,2024,65.53,1035.16,Dry,Supported envelope
Jaffna,Maha,Carrot,2024,99.58,1593.7,Dry,Supported envelope
Jaffna,Maha,Cassava,2024,157.14,3834.87,Dry,Supported envelope
Jaffna,Maha,Cassava,2024,189.15,5044.28,Dry,Supported envelope
Jaffna,Maha,Chilli,2024,81.75,639.47,Dry,Supported envelope
Jaffna,Maha,Chilli,2024,123.29,966.24,Dry,Supported envelope
Jaffna,Maha,Chilli,2024,80.65,669.22,Dry,Supported envelope
Jaffna,Maha,Coconut,2024,175.8,5318.96,Dry,Unverified
Jaffna,Maha,Coconut,2024,190.53,5683.09,Dry,Unverified
Jaffna,Maha,Cowpea,2024,53.61,317.02,Dry,Supported envelope
Jaffna,Maha,Cucumber,2024,123.63,2426.54,Dry,Unverified
Jaffna,Maha,Green Gram,2024,50.16,371.49,Dry,Supported envelope
Jaffna,Maha,Maize,2024,142.85,2540.69,Dry,Supported envelope
Jaffna,Maha,Okra,2024,55.49,443.88,Dry,Unverified
Jaffna,Maha,Red Onion,2024,157.04,1763.23,Dry,Supported envelope
Jaffna,Maha,Red Onion,2024,151.72,1414.0,Dry,Supported envelope
Jaffna,Maha,Ridge Gourd,2024,117.77,1299.39,Dry,Unverified
Jaffna,Maha,Ridge Gourd,2024,91.97,1083.1,Dry,Unverified
Jaffna,Maha,Snake Gourd,2024,107.23,1210.22,Dry,Unverified
Jaffna,Maha,Snake Gourd,2024,73.48,694.36,Dry,Unverified
Jaffna,Maha,Soybean,2024,91.13,999.88,Dry,Unverified
Jaffna,Maha,Soybean,2024,57.7,530.31,Dry,Unverified
Jaffna,Maha,Tomato,2024,101.04,1580.16,Dry,Unverified
Jaffna,Maha,Tomato,2024,96.65,1253.45,Dry,Unverified
Jaffna,Maha,Watermelon,2024,119.91,2449.23,Dry,Unverified
Jaffna,Maha,Watermelon,2024,195.76,3693.24,Dry,Unverified
Jaffna,Maha,Watermelon,2024,136.34,2924.5,Dry,Unverified
Jaffna,Yala,Banana,2024,246.79,8313.21,Dry,Unverified
Jaffna,Yala,Banana,2024,262.08,10246.22,Dry,Unverified
Jaffna,Yala,Big Onion,2024,88.42,957.6,Dry,Supported envelope
Jaffna,Yala,Carrot,2024,89.64,1330.17,Dry,Supported envelope
Jaffna,Yala,Carrot,2024,121.02,1876.33,Dry,Supported envelope
Jaffna,Yala,Chilli,2024,73.62,495.28,Dry,Supported envelope
Jaffna,Yala,Chilli,2024,64.13,573.85,Dry,Supported envelope
Jaffna,Yala,Ginger,2024,87.75,1069.07,Dry,Supported envelope
Jaffna,Yala,Potato,2024,153.48,2793.08,Dry,Supported envelope
Jaffna,Yala,Snake Gourd,2024,65.75,764.11,Dry,Unverified
Jaffna,Yala,Taro,2024,83.41,935.66,Dry,Unverified
Jaffna,Yala,Taro,2024,64.07,1072.47,Dry,Unverified
Jaffna,Yala,Tomato,2024,62.99,838.13,Dry,Unverified
Jaffna,Yala,Watermelon,2024,113.29,2522.28,Dry,Unverified
Jaffna,Yala,Watermelon,2024,191.94,4041.18,Dry,Unverified
Jaffna,Yala,Yam,2024,103.39,1299.95,Dry,Unverified
Kalutara,Maha,Ash Plantain,2024,241.53,6071.73,Wet,Unverified
Kalutara,Maha,Banana,2024,248.46,9491.61,Wet,Unverified
Kalutara,Maha,Banana,2024,261.57,7701.44,Wet,Unverified
Kalutara,Maha,Banana,2024,260.59,7362.2,Wet,Unverified
Kalutara,Maha,Banana,2024,276.97,9130.09,Wet,Unverified
Kalutara,Maha,Banana,2024,217.19,7677.1,Wet,Unverified
Kalutara,Maha,Banana,2024,225.55,8495.04,Wet,Unverified
Kalutara,Maha,Black Gram,2024,66.39,536.13,Wet,Unverified
Kalutara,Maha,Black Gram,2024,48.72,335.24,Wet,Unverified
Kalutara,Maha,Brinjal,2024,153.69,1985.62,Wet,Unverified
Kalutara,Maha,Brinjal,2024,101.4,1249.71,Wet,Unverified
Kalutara,Maha,Carrot,2024,92.76,1579.39,Wet,Supported envelope
Kalutara,Maha,Cassava,2024,151.63,3066.17,Wet,Supported envelope
Kalutara,Maha,Chilli,2024,58.92,486.84,Wet,Supported envelope
Kalutara,Maha,Chilli,2024,70.74,538.81,Wet,Supported envelope
Kalutara,Maha,Chilli,2024,85.78,653.05,Wet,Supported envelope
Kalutara,Maha,Cinnamon,2024,57.4,293.8,Wet,Supported envelope
Kalutara,Maha,Coconut,2024,185.63,6358.05,Wet,Unverified
Kalutara,Maha,Cucumber,2024,84.27,1352.09,Wet,Unverified
Kalutara,Maha,Cucumber,2024,130.65,2035.92,Wet,Unverified
Kalutara,Maha,Pepper,2024,42.58,235.33,Wet,Supported envelope
Kalutara,Maha,Potato,2024,190.12,3261.53,Wet,Supported envelope
Kalutara,Maha,Red Onion,2024,73.13,817.3,Wet,Supported envelope
Kalutara,Maha,Rice,2024,104.85,2775.88,Wet,Unverified
Kalutara,Maha,Soybean,2024,46.97,346.7,Wet,Unverified
Kalutara,Maha,Soybean,2024,69.51,578.68,Wet,Unverified
Kalutara,Maha,Turmeric,2024,65.86,677.22,Wet,Supported envelope
Kalutara,Maha,Turmeric,2024,113.0,1675.15,Wet,Supported envelope
Kalutara,Maha,Watermelon,2024,218.67,3265.72,Wet,Unverified
Kalutara,Maha,Watermelon,2024,176.16,2968.74,Wet,Unverified
Kalutara,Maha,Watermelon,2024,117.3,2584.04,Wet,Unverified
Kalutara,Maha,Watermelon,2024,215.41,3726.46,Wet,Unverified
Kalutara,Yala,Banana,2024,246.58,6600.82,Wet,Unverified
Kalutara,Yala,Carrot,2024,105.55,1959.82,Wet,Supported envelope
Kalutara,Yala,Chilli,2024,46.23,358.74,Wet,Supported envelope
Kalutara,Yala,Chilli,2024,58.49,508.39,Wet,Supported envelope
Kalutara,Yala,Chilli,2024,94.66,718.87,Wet,Supported envelope
Kalutara,Yala,Cinnamon,2024,60.05,268.64,Wet,Supported envelope
Kalutara,Yala,Coconut,2024,196.6,5150.4,Wet,Unverified
Kalutara,Yala,Coconut,2024,202.0,5060.72,Wet,Unverified
Kalutara,Yala,Long Bean,2024,70.82,773.06,Wet,Unverified
Kalutara,Yala,Mango,2024,121.08,2660.97,Wet,Unverified
Kalutara,Yala,Okra,2024,60.38,493.17,Wet,Unverified
Kalutara,Yala,Papaya,2024,129.43,3291.89,Wet,Unverified
Kalutara,Yala,Papaya,2024,144.82,4095.2,Wet,Unverified
Kalutara,Yala,Pepper,2024,52.24,312.44,Wet,Supported envelope
Kalutara,Yala,Pepper,2024,44.02,199.17,Wet,Supported envelope
Kalutara,Yala,Pumpkin,2024,89.86,1453.03,Wet,Unverified
Kalutara,Yala,Red Onion,2024,68.83,793.84,Wet,Supported envelope
Kalutara,Yala,Rice,2024,198.82,3816.27,Wet,Unverified
Kalutara,Yala,Soybean,2024,65.88,518.16,Wet,Unverified
Kalutara,Yala,Sweet Potato,2024,119.99,1649.08,Wet,Supported envelope
Kalutara,Yala,Sweet Potato,2024,115.79,1583.31,Wet,Supported envelope
Kalutara,Yala,Taro,2024,101.91,1122.68,Wet,Unverified
Kalutara,Yala,Tea,2024,190.66,4044.06,Wet,Supported envelope
Kalutara,Yala,Tea,2024,118.71,2716.69,Wet,Supported envelope
Kalutara,Yala,Watermelon,2024,111.87,2323.18,Wet,Unverified
Kalutara,Yala,Yam,2024,103.7,1446.61,Wet,Unverified
Kalutara,Yala,Yam,2024,85.32,1075.7,Wet,Unverified
Kalutara,Yala,Yam,2024,102.61,1665.71,Wet,Unverified
Kandy,Maha,Banana,2024,184.13,6560.16,Up-country Wet/Intermediate,Unverified
Kandy,Maha,Banana,2024,235.0,7008.94,Up-country Wet/Intermediate,Unverified
Kandy,Maha,Banana,2024,201.75,6490.94,Up-country Wet/Intermediate,Unverified
Kandy,Maha,Banana,2024,242.68,6993.85,Up-country Wet/Intermediate,Unverified
Kandy,Maha,Banana,2024,218.2,6188.89,Up-country Wet/Intermediate,Unverified
Kandy,Maha,Beans,2024,121.04,1338.63,Up-country Wet/Intermediate,Supported envelope
Kandy,Maha,Beans,2024,96.55,862.87,Up-country Wet/Intermediate,Supported envelope
Kandy,Maha,Beans,2024,67.89,672.03,Up-country Wet/Intermediate,Supported envelope
Kandy,Maha,Beans,2024,98.1,903.37,Up-country Wet/Intermediate,Supported envelope
Kandy,Maha,Beans,2024,98.0,963.1,Up-country Wet/Intermediate,Supported envelope
Kandy,Maha,Beans,2024,113.96,1280.5,Up-country Wet/Intermediate,Supported envelope
Kandy,Maha,Beans,2024,77.01,765.43,Up-country Wet/Intermediate,Supported envelope
Kandy,Maha,Big Onion,2024,66.71,720.89,Up-country Wet/Intermediate,Supported envelope
Kandy,Maha,Big Onion,2024,125.63,1415.8,Up-country Wet/Intermediate,Supported envelope
Kandy,Maha,Black Gram,2024,57.77,397.81,Up-country Wet/Intermediate,Unverified
Kandy,Maha,Carrot,2024,143.15,1717.12,Up-country Wet/Intermediate,Supported envelope
Kandy,Maha,Cassava,2024,144.72,4630.35,Up-country Wet/Intermediate,Supported envelope
Kandy,Maha,Chilli,2024,62.85,468.43,Up-country Wet/Intermediate,Supported envelope
Kandy,Maha,Chilli,2024,71.9,508.42,Up-country Wet/Intermediate,Supported envelope
Kandy,Maha,Chilli,2024,51.98,405.16,Up-country Wet/Intermediate,Supported envelope
Kandy,Maha,Coconut,2024,240.27,7952.66,Up-country Wet/Intermediate,Unverified
Kandy,Maha,Green Gram,2024,42.0,291.94,Up-country Wet/Intermediate,Supported envelope
Kandy,Maha,Leeks,2024,125.35,1694.08,Up-country Wet/Intermediate,Supported envelope
Kandy,Maha,Leeks,2024,142.3,1771.44,Up-country Wet/Intermediate,Supported envelope
Kandy,Maha,Maize,2024,100.23,2016.24,Up-country Wet/Intermediate,Supported envelope
Kandy,Maha,Mango,2024,197.86,6718.32,Up-country Wet/Intermediate,Unverified
Kandy,Maha,Potato,2024,86.03,1733.95,Up-country Wet/Intermediate,Supported envelope
Kandy,Maha,Red Onion,2024,81.88,948.48,Up-country Wet/Intermediate,Supported envelope
Kandy,Maha,Ridge Gourd,2024,105.48,1304.99,Up-country Wet/Intermediate,Unverified
Kandy,Maha,Ridge Gourd,2024,97.88,1259.56,Up-country Wet/Intermediate,Unverified
Kandy,Maha,Sesame,2024,51.11,247.86,Up-country Wet/Intermediate,Unverified
Kandy,Maha,Snake Gourd,2024,59.04,527.13,Up-country Wet/Intermediate,Unverified
Kandy,Maha,Snake Gourd,2024,73.32,716.95,Up-country Wet/Intermediate,Unverified
Kandy,Maha,Taro,2024,128.64,1499.13,Up-country Wet/Intermediate,Unverified
Kandy,Maha,Tomato,2024,93.95,1035.82,Up-country Wet/Intermediate,Unverified
Kandy,Maha,Watermelon,2024,153.98,2859.33,Up-country Wet/Intermediate,Unverified
Kandy,Maha,Watermelon,2024,118.12,2585.59,Up-country Wet/Intermediate,Unverified
Kandy,Yala,Banana,2024,191.07,6674.99,Up-country Wet/Intermediate,Unverified
Kandy,Yala,Banana,2024,188.79,6536.54,Up-country Wet/Intermediate,Unverified
Kandy,Yala,Banana,2024,210.49,6545.63,Up-country Wet/Intermediate,Unverified
Kandy,Yala,Beans,2024,111.28,1173.83,Up-country Wet/Intermediate,Supported envelope
Kandy,Yala,Beans,2024,86.27,785.86,Up-country Wet/Intermediate,Supported envelope
Kandy,Yala,Beans,2024,98.45,887.93,Up-country Wet/Intermediate,Supported envelope
Kandy,Yala,Bitter Gourd,2024,101.91,917.12,Up-country Wet/Intermediate,Unverified
Kandy,Yala,Bitter Gourd,2024,78.58,905.43,Up-country Wet/Intermediate,Unverified
Kandy,Yala,Cauliflower,2024,114.9,1351.3,Up-country Wet/Intermediate,Supported envelope
Kandy,Yala,Chilli,2024,94.63,789.5,Up-country Wet/Intermediate,Supported envelope
Kandy,Yala,Chilli,2024,56.07,450.95,Up-country Wet/Intermediate,Supported envelope
Kandy,Yala,Green Gram,2024,53.02,436.89,Up-country Wet/Intermediate,Supported envelope
Kandy,Yala,Green Gram,2024,45.26,326.74,Up-country Wet/Intermediate,Supported envelope
Kandy,Yala,Groundnut,2024,73.94,736.23,Up-country Wet/Intermediate,Supported envelope
Kandy,Yala,Leeks,2024,113.71,1210.31,Up-country Wet/Intermediate,Supported envelope
Kandy,Yala,Leeks,2024,94.46,1140.86,Up-country Wet/Intermediate,Supported envelope
Kandy,Yala,Okra,2024,54.46,481.1,Up-country Wet/Intermediate,Unverified
Kandy,Yala,Pepper,2024,45.63,294.38,Up-country Wet/Intermediate,Supported envelope
Kandy,Yala,Tea,2024,254.84,7038.8,Up-country Wet/Intermediate,Supported envelope
Kandy,Yala,Tomato,2024,93.27,1455.07,Up-country Wet/Intermediate,Unverified
Kandy,Yala,Turmeric,2024,109.97,1031.9,Up-country Wet/Intermediate,Supported envelope
Kandy,Yala,Watermelon,2024,97.14,2373.06,Up-country Wet/Intermediate,Unverified
Kandy,Yala,Watermelon,2024,107.44,1797.36,Up-country Wet/Intermediate,Unverified
Kandy,Yala,Watermelon,2024,176.99,3477.9,Up-country Wet/Intermediate,Unverified
Kandy,Yala,Yam,2024,111.41,1465.05,Up-country Wet/Intermediate,Unverified
Kandy,Yala,Yam,2024,160.59,2523.25,Up-country Wet/Intermediate,Unverified
Kegalle,Maha,Ash Plantain,2024,129.92,4260.63,Wet/Intermediate,Unverified
Kegalle,Maha,Black Gram,2024,52.01,373.92,Wet/Intermediate,Unverified
Kegalle,Maha,Brinjal,2024,84.29,868.28,Wet/Intermediate,Unverified
Kegalle,Maha,Carrot,2024,80.93,1181.07,Wet/Intermediate,Supported envelope
Kegalle,Maha,Carrot,2024,119.33,2206.84,Wet/Intermediate,Supported envelope
Kegalle,Maha,Cassava,2024,182.63,5059.56,Wet/Intermediate,Supported envelope
Kegalle,Maha,Cassava,2024,230.15,6327.99,Wet/Intermediate,Supported envelope
Kegalle,Maha,Cassava,2024,147.12,3263.51,Wet/Intermediate,Supported envelope
Kegalle,Maha,Chilli,2024,74.15,644.54,Wet/Intermediate,Supported envelope
Kegalle,Maha,Chilli,2024,67.21,613.87,Wet/Intermediate,Supported envelope
Kegalle,Maha,Chilli,2024,57.31,356.33,Wet/Intermediate,Supported envelope
Kegalle,Maha,Cinnamon,2024,46.92,166.22,Wet/Intermediate,Supported envelope
Kegalle,Maha,Coconut,2024,129.0,3937.59,Wet/Intermediate,Unverified
Kegalle,Maha,Coconut,2024,154.2,4531.74,Wet/Intermediate,Unverified
Kegalle,Maha,Cucumber,2024,88.59,1147.8,Wet/Intermediate,Unverified
Kegalle,Maha,Long Bean,2024,111.48,1118.31,Wet/Intermediate,Unverified
Kegalle,Maha,Mango,2024,242.82,7446.16,Wet/Intermediate,Unverified
Kegalle,Maha,Okra,2024,90.17,886.36,Wet/Intermediate,Unverified
Kegalle,Maha,Okra,2024,66.42,500.63,Wet/Intermediate,Unverified
Kegalle,Maha,Okra,2024,46.27,355.5,Wet/Intermediate,Unverified
Kegalle,Maha,Papaya,2024,128.84,3995.09,Wet/Intermediate,Unverified
Kegalle,Maha,Pineapple,2024,232.04,4423.7,Wet/Intermediate,Supported envelope
Kegalle,Maha,Pumpkin,2024,87.23,1283.2,Wet/Intermediate,Unverified
Kegalle,Maha,Pumpkin,2024,71.92,1054.14,Wet/Intermediate,Unverified
Kegalle,Maha,Rice,2024,171.4,3700.83,Wet/Intermediate,Unverified
Kegalle,Maha,Taro,2024,105.59,1285.11,Wet/Intermediate,Unverified
Kegalle,Maha,Tea,2024,116.7,3030.96,Wet/Intermediate,Supported envelope
Kegalle,Maha,Tea,2024,198.16,5068.64,Wet/Intermediate,Supported envelope
Kegalle,Maha,Tea,2024,163.36,3804.48,Wet/Intermediate,Supported envelope
Kegalle,Maha,Tomato,2024,98.09,1523.69,Wet/Intermediate,Unverified
Kegalle,Maha,Yam,2024,87.35,1285.19,Wet/Intermediate,Unverified
Kegalle,Maha,Yam,2024,108.54,1560.6,Wet/Intermediate,Unverified
Kegalle,Maha,Yam,2024,86.15,1042.38,Wet/Intermediate,Unverified
Kegalle,Yala,Banana,2024,156.56,4933.23,Wet/Intermediate,Unverified
Kegalle,Yala,Banana,2024,177.2,5457.48,Wet/Intermediate,Unverified
Kegalle,Yala,Beans,2024,71.4,665.05,Wet/Intermediate,Supported envelope
Kegalle,Yala,Beans,2024,62.04,546.51,Wet/Intermediate,Supported envelope
Kegalle,Yala,Beans,2024,92.35,904.07,Wet/Intermediate,Supported envelope
Kegalle,Yala,Beans,2024,77.36,757.17,Wet/Intermediate,Supported envelope
Kegalle,Yala,Black Gram,2024,61.79,490.72,Wet/Intermediate,Unverified
Kegalle,Yala,Brinjal,2024,78.53,936.11,Wet/Intermediate,Unverified
Kegalle,Yala,Carrot,2024,63.99,1056.01,Wet/Intermediate,Supported envelope
Kegalle,Yala,Carrot,2024,105.72,1679.66,Wet/Intermediate,Supported envelope
Kegalle,Yala,Cassava,2024,118.93,3028.4,Wet/Intermediate,Supported envelope
Kegalle,Yala,Chilli,2024,40.45,400.7,Wet/Intermediate,Supported envelope
Kegalle,Yala,Chilli,2024,68.61,495.4,Wet/Intermediate,Supported envelope
Kegalle,Yala,Chilli,2024,54.98,416.96,Wet/Intermediate,Supported envelope
Kegalle,Yala,Chilli,2024,44.11,307.67,Wet/Intermediate,Supported envelope
Kegalle,Yala,Cucumber,2024,88.48,1139.95,Wet/Intermediate,Unverified
Kegalle,Yala,Cucumber,2024,113.66,1416.91,Wet/Intermediate,Unverified
Kegalle,Yala,Ginger,2024,78.35,892.6,Wet/Intermediate,Supported envelope
Kegalle,Yala,Ginger,2024,68.85,924.16,Wet/Intermediate,Supported envelope
Kegalle,Yala,Green Gram,2024,91.69,617.25,Wet/Intermediate,Supported envelope
Kegalle,Yala,Long Bean,2024,54.06,543.05,Wet/Intermediate,Unverified
Kegalle,Yala,Mango,2024,191.87,4271.29,Wet/Intermediate,Unverified
Kegalle,Yala,Mango,2024,152.4,3565.62,Wet/Intermediate,Unverified
Kegalle,Yala,Okra,2024,55.89,448.37,Wet/Intermediate,Unverified
Kegalle,Yala,Pineapple,2024,127.84,2528.22,Wet/Intermediate,Supported envelope
Kegalle,Yala,Pumpkin,2024,115.46,1639.21,Wet/Intermediate,Unverified
Kegalle,Yala,Sesame,2024,74.91,339.8,Wet/Intermediate,Unverified
Kegalle,Yala,Snake Gourd,2024,48.32,429.31,Wet/Intermediate,Unverified
Kegalle,Yala,Taro,2024,86.82,1454.22,Wet/Intermediate,Unverified
Kegalle,Yala,Tea,2024,114.74,2863.99,Wet/Intermediate,Supported envelope
Kegalle,Yala,Tomato,2024,93.14,1137.19,Wet/Intermediate,Unverified
Kegalle,Yala,Tomato,2024,71.14,737.92,Wet/Intermediate,Unverified
Kegalle,Yala,Watermelon,2024,136.65,2463.34,Wet/Intermediate,Unverified
Kegalle,Yala,Yam,2024,122.16,1742.75,Wet/Intermediate,Unverified
Kilinochchi,Maha,Banana,2024,194.85,5701.42,Dry,Unverified
Kilinochchi,Maha,Banana,2024,217.91,6747.55,Dry,Unverified
Kilinochchi,Maha,Banana,2024,185.63,6596.91,Dry,Unverified
Kilinochchi,Maha,Black Gram,2024,54.86,328.85,Dry,Unverified
Kilinochchi,Maha,Black Gram,2024,53.02,347.52,Dry,Unverified
Kilinochchi,Maha,Brinjal,2024,81.96,1295.13,Dry,Unverified
Kilinochchi,Maha,Carrot,2024,91.16,1234.2,Dry,Supported envelope
Kilinochchi,Maha,Carrot,2024,91.77,1193.8,Dry,Supported envelope
Kilinochchi,Maha,Carrot,2024,77.26,1212.05,Dry,Supported envelope
Kilinochchi,Maha,Carrot,2024,62.69,1219.37,Dry,Supported envelope
Kilinochchi,Maha,Carrot,2024,41.27,664.83,Dry,Supported envelope
Kilinochchi,Maha,Cassava,2024,133.8,2850.09,Dry,Supported envelope
Kilinochchi,Maha,Cassava,2024,152.81,3213.87,Dry,Supported envelope
Kilinochchi,Maha,Cassava,2024,173.09,3935.57,Dry,Supported envelope
Kilinochchi,Maha,Chilli,2024,47.73,336.02,Dry,Supported envelope
Kilinochchi,Maha,Chilli,2024,27.92,185.69,Dry,Supported envelope
Kilinochchi,Maha,Cowpea,2024,60.1,482.5,Dry,Supported envelope
Kilinochchi,Maha,Cowpea,2024,71.78,436.96,Dry,Supported envelope
Kilinochchi,Maha,Cucumber,2024,102.99,1495.48,Dry,Unverified
Kilinochchi,Maha,Green Gram,2024,68.55,637.91,Dry,Supported envelope
Kilinochchi,Maha,Ridge Gourd,2024,53.79,669.06,Dry,Unverified
Kilinochchi,Maha,Sesame,2024,36.67,183.59,Dry,Unverified
Kilinochchi,Maha,Snake Gourd,2024,56.91,556.28,Dry,Unverified
Kilinochchi,Maha,Soybean,2024,28.43,302.14,Dry,Unverified
Kilinochchi,Maha,Taro,2024,57.14,716.49,Dry,Unverified
Kilinochchi,Maha,Tomato,2024,68.97,769.2,Dry,Unverified
Kilinochchi,Maha,Tomato,2024,73.56,957.89,Dry,Unverified
Kilinochchi,Maha,Watermelon,2024,103.02,2572.03,Dry,Unverified
Kilinochchi,Maha,Watermelon,2024,110.6,1742.47,Dry,Unverified
Kilinochchi,Yala,Ash Plantain,2024,160.21,4527.43,Dry,Unverified
Kilinochchi,Yala,Banana,2024,89.02,2302.16,Dry,Unverified
Kilinochchi,Yala,Brinjal,2024,82.92,1011.33,Dry,Unverified
Kilinochchi,Yala,Carrot,2024,42.05,767.11,Dry,Supported envelope
Kilinochchi,Yala,Cassava,2024,161.6,3354.29,Dry,Supported envelope
Kilinochchi,Yala,Cassava,2024,112.86,2593.76,Dry,Supported envelope
Kilinochchi,Yala,Chilli,2024,26.74,205.2,Dry,Supported envelope
Kilinochchi,Yala,Chilli,2024,35.59,268.91,Dry,Supported envelope
Kilinochchi,Yala,Coconut,2024,101.06,3053.37,Dry,Unverified
Kilinochchi,Yala,Cucumber,2024,52.45,755.93,Dry,Unverified
Kilinochchi,Yala,Ginger,2024,61.96,731.01,Dry,Supported envelope
Kilinochchi,Yala,Ginger,2024,33.43,358.45,Dry,Supported envelope
Kilinochchi,Yala,Green Gram,2024,41.05,265.43,Dry,Supported envelope
Kilinochchi,Yala,Green Gram,2024,40.28,370.88,Dry,Supported envelope
Kilinochchi,Yala,Long Bean,2024,64.58,722.12,Dry,Unverified
Kilinochchi,Yala,Okra,2024,36.94,319.43,Dry,Unverified
Kilinochchi,Yala,Snake Gourd,2024,52.95,433.03,Dry,Unverified
Kilinochchi,Yala,Soybean,2024,33.03,287.43,Dry,Unverified
Kilinochchi,Yala,Watermelon,2024,108.08,2201.9,Dry,Unverified
Kilinochchi,Yala,Watermelon,2024,172.05,3252.07,Dry,Unverified
Kilinochchi,Yala,Watermelon,2024,88.53,1802.74,Dry,Unverified
Kurunegala,Maha,Ash Plantain,2024,292.81,9925.79,Intermediate/Dry,Unverified
Kurunegala,Maha,Banana,2024,477.46,15750.3,Intermediate/Dry,Unverified
Kurunegala,Maha,Big Onion,2024,187.98,1836.67,Intermediate/Dry,Supported envelope
Kurunegala,Maha,Bitter Gourd,2024,71.14,986.35,Intermediate/Dry,Unverified
Kurunegala,Maha,Bitter Gourd,2024,95.89,1222.59,Intermediate/Dry,Unverified
Kurunegala,Maha,Black Gram,2024,60.82,407.5,Intermediate/Dry,Unverified
Kurunegala,Maha,Cassava,2024,146.21,3182.99,Intermediate/Dry,Supported envelope
Kurunegala,Maha,Chilli,2024,55.14,386.19,Intermediate/Dry,Supported envelope
Kurunegala,Maha,Chilli,2024,89.09,591.04,Intermediate/Dry,Supported envelope
Kurunegala,Maha,Chilli,2024,65.74,516.87,Intermediate/Dry,Supported envelope
Kurunegala,Maha,Chilli,2024,95.04,741.05,Intermediate/Dry,Supported envelope
Kurunegala,Maha,Chilli,2024,56.81,523.34,Intermediate/Dry,Supported envelope
Kurunegala,Maha,Coconut,2024,395.49,12419.03,Intermediate/Dry,Unverified
Kurunegala,Maha,Green Gram,2024,70.03,571.81,Intermediate/Dry,Supported envelope
Kurunegala,Maha,Groundnut,2024,83.22,705.67,Intermediate/Dry,Supported envelope
Kurunegala,Maha,Long Bean,2024,88.03,838.76,Intermediate/Dry,Unverified
Kurunegala,Maha,Mango,2024,110.94,2658.17,Intermediate/Dry,Unverified
Kurunegala,Maha,Mango,2024,148.82,3332.15,Intermediate/Dry,Unverified
Kurunegala,Maha,Okra,2024,68.59,610.9,Intermediate/Dry,Unverified
Kurunegala,Maha,Pineapple,2024,170.74,4075.25,Intermediate/Dry,Supported envelope
Kurunegala,Maha,Potato,2024,120.52,2409.64,Intermediate/Dry,Supported envelope
Kurunegala,Maha,Ridge Gourd,2024,127.67,1359.11,Intermediate/Dry,Unverified
Kurunegala,Maha,Sesame,2024,75.74,427.08,Intermediate/Dry,Unverified
Kurunegala,Maha,Sesame,2024,48.71,249.15,Intermediate/Dry,Unverified
Kurunegala,Maha,Sweet Potato,2024,86.63,1194.44,Intermediate/Dry,Supported envelope
Kurunegala,Maha,Sweet Potato,2024,74.28,914.88,Intermediate/Dry,Supported envelope
Kurunegala,Maha,Sweet Potato,2024,97.62,1297.17,Intermediate/Dry,Supported envelope
Kurunegala,Maha,Taro,2024,96.99,1251.99,Intermediate/Dry,Unverified
Kurunegala,Maha,Turmeric,2024,57.96,610.66,Intermediate/Dry,Supported envelope
Kurunegala,Maha,Watermelon,2024,168.45,3862.15,Intermediate/Dry,Unverified
Kurunegala,Maha,Watermelon,2024,148.25,2667.46,Intermediate/Dry,Unverified
Kurunegala,Maha,Watermelon,2024,78.43,1769.43,Intermediate/Dry,Unverified
Kurunegala,Yala,Black Gram,2024,64.41,368.42,Intermediate/Dry,Unverified
Kurunegala,Yala,Black Gram,2024,74.7,513.25,Intermediate/Dry,Unverified
Kurunegala,Yala,Brinjal,2024,76.35,1136.99,Intermediate/Dry,Unverified
Kurunegala,Yala,Carrot,2024,100.35,1513.5,Intermediate/Dry,Supported envelope
Kurunegala,Yala,Carrot,2024,80.49,1052.96,Intermediate/Dry,Supported envelope
Kurunegala,Yala,Chilli,2024,34.26,270.66,Intermediate/Dry,Supported envelope
Kurunegala,Yala,Chilli,2024,81.28,648.05,Intermediate/Dry,Supported envelope
Kurunegala,Yala,Cowpea,2024,56.35,378.61,Intermediate/Dry,Supported envelope
Kurunegala,Yala,Green Gram,2024,40.62,298.48,Intermediate/Dry,Supported envelope
Kurunegala,Yala,Maize,2024,87.95,1185.41,Intermediate/Dry,Supported envelope
Kurunegala,Yala,Potato,2024,109.38,2098.81,Intermediate/Dry,Supported envelope
Kurunegala,Yala,Pumpkin,2024,99.24,1996.0,Intermediate/Dry,Unverified
Kurunegala,Yala,Red Onion,2024,66.66,611.2,Intermediate/Dry,Supported envelope
Kurunegala,Yala,Ridge Gourd,2024,78.83,907.26,Intermediate/Dry,Unverified
Kurunegala,Yala,Snake Gourd,2024,125.18,1310.82,Intermediate/Dry,Unverified
Kurunegala,Yala,Sweet Potato,2024,90.0,1071.8,Intermediate/Dry,Supported envelope
Kurunegala,Yala,Watermelon,2024,141.6,3042.24,Intermediate/Dry,Unverified
Mannar,Maha,Ash Plantain,2024,265.39,7696.07,Dry,Unverified
Mannar,Maha,Ash Plantain,2024,217.74,7023.73,Dry,Unverified
Mannar,Maha,Banana,2024,292.83,9930.35,Dry,Unverified
Mannar,Maha,Banana,2024,261.39,7457.43,Dry,Unverified
Mannar,Maha,Banana,2024,281.37,8792.49,Dry,Unverified
Mannar,Maha,Banana,2024,217.12,6241.51,Dry,Unverified
Mannar,Maha,Banana,2024,319.81,9427.5,Dry,Unverified
Mannar,Maha,Banana,2024,222.05,8717.71,Dry,Unverified
Mannar,Maha,Black Gram,2024,79.91,531.01,Dry,Unverified
Mannar,Maha,Carrot,2024,86.46,1356.77,Dry,Supported envelope
Mannar,Maha,Chilli,2024,60.02,423.91,Dry,Supported envelope
Mannar,Maha,Chilli,2024,61.83,363.31,Dry,Supported envelope
Mannar,Maha,Chilli,2024,79.71,631.46,Dry,Supported envelope
Mannar,Maha,Chilli,2024,84.25,742.59,Dry,Supported envelope
Mannar,Maha,Cowpea,2024,62.79,399.82,Dry,Supported envelope
Mannar,Maha,Cowpea,2024,74.95,736.04,Dry,Supported envelope
Mannar,Maha,Groundnut,2024,111.09,884.52,Dry,Supported envelope
Mannar,Maha,Long Bean,2024,114.83,1173.82,Dry,Unverified
Mannar,Maha,Mango,2024,215.2,5820.66,Dry,Unverified
Mannar,Maha,Okra,2024,68.02,513.73,Dry,Unverified
Mannar,Maha,Potato,2024,159.83,3502.21,Dry,Supported envelope
Mannar,Maha,Pumpkin,2024,149.7,1776.79,Dry,Unverified
Mannar,Maha,Rice,2024,185.24,4197.78,Dry,Unverified
Mannar,Maha,Ridge Gourd,2024,61.61,574.07,Dry,Unverified
Mannar,Maha,Ridge Gourd,2024,96.98,999.67,Dry,Unverified
Mannar,Maha,Snake Gourd,2024,100.77,940.63,Dry,Unverified
Mannar,Maha,Soybean,2024,83.44,729.64,Dry,Unverified
Mannar,Maha,Sweet Potato,2024,132.69,1530.4,Dry,Supported envelope
Mannar,Maha,Tomato,2024,182.3,2565.95,Dry,Unverified
Mannar,Yala,Ash Plantain,2024,166.7,4393.27,Dry,Unverified
Mannar,Yala,Banana,2024,290.98,9692.66,Dry,Unverified
Mannar,Yala,Black Gram,2024,69.13,458.25,Dry,Unverified
Mannar,Yala,Carrot,2024,104.51,1684.41,Dry,Supported envelope
Mannar,Yala,Cassava,2024,235.07,6266.53,Dry,Supported envelope
Mannar,Yala,Chilli,2024,58.99,436.49,Dry,Supported envelope
Mannar,Yala,Chilli,2024,88.43,695.54,Dry,Supported envelope
Mannar,Yala,Rice,2024,244.42,5248.26,Dry,Unverified
Mannar,Yala,Sesame,2024,61.66,412.41,Dry,Unverified
Mannar,Yala,Snake Gourd,2024,90.99,919.18,Dry,Unverified
Mannar,Yala,Snake Gourd,2024,92.8,962.97,Dry,Unverified
Mannar,Yala,Soybean,2024,60.43,629.39,Dry,Unverified
Mannar,Yala,Taro,2024,119.95,1708.87,Dry,Unverified
Mannar,Yala,Watermelon,2024,281.5,5242.64,Dry,Unverified
Mannar,Yala,Watermelon,2024,183.6,3377.33,Dry,Unverified
Mannar,Yala,Watermelon,2024,153.73,3955.91,Dry,Unverified
Mannar,Yala,Watermelon,2024,203.47,3765.75,Dry,Unverified
Matale,Maha,Banana,2024,187.74,6795.75,Intermediate/Up-country,Unverified
Matale,Maha,Banana,2024,132.74,3962.3,Intermediate/Up-country,Unverified
Matale,Maha,Beans,2024,97.3,788.42,Intermediate/Up-country,Supported envelope
Matale,Maha,Bitter Gourd,2024,53.62,480.67,Intermediate/Up-country,Unverified
Matale,Maha,Black Gram,2024,45.18,313.33,Intermediate/Up-country,Unverified
Matale,Maha,Black Gram,2024,39.39,272.3,Intermediate/Up-country,Unverified
Matale,Maha,Brinjal,2024,97.06,1053.84,Intermediate/Up-country,Unverified
Matale,Maha,Carrot,2024,78.75,1160.02,Intermediate/Up-country,Supported envelope
Matale,Maha,Cassava,2024,184.68,4128.18,Intermediate/Up-country,Supported envelope
Matale,Maha,Cassava,2024,142.73,3645.59,Intermediate/Up-country,Supported envelope
Matale,Maha,Cauliflower,2024,76.14,1225.75,Intermediate/Up-country,Supported envelope
Matale,Maha,Chilli,2024,51.76,406.81,Intermediate/Up-country,Supported envelope
Matale,Maha,Chilli,2024,53.26,408.8,Intermediate/Up-country,Supported envelope
Matale,Maha,Cowpea,2024,69.64,627.5,Intermediate/Up-country,Supported envelope
Matale,Maha,Cucumber,2024,94.81,1510.43,Intermediate/Up-country,Unverified
Matale,Maha,Groundnut,2024,54.47,590.11,Intermediate/Up-country,Supported envelope
Matale,Maha,Leeks,2024,64.6,1016.29,Intermediate/Up-country,Supported envelope
Matale,Maha,Leeks,2024,59.41,674.58,Intermediate/Up-country,Supported envelope
Matale,Maha,Okra,2024,51.02,438.48,Intermediate/Up-country,Unverified
Matale,Maha,Potato,2024,146.02,3000.81,Intermediate/Up-country,Supported envelope
Matale,Maha,Red Onion,2024,63.84,655.68,Intermediate/Up-country,Supported envelope
Matale,Maha,Ridge Gourd,2024,73.54,608.74,Intermediate/Up-country,Unverified
Matale,Maha,Sesame,2024,41.94,223.85,Intermediate/Up-country,Unverified
Matale,Maha,Taro,2024,79.71,876.89,Intermediate/Up-country,Unverified
Matale,Maha,Turmeric,2024,100.88,847.71,Intermediate/Up-country,Supported envelope
Matale,Maha,Watermelon,2024,105.55,1643.79,Intermediate/Up-country,Unverified
Matale,Maha,Yam,2024,106.3,1364.75,Intermediate/Up-country,Unverified
Matale,Yala,Ash Plantain,2024,153.8,3063.63,Intermediate/Up-country,Unverified
Matale,Yala,Banana,2024,90.16,2842.51,Intermediate/Up-country,Unverified
Matale,Yala,Banana,2024,187.27,6348.02,Intermediate/Up-country,Unverified
Matale,Yala,Big Onion,2024,109.93,1219.12,Intermediate/Up-country,Supported envelope
Matale,Yala,Black Gram,2024,48.66,330.63,Intermediate/Up-country,Unverified
Matale,Yala,Brinjal,2024,86.18,1004.94,Intermediate/Up-country,Unverified
Matale,Yala,Brinjal,2024,67.89,850.45,Intermediate/Up-country,Unverified
Matale,Yala,Brinjal,2024,99.76,1312.84,Intermediate/Up-country,Unverified
Matale,Yala,Cabbage,2024,97.28,1522.8,Intermediate/Up-country,Supported envelope
Matale,Yala,Carrot,2024,113.1,1547.0,Intermediate/Up-country,Supported envelope
Matale,Yala,Carrot,2024,98.66,1373.12,Intermediate/Up-country,Supported envelope
Matale,Yala,Chilli,2024,27.01,191.8,Intermediate/Up-country,Supported envelope
Matale,Yala,Chilli,2024,48.08,431.83,Intermediate/Up-country,Supported envelope
Matale,Yala,Chilli,2024,60.65,396.07,Intermediate/Up-country,Supported envelope
Matale,Yala,Cowpea,2024,56.22,376.53,Intermediate/Up-country,Supported envelope
Matale,Yala,Cucumber,2024,67.03,1022.82,Intermediate/Up-country,Unverified
Matale,Yala,Cucumber,2024,61.84,964.19,Intermediate/Up-country,Unverified
Matale,Yala,Ginger,2024,50.17,537.47,Intermediate/Up-country,Supported envelope
Matale,Yala,Ginger,2024,66.75,913.01,Intermediate/Up-country,Supported envelope
Matale,Yala,Ginger,2024,84.45,997.48,Intermediate/Up-country,Supported envelope
Matale,Yala,Green Gram,2024,49.09,495.52,Intermediate/Up-country,Supported envelope
Matale,Yala,Leeks,2024,44.88,526.56,Intermediate/Up-country,Supported envelope
Matale,Yala,Leeks,2024,69.57,749.13,Intermediate/Up-country,Supported envelope
Matale,Yala,Leeks,2024,64.72,753.9,Intermediate/Up-country,Supported envelope
Matale,Yala,Mango,2024,141.55,3312.68,Intermediate/Up-country,Unverified
Matale,Yala,Mango,2024,88.71,1995.24,Intermediate/Up-country,Unverified
Matale,Yala,Pepper,2024,47.76,219.74,Intermediate/Up-country,Supported envelope
Matale,Yala,Pepper,2024,31.5,184.91,Intermediate/Up-country,Supported envelope
Matale,Yala,Pumpkin,2024,115.18,1851.28,Intermediate/Up-country,Unverified
Matale,Yala,Pumpkin,2024,115.95,1639.46,Intermediate/Up-country,Unverified
Matale,Yala,Ridge Gourd,2024,63.24,622.61,Intermediate/Up-country,Unverified
Matale,Yala,Soybean,2024,59.49,741.14,Intermediate/Up-country,Unverified
Matale,Yala,Sweet Potato,2024,61.92,724.15,Intermediate/Up-country,Supported envelope
Matale,Yala,Taro,2024,71.35,873.18,Intermediate/Up-country,Unverified
Matale,Yala,Tea,2024,111.68,2947.28,Intermediate/Up-country,Supported envelope
Matale,Yala,Tomato,2024,93.6,988.45,Intermediate/Up-country,Unverified
Matale,Yala,Turmeric,2024,45.71,513.23,Intermediate/Up-country,Supported envelope
Matale,Yala,Watermelon,2024,84.55,1914.12,Intermediate/Up-country,Unverified
Matale,Yala,Watermelon,2024,89.65,1726.43,Intermediate/Up-country,Unverified
Matale,Yala,Watermelon,2024,74.04,1785.18,Intermediate/Up-country,Unverified
Matara,Maha,Banana,2024,221.8,7018.94,Wet,Unverified
Matara,Maha,Banana,2024,193.05,5992.87,Wet,Unverified
Matara,Maha,Banana,2024,185.57,5518.2,Wet,Unverified
Matara,Maha,Big Onion,2024,66.97,709.61,Wet,Supported envelope
Matara,Maha,Big Onion,2024,75.88,826.01,Wet,Supported envelope
Matara,Maha,Black Gram,2024,59.34,435.68,Wet,Unverified
Matara,Maha,Brinjal,2024,121.54,1292.55,Wet,Unverified
Matara,Maha,Carrot,2024,127.41,2100.91,Wet,Supported envelope
Matara,Maha,Carrot,2024,137.65,2215.13,Wet,Supported envelope
Matara,Maha,Carrot,2024,106.91,1385.46,Wet,Supported envelope
Matara,Maha,Cassava,2024,154.33,4562.93,Wet,Supported envelope
Matara,Maha,Cassava,2024,219.43,5369.55,Wet,Supported envelope
Matara,Maha,Chilli,2024,79.98,629.06,Wet,Supported envelope
Matara,Maha,Chilli,2024,51.27,368.76,Wet,Supported envelope
Matara,Maha,Chilli,2024,44.44,367.92,Wet,Supported envelope
Matara,Maha,Cucumber,2024,155.27,2536.23,Wet,Unverified
Matara,Maha,Long Bean,2024,103.42,927.38,Wet,Unverified
Matara,Maha,Maize,2024,187.45,3079.81,Wet,Supported envelope
Matara,Maha,Maize,2024,140.26,1781.59,Wet,Supported envelope
Matara,Maha,Mango,2024,204.61,4902.68,Wet,Unverified
Matara,Maha,Okra,2024,92.08,715.35,Wet,Unverified
Matara,Maha,Okra,2024,65.77,670.61,Wet,Unverified
Matara,Maha,Pepper,2024,38.23,146.8,Wet,Supported envelope
Matara,Maha,Potato,2024,117.79,2405.64,Wet,Supported envelope
Matara,Maha,Potato,2024,114.17,1735.11,Wet,Supported envelope
Matara,Maha,Pumpkin,2024,130.93,2128.55,Wet,Unverified
Matara,Maha,Snake Gourd,2024,60.08,771.91,Wet,Unverified
Matara,Maha,Snake Gourd,2024,130.86,1126.27,Wet,Unverified
Matara,Maha,Soybean,2024,59.82,595.51,Wet,Unverified
Matara,Maha,Sweet Potato,2024,160.35,2770.29,Wet,Supported envelope
Matara,Maha,Sweet Potato,2024,173.42,3024.55,Wet,Supported envelope
Matara,Maha,Taro,2024,98.6,1466.35,Wet,Unverified
Matara,Maha,Taro,2024,108.68,1633.94,Wet,Unverified
Matara,Maha,Turmeric,2024,115.45,1818.46,Wet,Supported envelope
Matara,Maha,Watermelon,2024,153.81,2637.31,Wet,Unverified
Matara,Maha,Yam,2024,120.7,1431.97,Wet,Unverified
Matara,Maha,Yam,2024,122.27,1676.86,Wet,Unverified
Matara,Maha,Yam,2024,131.45,2026.01,Wet,Unverified
Matara,Yala,Ash Plantain,2024,256.05,7584.49,Wet,Unverified
Matara,Yala,Banana,2024,248.84,9180.64,Wet,Unverified
Matara,Yala,Banana,2024,292.43,9739.71,Wet,Unverified
Matara,Yala,Carrot,2024,135.42,1603.15,Wet,Supported envelope
Matara,Yala,Carrot,2024,111.17,1758.32,Wet,Supported envelope
Matara,Yala,Cassava,2024,259.82,5275.93,Wet,Supported envelope
Matara,Yala,Chilli,2024,82.61,663.93,Wet,Supported envelope
Matara,Yala,Chilli,2024,76.45,557.03,Wet,Supported envelope
Matara,Yala,Chilli,2024,78.5,569.14,Wet,Supported envelope
Matara,Yala,Chilli,2024,80.59,559.15,Wet,Supported envelope
Matara,Yala,Cowpea,2024,86.45,570.03,Wet,Supported envelope
Matara,Yala,Ginger,2024,92.45,1170.02,Wet,Supported envelope
Matara,Yala,Maize,2024,132.32,2168.0,Wet,Supported envelope
Matara,Yala,Papaya,2024,169.83,3545.1,Wet,Unverified
Matara,Yala,Papaya,2024,152.22,4124.77,Wet,Unverified
Matara,Yala,Potato,2024,205.19,3370.62,Wet,Supported envelope
Matara,Yala,Ridge Gourd,2024,80.9,977.02,Wet,Unverified
Matara,Yala,Ridge Gourd,2024,81.7,827.77,Wet,Unverified
Matara,Yala,Soybean,2024,86.54,760.84,Wet,Unverified
Matara,Yala,Soybean,2024,108.87,1085.54,Wet,Unverified
Matara,Yala,Sweet Potato,2024,189.92,2804.49,Wet,Supported envelope
Matara,Yala,Taro,2024,133.49,1766.28,Wet,Unverified
Matara,Yala,Tomato,2024,138.32,1615.28,Wet,Unverified
Matara,Yala,Watermelon,2024,171.66,3943.7,Wet,Unverified
Matara,Yala,Yam,2024,114.29,1424.29,Wet,Unverified
Monaragala,Maha,Banana,2024,305.66,8501.74,Unknown,Unverified
Monaragala,Maha,Black Gram,2024,60.19,378.92,Unknown,Unverified
Monaragala,Maha,Brinjal,2024,59.54,756.33,Unknown,Unverified
Monaragala,Maha,Cucumber,2024,116.27,1662.48,Unknown,Unverified
Monaragala,Maha,Long Bean,2024,67.23,575.78,Unknown,Unverified
Monaragala,Maha,Long Bean,2024,50.3,374.11,Unknown,Unverified
Monaragala,Maha,Sesame,2024,56.47,388.51,Unknown,Unverified
Monaragala,Maha,Soybean,2024,83.24,805.2,Unknown,Unverified
Monaragala,Maha,Soybean,2024,79.65,866.44,Unknown,Unverified
Monaragala,Maha,Tomato,2024,65.55,900.27,Unknown,Unverified
Monaragala,Maha,Tomato,2024,83.27,1213.18,Unknown,Unverified
Monaragala,Maha,Tomato,2024,94.27,1452.3,Unknown,Unverified
Monaragala,Maha,Tomato,2024,97.5,1305.83,Unknown,Unverified
Monaragala,Maha,Watermelon,2024,279.29,4658.95,Unknown,Unverified
Monaragala,Maha,Watermelon,2024,175.32,4336.58,Unknown,Unverified
Monaragala,Yala,Banana,2024,203.39,6706.63,Unknown,Unverified
Monaragala,Yala,Bitter Gourd,2024,55.72,593.1,Unknown,Unverified
Monaragala,Yala,Brinjal,2024,77.48,1011.62,Unknown,Unverified
Monaragala,Yala,Coconut,2024,169.88,5518.73,Unknown,Unverified
Monaragala,Yala,Long Bean,2024,63.82,678.43,Unknown,Unverified
Monaragala,Yala,Mango,2024,149.85,3592.88,Unknown,Unverified
Monaragala,Yala,Okra,2024,72.09,585.24,Unknown,Unverified
Monaragala,Yala,Pumpkin,2024,65.79,1024.29,Unknown,Unverified
Monaragala,Yala,Pumpkin,2024,81.76,1095.15,Unknown,Unverified
Monaragala,Yala,Rice,2024,113.72,2821.45,Unknown,Unverified
Monaragala,Yala,Sesame,2024,30.59,190.52,Unknown,Unverified
Monaragala,Yala,Sesame,2024,36.5,209.07,Unknown,Unverified
Monaragala,Yala,Taro,2024,78.56,882.7,Unknown,Unverified
Monaragala,Yala,Watermelon,2024,122.87,3061.71,Unknown,Unverified
Monaragala,Yala,Watermelon,2024,138.15,2449.12,Unknown,Unverified
Monaragala,Yala,Watermelon,2024,134.61,3368.75,Unknown,Unverified
Monaragala,Yala,Yam,2024,68.16,813.21,Unknown,Unverified
Mullaitivu,Maha,Ash Plantain,2024,230.23,7733.26,Dry,Unverified
Mullaitivu,Maha,Banana,2024,328.65,10383.11,Dry,Unverified
Mullaitivu,Maha,Banana,2024,221.77,6771.27,Dry,Unverified
Mullaitivu,Maha,Banana,2024,274.37,7806.98,Dry,Unverified
Mullaitivu,Maha,Banana,2024,340.93,10157.18,Dry,Unverified
Mullaitivu,Maha,Big Onion,2024,75.27,912.91,Dry,Supported envelope
Mullaitivu,Maha,Bitter Gourd,2024,93.52,921.64,Dry,Unverified
Mullaitivu,Maha,Bitter Gourd,2024,122.75,1347.04,Dry,Unverified
Mullaitivu,Maha,Black Gram,2024,59.31,367.39,Dry,Unverified
Mullaitivu,Maha,Carrot,2024,106.04,1368.81,Dry,Supported envelope
Mullaitivu,Maha,Carrot,2024,159.47,2704.59,Dry,Supported envelope
Mullaitivu,Maha,Carrot,2024,121.77,1829.76,Dry,Supported envelope
Mullaitivu,Maha,Carrot,2024,119.34,1816.25,Dry,Supported envelope
Mullaitivu,Maha,Carrot,2024,126.67,1868.05,Dry,Supported envelope
Mullaitivu,Maha,Cassava,2024,169.06,5064.85,Dry,Supported envelope
Mullaitivu,Maha,Chilli,2024,80.01,561.08,Dry,Supported envelope
Mullaitivu,Maha,Coconut,2024,204.21,5138.48,Dry,Unverified
Mullaitivu,Maha,Coconut,2024,186.77,6526.39,Dry,Unverified
Mullaitivu,Maha,Ginger,2024,79.49,867.12,Dry,Supported envelope
Mullaitivu,Maha,Okra,2024,77.43,670.6,Dry,Unverified
Mullaitivu,Maha,Pumpkin,2024,99.42,1443.45,Dry,Unverified
Mullaitivu,Maha,Red Onion,2024,72.0,781.05,Dry,Supported envelope
Mullaitivu,Maha,Rice,2024,137.31,3135.59,Dry,Unverified
Mullaitivu,Maha,Ridge Gourd,2024,83.31,954.74,Dry,Unverified
Mullaitivu,Maha,Sesame,2024,58.09,375.78,Dry,Unverified
Mullaitivu,Maha,Snake Gourd,2024,105.21,1279.58,Dry,Unverified
Mullaitivu,Maha,Tomato,2024,161.9,1824.83,Dry,Unverified
Mullaitivu,Maha,Watermelon,2024,101.67,2061.53,Dry,Unverified
Mullaitivu,Yala,Banana,2024,277.03,8656.06,Dry,Unverified
Mullaitivu,Yala,Banana,2024,317.56,10664.34,Dry,Unverified
Mullaitivu,Yala,Banana,2024,203.18,6880.24,Dry,Unverified
Mullaitivu,Yala,Big Onion,2024,154.13,2013.17,Dry,Supported envelope
Mullaitivu,Yala,Bitter Gourd,2024,56.18,614.96,Dry,Unverified
Mullaitivu,Yala,Black Gram,2024,75.86,455.72,Dry,Unverified
Mullaitivu,Yala,Carrot,2024,116.45,1830.94,Dry,Supported envelope
Mullaitivu,Yala,Carrot,2024,156.84,2766.77,Dry,Supported envelope
Mullaitivu,Yala,Carrot,2024,177.8,2752.17,Dry,Supported envelope
Mullaitivu,Yala,Carrot,2024,78.58,1266.37,Dry,Supported envelope
Mullaitivu,Yala,Chilli,2024,54.93,424.35,Dry,Supported envelope
Mullaitivu,Yala,Cucumber,2024,87.05,948.46,Dry,Unverified
Mullaitivu,Yala,Cucumber,2024,110.63,1595.71,Dry,Unverified
Mullaitivu,Yala,Cucumber,2024,87.34,1610.46,Dry,Unverified
Mullaitivu,Yala,Green Gram,2024,54.93,432.53,Dry,Supported envelope
Mullaitivu,Yala,Long Bean,2024,69.58,587.79,Dry,Unverified
Mullaitivu,Yala,Long Bean,2024,68.85,722.23,Dry,Unverified
Mullaitivu,Yala,Mango,2024,163.23,3739.24,Dry,Unverified
Mullaitivu,Yala,Potato,2024,109.32,2252.52,Dry,Supported envelope
Mullaitivu,Yala,Red Onion,2024,54.26,460.68,Dry,Supported envelope
Mullaitivu,Yala,Red Onion,2024,49.74,540.07,Dry,Supported envelope
Mullaitivu,Yala,Snake Gourd,2024,120.87,1313.66,Dry,Unverified
Mullaitivu,Yala,Turmeric,2024,119.0,1324.32,Dry,Supported envelope
Mullaitivu,Yala,Turmeric,2024,61.93,654.05,Dry,Supported envelope
Mullaitivu,Yala,Turmeric,2024,91.07,1016.38,Dry,Supported envelope
Mullaitivu,Yala,Turmeric,2024,85.35,851.24,Dry,Supported envelope
Mullaitivu,Yala,Watermelon,2024,188.09,3003.24,Dry,Unverified
Mullaitivu,Yala,Yam,2024,67.53,1012.76,Dry,Unverified
Nuwara Eliya,Maha,Banana,2024,193.3,6010.38,Up-country Wet,Unverified
Nuwara Eliya,Maha,Beans,2024,66.32,675.49,Up-country Wet,Supported envelope
Nuwara Eliya,Maha,Beans,2024,77.77,805.54,Up-country Wet,Supported envelope
Nuwara Eliya,Maha,Bitter Gourd,2024,82.93,827.44,Up-country Wet,Unverified
Nuwara Eliya,Maha,Brinjal,2024,68.92,852.09,Up-country Wet,Unverified
Nuwara Eliya,Maha,Carrot,2024,202.32,3536.55,Up-country Wet,Supported envelope
Nuwara Eliya,Maha,Carrot,2024,128.59,2031.3,Up-country Wet,Supported envelope
Nuwara Eliya,Maha,Chilli,2024,34.81,259.55,Up-country Wet,Supported envelope
Nuwara Eliya,Maha,Chilli,2024,42.23,312.56,Up-country Wet,Supported envelope
Nuwara Eliya,Maha,Leeks,2024,97.21,1123.63,Up-country Wet,Supported envelope
Nuwara Eliya,Maha,Leeks,2024,84.71,1153.21,Up-country Wet,Supported envelope
Nuwara Eliya,Maha,Leeks,2024,168.31,1673.2,Up-country Wet,Supported envelope
Nuwara Eliya,Maha,Leeks,2024,130.89,1440.75,Up-country Wet,Supported envelope
Nuwara Eliya,Maha,Leeks,2024,124.64,1942.33,Up-country Wet,Supported envelope
Nuwara Eliya,Maha,Long Bean,2024,66.96,718.1,Up-country Wet,Unverified
Nuwara Eliya,Maha,Long Bean,2024,76.67,762.96,Up-country Wet,Unverified
Nuwara Eliya,Maha,Maize,2024,82.81,1295.48,Up-country Wet,Supported envelope
Nuwara Eliya,Maha,Mango,2024,166.98,4359.43,Up-country Wet,Unverified
Nuwara Eliya,Maha,Mango,2024,115.96,2877.69,Up-country Wet,Unverified
Nuwara Eliya,Maha,Papaya,2024,148.36,3796.18,Up-country Wet,Unverified
Nuwara Eliya,Maha,Pepper,2024,57.15,251.88,Up-country Wet,Supported envelope
Nuwara Eliya,Maha,Ridge Gourd,2024,59.61,772.38,Up-country Wet,Unverified
Nuwara Eliya,Maha,Watermelon,2024,123.43,2410.4,Up-country Wet,Unverified
Nuwara Eliya,Yala,Ash Plantain,2024,171.86,4492.97,Up-country Wet,Unverified
Nuwara Eliya,Yala,Banana,2024,145.82,4455.22,Up-country Wet,Unverified
Nuwara Eliya,Yala,Beans,2024,66.56,585.83,Up-country Wet,Supported envelope
Nuwara Eliya,Yala,Beans,2024,61.58,704.86,Up-country Wet,Supported envelope
Nuwara Eliya,Yala,Bitter Gourd,2024,50.26,553.62,Up-country Wet,Unverified
Nuwara Eliya,Yala,Black Gram,2024,40.97,238.79,Up-country Wet,Unverified
Nuwara Eliya,Yala,Carrot,2024,83.08,1153.94,Up-country Wet,Supported envelope
Nuwara Eliya,Yala,Carrot,2024,162.86,2643.1,Up-country Wet,Supported envelope
Nuwara Eliya,Yala,Chilli,2024,52.25,370.19,Up-country Wet,Supported envelope
Nuwara Eliya,Yala,Ginger,2024,61.02,942.59,Up-country Wet,Supported envelope
Nuwara Eliya,Yala,Leeks,2024,141.63,1644.15,Up-country Wet,Supported envelope
Nuwara Eliya,Yala,Leeks,2024,107.75,1436.46,Up-country Wet,Supported envelope
Nuwara Eliya,Yala,Leeks,2024,169.11,2490.31,Up-country Wet,Supported envelope
Nuwara Eliya,Yala,Long Bean,2024,54.19,470.42,Up-country Wet,Unverified
Nuwara Eliya,Yala,Maize,2024,70.08,1234.61,Up-country Wet,Supported envelope
Nuwara Eliya,Yala,Maize,2024,93.0,1669.01,Up-country Wet,Supported envelope
Nuwara Eliya,Yala,Taro,2024,77.75,815.23,Up-country Wet,Unverified
Nuwara Eliya,Yala,Tea,2024,327.51,7167.56,Up-country Wet,Supported envelope
Nuwara Eliya,Yala,Tea,2024,299.98,7889.22,Up-country Wet,Supported envelope
Nuwara Eliya,Yala,Tea,2024,274.64,6272.9,Up-country Wet,Supported envelope
Nuwara Eliya,Yala,Watermelon,2024,122.29,2862.94,Up-country Wet,Unverified
Nuwara Eliya,Yala,Watermelon,2024,117.3,2239.26,Up-country Wet,Unverified
Nuwara Eliya,Yala,Watermelon,2024,103.07,2459.18,Up-country Wet,Unverified
Polonnaruwa,Maha,Ash Plantain,2024,263.53,7784.18,Dry,Unverified
Polonnaruwa,Maha,Banana,2024,209.27,7211.76,Dry,Unverified
Polonnaruwa,Maha,Banana,2024,215.8,7196.73,Dry,Unverified
Polonnaruwa,Maha,Banana,2024,214.09,6377.53,Dry,Unverified
Polonnaruwa,Maha,Bitter Gourd,2024,91.99,1085.83,Dry,Unverified
Polonnaruwa,Maha,Bitter Gourd,2024,99.18,928.48,Dry,Unverified
Polonnaruwa,Maha,Carrot,2024,115.01,2039.12,Dry,Supported envelope
Polonnaruwa,Maha,Carrot,2024,143.54,2667.82,Dry,Supported envelope
Polonnaruwa,Maha,Carrot,2024,70.31,1105.37,Dry,Supported envelope
Polonnaruwa,Maha,Carrot,2024,102.42,1298.44,Dry,Supported envelope
Polonnaruwa,Maha,Carrot,2024,88.24,1395.42,Dry,Supported envelope
Polonnaruwa,Maha,Cassava,2024,198.78,4552.46,Dry,Supported envelope
Polonnaruwa,Maha,Cassava,2024,137.7,2843.83,Dry,Supported envelope
Polonnaruwa,Maha,Chilli,2024,76.5,598.5,Dry,Supported envelope
Polonnaruwa,Maha,Chilli,2024,54.14,358.14,Dry,Supported envelope
Polonnaruwa,Maha,Coconut,2024,144.12,4386.01,Dry,Unverified
Polonnaruwa,Maha,Coconut,2024,200.3,6220.22,Dry,Unverified
Polonnaruwa,Maha,Cowpea,2024,61.45,533.24,Dry,Supported envelope
Polonnaruwa,Maha,Long Bean,2024,61.34,544.34,Dry,Unverified
Polonnaruwa,Maha,Maize,2024,137.57,2097.32,Dry,Supported envelope
Polonnaruwa,Maha,Papaya,2024,128.14,3228.53,Dry,Unverified
Polonnaruwa,Maha,Pumpkin,2024,86.12,1516.2,Dry,Unverified
Polonnaruwa,Maha,Pumpkin,2024,157.98,2161.8,Dry,Unverified
Polonnaruwa,Maha,Red Onion,2024,82.55,720.9,Dry,Supported envelope
Polonnaruwa,Maha,Rice,2024,171.24,3329.74,Dry,Unverified
Polonnaruwa,Maha,Ridge Gourd,2024,46.85,485.46,Dry,Unverified
Polonnaruwa,Maha,Ridge Gourd,2024,69.41,823.2,Dry,Unverified
Polonnaruwa,Maha,Ridge Gourd,2024,50.13,480.33,Dry,Unverified
Polonnaruwa,Maha,Soybean,2024,105.14,1045.67,Dry,Unverified
Polonnaruwa,Maha,Tomato,2024,136.1,2187.19,Dry,Unverified
Polonnaruwa,Maha,Turmeric,2024,72.48,865.03,Dry,Supported envelope
Polonnaruwa,Maha,Watermelon,2024,155.88,2644.2,Dry,Unverified
Polonnaruwa,Yala,Ash Plantain,2024,208.79,5212.96,Dry,Unverified
Polonnaruwa,Yala,Banana,2024,148.57,4774.02,Dry,Unverified
Polonnaruwa,Yala,Big Onion,2024,80.23,1115.43,Dry,Supported envelope
Polonnaruwa,Yala,Bitter Gourd,2024,81.07,656.51,Dry,Unverified
Polonnaruwa,Yala,Black Gram,2024,35.39,201.06,Dry,Unverified
Polonnaruwa,Yala,Black Gram,2024,60.7,390.63,Dry,Unverified
Polonnaruwa,Yala,Carrot,2024,81.85,1268.31,Dry,Supported envelope
Polonnaruwa,Yala,Carrot,2024,106.89,1317.97,Dry,Supported envelope
Polonnaruwa,Yala,Carrot,2024,123.75,2234.24,Dry,Supported envelope
Polonnaruwa,Yala,Chilli,2024,62.38,417.94,Dry,Supported envelope
Polonnaruwa,Yala,Chilli,2024,55.78,339.31,Dry,Supported envelope
Polonnaruwa,Yala,Chilli,2024,68.46,493.28,Dry,Supported envelope
Polonnaruwa,Yala,Chilli,2024,70.47,548.29,Dry,Supported envelope
Polonnaruwa,Yala,Coconut,2024,297.45,10322.07,Dry,Unverified
Polonnaruwa,Yala,Cucumber,2024,95.98,1178.93,Dry,Unverified
Polonnaruwa,Yala,Cucumber,2024,88.79,1393.22,Dry,Unverified
Polonnaruwa,Yala,Groundnut,2024,73.99,814.71,Dry,Supported envelope
Polonnaruwa,Yala,Long Bean,2024,82.68,899.16,Dry,Unverified
Polonnaruwa,Yala,Mango,2024,109.6,3144.09,Dry,Unverified
Polonnaruwa,Yala,Okra,2024,60.55,490.63,Dry,Unverified
Polonnaruwa,Yala,Red Onion,2024,96.62,1208.78,Dry,Supported envelope
Polonnaruwa,Yala,Taro,2024,74.16,1181.6,Dry,Unverified
Polonnaruwa,Yala,Taro,2024,122.52,1768.47,Dry,Unverified
Polonnaruwa,Yala,Watermelon,2024,125.96,2174.62,Dry,Unverified
Polonnaruwa,Yala,Yam,2024,82.93,1106.63,Dry,Unverified
Puttalam,Maha,Banana,2024,148.21,4565.11,Dry/Intermediate,Unverified
Puttalam,Maha,Banana,2024,189.16,5611.14,Dry/Intermediate,Unverified
Puttalam,Maha,Banana,2024,224.8,6247.33,Dry/Intermediate,Unverified
Puttalam,Maha,Big Onion,2024,77.46,969.09,Dry/Intermediate,Supported envelope
Puttalam,Maha,Big Onion,2024,86.86,721.03,Dry/Intermediate,Supported envelope
Puttalam,Maha,Brinjal,2024,100.62,1380.98,Dry/Intermediate,Unverified
Puttalam,Maha,Brinjal,2024,81.3,950.88,Dry/Intermediate,Unverified
Puttalam,Maha,Carrot,2024,82.77,1204.19,Dry/Intermediate,Supported envelope
Puttalam,Maha,Carrot,2024,64.17,1064.48,Dry/Intermediate,Supported envelope
Puttalam,Maha,Chilli,2024,90.55,630.55,Dry/Intermediate,Supported envelope
Puttalam,Maha,Chilli,2024,108.73,803.19,Dry/Intermediate,Supported envelope
Puttalam,Maha,Chilli,2024,93.0,888.33,Dry/Intermediate,Supported envelope
Puttalam,Maha,Chilli,2024,109.21,883.55,Dry/Intermediate,Supported envelope
Puttalam,Maha,Chilli,2024,110.53,877.59,Dry/Intermediate,Supported envelope
Puttalam,Maha,Chilli,2024,54.6,463.03,Dry/Intermediate,Supported envelope
Puttalam,Maha,Coconut,2024,194.64,5775.52,Dry/Intermediate,Unverified
Puttalam,Maha,Ginger,2024,83.75,1017.68,Dry/Intermediate,Supported envelope
Puttalam,Maha,Green Gram,2024,61.67,442.54,Dry/Intermediate,Supported envelope
Puttalam,Maha,Green Gram,2024,45.72,364.86,Dry/Intermediate,Supported envelope
Puttalam,Maha,Groundnut,2024,69.91,879.73,Dry/Intermediate,Supported envelope
Puttalam,Maha,Groundnut,2024,69.67,552.81,Dry/Intermediate,Supported envelope
Puttalam,Maha,Maize,2024,130.6,2562.15,Dry/Intermediate,Supported envelope
Puttalam,Maha,Mango,2024,95.26,2252.59,Dry/Intermediate,Unverified
Puttalam,Maha,Okra,2024,78.75,913.67,Dry/Intermediate,Unverified
Puttalam,Maha,Okra,2024,56.0,483.33,Dry/Intermediate,Unverified
Puttalam,Maha,Papaya,2024,164.34,3717.6,Dry/Intermediate,Unverified
Puttalam,Maha,Pumpkin,2024,107.74,2056.76,Dry/Intermediate,Unverified
Puttalam,Maha,Red Onion,2024,70.81,638.41,Dry/Intermediate,Supported envelope
Puttalam,Maha,Red Onion,2024,139.22,1576.76,Dry/Intermediate,Supported envelope
Puttalam,Maha,Sesame,2024,62.63,352.98,Dry/Intermediate,Unverified
Puttalam,Maha,Snake Gourd,2024,90.39,951.23,Dry/Intermediate,Unverified
Puttalam,Maha,Soybean,2024,60.25,457.91,Dry/Intermediate,Unverified
Puttalam,Maha,Tomato,2024,68.68,909.15,Dry/Intermediate,Unverified
Puttalam,Maha,Watermelon,2024,218.58,4806.25,Dry/Intermediate,Unverified
Puttalam,Maha,Watermelon,2024,263.35,4780.53,Dry/Intermediate,Unverified
Puttalam,Maha,Watermelon,2024,184.07,3589.78,Dry/Intermediate,Unverified
Puttalam,Yala,Banana,2024,204.21,6203.34,Dry/Intermediate,Unverified
Puttalam,Yala,Banana,2024,226.27,6549.95,Dry/Intermediate,Unverified
Puttalam,Yala,Bitter Gourd,2024,134.39,1569.5,Dry/Intermediate,Unverified
Puttalam,Yala,Brinjal,2024,83.14,1049.12,Dry/Intermediate,Unverified
Puttalam,Yala,Brinjal,2024,98.05,1107.05,Dry/Intermediate,Unverified
Puttalam,Yala,Cassava,2024,264.71,6820.22,Dry/Intermediate,Supported envelope
Puttalam,Yala,Cowpea,2024,59.05,475.71,Dry/Intermediate,Supported envelope
Puttalam,Yala,Green Gram,2024,39.1,273.08,Dry/Intermediate,Supported envelope
Puttalam,Yala,Maize,2024,94.38,1419.83,Dry/Intermediate,Supported envelope
Puttalam,Yala,Pumpkin,2024,105.9,1475.61,Dry/Intermediate,Unverified
Puttalam,Yala,Rice,2024,99.62,1958.09,Dry/Intermediate,Unverified
Puttalam,Yala,Sesame,2024,41.31,215.5,Dry/Intermediate,Unverified
Puttalam,Yala,Sweet Potato,2024,96.11,1434.08,Dry/Intermediate,Supported envelope
Puttalam,Yala,Sweet Potato,2024,84.2,1148.88,Dry/Intermediate,Supported envelope
Puttalam,Yala,Taro,2024,61.97,763.33,Dry/Intermediate,Unverified
Puttalam,Yala,Tomato,2024,62.89,869.49,Dry/Intermediate,Unverified
Puttalam,Yala,Tomato,2024,102.23,1174.84,Dry/Intermediate,Unverified
Puttalam,Yala,Watermelon,2024,119.2,2784.68,Dry/Intermediate,Unverified
Ratnapura,Maha,Banana,2024,125.77,3818.73,Wet/Intermediate,Unverified
Ratnapura,Maha,Banana,2024,108.61,4337.11,Wet/Intermediate,Unverified
Ratnapura,Maha,Beans,2024,69.59,637.28,Wet/Intermediate,Supported envelope
Ratnapura,Maha,Beans,2024,65.92,647.41,Wet/Intermediate,Supported envelope
Ratnapura,Maha,Beans,2024,65.13,522.32,Wet/Intermediate,Supported envelope
Ratnapura,Maha,Carrot,2024,106.75,1423.54,Wet/Intermediate,Supported envelope
Ratnapura,Maha,Carrot,2024,104.87,1701.71,Wet/Intermediate,Supported envelope
Ratnapura,Maha,Carrot,2024,93.18,1882.72,Wet/Intermediate,Supported envelope
Ratnapura,Maha,Carrot,2024,104.13,1543.16,Wet/Intermediate,Supported envelope
Ratnapura,Maha,Carrot,2024,106.38,1673.17,Wet/Intermediate,Supported envelope
Ratnapura,Maha,Chilli,2024,61.47,514.39,Wet/Intermediate,Supported envelope
Ratnapura,Maha,Chilli,2024,43.52,300.04,Wet/Intermediate,Supported envelope
Ratnapura,Maha,Coconut,2024,216.37,6944.19,Wet/Intermediate,Unverified
Ratnapura,Maha,Long Bean,2024,53.39,470.26,Wet/Intermediate,Unverified
Ratnapura,Maha,Pepper,2024,31.06,132.68,Wet/Intermediate,Supported envelope
Ratnapura,Maha,Red Onion,2024,92.27,754.15,Wet/Intermediate,Supported envelope
Ratnapura,Maha,Rice,2024,127.95,3232.57,Wet/Intermediate,Unverified
Ratnapura,Maha,Ridge Gourd,2024,98.17,1159.46,Wet/Intermediate,Unverified
Ratnapura,Maha,Snake Gourd,2024,72.51,632.11,Wet/Intermediate,Unverified
Ratnapura,Maha,Tomato,2024,87.83,1502.88,Wet/Intermediate,Unverified
Ratnapura,Maha,Tomato,2024,115.57,1475.64,Wet/Intermediate,Unverified
Ratnapura,Maha,Tomato,2024,106.09,1390.89,Wet/Intermediate,Unverified
Ratnapura,Maha,Turmeric,2024,74.8,843.46,Wet/Intermediate,Supported envelope
Ratnapura,Maha,Watermelon,2024,105.56,2356.91,Wet/Intermediate,Unverified
Ratnapura,Maha,Watermelon,2024,107.36,2014.5,Wet/Intermediate,Unverified
Ratnapura,Yala,Ash Plantain,2024,217.31,6242.31,Wet/Intermediate,Unverified
Ratnapura,Yala,Banana,2024,143.0,5592.65,Wet/Intermediate,Unverified
Ratnapura,Yala,Banana,2024,181.44,5720.49,Wet/Intermediate,Unverified
Ratnapura,Yala,Banana,2024,179.94,5529.89,Wet/Intermediate,Unverified
Ratnapura,Yala,Banana,2024,151.71,4868.46,Wet/Intermediate,Unverified
Ratnapura,Yala,Beans,2024,68.09,770.64,Wet/Intermediate,Supported envelope
Ratnapura,Yala,Beans,2024,94.55,960.7,Wet/Intermediate,Supported envelope
Ratnapura,Yala,Big Onion,2024,115.23,1270.28,Wet/Intermediate,Supported envelope
Ratnapura,Yala,Big Onion,2024,73.03,810.35,Wet/Intermediate,Supported envelope
Ratnapura,Yala,Bitter Gourd,2024,90.35,946.39,Wet/Intermediate,Unverified
Ratnapura,Yala,Carrot,2024,113.03,1379.61,Wet/Intermediate,Supported envelope
Ratnapura,Yala,Carrot,2024,68.48,1026.72,Wet/Intermediate,Supported envelope
Ratnapura,Yala,Carrot,2024,102.76,1555.34,Wet/Intermediate,Supported envelope
Ratnapura,Yala,Chilli,2024,67.22,485.72,Wet/Intermediate,Supported envelope
Ratnapura,Yala,Chilli,2024,45.43,455.21,Wet/Intermediate,Supported envelope
Ratnapura,Yala,Chilli,2024,52.81,321.65,Wet/Intermediate,Supported envelope
Ratnapura,Yala,Cinnamon,2024,32.19,123.95,Wet/Intermediate,Supported envelope
Ratnapura,Yala,Cinnamon,2024,29.26,120.34,Wet/Intermediate,Supported envelope
Ratnapura,Yala,Cucumber,2024,90.43,1325.45,Wet/Intermediate,Unverified
Ratnapura,Yala,Mango,2024,146.47,3576.57,Wet/Intermediate,Unverified
Ratnapura,Yala,Papaya,2024,177.32,4276.12,Wet/Intermediate,Unverified
Ratnapura,Yala,Pepper,2024,40.47,228.26,Wet/Intermediate,Supported envelope
Ratnapura,Yala,Pepper,2024,45.22,237.48,Wet/Intermediate,Supported envelope
Ratnapura,Yala,Pumpkin,2024,99.93,1273.97,Wet/Intermediate,Unverified
Ratnapura,Yala,Red Onion,2024,62.19,708.17,Wet/Intermediate,Supported envelope
Ratnapura,Yala,Red Onion,2024,56.06,540.44,Wet/Intermediate,Supported envelope
Ratnapura,Yala,Rice,2024,80.69,1711.2,Wet/Intermediate,Unverified
Ratnapura,Yala,Ridge Gourd,2024,64.12,702.46,Wet/Intermediate,Unverified
Ratnapura,Yala,Ridge Gourd,2024,65.35,680.22,Wet/Intermediate,Unverified
Ratnapura,Yala,Sesame,2024,50.31,345.97,Wet/Intermediate,Unverified
Ratnapura,Yala,Snake Gourd,2024,85.23,975.12,Wet/Intermediate,Unverified
Ratnapura,Yala,Soybean,2024,72.17,817.81,Wet/Intermediate,Unverified
Ratnapura,Yala,Sweet Potato,2024,93.59,1159.11,Wet/Intermediate,Supported envelope
Ratnapura,Yala,Taro,2024,70.03,807.22,Wet/Intermediate,Unverified
Ratnapura,Yala,Watermelon,2024,103.91,2500.04,Wet/Intermediate,Unverified
Ratnapura,Yala,Watermelon,2024,114.72,2147.53,Wet/Intermediate,Unverified
Ratnapura,Yala,Watermelon,2024,93.75,2082.09,Wet/Intermediate,Unverified
Ratnapura,Yala,Yam,2024,74.51,938.81,Wet/Intermediate,Unverified
Trincomalee,Maha,Ash Plantain,2024,192.55,6492.92,Dry,Unverified
Trincomalee,Maha,Banana,2024,171.72,5094.49,Dry,Unverified
Trincomalee,Maha,Banana,2024,161.41,5120.49,Dry,Unverified
Trincomalee,Maha,Banana,2024,188.97,5325.65,Dry,Unverified
Trincomalee,Maha,Banana,2024,99.04,3825.88,Dry,Unverified
Trincomalee,Maha,Big Onion,2024,48.52,573.58,Dry,Supported envelope
Trincomalee,Maha,Bitter Gourd,2024,77.81,626.08,Dry,Unverified
Trincomalee,Maha,Bitter Gourd,2024,70.71,675.76,Dry,Unverified
Trincomalee,Maha,Brinjal,2024,70.11,908.09,Dry,Unverified
Trincomalee,Maha,Carrot,2024,61.08,725.61,Dry,Supported envelope
Trincomalee,Maha,Carrot,2024,101.67,1749.38,Dry,Supported envelope
Trincomalee,Maha,Chilli,2024,66.14,442.11,Dry,Supported envelope
Trincomalee,Maha,Chilli,2024,36.05,291.06,Dry,Supported envelope
Trincomalee,Maha,Coconut,2024,98.2,2293.42,Dry,Unverified
Trincomalee,Maha,Cucumber,2024,56.36,747.99,Dry,Unverified
Trincomalee,Maha,Ginger,2024,70.61,873.81,Dry,Supported envelope
Trincomalee,Maha,Green Gram,2024,44.57,303.99,Dry,Supported envelope
Trincomalee,Maha,Groundnut,2024,81.83,769.92,Dry,Supported envelope
Trincomalee,Maha,Mango,2024,118.49,2450.32,Dry,Unverified
Trincomalee,Maha,Okra,2024,53.84,412.92,Dry,Unverified
Trincomalee,Maha,Papaya,2024,143.92,4825.69,Dry,Unverified
Trincomalee,Maha,Papaya,2024,175.97,5105.02,Dry,Unverified
Trincomalee,Maha,Potato,2024,168.37,3185.2,Dry,Supported envelope
Trincomalee,Maha,Pumpkin,2024,97.26,1544.9,Dry,Unverified
Trincomalee,Maha,Snake Gourd,2024,106.57,1054.05,Dry,Unverified
Trincomalee,Maha,Soybean,2024,50.11,597.99,Dry,Unverified
Trincomalee,Maha,Watermelon,2024,150.77,2824.91,Dry,Unverified
Trincomalee,Maha,Yam,2024,69.21,896.43,Dry,Unverified
Trincomalee,Maha,Yam,2024,88.39,1228.82,Dry,Unverified
Trincomalee,Yala,Banana,2024,229.02,7566.64,Dry,Unverified
Trincomalee,Yala,Banana,2024,162.31,4495.72,Dry,Unverified
Trincomalee,Yala,Big Onion,2024,113.32,1272.76,Dry,Supported envelope
Trincomalee,Yala,Cassava,2024,162.39,3391.91,Dry,Supported envelope
Trincomalee,Yala,Cowpea,2024,34.16,256.7,Dry,Supported envelope
Trincomalee,Yala,Long Bean,2024,84.26,789.81,Dry,Unverified
Trincomalee,Yala,Papaya,2024,176.47,4729.94,Dry,Unverified
Trincomalee,Yala,Pumpkin,2024,73.33,1201.58,Dry,Unverified
Trincomalee,Yala,Ridge Gourd,2024,65.43,553.39,Dry,Unverified
Trincomalee,Yala,Sesame,2024,39.89,248.6,Dry,Unverified
Trincomalee,Yala,Turmeric,2024,74.5,605.25,Dry,Supported envelope
Trincomalee,Yala,Watermelon,2024,85.62,1577.47,Dry,Unverified
Trincomalee,Yala,Yam,2024,126.76,1847.6,Dry,Unverified
Vavuniya,Maha,Ash Plantain,2024,119.07,3542.48,Dry,Unverified
Vavuniya,Maha,Banana,2024,128.14,3852.17,Dry,Unverified
Vavuniya,Maha,Banana,2024,129.19,4216.1,Dry,Unverified
Vavuniya,Maha,Black Gram,2024,55.43,415.47,Dry,Unverified
Vavuniya,Maha,Carrot,2024,76.81,989.82,Dry,Supported envelope
Vavuniya,Maha,Carrot,2024,51.14,823.92,Dry,Supported envelope
Vavuniya,Maha,Carrot,2024,83.17,1192.13,Dry,Supported envelope
Vavuniya,Maha,Carrot,2024,79.25,1226.44,Dry,Supported envelope
Vavuniya,Maha,Carrot,2024,101.63,1500.98,Dry,Supported envelope
Vavuniya,Maha,Carrot,2024,100.4,1472.04,Dry,Supported envelope
Vavuniya,Maha,Carrot,2024,86.96,1410.88,Dry,Supported envelope
Vavuniya,Maha,Cassava,2024,139.72,2976.43,Dry,Supported envelope
Vavuniya,Maha,Chilli,2024,57.36,491.73,Dry,Supported envelope
Vavuniya,Maha,Coconut,2024,179.13,5162.15,Dry,Unverified
Vavuniya,Maha,Cowpea,2024,51.84,366.57,Dry,Supported envelope
Vavuniya,Maha,Groundnut,2024,65.79,635.55,Dry,Supported envelope
Vavuniya,Maha,Maize,2024,101.79,1703.38,Dry,Supported envelope
Vavuniya,Maha,Okra,2024,45.42,330.81,Dry,Unverified
Vavuniya,Maha,Pumpkin,2024,106.12,1469.19,Dry,Unverified
Vavuniya,Maha,Pumpkin,2024,81.99,1400.03,Dry,Unverified
Vavuniya,Maha,Pumpkin,2024,76.72,1195.24,Dry,Unverified
Vavuniya,Maha,Red Onion,2024,68.37,617.38,Dry,Supported envelope
Vavuniya,Maha,Rice,2024,106.86,2429.78,Dry,Unverified
Vavuniya,Maha,Ridge Gourd,2024,70.59,897.9,Dry,Unverified
Vavuniya,Maha,Sesame,2024,75.16,412.2,Dry,Unverified
Vavuniya,Maha,Sweet Potato,2024,70.46,633.05,Dry,Supported envelope
Vavuniya,Maha,Turmeric,2024,61.8,727.48,Dry,Supported envelope
Vavuniya,Maha,Watermelon,2024,90.94,1989.26,Dry,Unverified
Vavuniya,Yala,Ash Plantain,2024,146.75,3689.42,Dry,Unverified
Vavuniya,Yala,Banana,2024,155.5,4388.44,Dry,Unverified
Vavuniya,Yala,Banana,2024,176.3,5410.88,Dry,Unverified
Vavuniya,Yala,Banana,2024,244.56,7517.72,Dry,Unverified
Vavuniya,Yala,Banana,2024,141.22,3976.5,Dry,Unverified
Vavuniya,Yala,Banana,2024,142.35,5626.56,Dry,Unverified
Vavuniya,Yala,Banana,2024,150.7,4421.4,Dry,Unverified
Vavuniya,Yala,Big Onion,2024,81.53,829.28,Dry,Supported envelope
Vavuniya,Yala,Big Onion,2024,102.53,1227.59,Dry,Supported envelope
Vavuniya,Yala,Bitter Gourd,2024,65.23,610.45,Dry,Unverified
Vavuniya,Yala,Brinjal,2024,98.75,1425.61,Dry,Unverified
Vavuniya,Yala,Carrot,2024,84.71,1417.82,Dry,Supported envelope
Vavuniya,Yala,Chilli,2024,65.27,464.35,Dry,Supported envelope
Vavuniya,Yala,Chilli,2024,38.29,259.74,Dry,Supported envelope
Vavuniya,Yala,Chilli,2024,70.51,547.31,Dry,Supported envelope
Vavuniya,Yala,Ginger,2024,74.0,822.27,Dry,Supported envelope
Vavuniya,Yala,Papaya,2024,125.48,2925.36,Dry,Unverified
Vavuniya,Yala,Potato,2024,91.78,1647.3,Dry,Supported envelope
Vavuniya,Yala,Rice,2024,91.47,2242.8,Dry,Unverified
Vavuniya,Yala,Ridge Gourd,2024,58.12,643.4,Dry,Unverified
Vavuniya,Yala,Soybean,2024,69.98,834.11,Dry,Unverified
Vavuniya,Yala,Sweet Potato,2024,57.79,1074.41,Dry,Supported envelope
Vavuniya,Yala,Sweet Potato,2024,139.59,1764.32,Dry,Supported envelope
Vavuniya,Yala,Turmeric,2024,99.63,1128.88,Dry,Supported envelope
Vavuniya,Yala,Turmeric,2024,67.45,644.94,Dry,Supported envelope
Vavuniya,Yala,Watermelon,2024,81.49,1460.54,Dry,Unverified
Vavuniya,Yala,Watermelon,2024,118.34,2213.67,Dry,Unverified
Ampara,Maha,Banana,2025,125.23,3793.89,Dry,Unverified
Ampara,Maha,Banana,2025,151.84,4986.88,Dry,Unverified
Ampara,Maha,Big Onion,2025,50.0,566.34,Dry,Supported envelope
Ampara,Maha,Bitter Gourd,2025,78.65,1118.68,Dry,Unverified
Ampara,Maha,Black Gram,2025,42.36,289.09,Dry,Unverified
Ampara,Maha,Black Gram,2025,59.56,402.93,Dry,Unverified
Ampara,Maha,Black Gram,2025,50.33,278.35,Dry,Unverified
Ampara,Maha,Brinjal,2025,100.94,1405.83,Dry,Unverified
Ampara,Maha,Brinjal,2025,62.68,664.67,Dry,Unverified
Ampara,Maha,Carrot,2025,103.08,1581.31,Dry,Supported envelope
Ampara,Maha,Carrot,2025,96.02,1446.84,Dry,Supported envelope
Ampara,Maha,Carrot,2025,71.26,1273.8,Dry,Supported envelope
Ampara,Maha,Cassava,2025,127.3,3123.12,Dry,Supported envelope
Ampara,Maha,Cassava,2025,100.1,2178.32,Dry,Supported envelope
Ampara,Maha,Chilli,2025,46.68,326.73,Dry,Supported envelope
Ampara,Maha,Chilli,2025,28.23,283.71,Dry,Supported envelope
Ampara,Maha,Maize,2025,80.01,1413.97,Dry,Supported envelope
Ampara,Maha,Okra,2025,57.01,449.16,Dry,Unverified
Ampara,Maha,Papaya,2025,145.1,3376.39,Dry,Unverified
Ampara,Maha,Pumpkin,2025,72.06,1217.42,Dry,Unverified
Ampara,Maha,Snake Gourd,2025,79.46,881.1,Dry,Unverified
Ampara,Maha,Snake Gourd,2025,60.31,556.51,Dry,Unverified
Ampara,Maha,Sweet Potato,2025,105.82,1373.12,Dry,Supported envelope
Ampara,Maha,Sweet Potato,2025,76.81,1279.95,Dry,Supported envelope
Ampara,Maha,Turmeric,2025,70.67,526.61,Dry,Supported envelope
Ampara,Maha,Turmeric,2025,78.71,829.85,Dry,Supported envelope
Ampara,Maha,Watermelon,2025,152.37,3558.55,Dry,Unverified
Ampara,Yala,Ash Plantain,2025,156.78,4790.31,Dry,Unverified
Ampara,Yala,Brinjal,2025,56.24,710.32,Dry,Unverified
Ampara,Yala,Carrot,2025,108.9,2123.29,Dry,Supported envelope
Ampara,Yala,Carrot,2025,78.51,1219.88,Dry,Supported envelope
Ampara,Yala,Carrot,2025,69.48,1070.8,Dry,Supported envelope
Ampara,Yala,Chilli,2025,49.48,355.4,Dry,Supported envelope
Ampara,Yala,Chilli,2025,38.64,316.01,Dry,Supported envelope
Ampara,Yala,Cowpea,2025,47.67,413.86,Dry,Supported envelope
Ampara,Yala,Ginger,2025,52.54,596.77,Dry,Supported envelope
Ampara,Yala,Groundnut,2025,70.24,633.88,Dry,Supported envelope
Ampara,Yala,Groundnut,2025,96.32,1198.41,Dry,Supported envelope
Ampara,Yala,Long Bean,2025,46.17,328.51,Dry,Unverified
Ampara,Yala,Maize,2025,110.43,1896.38,Dry,Supported envelope
Ampara,Yala,Mango,2025,121.62,3238.0,Dry,Unverified
Ampara,Yala,Okra,2025,51.38,438.74,Dry,Unverified
Ampara,Yala,Rice,2025,271.7,7154.31,Dry,Unverified
Ampara,Yala,Soybean,2025,42.32,416.11,Dry,Unverified
Ampara,Yala,Tomato,2025,100.75,1316.15,Dry,Unverified
Ampara,Yala,Watermelon,2025,101.52,2322.67,Dry,Unverified
Ampara,Yala,Watermelon,2025,84.59,1420.59,Dry,Unverified
Anuradhapura,Maha,Ash Plantain,2025,179.46,5246.74,Dry,Unverified
Anuradhapura,Maha,Banana,2025,133.25,3817.71,Dry,Unverified
Anuradhapura,Maha,Banana,2025,297.09,9243.98,Dry,Unverified
Anuradhapura,Maha,Big Onion,2025,119.25,1266.5,Dry,Supported envelope
Anuradhapura,Maha,Big Onion,2025,74.28,769.46,Dry,Supported envelope
Anuradhapura,Maha,Big Onion,2025,130.58,1211.37,Dry,Supported envelope
Anuradhapura,Maha,Black Gram,2025,36.09,284.24,Dry,Unverified
Anuradhapura,Maha,Chilli,2025,103.04,673.18,Dry,Supported envelope
Anuradhapura,Maha,Chilli,2025,116.99,954.5,Dry,Supported envelope
Anuradhapura,Maha,Chilli,2025,84.51,567.98,Dry,Supported envelope
Anuradhapura,Maha,Coconut,2025,118.13,3979.94,Dry,Unverified
Anuradhapura,Maha,Cucumber,2025,60.55,944.48,Dry,Unverified
Anuradhapura,Maha,Cucumber,2025,120.12,1503.99,Dry,Unverified
Anuradhapura,Maha,Ginger,2025,67.08,664.29,Dry,Supported envelope
Anuradhapura,Maha,Maize,2025,105.53,1663.8,Dry,Supported envelope
Anuradhapura,Maha,Mango,2025,141.0,3821.03,Dry,Unverified
Anuradhapura,Maha,Papaya,2025,180.97,5042.62,Dry,Unverified
Anuradhapura,Maha,Pumpkin,2025,74.98,1248.72,Dry,Unverified
Anuradhapura,Maha,Sesame,2025,44.54,220.22,Dry,Unverified
Anuradhapura,Maha,Snake Gourd,2025,71.81,804.15,Dry,Unverified
Anuradhapura,Maha,Snake Gourd,2025,54.99,588.81,Dry,Unverified
Anuradhapura,Maha,Snake Gourd,2025,90.84,867.43,Dry,Unverified
Anuradhapura,Maha,Sweet Potato,2025,95.7,1161.35,Dry,Supported envelope
Anuradhapura,Maha,Watermelon,2025,168.96,3271.63,Dry,Unverified
Anuradhapura,Maha,Watermelon,2025,186.73,3974.05,Dry,Unverified
Anuradhapura,Maha,Yam,2025,80.8,1033.96,Dry,Unverified
Anuradhapura,Yala,Ash Plantain,2025,105.85,3553.03,Dry,Unverified
Anuradhapura,Yala,Ash Plantain,2025,143.79,5061.16,Dry,Unverified
Anuradhapura,Yala,Ash Plantain,2025,166.33,4853.84,Dry,Unverified
Anuradhapura,Yala,Banana,2025,287.24,6968.29,Dry,Unverified
Anuradhapura,Yala,Bitter Gourd,2025,54.81,562.4,Dry,Unverified
Anuradhapura,Yala,Black Gram,2025,41.09,296.44,Dry,Unverified
Anuradhapura,Yala,Cowpea,2025,56.28,361.96,Dry,Supported envelope
Anuradhapura,Yala,Cucumber,2025,73.75,990.44,Dry,Unverified
Anuradhapura,Yala,Green Gram,2025,79.55,501.17,Dry,Supported envelope
Anuradhapura,Yala,Green Gram,2025,35.47,258.05,Dry,Supported envelope
Anuradhapura,Yala,Groundnut,2025,70.9,645.96,Dry,Supported envelope
Anuradhapura,Yala,Long Bean,2025,52.71,463.81,Dry,Unverified
Anuradhapura,Yala,Maize,2025,68.59,769.39,Dry,Supported envelope
Anuradhapura,Yala,Mango,2025,137.87,3168.02,Dry,Unverified
Anuradhapura,Yala,Pumpkin,2025,91.36,1240.25,Dry,Unverified
Anuradhapura,Yala,Rice,2025,203.69,5115.5,Dry,Unverified
Anuradhapura,Yala,Sesame,2025,33.84,189.77,Dry,Unverified
Anuradhapura,Yala,Sesame,2025,42.54,256.48,Dry,Unverified
Anuradhapura,Yala,Soybean,2025,64.69,504.78,Dry,Unverified
Anuradhapura,Yala,Sweet Potato,2025,90.62,1000.04,Dry,Supported envelope
Anuradhapura,Yala,Watermelon,2025,204.36,3635.33,Dry,Unverified
Badulla,Maha,Banana,2025,249.67,7509.58,Up-country Intermediate,Unverified
Badulla,Maha,Banana,2025,163.07,3971.26,Up-country Intermediate,Unverified
Badulla,Maha,Banana,2025,172.99,4954.85,Up-country Intermediate,Unverified
Badulla,Maha,Banana,2025,104.08,3060.65,Up-country Intermediate,Unverified
Badulla,Maha,Big Onion,2025,96.76,1280.39,Up-country Intermediate,Supported envelope
Badulla,Maha,Black Gram,2025,66.29,435.61,Up-country Intermediate,Unverified
Badulla,Maha,Brinjal,2025,82.62,947.67,Up-country Intermediate,Unverified
Badulla,Maha,Carrot,2025,90.08,1251.42,Up-country Intermediate,Supported envelope
Badulla,Maha,Carrot,2025,131.0,2519.82,Up-country Intermediate,Supported envelope
Badulla,Maha,Carrot,2025,104.95,1290.55,Up-country Intermediate,Supported envelope
Badulla,Maha,Carrot,2025,96.92,1544.72,Up-country Intermediate,Supported envelope
Badulla,Maha,Carrot,2025,173.67,2626.33,Up-country Intermediate,Supported envelope
Badulla,Maha,Cassava,2025,161.91,3576.92,Up-country Intermediate,Supported envelope
Badulla,Maha,Chilli,2025,43.13,325.18,Up-country Intermediate,Supported envelope
Badulla,Maha,Chilli,2025,41.31,349.31,Up-country Intermediate,Supported envelope
Badulla,Maha,Coconut,2025,149.28,4512.11,Up-country Intermediate,Unverified
Badulla,Maha,Cucumber,2025,71.65,1081.67,Up-country Intermediate,Unverified
Badulla,Maha,Cucumber,2025,51.94,835.57,Up-country Intermediate,Unverified
Badulla,Maha,Groundnut,2025,50.99,519.18,Up-country Intermediate,Supported envelope
Badulla,Maha,Leeks,2025,70.36,1125.86,Up-country Intermediate,Supported envelope
Badulla,Maha,Okra,2025,53.45,357.58,Up-country Intermediate,Unverified
Badulla,Maha,Red Onion,2025,44.95,387.43,Up-country Intermediate,Supported envelope
Badulla,Maha,Red Onion,2025,57.33,593.12,Up-country Intermediate,Supported envelope
Badulla,Maha,Ridge Gourd,2025,57.95,590.23,Up-country Intermediate,Unverified
Badulla,Maha,Tea,2025,125.21,3083.64,Up-country Intermediate,Supported envelope
Badulla,Maha,Watermelon,2025,127.14,2150.44,Up-country Intermediate,Unverified
Badulla,Maha,Watermelon,2025,115.85,1868.72,Up-country Intermediate,Unverified
Badulla,Maha,Yam,2025,93.32,1152.26,Up-country Intermediate,Unverified
Badulla,Yala,Ash Plantain,2025,204.35,6105.97,Up-country Intermediate,Unverified
Badulla,Yala,Banana,2025,181.46,5130.64,Up-country Intermediate,Unverified
Badulla,Yala,Banana,2025,157.54,4708.64,Up-country Intermediate,Unverified
Badulla,Yala,Banana,2025,171.83,4538.83,Up-country Intermediate,Unverified
Badulla,Yala,Big Onion,2025,60.09,659.42,Up-country Intermediate,Supported envelope
Badulla,Yala,Black Gram,2025,36.69,281.13,Up-country Intermediate,Unverified
Badulla,Yala,Brinjal,2025,62.28,749.33,Up-country Intermediate,Unverified
Badulla,Yala,Carrot,2025,88.6,1207.07,Up-country Intermediate,Supported envelope
Badulla,Yala,Carrot,2025,110.37,1537.05,Up-country Intermediate,Supported envelope
Badulla,Yala,Carrot,2025,105.59,1512.66,Up-country Intermediate,Supported envelope
Badulla,Yala,Cassava,2025,107.6,2603.61,Up-country Intermediate,Supported envelope
Badulla,Yala,Chilli,2025,51.7,352.66,Up-country Intermediate,Supported envelope
Badulla,Yala,Coconut,2025,104.15,3994.01,Up-country Intermediate,Unverified
Badulla,Yala,Coconut,2025,120.12,3932.78,Up-country Intermediate,Unverified
Badulla,Yala,Cucumber,2025,80.48,1383.55,Up-country Intermediate,Unverified
Badulla,Yala,Maize,2025,79.05,1230.15,Up-country Intermediate,Supported envelope
Badulla,Yala,Mango,2025,109.98,2602.62,Up-country Intermediate,Unverified
Badulla,Yala,Okra,2025,54.76,458.43,Up-country Intermediate,Unverified
Badulla,Yala,Papaya,2025,100.52,2408.72,Up-country Intermediate,Unverified
Badulla,Yala,Pepper,2025,41.8,178.8,Up-country Intermediate,Supported envelope
Badulla,Yala,Pumpkin,2025,87.53,1535.26,Up-country Intermediate,Unverified
Badulla,Yala,Red Onion,2025,50.1,555.91,Up-country Intermediate,Supported envelope
Badulla,Yala,Red Onion,2025,55.39,490.96,Up-country Intermediate,Supported envelope
Badulla,Yala,Ridge Gourd,2025,72.0,747.34,Up-country Intermediate,Unverified
Badulla,Yala,Sesame,2025,47.13,287.26,Up-country Intermediate,Unverified
Badulla,Yala,Sesame,2025,18.76,135.64,Up-country Intermediate,Unverified
Badulla,Yala,Snake Gourd,2025,66.41,639.19,Up-country Intermediate,Unverified
Badulla,Yala,Snake Gourd,2025,32.96,368.1,Up-country Intermediate,Unverified
Badulla,Yala,Soybean,2025,47.57,603.47,Up-country Intermediate,Unverified
Badulla,Yala,Soybean,2025,60.98,587.15,Up-country Intermediate,Unverified
Badulla,Yala,Sweet Potato,2025,58.92,849.66,Up-country Intermediate,Supported envelope
Badulla,Yala,Sweet Potato,2025,50.14,677.92,Up-country Intermediate,Supported envelope
Badulla,Yala,Tomato,2025,83.37,1154.93,Up-country Intermediate,Unverified
Badulla,Yala,Watermelon,2025,156.04,3372.15,Up-country Intermediate,Unverified
Badulla,Yala,Watermelon,2025,65.71,1379.77,Up-country Intermediate,Unverified
Badulla,Yala,Watermelon,2025,87.52,1481.79,Up-country Intermediate,Unverified
Batticaloa,Maha,Ash Plantain,2025,131.74,4815.57,Dry,Unverified
Batticaloa,Maha,Ash Plantain,2025,223.58,7113.17,Dry,Unverified
Batticaloa,Maha,Ash Plantain,2025,151.94,4375.92,Dry,Unverified
Batticaloa,Maha,Banana,2025,192.23,4819.15,Dry,Unverified
Batticaloa,Maha,Banana,2025,156.63,5817.65,Dry,Unverified
Batticaloa,Maha,Big Onion,2025,60.57,711.82,Dry,Supported envelope
Batticaloa,Maha,Black Gram,2025,56.02,357.11,Dry,Unverified
Batticaloa,Maha,Black Gram,2025,37.36,236.01,Dry,Unverified
Batticaloa,Maha,Brinjal,2025,122.09,1434.77,Dry,Unverified
Batticaloa,Maha,Brinjal,2025,140.27,2214.0,Dry,Unverified
Batticaloa,Maha,Carrot,2025,86.9,1393.82,Dry,Supported envelope
Batticaloa,Maha,Chilli,2025,55.38,459.79,Dry,Supported envelope
Batticaloa,Maha,Cucumber,2025,89.56,1204.95,Dry,Unverified
Batticaloa,Maha,Groundnut,2025,53.48,503.36,Dry,Supported envelope
Batticaloa,Maha,Maize,2025,65.27,1342.54,Dry,Supported envelope
Batticaloa,Maha,Mango,2025,151.29,3586.53,Dry,Unverified
Batticaloa,Maha,Potato,2025,81.28,2137.57,Dry,Supported envelope
Batticaloa,Maha,Red Onion,2025,37.59,349.99,Dry,Supported envelope
Batticaloa,Maha,Ridge Gourd,2025,81.17,848.38,Dry,Unverified
Batticaloa,Maha,Snake Gourd,2025,51.57,609.94,Dry,Unverified
Batticaloa,Maha,Sweet Potato,2025,101.37,1278.59,Dry,Supported envelope
Batticaloa,Maha,Sweet Potato,2025,118.39,1345.62,Dry,Supported envelope
Batticaloa,Maha,Taro,2025,77.71,1009.04,Dry,Unverified
Batticaloa,Maha,Taro,2025,116.71,1466.59,Dry,Unverified
Batticaloa,Maha,Taro,2025,95.88,1401.51,Dry,Unverified
Batticaloa,Maha,Taro,2025,68.92,689.19,Dry,Unverified
Batticaloa,Maha,Tomato,2025,102.85,1208.55,Dry,Unverified
Batticaloa,Maha,Watermelon,2025,154.89,3431.54,Dry,Unverified
Batticaloa,Yala,Ash Plantain,2025,151.41,4822.26,Dry,Unverified
Batticaloa,Yala,Ash Plantain,2025,154.75,4698.95,Dry,Unverified
Batticaloa,Yala,Ash Plantain,2025,163.25,5159.27,Dry,Unverified
Batticaloa,Yala,Banana,2025,169.97,5239.45,Dry,Unverified
Batticaloa,Yala,Banana,2025,193.36,5436.42,Dry,Unverified
Batticaloa,Yala,Big Onion,2025,52.57,579.01,Dry,Supported envelope
Batticaloa,Yala,Bitter Gourd,2025,79.52,832.28,Dry,Unverified
Batticaloa,Yala,Carrot,2025,89.7,1401.81,Dry,Supported envelope
Batticaloa,Yala,Carrot,2025,81.61,1091.48,Dry,Supported envelope
Batticaloa,Yala,Carrot,2025,62.12,1231.57,Dry,Supported envelope
Batticaloa,Yala,Carrot,2025,101.8,1649.62,Dry,Supported envelope
Batticaloa,Yala,Chilli,2025,47.4,421.41,Dry,Supported envelope
Batticaloa,Yala,Chilli,2025,34.25,252.44,Dry,Supported envelope
Batticaloa,Yala,Chilli,2025,63.89,532.48,Dry,Supported envelope
Batticaloa,Yala,Chilli,2025,46.06,345.27,Dry,Supported envelope
Batticaloa,Yala,Cowpea,2025,29.62,228.28,Dry,Supported envelope
Batticaloa,Yala,Groundnut,2025,50.65,387.51,Dry,Supported envelope
Batticaloa,Yala,Red Onion,2025,46.29,390.5,Dry,Supported envelope
Batticaloa,Yala,Red Onion,2025,42.96,354.98,Dry,Supported envelope
Batticaloa,Yala,Rice,2025,80.18,1851.39,Dry,Unverified
Batticaloa,Yala,Rice,2025,90.21,1795.34,Dry,Unverified
Batticaloa,Yala,Ridge Gourd,2025,38.06,420.87,Dry,Unverified
Batticaloa,Yala,Snake Gourd,2025,38.5,338.1,Dry,Unverified
Batticaloa,Yala,Snake Gourd,2025,80.42,740.9,Dry,Unverified
Batticaloa,Yala,Watermelon,2025,82.01,2109.06,Dry,Unverified
Batticaloa,Yala,Watermelon,2025,110.3,1752.55,Dry,Unverified
Batticaloa,Yala,Watermelon,2025,119.07,2318.35,Dry,Unverified
Colombo,Maha,Banana,2025,254.76,7742.54,Wet,Unverified
Colombo,Maha,Banana,2025,177.36,5914.14,Wet,Unverified
Colombo,Maha,Banana,2025,180.13,7351.18,Wet,Unverified
Colombo,Maha,Brinjal,2025,62.22,900.93,Wet,Unverified
Colombo,Maha,Carrot,2025,82.12,1119.46,Wet,Supported envelope
Colombo,Maha,Cassava,2025,124.66,2792.98,Wet,Supported envelope
Colombo,Maha,Chilli,2025,77.09,624.46,Wet,Supported envelope
Colombo,Maha,Cucumber,2025,104.2,1337.02,Wet,Unverified
Colombo,Maha,Cucumber,2025,71.41,892.74,Wet,Unverified
Colombo,Maha,Ginger,2025,91.56,1047.77,Wet,Supported envelope
Colombo,Maha,Mango,2025,183.09,3255.88,Wet,Unverified
Colombo,Maha,Okra,2025,52.66,376.84,Wet,Unverified
Colombo,Maha,Ridge Gourd,2025,61.9,648.55,Wet,Unverified
Colombo,Maha,Snake Gourd,2025,87.58,881.82,Wet,Unverified
Colombo,Maha,Snake Gourd,2025,104.74,950.95,Wet,Unverified
Colombo,Maha,Sweet Potato,2025,73.32,1057.64,Wet,Supported envelope
Colombo,Maha,Watermelon,2025,108.03,2294.73,Wet,Unverified
Colombo,Maha,Watermelon,2025,94.65,1814.36,Wet,Unverified
Colombo,Maha,Watermelon,2025,88.86,2031.06,Wet,Unverified
Colombo,Maha,Watermelon,2025,98.0,2031.36,Wet,Unverified
Colombo,Maha,Yam,2025,180.06,2524.18,Wet,Unverified
Colombo,Yala,Ash Plantain,2025,126.34,3809.1,Wet,Unverified
Colombo,Yala,Banana,2025,185.43,6923.54,Wet,Unverified
Colombo,Yala,Bitter Gourd,2025,49.23,570.98,Wet,Unverified
Colombo,Yala,Carrot,2025,67.64,1006.85,Wet,Supported envelope
Colombo,Yala,Pumpkin,2025,144.93,1870.44,Wet,Unverified
Colombo,Yala,Soybean,2025,86.33,734.0,Wet,Unverified
Colombo,Yala,Taro,2025,70.62,747.62,Wet,Unverified
Colombo,Yala,Turmeric,2025,81.34,751.24,Wet,Supported envelope
Colombo,Yala,Watermelon,2025,101.51,2156.75,Wet,Unverified
Colombo,Yala,Watermelon,2025,121.12,2357.9,Wet,Unverified
Colombo,Yala,Yam,2025,121.6,1584.47,Wet,Unverified
Galle,Maha,Ash Plantain,2025,119.59,3776.0,Wet,Unverified
Galle,Maha,Ash Plantain,2025,183.3,6391.63,Wet,Unverified
Galle,Maha,Ash Plantain,2025,237.15,6601.46,Wet,Unverified
Galle,Maha,Banana,2025,169.4,5456.36,Wet,Unverified
Galle,Maha,Banana,2025,100.29,3655.7,Wet,Unverified
Galle,Maha,Banana,2025,140.86,4707.49,Wet,Unverified
Galle,Maha,Banana,2025,214.56,7575.43,Wet,Unverified
Galle,Maha,Banana,2025,160.08,5311.41,Wet,Unverified
Galle,Maha,Carrot,2025,47.42,776.23,Wet,Supported envelope
Galle,Maha,Carrot,2025,77.31,1142.14,Wet,Supported envelope
Galle,Maha,Carrot,2025,80.14,1090.16,Wet,Supported envelope
Galle,Maha,Chilli,2025,43.74,281.99,Wet,Supported envelope
Galle,Maha,Chilli,2025,44.02,322.35,Wet,Supported envelope
Galle,Maha,Coconut,2025,140.7,4309.37,Wet,Unverified
Galle,Maha,Ginger,2025,31.62,353.12,Wet,Supported envelope
Galle,Maha,Long Bean,2025,38.1,313.51,Wet,Unverified
Galle,Maha,Long Bean,2025,38.56,373.65,Wet,Unverified
Galle,Maha,Long Bean,2025,82.62,675.46,Wet,Unverified
Galle,Maha,Mango,2025,130.61,3324.43,Wet,Unverified
Galle,Maha,Mango,2025,147.12,3074.99,Wet,Unverified
Galle,Maha,Papaya,2025,240.51,7899.21,Wet,Unverified
Galle,Maha,Pepper,2025,22.46,113.11,Wet,Supported envelope
Galle,Maha,Pepper,2025,39.63,176.59,Wet,Supported envelope
Galle,Maha,Rice,2025,96.92,1882.68,Wet,Unverified
Galle,Maha,Tomato,2025,83.97,1148.85,Wet,Unverified
Galle,Maha,Watermelon,2025,145.69,3353.73,Wet,Unverified
Galle,Maha,Watermelon,2025,101.65,1969.63,Wet,Unverified
Galle,Maha,Watermelon,2025,130.06,3100.44,Wet,Unverified
Galle,Maha,Yam,2025,135.9,1682.0,Wet,Unverified
Galle,Yala,Ash Plantain,2025,182.97,6191.36,Wet,Unverified
Galle,Yala,Banana,2025,141.39,3501.76,Wet,Unverified
Galle,Yala,Bitter Gourd,2025,44.49,418.94,Wet,Unverified
Galle,Yala,Bitter Gourd,2025,40.5,367.32,Wet,Unverified
Galle,Yala,Black Gram,2025,70.03,499.31,Wet,Unverified
Galle,Yala,Brinjal,2025,71.38,759.13,Wet,Unverified
Galle,Yala,Carrot,2025,67.81,932.07,Wet,Supported envelope
Galle,Yala,Carrot,2025,61.95,983.03,Wet,Supported envelope
Galle,Yala,Carrot,2025,72.99,1045.4,Wet,Supported envelope
Galle,Yala,Chilli,2025,40.67,349.96,Wet,Supported envelope
Galle,Yala,Chilli,2025,37.05,218.14,Wet,Supported envelope
Galle,Yala,Chilli,2025,36.63,326.8,Wet,Supported envelope
Galle,Yala,Cucumber,2025,103.72,1255.4,Wet,Unverified
Galle,Yala,Long Bean,2025,44.61,519.93,Wet,Unverified
Galle,Yala,Long Bean,2025,54.88,512.89,Wet,Unverified
Galle,Yala,Okra,2025,64.8,484.08,Wet,Unverified
Galle,Yala,Papaya,2025,161.81,4921.32,Wet,Unverified
Galle,Yala,Pumpkin,2025,100.84,1367.19,Wet,Unverified
Galle,Yala,Red Onion,2025,33.59,364.95,Wet,Supported envelope
Galle,Yala,Sesame,2025,22.0,136.9,Wet,Unverified
Galle,Yala,Sweet Potato,2025,60.92,739.99,Wet,Supported envelope
Galle,Yala,Tomato,2025,75.3,990.46,Wet,Unverified
Galle,Yala,Turmeric,2025,42.49,366.74,Wet,Supported envelope
Galle,Yala,Watermelon,2025,91.05,1717.22,Wet,Unverified
Gampaha,Maha,Ash Plantain,2025,220.21,5203.83,Wet,Unverified
Gampaha,Maha,Ash Plantain,2025,298.7,9415.41,Wet,Unverified
Gampaha,Maha,Banana,2025,281.55,9241.36,Wet,Unverified
Gampaha,Maha,Banana,2025,260.97,9979.21,Wet,Unverified
Gampaha,Maha,Banana,2025,203.25,5375.17,Wet,Unverified
Gampaha,Maha,Banana,2025,429.27,14365.76,Wet,Unverified
Gampaha,Maha,Banana,2025,486.36,15804.58,Wet,Unverified
Gampaha,Maha,Banana,2025,210.53,5416.5,Wet,Unverified
Gampaha,Maha,Banana,2025,239.66,9247.88,Wet,Unverified
Gampaha,Maha,Banana,2025,279.17,9816.86,Wet,Unverified
Gampaha,Maha,Banana,2025,215.29,6036.05,Wet,Unverified
Gampaha,Maha,Banana,2025,178.67,5402.28,Wet,Unverified
Gampaha,Maha,Brinjal,2025,112.75,1505.22,Wet,Unverified
Gampaha,Maha,Brinjal,2025,96.54,1092.42,Wet,Unverified
Gampaha,Maha,Carrot,2025,113.25,1687.65,Wet,Supported envelope
Gampaha,Maha,Carrot,2025,78.3,1233.92,Wet,Supported envelope
Gampaha,Maha,Carrot,2025,144.68,2157.1,Wet,Supported envelope
Gampaha,Maha,Chilli,2025,81.51,594.37,Wet,Supported envelope
Gampaha,Maha,Chilli,2025,135.13,774.58,Wet,Supported envelope
Gampaha,Maha,Chilli,2025,72.77,559.32,Wet,Supported envelope
Gampaha,Maha,Chilli,2025,105.04,811.82,Wet,Supported envelope
Gampaha,Maha,Long Bean,2025,98.03,1072.48,Wet,Unverified
Gampaha,Maha,Long Bean,2025,101.05,845.81,Wet,Unverified
Gampaha,Maha,Mango,2025,177.37,3665.57,Wet,Unverified
Gampaha,Maha,Papaya,2025,381.35,9663.31,Wet,Unverified
Gampaha,Maha,Pineapple,2025,225.71,4249.24,Wet,Supported envelope
Gampaha,Maha,Taro,2025,135.0,1437.24,Wet,Unverified
Gampaha,Maha,Tomato,2025,126.28,1749.12,Wet,Unverified
Gampaha,Maha,Turmeric,2025,108.95,1286.7,Wet,Supported envelope
Gampaha,Maha,Watermelon,2025,139.01,2605.86,Wet,Unverified
Gampaha,Maha,Yam,2025,139.0,1562.62,Wet,Unverified
Gampaha,Maha,Yam,2025,147.21,1792.97,Wet,Unverified
Gampaha,Yala,Ash Plantain,2025,231.05,5524.15,Wet,Unverified
Gampaha,Yala,Banana,2025,355.94,10919.79,Wet,Unverified
Gampaha,Yala,Banana,2025,215.35,7256.37,Wet,Unverified
Gampaha,Yala,Bitter Gourd,2025,158.95,1646.55,Wet,Unverified
Gampaha,Yala,Black Gram,2025,43.92,333.0,Wet,Unverified
Gampaha,Yala,Brinjal,2025,123.0,1700.59,Wet,Unverified
Gampaha,Yala,Cassava,2025,255.72,5163.66,Wet,Supported envelope
Gampaha,Yala,Chilli,2025,104.39,784.14,Wet,Supported envelope
Gampaha,Yala,Cowpea,2025,57.31,434.39,Wet,Supported envelope
Gampaha,Yala,Cowpea,2025,76.78,550.83,Wet,Supported envelope
Gampaha,Yala,Maize,2025,81.1,1579.61,Wet,Supported envelope
Gampaha,Yala,Papaya,2025,223.99,6052.72,Wet,Unverified
Gampaha,Yala,Pumpkin,2025,175.27,2687.76,Wet,Unverified
Gampaha,Yala,Sesame,2025,48.87,243.6,Wet,Unverified
Gampaha,Yala,Sesame,2025,51.44,274.63,Wet,Unverified
Gampaha,Yala,Taro,2025,120.77,1159.19,Wet,Unverified
Gampaha,Yala,Watermelon,2025,192.85,2987.16,Wet,Unverified
Gampaha,Yala,Watermelon,2025,116.14,1970.85,Wet,Unverified
Hambantota,Maha,Banana,2025,268.56,9092.84,Dry/Intermediate,Unverified
Hambantota,Maha,Banana,2025,282.46,9480.05,Dry/Intermediate,Unverified
Hambantota,Maha,Big Onion,2025,81.96,1115.15,Dry/Intermediate,Supported envelope
Hambantota,Maha,Bitter Gourd,2025,83.81,829.44,Dry/Intermediate,Unverified
Hambantota,Maha,Bitter Gourd,2025,103.5,862.9,Dry/Intermediate,Unverified
Hambantota,Maha,Brinjal,2025,123.89,1866.68,Dry/Intermediate,Unverified
Hambantota,Maha,Brinjal,2025,115.0,1197.68,Dry/Intermediate,Unverified
Hambantota,Maha,Carrot,2025,76.37,1272.49,Dry/Intermediate,Supported envelope
Hambantota,Maha,Carrot,2025,92.5,1707.02,Dry/Intermediate,Supported envelope
Hambantota,Maha,Carrot,2025,139.09,2245.91,Dry/Intermediate,Supported envelope
Hambantota,Maha,Chilli,2025,67.58,462.18,Dry/Intermediate,Supported envelope
Hambantota,Maha,Chilli,2025,64.98,459.61,Dry/Intermediate,Supported envelope
Hambantota,Maha,Coconut,2025,264.99,8014.76,Dry/Intermediate,Unverified
Hambantota,Maha,Cowpea,2025,71.43,526.28,Dry/Intermediate,Supported envelope
Hambantota,Maha,Cowpea,2025,69.24,491.74,Dry/Intermediate,Supported envelope
Hambantota,Maha,Ginger,2025,75.24,899.98,Dry/Intermediate,Supported envelope
Hambantota,Maha,Groundnut,2025,55.81,604.9,Dry/Intermediate,Supported envelope
Hambantota,Maha,Groundnut,2025,66.68,609.51,Dry/Intermediate,Supported envelope
Hambantota,Maha,Papaya,2025,147.79,4291.78,Dry/Intermediate,Unverified
Hambantota,Maha,Red Onion,2025,77.14,802.51,Dry/Intermediate,Supported envelope
Hambantota,Maha,Snake Gourd,2025,81.37,745.62,Dry/Intermediate,Unverified
Hambantota,Maha,Soybean,2025,66.51,547.76,Dry/Intermediate,Unverified
Hambantota,Maha,Soybean,2025,86.52,937.06,Dry/Intermediate,Unverified
Hambantota,Maha,Sweet Potato,2025,61.83,762.25,Dry/Intermediate,Supported envelope
Hambantota,Maha,Taro,2025,84.04,979.2,Dry/Intermediate,Unverified
Hambantota,Maha,Watermelon,2025,310.7,5878.43,Dry/Intermediate,Unverified
Hambantota,Maha,Yam,2025,159.99,2105.91,Dry/Intermediate,Unverified
Hambantota,Yala,Banana,2025,344.3,8459.9,Dry/Intermediate,Unverified
Hambantota,Yala,Black Gram,2025,62.19,387.96,Dry/Intermediate,Unverified
Hambantota,Yala,Carrot,2025,137.47,2401.05,Dry/Intermediate,Supported envelope
Hambantota,Yala,Chilli,2025,94.74,642.46,Dry/Intermediate,Supported envelope
Hambantota,Yala,Chilli,2025,128.06,861.13,Dry/Intermediate,Supported envelope
Hambantota,Yala,Coconut,2025,135.78,5095.73,Dry/Intermediate,Unverified
Hambantota,Yala,Ginger,2025,63.86,628.52,Dry/Intermediate,Supported envelope
Hambantota,Yala,Green Gram,2025,67.88,493.19,Dry/Intermediate,Supported envelope
Hambantota,Yala,Long Bean,2025,71.35,586.93,Dry/Intermediate,Unverified
Hambantota,Yala,Okra,2025,97.02,945.43,Dry/Intermediate,Unverified
Hambantota,Yala,Potato,2025,123.59,3184.47,Dry/Intermediate,Supported envelope
Hambantota,Yala,Pumpkin,2025,129.26,2270.83,Dry/Intermediate,Unverified
Hambantota,Yala,Ridge Gourd,2025,85.47,933.19,Dry/Intermediate,Unverified
Hambantota,Yala,Sesame,2025,56.59,358.69,Dry/Intermediate,Unverified
Hambantota,Yala,Taro,2025,82.46,1076.36,Dry/Intermediate,Unverified
Hambantota,Yala,Tomato,2025,71.51,964.46,Dry/Intermediate,Unverified
Hambantota,Yala,Watermelon,2025,196.26,3619.79,Dry/Intermediate,Unverified
Hambantota,Yala,Watermelon,2025,258.61,4833.94,Dry/Intermediate,Unverified
Hambantota,Yala,Watermelon,2025,212.71,4599.41,Dry/Intermediate,Unverified
Jaffna,Maha,Ash Plantain,2025,191.41,5965.42,Dry,Unverified
Jaffna,Maha,Banana,2025,332.37,8930.09,Dry,Unverified
Jaffna,Maha,Banana,2025,312.87,9297.99,Dry,Unverified
Jaffna,Maha,Banana,2025,198.43,5885.86,Dry,Unverified
Jaffna,Maha,Big Onion,2025,108.87,1286.76,Dry,Supported envelope
Jaffna,Maha,Big Onion,2025,139.82,1439.21,Dry,Supported envelope
Jaffna,Maha,Big Onion,2025,164.13,1625.53,Dry,Supported envelope
Jaffna,Maha,Brinjal,2025,75.41,851.02,Dry,Unverified
Jaffna,Maha,Carrot,2025,110.31,1692.05,Dry,Supported envelope
Jaffna,Maha,Carrot,2025,117.21,1892.0,Dry,Supported envelope
Jaffna,Maha,Carrot,2025,110.94,1463.65,Dry,Supported envelope
Jaffna,Maha,Chilli,2025,77.25,654.75,Dry,Supported envelope
Jaffna,Maha,Chilli,2025,88.69,618.04,Dry,Supported envelope
Jaffna,Maha,Chilli,2025,52.34,418.61,Dry,Supported envelope
Jaffna,Maha,Chilli,2025,54.06,456.36,Dry,Supported envelope
Jaffna,Maha,Chilli,2025,68.17,582.25,Dry,Supported envelope
Jaffna,Maha,Cucumber,2025,189.15,2608.93,Dry,Unverified
Jaffna,Maha,Long Bean,2025,61.25,507.91,Dry,Unverified
Jaffna,Maha,Maize,2025,115.05,1555.48,Dry,Supported envelope
Jaffna,Maha,Papaya,2025,182.26,3781.14,Dry,Unverified
Jaffna,Maha,Red Onion,2025,147.85,1432.9,Dry,Supported envelope
Jaffna,Maha,Ridge Gourd,2025,46.02,475.12,Dry,Unverified
Jaffna,Maha,Soybean,2025,112.68,1206.92,Dry,Unverified
Jaffna,Maha,Soybean,2025,90.43,693.63,Dry,Unverified
Jaffna,Maha,Soybean,2025,67.63,629.17,Dry,Unverified
Jaffna,Maha,Taro,2025,145.11,1674.99,Dry,Unverified
Jaffna,Maha,Taro,2025,131.28,1386.49,Dry,Unverified
Jaffna,Maha,Turmeric,2025,68.47,639.97,Dry,Supported envelope
Jaffna,Maha,Yam,2025,99.54,1333.23,Dry,Unverified
Jaffna,Yala,Ash Plantain,2025,258.91,8623.9,Dry,Unverified
Jaffna,Yala,Banana,2025,271.88,10475.28,Dry,Unverified
Jaffna,Yala,Brinjal,2025,66.02,851.64,Dry,Unverified
Jaffna,Yala,Brinjal,2025,83.57,968.82,Dry,Unverified
Jaffna,Yala,Carrot,2025,119.53,1502.68,Dry,Supported envelope
Jaffna,Yala,Carrot,2025,108.35,1115.79,Dry,Supported envelope
Jaffna,Yala,Carrot,2025,87.48,1456.4,Dry,Supported envelope
Jaffna,Yala,Carrot,2025,74.44,1155.33,Dry,Supported envelope
Jaffna,Yala,Carrot,2025,105.93,1609.95,Dry,Supported envelope
Jaffna,Yala,Ginger,2025,69.53,798.25,Dry,Supported envelope
Jaffna,Yala,Groundnut,2025,54.37,520.67,Dry,Supported envelope
Jaffna,Yala,Groundnut,2025,81.02,813.64,Dry,Supported envelope
Jaffna,Yala,Long Bean,2025,78.62,662.09,Dry,Unverified
Jaffna,Yala,Long Bean,2025,87.95,683.63,Dry,Unverified
Jaffna,Yala,Maize,2025,223.14,3336.05,Dry,Supported envelope
Jaffna,Yala,Red Onion,2025,140.86,1218.5,Dry,Supported envelope
Jaffna,Yala,Rice,2025,121.33,2784.02,Dry,Unverified
Jaffna,Yala,Rice,2025,119.24,2779.09,Dry,Unverified
Jaffna,Yala,Ridge Gourd,2025,89.8,824.98,Dry,Unverified
Jaffna,Yala,Ridge Gourd,2025,72.37,757.09,Dry,Unverified
Jaffna,Yala,Sesame,2025,41.81,247.88,Dry,Unverified
Jaffna,Yala,Sesame,2025,68.33,413.96,Dry,Unverified
Jaffna,Yala,Sesame,2025,53.09,440.69,Dry,Unverified
Jaffna,Yala,Snake Gourd,2025,62.2,606.79,Dry,Unverified
Jaffna,Yala,Soybean,2025,71.22,684.23,Dry,Unverified
Jaffna,Yala,Soybean,2025,44.44,376.04,Dry,Unverified
Jaffna,Yala,Soybean,2025,91.49,764.69,Dry,Unverified
Jaffna,Yala,Tomato,2025,98.75,1473.42,Dry,Unverified
Jaffna,Yala,Turmeric,2025,56.57,599.79,Dry,Supported envelope
Jaffna,Yala,Turmeric,2025,80.71,862.43,Dry,Supported envelope
Jaffna,Yala,Yam,2025,140.5,1851.29,Dry,Unverified
Jaffna,Yala,Yam,2025,108.77,1624.48,Dry,Unverified
Kalutara,Maha,Banana,2025,189.53,5953.85,Wet,Unverified
Kalutara,Maha,Banana,2025,233.0,9203.1,Wet,Unverified
Kalutara,Maha,Banana,2025,149.49,4701.81,Wet,Unverified
Kalutara,Maha,Bitter Gourd,2025,80.84,834.01,Wet,Unverified
Kalutara,Maha,Brinjal,2025,89.06,1215.85,Wet,Unverified
Kalutara,Maha,Carrot,2025,152.03,2079.95,Wet,Supported envelope
Kalutara,Maha,Carrot,2025,112.14,2055.09,Wet,Supported envelope
Kalutara,Maha,Carrot,2025,122.49,1959.47,Wet,Supported envelope
Kalutara,Maha,Cassava,2025,231.17,5236.23,Wet,Supported envelope
Kalutara,Maha,Chilli,2025,61.71,449.53,Wet,Supported envelope
Kalutara,Maha,Chilli,2025,108.85,810.8,Wet,Supported envelope
Kalutara,Maha,Chilli,2025,96.53,987.48,Wet,Supported envelope
Kalutara,Maha,Chilli,2025,91.58,861.01,Wet,Supported envelope
Kalutara,Maha,Mango,2025,169.05,4216.8,Wet,Unverified
Kalutara,Maha,Mango,2025,157.57,3375.0,Wet,Unverified
Kalutara,Maha,Papaya,2025,107.63,3394.11,Wet,Unverified
Kalutara,Maha,Pumpkin,2025,135.93,2187.96,Wet,Unverified
Kalutara,Maha,Snake Gourd,2025,83.25,858.51,Wet,Unverified
Kalutara,Maha,Taro,2025,101.92,1282.01,Wet,Unverified
Kalutara,Maha,Turmeric,2025,66.71,786.48,Wet,Supported envelope
Kalutara,Maha,Turmeric,2025,75.89,690.15,Wet,Supported envelope
Kalutara,Maha,Watermelon,2025,151.86,3240.74,Wet,Unverified
Kalutara,Maha,Watermelon,2025,127.21,2829.41,Wet,Unverified
Kalutara,Yala,Banana,2025,246.19,8187.65,Wet,Unverified
Kalutara,Yala,Banana,2025,156.77,5750.34,Wet,Unverified
Kalutara,Yala,Bitter Gourd,2025,62.73,612.1,Wet,Unverified
Kalutara,Yala,Black Gram,2025,55.72,388.57,Wet,Unverified
Kalutara,Yala,Carrot,2025,152.06,2307.27,Wet,Supported envelope
Kalutara,Yala,Carrot,2025,70.35,1025.34,Wet,Supported envelope
Kalutara,Yala,Carrot,2025,72.82,1285.92,Wet,Supported envelope
Kalutara,Yala,Chilli,2025,61.18,480.31,Wet,Supported envelope
Kalutara,Yala,Chilli,2025,46.44,385.86,Wet,Supported envelope
Kalutara,Yala,Chilli,2025,51.57,387.96,Wet,Supported envelope
Kalutara,Yala,Cinnamon,2025,59.98,250.46,Wet,Supported envelope
Kalutara,Yala,Cinnamon,2025,61.13,280.33,Wet,Supported envelope
Kalutara,Yala,Cinnamon,2025,60.93,237.29,Wet,Supported envelope
Kalutara,Yala,Potato,2025,113.75,1928.29,Wet,Supported envelope
Kalutara,Yala,Sesame,2025,44.64,284.62,Wet,Unverified
Kalutara,Yala,Snake Gourd,2025,126.18,1283.32,Wet,Unverified
Kalutara,Yala,Snake Gourd,2025,117.98,1128.1,Wet,Unverified
Kalutara,Yala,Tea,2025,225.82,6233.2,Wet,Supported envelope
Kalutara,Yala,Tea,2025,194.77,3993.49,Wet,Supported envelope
Kalutara,Yala,Tea,2025,122.76,3199.12,Wet,Supported envelope
Kalutara,Yala,Watermelon,2025,106.57,2132.43,Wet,Unverified
Kalutara,Yala,Watermelon,2025,190.56,3315.27,Wet,Unverified
Kalutara,Yala,Watermelon,2025,159.05,2844.05,Wet,Unverified
Kalutara,Yala,Yam,2025,123.31,2150.34,Wet,Unverified
Kalutara,Yala,Yam,2025,76.85,1032.86,Wet,Unverified
Kandy,Maha,Ash Plantain,2025,138.35,4766.23,Up-country Wet/Intermediate,Unverified
Kandy,Maha,Banana,2025,341.75,11623.46,Up-country Wet/Intermediate,Unverified
Kandy,Maha,Banana,2025,225.72,7545.02,Up-country Wet/Intermediate,Unverified
Kandy,Maha,Banana,2025,250.83,8734.98,Up-country Wet/Intermediate,Unverified
Kandy,Maha,Beans,2025,121.01,1207.87,Up-country Wet/Intermediate,Supported envelope
Kandy,Maha,Big Onion,2025,105.93,1109.98,Up-country Wet/Intermediate,Supported envelope
Kandy,Maha,Big Onion,2025,105.84,1150.13,Up-country Wet/Intermediate,Supported envelope
Kandy,Maha,Bitter Gourd,2025,91.57,695.16,Up-country Wet/Intermediate,Unverified
Kandy,Maha,Cabbage,2025,186.02,2621.39,Up-country Wet/Intermediate,Supported envelope
Kandy,Maha,Carrot,2025,125.66,2095.37,Up-country Wet/Intermediate,Supported envelope
Kandy,Maha,Carrot,2025,117.33,1691.56,Up-country Wet/Intermediate,Supported envelope
Kandy,Maha,Carrot,2025,134.62,2267.89,Up-country Wet/Intermediate,Supported envelope
Kandy,Maha,Carrot,2025,101.51,1664.48,Up-country Wet/Intermediate,Supported envelope
Kandy,Maha,Cassava,2025,256.59,4739.71,Up-country Wet/Intermediate,Supported envelope
Kandy,Maha,Cassava,2025,159.08,3566.55,Up-country Wet/Intermediate,Supported envelope
Kandy,Maha,Chilli,2025,65.37,542.87,Up-country Wet/Intermediate,Supported envelope
Kandy,Maha,Chilli,2025,68.21,523.78,Up-country Wet/Intermediate,Supported envelope
Kandy,Maha,Groundnut,2025,94.69,915.94,Up-country Wet/Intermediate,Supported envelope
Kandy,Maha,Leeks,2025,130.53,1591.55,Up-country Wet/Intermediate,Supported envelope
Kandy,Maha,Leeks,2025,130.41,1626.03,Up-country Wet/Intermediate,Supported envelope
Kandy,Maha,Long Bean,2025,57.7,581.13,Up-country Wet/Intermediate,Unverified
Kandy,Maha,Long Bean,2025,65.38,591.08,Up-country Wet/Intermediate,Unverified
Kandy,Maha,Pepper,2025,44.63,256.26,Up-country Wet/Intermediate,Supported envelope
Kandy,Maha,Potato,2025,106.46,2046.7,Up-country Wet/Intermediate,Supported envelope
Kandy,Maha,Pumpkin,2025,101.08,1336.31,Up-country Wet/Intermediate,Unverified
Kandy,Maha,Red Onion,2025,60.81,711.0,Up-country Wet/Intermediate,Supported envelope
Kandy,Maha,Red Onion,2025,71.92,874.79,Up-country Wet/Intermediate,Supported envelope
Kandy,Maha,Rice,2025,95.96,2256.15,Up-country Wet/Intermediate,Unverified
Kandy,Maha,Ridge Gourd,2025,98.17,1064.7,Up-country Wet/Intermediate,Unverified
Kandy,Maha,Sweet Potato,2025,126.68,1533.03,Up-country Wet/Intermediate,Supported envelope
Kandy,Maha,Watermelon,2025,162.26,3014.81,Up-country Wet/Intermediate,Unverified
Kandy,Maha,Watermelon,2025,137.87,3241.12,Up-country Wet/Intermediate,Unverified
Kandy,Maha,Watermelon,2025,182.23,3258.79,Up-country Wet/Intermediate,Unverified
Kandy,Yala,Banana,2025,219.26,6800.12,Up-country Wet/Intermediate,Unverified
Kandy,Yala,Beans,2025,83.42,649.97,Up-country Wet/Intermediate,Supported envelope
Kandy,Yala,Bitter Gourd,2025,82.1,711.86,Up-country Wet/Intermediate,Unverified
Kandy,Yala,Cabbage,2025,109.66,1895.68,Up-country Wet/Intermediate,Supported envelope
Kandy,Yala,Carrot,2025,132.35,2289.58,Up-country Wet/Intermediate,Supported envelope
Kandy,Yala,Chilli,2025,48.41,358.25,Up-country Wet/Intermediate,Supported envelope
Kandy,Yala,Chilli,2025,91.16,688.05,Up-country Wet/Intermediate,Supported envelope
Kandy,Yala,Chilli,2025,60.02,385.82,Up-country Wet/Intermediate,Supported envelope
Kandy,Yala,Cucumber,2025,79.4,1342.2,Up-country Wet/Intermediate,Unverified
Kandy,Yala,Ginger,2025,48.61,472.73,Up-country Wet/Intermediate,Supported envelope
Kandy,Yala,Leeks,2025,115.19,1331.47,Up-country Wet/Intermediate,Supported envelope
Kandy,Yala,Leeks,2025,111.67,1314.37,Up-country Wet/Intermediate,Supported envelope
Kandy,Yala,Leeks,2025,103.12,1142.49,Up-country Wet/Intermediate,Supported envelope
Kandy,Yala,Pumpkin,2025,138.0,2370.67,Up-country Wet/Intermediate,Unverified
Kandy,Yala,Sesame,2025,48.19,276.81,Up-country Wet/Intermediate,Unverified
Kandy,Yala,Soybean,2025,98.83,809.59,Up-country Wet/Intermediate,Unverified
Kandy,Yala,Soybean,2025,92.83,899.99,Up-country Wet/Intermediate,Unverified
Kandy,Yala,Sweet Potato,2025,145.41,2277.64,Up-country Wet/Intermediate,Supported envelope
Kandy,Yala,Taro,2025,67.25,935.8,Up-country Wet/Intermediate,Unverified
Kandy,Yala,Tea,2025,166.25,4118.38,Up-country Wet/Intermediate,Supported envelope
Kandy,Yala,Turmeric,2025,60.05,695.48,Up-country Wet/Intermediate,Supported envelope
Kandy,Yala,Watermelon,2025,139.51,2033.87,Up-country Wet/Intermediate,Unverified
Kandy,Yala,Watermelon,2025,190.62,3547.5,Up-country Wet/Intermediate,Unverified
Kandy,Yala,Yam,2025,89.32,1264.07,Up-country Wet/Intermediate,Unverified
Kegalle,Maha,Banana,2025,214.64,6013.48,Wet/Intermediate,Unverified
Kegalle,Maha,Banana,2025,190.1,6181.02,Wet/Intermediate,Unverified
Kegalle,Maha,Banana,2025,368.74,12006.08,Wet/Intermediate,Unverified
Kegalle,Maha,Beans,2025,56.85,648.29,Wet/Intermediate,Supported envelope
Kegalle,Maha,Beans,2025,88.99,975.29,Wet/Intermediate,Supported envelope
Kegalle,Maha,Beans,2025,70.88,718.73,Wet/Intermediate,Supported envelope
Kegalle,Maha,Beans,2025,51.97,464.04,Wet/Intermediate,Supported envelope
Kegalle,Maha,Beans,2025,71.35,657.52,Wet/Intermediate,Supported envelope
Kegalle,Maha,Bitter Gourd,2025,61.94,608.42,Wet/Intermediate,Unverified
Kegalle,Maha,Bitter Gourd,2025,94.2,910.47,Wet/Intermediate,Unverified
Kegalle,Maha,Brinjal,2025,90.5,1075.73,Wet/Intermediate,Unverified
Kegalle,Maha,Carrot,2025,81.61,1233.24,Wet/Intermediate,Supported envelope
Kegalle,Maha,Carrot,2025,85.71,1118.73,Wet/Intermediate,Supported envelope
Kegalle,Maha,Cassava,2025,123.68,3004.38,Wet/Intermediate,Supported envelope
Kegalle,Maha,Cassava,2025,126.53,3202.94,Wet/Intermediate,Supported envelope
Kegalle,Maha,Cassava,2025,249.89,5435.28,Wet/Intermediate,Supported envelope
Kegalle,Maha,Chilli,2025,74.68,659.25,Wet/Intermediate,Supported envelope
Kegalle,Maha,Chilli,2025,73.95,661.07,Wet/Intermediate,Supported envelope
Kegalle,Maha,Cinnamon,2025,44.99,186.49,Wet/Intermediate,Supported envelope
Kegalle,Maha,Cinnamon,2025,38.05,180.59,Wet/Intermediate,Supported envelope
Kegalle,Maha,Cucumber,2025,134.87,1806.08,Wet/Intermediate,Unverified
Kegalle,Maha,Cucumber,2025,111.14,1736.32,Wet/Intermediate,Unverified
Kegalle,Maha,Ginger,2025,96.47,1002.81,Wet/Intermediate,Supported envelope
Kegalle,Maha,Long Bean,2025,89.72,910.3,Wet/Intermediate,Unverified
Kegalle,Maha,Mango,2025,172.82,4023.76,Wet/Intermediate,Unverified
Kegalle,Maha,Rice,2025,169.75,2966.06,Wet/Intermediate,Unverified
Kegalle,Maha,Sesame,2025,32.54,151.49,Wet/Intermediate,Unverified
Kegalle,Maha,Snake Gourd,2025,77.23,770.47,Wet/Intermediate,Unverified
Kegalle,Maha,Soybean,2025,58.04,531.68,Wet/Intermediate,Unverified
Kegalle,Maha,Taro,2025,60.66,687.45,Wet/Intermediate,Unverified
Kegalle,Maha,Turmeric,2025,80.23,997.67,Wet/Intermediate,Supported envelope
Kegalle,Maha,Turmeric,2025,46.2,497.72,Wet/Intermediate,Supported envelope
Kegalle,Maha,Watermelon,2025,106.52,2288.36,Wet/Intermediate,Unverified
Kegalle,Maha,Watermelon,2025,160.27,2919.75,Wet/Intermediate,Unverified
Kegalle,Yala,Ash Plantain,2025,242.93,6014.48,Wet/Intermediate,Unverified
Kegalle,Yala,Banana,2025,189.0,4663.02,Wet/Intermediate,Unverified
Kegalle,Yala,Banana,2025,216.71,7251.41,Wet/Intermediate,Unverified
Kegalle,Yala,Beans,2025,75.19,681.89,Wet/Intermediate,Supported envelope
Kegalle,Yala,Beans,2025,92.5,1117.86,Wet/Intermediate,Supported envelope
Kegalle,Yala,Beans,2025,93.07,864.94,Wet/Intermediate,Supported envelope
Kegalle,Yala,Black Gram,2025,98.67,551.17,Wet/Intermediate,Unverified
Kegalle,Yala,Black Gram,2025,50.58,302.37,Wet/Intermediate,Unverified
Kegalle,Yala,Carrot,2025,107.05,1563.83,Wet/Intermediate,Supported envelope
Kegalle,Yala,Chilli,2025,59.04,445.77,Wet/Intermediate,Supported envelope
Kegalle,Yala,Chilli,2025,51.15,432.53,Wet/Intermediate,Supported envelope
Kegalle,Yala,Cinnamon,2025,26.65,123.35,Wet/Intermediate,Supported envelope
Kegalle,Yala,Coconut,2025,204.55,6502.61,Wet/Intermediate,Unverified
Kegalle,Yala,Cucumber,2025,92.92,1559.85,Wet/Intermediate,Unverified
Kegalle,Yala,Papaya,2025,194.32,5807.91,Wet/Intermediate,Unverified
Kegalle,Yala,Pepper,2025,43.05,214.65,Wet/Intermediate,Supported envelope
Kegalle,Yala,Pineapple,2025,125.99,2575.51,Wet/Intermediate,Supported envelope
Kegalle,Yala,Potato,2025,118.06,2287.6,Wet/Intermediate,Supported envelope
Kegalle,Yala,Rice,2025,104.37,2337.23,Wet/Intermediate,Unverified
Kegalle,Yala,Tea,2025,155.69,3569.53,Wet/Intermediate,Supported envelope
Kegalle,Yala,Tomato,2025,72.07,1022.3,Wet/Intermediate,Unverified
Kegalle,Yala,Watermelon,2025,119.42,2739.35,Wet/Intermediate,Unverified
Kilinochchi,Maha,Ash Plantain,2025,108.17,3029.24,Dry,Unverified
Kilinochchi,Maha,Banana,2025,128.98,3888.48,Dry,Unverified
Kilinochchi,Maha,Banana,2025,180.14,6320.92,Dry,Unverified
Kilinochchi,Maha,Big Onion,2025,61.66,640.49,Dry,Supported envelope
Kilinochchi,Maha,Bitter Gourd,2025,54.09,507.85,Dry,Unverified
Kilinochchi,Maha,Bitter Gourd,2025,57.66,521.81,Dry,Unverified
Kilinochchi,Maha,Black Gram,2025,44.14,255.81,Dry,Unverified
Kilinochchi,Maha,Carrot,2025,47.4,777.61,Dry,Supported envelope
Kilinochchi,Maha,Carrot,2025,94.51,1306.26,Dry,Supported envelope
Kilinochchi,Maha,Carrot,2025,95.83,1717.99,Dry,Supported envelope
Kilinochchi,Maha,Cowpea,2025,63.76,469.52,Dry,Supported envelope
Kilinochchi,Maha,Ginger,2025,55.65,613.63,Dry,Supported envelope
Kilinochchi,Maha,Ginger,2025,59.19,739.78,Dry,Supported envelope
Kilinochchi,Maha,Papaya,2025,101.04,2794.18,Dry,Unverified
Kilinochchi,Maha,Papaya,2025,117.14,3133.01,Dry,Unverified
Kilinochchi,Maha,Potato,2025,105.47,2323.05,Dry,Supported envelope
Kilinochchi,Maha,Potato,2025,76.17,1531.04,Dry,Supported envelope
Kilinochchi,Maha,Red Onion,2025,56.05,470.26,Dry,Supported envelope
Kilinochchi,Maha,Red Onion,2025,100.5,1034.93,Dry,Supported envelope
Kilinochchi,Maha,Red Onion,2025,94.84,992.02,Dry,Supported envelope
Kilinochchi,Maha,Rice,2025,119.34,2426.69,Dry,Unverified
Kilinochchi,Maha,Snake Gourd,2025,61.08,711.86,Dry,Unverified
Kilinochchi,Maha,Sweet Potato,2025,66.98,882.23,Dry,Supported envelope
Kilinochchi,Maha,Tomato,2025,101.43,1538.93,Dry,Unverified
Kilinochchi,Maha,Tomato,2025,97.88,1315.79,Dry,Unverified
Kilinochchi,Maha,Watermelon,2025,120.89,2245.24,Dry,Unverified
Kilinochchi,Maha,Watermelon,2025,95.54,2003.85,Dry,Unverified
Kilinochchi,Yala,Banana,2025,130.01,4108.89,Dry,Unverified
Kilinochchi,Yala,Cassava,2025,129.11,3045.38,Dry,Supported envelope
Kilinochchi,Yala,Chilli,2025,71.31,582.04,Dry,Supported envelope
Kilinochchi,Yala,Chilli,2025,45.63,443.39,Dry,Supported envelope
Kilinochchi,Yala,Chilli,2025,33.89,270.89,Dry,Supported envelope
Kilinochchi,Yala,Chilli,2025,41.7,308.85,Dry,Supported envelope
Kilinochchi,Yala,Green Gram,2025,43.27,365.53,Dry,Supported envelope
Kilinochchi,Yala,Long Bean,2025,38.62,322.61,Dry,Unverified
Kilinochchi,Yala,Maize,2025,87.35,1210.59,Dry,Supported envelope
Kilinochchi,Yala,Papaya,2025,72.03,2017.51,Dry,Unverified
Kilinochchi,Yala,Pumpkin,2025,86.37,1254.5,Dry,Unverified
Kilinochchi,Yala,Snake Gourd,2025,54.37,399.3,Dry,Unverified
Kilinochchi,Yala,Soybean,2025,57.8,560.97,Dry,Unverified
Kilinochchi,Yala,Soybean,2025,45.02,392.54,Dry,Unverified
Kilinochchi,Yala,Turmeric,2025,61.48,661.68,Dry,Supported envelope
Kilinochchi,Yala,Watermelon,2025,72.73,1618.87,Dry,Unverified
Kurunegala,Maha,Banana,2025,339.99,11233.7,Intermediate/Dry,Unverified
Kurunegala,Maha,Banana,2025,549.45,17365.23,Intermediate/Dry,Unverified
Kurunegala,Maha,Banana,2025,223.43,8404.67,Intermediate/Dry,Unverified
Kurunegala,Maha,Banana,2025,264.12,7491.4,Intermediate/Dry,Unverified
Kurunegala,Maha,Banana,2025,457.05,15942.37,Intermediate/Dry,Unverified
Kurunegala,Maha,Banana,2025,296.94,8182.26,Intermediate/Dry,Unverified
Kurunegala,Maha,Banana,2025,307.93,10699.37,Intermediate/Dry,Unverified
Kurunegala,Maha,Banana,2025,312.41,9639.02,Intermediate/Dry,Unverified
Kurunegala,Maha,Banana,2025,324.22,13862.71,Intermediate/Dry,Unverified
Kurunegala,Maha,Big Onion,2025,57.37,659.78,Intermediate/Dry,Supported envelope
Kurunegala,Maha,Bitter Gourd,2025,110.17,1143.22,Intermediate/Dry,Unverified
Kurunegala,Maha,Black Gram,2025,65.34,565.46,Intermediate/Dry,Unverified
Kurunegala,Maha,Black Gram,2025,89.27,696.35,Intermediate/Dry,Unverified
Kurunegala,Maha,Carrot,2025,141.59,2012.47,Intermediate/Dry,Supported envelope
Kurunegala,Maha,Chilli,2025,63.44,476.64,Intermediate/Dry,Supported envelope
Kurunegala,Maha,Chilli,2025,84.92,688.31,Intermediate/Dry,Supported envelope
Kurunegala,Maha,Chilli,2025,76.42,493.24,Intermediate/Dry,Supported envelope
Kurunegala,Maha,Chilli,2025,53.73,308.95,Intermediate/Dry,Supported envelope
Kurunegala,Maha,Chilli,2025,76.53,587.78,Intermediate/Dry,Supported envelope
Kurunegala,Maha,Chilli,2025,55.53,424.75,Intermediate/Dry,Supported envelope
Kurunegala,Maha,Chilli,2025,60.94,520.6,Intermediate/Dry,Supported envelope
Kurunegala,Maha,Coconut,2025,436.92,13673.77,Intermediate/Dry,Unverified
Kurunegala,Maha,Cowpea,2025,58.03,465.05,Intermediate/Dry,Supported envelope
Kurunegala,Maha,Ginger,2025,101.98,1080.09,Intermediate/Dry,Supported envelope
Kurunegala,Maha,Groundnut,2025,64.51,703.99,Intermediate/Dry,Supported envelope
Kurunegala,Maha,Groundnut,2025,87.81,762.58,Intermediate/Dry,Supported envelope
Kurunegala,Maha,Okra,2025,83.74,763.19,Intermediate/Dry,Unverified
Kurunegala,Maha,Okra,2025,53.87,396.93,Intermediate/Dry,Unverified
Kurunegala,Maha,Papaya,2025,129.83,3391.88,Intermediate/Dry,Unverified
Kurunegala,Maha,Pineapple,2025,130.03,3542.73,Intermediate/Dry,Supported envelope
Kurunegala,Maha,Potato,2025,110.56,2192.95,Intermediate/Dry,Supported envelope
Kurunegala,Maha,Rice,2025,234.4,6039.33,Intermediate/Dry,Unverified
Kurunegala,Maha,Ridge Gourd,2025,85.9,908.57,Intermediate/Dry,Unverified
Kurunegala,Maha,Ridge Gourd,2025,57.25,546.14,Intermediate/Dry,Unverified
Kurunegala,Maha,Sesame,2025,55.4,367.48,Intermediate/Dry,Unverified
Kurunegala,Maha,Sweet Potato,2025,129.45,1626.45,Intermediate/Dry,Supported envelope
Kurunegala,Maha,Taro,2025,83.22,1360.49,Intermediate/Dry,Unverified
Kurunegala,Maha,Turmeric,2025,61.37,723.8,Intermediate/Dry,Supported envelope
Kurunegala,Maha,Watermelon,2025,132.41,2571.07,Intermediate/Dry,Unverified
Kurunegala,Maha,Watermelon,2025,119.21,2734.85,Intermediate/Dry,Unverified
Kurunegala,Yala,Ash Plantain,2025,173.13,4486.59,Intermediate/Dry,Unverified
Kurunegala,Yala,Banana,2025,260.86,7909.95,Intermediate/Dry,Unverified
Kurunegala,Yala,Big Onion,2025,82.57,903.14,Intermediate/Dry,Supported envelope
Kurunegala,Yala,Bitter Gourd,2025,86.68,967.86,Intermediate/Dry,Unverified
Kurunegala,Yala,Carrot,2025,101.2,1900.39,Intermediate/Dry,Supported envelope
Kurunegala,Yala,Cassava,2025,144.95,3595.62,Intermediate/Dry,Supported envelope
Kurunegala,Yala,Chilli,2025,88.6,723.56,Intermediate/Dry,Supported envelope
Kurunegala,Yala,Chilli,2025,51.75,377.63,Intermediate/Dry,Supported envelope
Kurunegala,Yala,Ginger,2025,101.28,972.11,Intermediate/Dry,Supported envelope
Kurunegala,Yala,Ginger,2025,99.15,903.08,Intermediate/Dry,Supported envelope
Kurunegala,Yala,Papaya,2025,198.03,5650.58,Intermediate/Dry,Unverified
Kurunegala,Yala,Papaya,2025,147.24,3774.33,Intermediate/Dry,Unverified
Kurunegala,Yala,Pineapple,2025,108.08,2528.77,Intermediate/Dry,Supported envelope
Kurunegala,Yala,Potato,2025,114.94,2086.61,Intermediate/Dry,Supported envelope
Kurunegala,Yala,Potato,2025,147.83,2756.37,Intermediate/Dry,Supported envelope
Kurunegala,Yala,Sesame,2025,50.52,356.49,Intermediate/Dry,Unverified
Kurunegala,Yala,Sweet Potato,2025,70.23,1168.83,Intermediate/Dry,Supported envelope
Kurunegala,Yala,Tomato,2025,53.06,636.05,Intermediate/Dry,Unverified
Kurunegala,Yala,Watermelon,2025,116.39,2512.84,Intermediate/Dry,Unverified
Kurunegala,Yala,Watermelon,2025,105.21,2175.3,Intermediate/Dry,Unverified
Kurunegala,Yala,Yam,2025,77.35,1242.99,Intermediate/Dry,Unverified
Mannar,Maha,Big Onion,2025,90.23,897.03,Dry,Supported envelope
Mannar,Maha,Big Onion,2025,101.19,1216.8,Dry,Supported envelope
Mannar,Maha,Big Onion,2025,120.0,1038.74,Dry,Supported envelope
Mannar,Maha,Big Onion,2025,85.81,866.05,Dry,Supported envelope
Mannar,Maha,Bitter Gourd,2025,110.2,1046.16,Dry,Unverified
Mannar,Maha,Brinjal,2025,110.0,1312.48,Dry,Unverified
Mannar,Maha,Carrot,2025,119.69,1872.32,Dry,Supported envelope
Mannar,Maha,Carrot,2025,170.52,2748.37,Dry,Supported envelope
Mannar,Maha,Carrot,2025,173.06,2997.6,Dry,Supported envelope
Mannar,Maha,Cassava,2025,227.45,4461.86,Dry,Supported envelope
Mannar,Maha,Chilli,2025,70.3,582.61,Dry,Supported envelope
Mannar,Maha,Coconut,2025,131.78,3504.8,Dry,Unverified
Mannar,Maha,Cowpea,2025,71.33,575.65,Dry,Supported envelope
Mannar,Maha,Mango,2025,195.46,4111.12,Dry,Unverified
Mannar,Maha,Mango,2025,278.99,6865.25,Dry,Unverified
Mannar,Maha,Okra,2025,82.67,763.82,Dry,Unverified
Mannar,Maha,Okra,2025,79.25,699.37,Dry,Unverified
Mannar,Maha,Potato,2025,136.58,2327.72,Dry,Supported envelope
Mannar,Maha,Sesame,2025,55.85,371.25,Dry,Unverified
Mannar,Maha,Sesame,2025,80.3,510.28,Dry,Unverified
Mannar,Maha,Snake Gourd,2025,105.01,1108.3,Dry,Unverified
Mannar,Maha,Soybean,2025,83.75,696.18,Dry,Unverified
Mannar,Maha,Sweet Potato,2025,126.38,1817.02,Dry,Supported envelope
Mannar,Maha,Taro,2025,144.95,1756.8,Dry,Unverified
Mannar,Maha,Watermelon,2025,134.96,2790.47,Dry,Unverified
Mannar,Maha,Yam,2025,146.72,2048.15,Dry,Unverified
Mannar,Maha,Yam,2025,90.25,1178.47,Dry,Unverified
Mannar,Yala,Banana,2025,280.48,9566.02,Dry,Unverified
Mannar,Yala,Banana,2025,190.92,6122.56,Dry,Unverified
Mannar,Yala,Banana,2025,296.55,9759.4,Dry,Unverified
Mannar,Yala,Banana,2025,240.65,8399.48,Dry,Unverified
Mannar,Yala,Banana,2025,292.04,9022.17,Dry,Unverified
Mannar,Yala,Banana,2025,260.44,8918.6,Dry,Unverified
Mannar,Yala,Carrot,2025,95.89,1643.09,Dry,Supported envelope
Mannar,Yala,Carrot,2025,115.47,1983.4,Dry,Supported envelope
Mannar,Yala,Carrot,2025,210.69,3143.41,Dry,Supported envelope
Mannar,Yala,Carrot,2025,82.91,1124.45,Dry,Supported envelope
Mannar,Yala,Carrot,2025,113.48,1676.9,Dry,Supported envelope
Mannar,Yala,Cassava,2025,197.66,5303.05,Dry,Supported envelope
Mannar,Yala,Chilli,2025,73.4,599.06,Dry,Supported envelope
Mannar,Yala,Chilli,2025,55.41,490.88,Dry,Supported envelope
Mannar,Yala,Chilli,2025,73.1,673.82,Dry,Supported envelope
Mannar,Yala,Chilli,2025,55.77,342.67,Dry,Supported envelope
Mannar,Yala,Chilli,2025,104.45,844.27,Dry,Supported envelope
Mannar,Yala,Coconut,2025,205.54,6201.71,Dry,Unverified
Mannar,Yala,Ginger,2025,142.62,1351.73,Dry,Supported envelope
Mannar,Yala,Groundnut,2025,118.13,1338.99,Dry,Supported envelope
Mannar,Yala,Long Bean,2025,70.76,741.14,Dry,Unverified
Mannar,Yala,Snake Gourd,2025,131.56,1095.23,Dry,Unverified
Mannar,Yala,Taro,2025,107.57,1329.42,Dry,Unverified
Mannar,Yala,Turmeric,2025,98.25,885.58,Dry,Supported envelope
Mannar,Yala,Watermelon,2025,239.14,4638.35,Dry,Unverified
Matale,Maha,Banana,2025,259.77,7152.19,Intermediate/Up-country,Unverified
Matale,Maha,Banana,2025,90.67,3285.08,Intermediate/Up-country,Unverified
Matale,Maha,Banana,2025,91.52,2462.1,Intermediate/Up-country,Unverified
Matale,Maha,Banana,2025,219.28,6336.59,Intermediate/Up-country,Unverified
Matale,Maha,Banana,2025,117.85,4112.43,Intermediate/Up-country,Unverified
Matale,Maha,Banana,2025,214.99,5451.05,Intermediate/Up-country,Unverified
Matale,Maha,Banana,2025,333.24,11597.96,Intermediate/Up-country,Unverified
Matale,Maha,Beans,2025,48.97,555.52,Intermediate/Up-country,Supported envelope
Matale,Maha,Beans,2025,65.38,555.78,Intermediate/Up-country,Supported envelope
Matale,Maha,Big Onion,2025,91.28,812.28,Intermediate/Up-country,Supported envelope
Matale,Maha,Black Gram,2025,49.63,392.32,Intermediate/Up-country,Unverified
Matale,Maha,Brinjal,2025,64.54,544.1,Intermediate/Up-country,Unverified
Matale,Maha,Cabbage,2025,64.89,992.64,Intermediate/Up-country,Supported envelope
Matale,Maha,Carrot,2025,103.56,1628.54,Intermediate/Up-country,Supported envelope
Matale,Maha,Chilli,2025,64.61,530.61,Intermediate/Up-country,Supported envelope
Matale,Maha,Chilli,2025,62.57,536.38,Intermediate/Up-country,Supported envelope
Matale,Maha,Chilli,2025,51.36,447.28,Intermediate/Up-country,Supported envelope
Matale,Maha,Chilli,2025,46.19,350.02,Intermediate/Up-country,Supported envelope
Matale,Maha,Coconut,2025,135.71,3295.67,Intermediate/Up-country,Unverified
Matale,Maha,Ginger,2025,66.49,846.22,Intermediate/Up-country,Supported envelope
Matale,Maha,Ginger,2025,60.84,611.77,Intermediate/Up-country,Supported envelope
Matale,Maha,Ginger,2025,81.24,1120.67,Intermediate/Up-country,Supported envelope
Matale,Maha,Leeks,2025,82.8,908.78,Intermediate/Up-country,Supported envelope
Matale,Maha,Long Bean,2025,35.91,350.52,Intermediate/Up-country,Unverified
Matale,Maha,Potato,2025,98.98,1456.99,Intermediate/Up-country,Supported envelope
Matale,Maha,Pumpkin,2025,76.24,1023.76,Intermediate/Up-country,Unverified
Matale,Maha,Pumpkin,2025,81.18,1533.87,Intermediate/Up-country,Unverified
Matale,Maha,Rice,2025,95.09,1655.62,Intermediate/Up-country,Unverified
Matale,Maha,Ridge Gourd,2025,51.99,527.13,Intermediate/Up-country,Unverified
Matale,Maha,Snake Gourd,2025,52.26,552.62,Intermediate/Up-country,Unverified
Matale,Maha,Soybean,2025,67.89,593.64,Intermediate/Up-country,Unverified
Matale,Maha,Sweet Potato,2025,79.91,918.71,Intermediate/Up-country,Supported envelope
Matale,Maha,Taro,2025,88.4,1402.22,Intermediate/Up-country,Unverified
Matale,Maha,Taro,2025,80.03,1017.11,Intermediate/Up-country,Unverified
Matale,Maha,Turmeric,2025,91.11,855.39,Intermediate/Up-country,Supported envelope
Matale,Maha,Turmeric,2025,83.21,718.7,Intermediate/Up-country,Supported envelope
Matale,Maha,Watermelon,2025,86.53,1223.18,Intermediate/Up-country,Unverified
Matale,Maha,Watermelon,2025,107.8,2246.52,Intermediate/Up-country,Unverified
Matale,Maha,Watermelon,2025,169.04,2686.61,Intermediate/Up-country,Unverified
Matale,Maha,Watermelon,2025,150.28,2554.65,Intermediate/Up-country,Unverified
Matale,Yala,Banana,2025,140.16,3610.87,Intermediate/Up-country,Unverified
Matale,Yala,Beans,2025,32.07,319.79,Intermediate/Up-country,Supported envelope
Matale,Yala,Beans,2025,73.33,770.48,Intermediate/Up-country,Supported envelope
Matale,Yala,Beans,2025,52.01,536.75,Intermediate/Up-country,Supported envelope
Matale,Yala,Brinjal,2025,34.1,447.14,Intermediate/Up-country,Unverified
Matale,Yala,Cabbage,2025,47.47,717.42,Intermediate/Up-country,Supported envelope
Matale,Yala,Cabbage,2025,89.65,1285.54,Intermediate/Up-country,Supported envelope
Matale,Yala,Carrot,2025,140.65,2206.13,Intermediate/Up-country,Supported envelope
Matale,Yala,Carrot,2025,72.93,1132.95,Intermediate/Up-country,Supported envelope
Matale,Yala,Chilli,2025,50.32,402.19,Intermediate/Up-country,Supported envelope
Matale,Yala,Chilli,2025,41.1,296.95,Intermediate/Up-country,Supported envelope
Matale,Yala,Chilli,2025,59.51,433.85,Intermediate/Up-country,Supported envelope
Matale,Yala,Chilli,2025,57.41,397.93,Intermediate/Up-country,Supported envelope
Matale,Yala,Chilli,2025,77.44,611.54,Intermediate/Up-country,Supported envelope
Matale,Yala,Coconut,2025,98.09,2607.97,Intermediate/Up-country,Unverified
Matale,Yala,Cowpea,2025,38.79,225.32,Intermediate/Up-country,Supported envelope
Matale,Yala,Green Gram,2025,45.72,337.94,Intermediate/Up-country,Supported envelope
Matale,Yala,Leeks,2025,63.81,700.67,Intermediate/Up-country,Supported envelope
Matale,Yala,Leeks,2025,46.13,606.89,Intermediate/Up-country,Supported envelope
Matale,Yala,Long Bean,2025,48.04,426.78,Intermediate/Up-country,Unverified
Matale,Yala,Okra,2025,43.67,382.77,Intermediate/Up-country,Unverified
Matale,Yala,Papaya,2025,184.49,4044.72,Intermediate/Up-country,Unverified
Matale,Yala,Pumpkin,2025,101.27,1388.93,Intermediate/Up-country,Unverified
Matale,Yala,Pumpkin,2025,77.77,1228.22,Intermediate/Up-country,Unverified
Matale,Yala,Tomato,2025,103.59,983.36,Intermediate/Up-country,Unverified
Matale,Yala,Turmeric,2025,93.41,902.91,Intermediate/Up-country,Supported envelope
Matale,Yala,Watermelon,2025,115.39,2747.88,Intermediate/Up-country,Unverified
Matale,Yala,Watermelon,2025,124.0,1960.01,Intermediate/Up-country,Unverified
Matale,Yala,Watermelon,2025,122.3,2616.08,Intermediate/Up-country,Unverified
Matale,Yala,Watermelon,2025,63.57,1268.52,Intermediate/Up-country,Unverified
Matale,Yala,Watermelon,2025,91.88,1638.01,Intermediate/Up-country,Unverified
Matale,Yala,Yam,2025,137.1,2109.85,Intermediate/Up-country,Unverified
Matara,Maha,Ash Plantain,2025,251.3,5800.95,Wet,Unverified
Matara,Maha,Banana,2025,382.18,13977.87,Wet,Unverified
Matara,Maha,Banana,2025,266.01,10989.08,Wet,Unverified
Matara,Maha,Brinjal,2025,136.05,1532.85,Wet,Unverified
Matara,Maha,Chilli,2025,83.46,671.73,Wet,Supported envelope
Matara,Maha,Chilli,2025,69.17,569.3,Wet,Supported envelope
Matara,Maha,Chilli,2025,56.82,430.81,Wet,Supported envelope
Matara,Maha,Chilli,2025,51.12,378.35,Wet,Supported envelope
Matara,Maha,Chilli,2025,114.09,834.58,Wet,Supported envelope
Matara,Maha,Coconut,2025,294.24,9733.99,Wet,Unverified
Matara,Maha,Cowpea,2025,71.18,601.39,Wet,Supported envelope
Matara,Maha,Ginger,2025,114.25,1267.09,Wet,Supported envelope
Matara,Maha,Ginger,2025,121.63,1452.93,Wet,Supported envelope
Matara,Maha,Green Gram,2025,89.51,588.32,Wet,Supported envelope
Matara,Maha,Green Gram,2025,71.41,652.6,Wet,Supported envelope
Matara,Maha,Long Bean,2025,65.25,609.87,Wet,Unverified
Matara,Maha,Long Bean,2025,86.4,720.45,Wet,Unverified
Matara,Maha,Okra,2025,73.7,709.33,Wet,Unverified
Matara,Maha,Okra,2025,89.71,604.8,Wet,Unverified
Matara,Maha,Papaya,2025,245.32,8488.91,Wet,Unverified
Matara,Maha,Pumpkin,2025,118.93,1530.0,Wet,Unverified
Matara,Maha,Rice,2025,194.5,4328.15,Wet,Unverified
Matara,Maha,Rice,2025,131.93,2623.49,Wet,Unverified
Matara,Maha,Ridge Gourd,2025,90.18,772.53,Wet,Unverified
Matara,Maha,Ridge Gourd,2025,105.79,757.33,Wet,Unverified
Matara,Maha,Ridge Gourd,2025,78.95,862.79,Wet,Unverified
Matara,Maha,Snake Gourd,2025,86.23,850.11,Wet,Unverified
Matara,Maha,Soybean,2025,94.53,862.48,Wet,Unverified
Matara,Maha,Soybean,2025,81.15,780.66,Wet,Unverified
Matara,Maha,Sweet Potato,2025,115.48,1440.29,Wet,Supported envelope
Matara,Maha,Tea,2025,142.08,2712.3,Wet,Supported envelope
Matara,Maha,Watermelon,2025,165.5,3734.64,Wet,Unverified
Matara,Maha,Watermelon,2025,165.03,3014.51,Wet,Unverified
Matara,Maha,Watermelon,2025,159.17,3574.05,Wet,Unverified
Matara,Maha,Yam,2025,225.81,3450.48,Wet,Unverified
Matara,Yala,Ash Plantain,2025,191.51,5460.95,Wet,Unverified
Matara,Yala,Banana,2025,352.52,10735.52,Wet,Unverified
Matara,Yala,Black Gram,2025,88.97,530.88,Wet,Unverified
Matara,Yala,Cassava,2025,125.12,3058.01,Wet,Supported envelope
Matara,Yala,Cassava,2025,253.65,5340.6,Wet,Supported envelope
Matara,Yala,Chilli,2025,50.93,415.61,Wet,Supported envelope
Matara,Yala,Chilli,2025,64.88,391.42,Wet,Supported envelope
Matara,Yala,Cinnamon,2025,73.75,332.16,Wet,Supported envelope
Matara,Yala,Coconut,2025,253.38,6496.48,Wet,Unverified
Matara,Yala,Cowpea,2025,67.57,430.29,Wet,Supported envelope
Matara,Yala,Long Bean,2025,77.87,716.46,Wet,Unverified
Matara,Yala,Okra,2025,72.33,545.62,Wet,Unverified
Matara,Yala,Papaya,2025,262.58,6095.9,Wet,Unverified
Matara,Yala,Pumpkin,2025,147.22,2369.38,Wet,Unverified
Matara,Yala,Ridge Gourd,2025,74.16,743.51,Wet,Unverified
Matara,Yala,Sesame,2025,43.32,270.56,Wet,Unverified
Matara,Yala,Sesame,2025,63.22,414.4,Wet,Unverified
Matara,Yala,Turmeric,2025,94.74,1005.09,Wet,Supported envelope
Matara,Yala,Watermelon,2025,142.48,2380.25,Wet,Unverified
Matara,Yala,Watermelon,2025,151.59,2472.18,Wet,Unverified
Matara,Yala,Watermelon,2025,164.93,4550.81,Wet,Unverified
Matara,Yala,Yam,2025,96.6,1262.74,Wet,Unverified
Monaragala,Maha,Banana,2025,239.78,7041.95,Unknown,Unverified
Monaragala,Maha,Banana,2025,188.47,7234.54,Unknown,Unverified
Monaragala,Maha,Brinjal,2025,104.92,1182.93,Unknown,Unverified
Monaragala,Maha,Coconut,2025,208.61,7622.24,Unknown,Unverified
Monaragala,Maha,Cucumber,2025,90.42,1620.08,Unknown,Unverified
Monaragala,Maha,Long Bean,2025,44.5,369.42,Unknown,Unverified
Monaragala,Maha,Long Bean,2025,87.59,695.16,Unknown,Unverified
Monaragala,Maha,Long Bean,2025,49.88,419.46,Unknown,Unverified
Monaragala,Maha,Okra,2025,68.44,576.25,Unknown,Unverified
Monaragala,Maha,Papaya,2025,168.35,4757.57,Unknown,Unverified
Monaragala,Maha,Ridge Gourd,2025,85.7,815.14,Unknown,Unverified
Monaragala,Maha,Taro,2025,74.57,855.61,Unknown,Unverified
Monaragala,Maha,Tomato,2025,115.49,1387.72,Unknown,Unverified
Monaragala,Maha,Watermelon,2025,159.88,3128.69,Unknown,Unverified
Monaragala,Maha,Watermelon,2025,182.23,3684.83,Unknown,Unverified
Monaragala,Yala,Banana,2025,166.76,3694.12,Unknown,Unverified
Monaragala,Yala,Brinjal,2025,77.96,907.85,Unknown,Unverified
Monaragala,Yala,Cucumber,2025,59.25,795.81,Unknown,Unverified
Monaragala,Yala,Cucumber,2025,95.24,1631.22,Unknown,Unverified
Monaragala,Yala,Papaya,2025,167.36,3775.38,Unknown,Unverified
Monaragala,Yala,Pumpkin,2025,119.75,2253.06,Unknown,Unverified
Monaragala,Yala,Rice,2025,145.35,2424.95,Unknown,Unverified
Monaragala,Yala,Sesame,2025,44.34,262.4,Unknown,Unverified
Monaragala,Yala,Sesame,2025,45.63,262.06,Unknown,Unverified
Monaragala,Yala,Soybean,2025,82.46,805.27,Unknown,Unverified
Monaragala,Yala,Watermelon,2025,177.47,3121.69,Unknown,Unverified
Monaragala,Yala,Watermelon,2025,183.85,3520.19,Unknown,Unverified
Mullaitivu,Maha,Ash Plantain,2025,258.15,8841.65,Dry,Unverified
Mullaitivu,Maha,Ash Plantain,2025,125.11,3486.39,Dry,Unverified
Mullaitivu,Maha,Ash Plantain,2025,270.54,8307.43,Dry,Unverified
Mullaitivu,Maha,Banana,2025,219.42,6124.33,Dry,Unverified
Mullaitivu,Maha,Banana,2025,356.34,15390.15,Dry,Unverified
Mullaitivu,Maha,Banana,2025,302.38,8643.25,Dry,Unverified
Mullaitivu,Maha,Bitter Gourd,2025,107.61,957.25,Dry,Unverified
Mullaitivu,Maha,Black Gram,2025,88.04,552.14,Dry,Unverified
Mullaitivu,Maha,Black Gram,2025,80.35,581.23,Dry,Unverified
Mullaitivu,Maha,Carrot,2025,98.14,1165.01,Dry,Supported envelope
Mullaitivu,Maha,Cassava,2025,225.29,4446.52,Dry,Supported envelope
Mullaitivu,Maha,Cassava,2025,174.37,4359.84,Dry,Supported envelope
Mullaitivu,Maha,Chilli,2025,65.6,502.08,Dry,Supported envelope
Mullaitivu,Maha,Cowpea,2025,68.74,434.31,Dry,Supported envelope
Mullaitivu,Maha,Green Gram,2025,79.8,650.5,Dry,Supported envelope
Mullaitivu,Maha,Long Bean,2025,77.71,739.62,Dry,Unverified
Mullaitivu,Maha,Potato,2025,123.68,2274.67,Dry,Supported envelope
Mullaitivu,Maha,Potato,2025,169.14,3874.91,Dry,Supported envelope
Mullaitivu,Maha,Potato,2025,202.9,3338.18,Dry,Supported envelope
Mullaitivu,Maha,Red Onion,2025,129.18,1061.44,Dry,Supported envelope
Mullaitivu,Maha,Rice,2025,199.68,3811.22,Dry,Unverified
Mullaitivu,Maha,Rice,2025,163.97,3022.0,Dry,Unverified
Mullaitivu,Maha,Ridge Gourd,2025,93.46,1054.02,Dry,Unverified
Mullaitivu,Maha,Sesame,2025,60.11,382.11,Dry,Unverified
Mullaitivu,Maha,Soybean,2025,108.71,1060.77,Dry,Unverified
Mullaitivu,Maha,Taro,2025,89.36,1031.21,Dry,Unverified
Mullaitivu,Maha,Tomato,2025,87.0,1048.74,Dry,Unverified
Mullaitivu,Maha,Turmeric,2025,103.52,999.01,Dry,Supported envelope
Mullaitivu,Maha,Watermelon,2025,155.18,2720.6,Dry,Unverified
Mullaitivu,Maha,Watermelon,2025,148.48,3790.54,Dry,Unverified
Mullaitivu,Maha,Watermelon,2025,117.57,2199.9,Dry,Unverified
Mullaitivu,Maha,Watermelon,2025,218.57,4668.24,Dry,Unverified
Mullaitivu,Maha,Yam,2025,113.34,1448.28,Dry,Unverified
Mullaitivu,Yala,Ash Plantain,2025,211.8,5292.48,Dry,Unverified
Mullaitivu,Yala,Banana,2025,208.25,7444.39,Dry,Unverified
Mullaitivu,Yala,Brinjal,2025,88.66,926.35,Dry,Unverified
Mullaitivu,Yala,Brinjal,2025,116.95,1145.42,Dry,Unverified
Mullaitivu,Yala,Carrot,2025,97.16,1484.26,Dry,Supported envelope
Mullaitivu,Yala,Carrot,2025,119.61,2011.3,Dry,Supported envelope
Mullaitivu,Yala,Chilli,2025,63.85,478.96,Dry,Supported envelope
Mullaitivu,Yala,Chilli,2025,54.56,451.28,Dry,Supported envelope
Mullaitivu,Yala,Coconut,2025,237.5,7859.61,Dry,Unverified
Mullaitivu,Yala,Green Gram,2025,79.36,556.95,Dry,Supported envelope
Mullaitivu,Yala,Long Bean,2025,107.88,769.33,Dry,Unverified
Mullaitivu,Yala,Mango,2025,160.47,3633.49,Dry,Unverified
Mullaitivu,Yala,Pumpkin,2025,82.37,1412.1,Dry,Unverified
Mullaitivu,Yala,Red Onion,2025,84.27,830.31,Dry,Supported envelope
Mullaitivu,Yala,Sesame,2025,71.92,383.19,Dry,Unverified
Mullaitivu,Yala,Taro,2025,137.04,1890.43,Dry,Unverified
Mullaitivu,Yala,Watermelon,2025,212.17,3600.71,Dry,Unverified
Mullaitivu,Yala,Watermelon,2025,178.38,3539.78,Dry,Unverified
Nuwara Eliya,Maha,Ash Plantain,2025,169.83,6256.21,Up-country Wet,Unverified
Nuwara Eliya,Maha,Banana,2025,165.13,4706.75,Up-country Wet,Unverified
Nuwara Eliya,Maha,Banana,2025,178.69,5302.16,Up-country Wet,Unverified
Nuwara Eliya,Maha,Beans,2025,81.74,1001.97,Up-country Wet,Supported envelope
Nuwara Eliya,Maha,Beans,2025,89.73,918.85,Up-country Wet,Supported envelope
Nuwara Eliya,Maha,Beans,2025,87.59,646.5,Up-country Wet,Supported envelope
Nuwara Eliya,Maha,Beans,2025,88.18,921.36,Up-country Wet,Supported envelope
Nuwara Eliya,Maha,Bitter Gourd,2025,82.09,850.09,Up-country Wet,Unverified
Nuwara Eliya,Maha,Cabbage,2025,85.27,1457.65,Up-country Wet,Supported envelope
Nuwara Eliya,Maha,Carrot,2025,179.74,2594.93,Up-country Wet,Supported envelope
Nuwara Eliya,Maha,Carrot,2025,104.43,1468.41,Up-country Wet,Supported envelope
Nuwara Eliya,Maha,Carrot,2025,182.22,2808.84,Up-country Wet,Supported envelope
Nuwara Eliya,Maha,Carrot,2025,189.64,3394.48,Up-country Wet,Supported envelope
Nuwara Eliya,Maha,Carrot,2025,107.96,2073.5,Up-country Wet,Supported envelope
Nuwara Eliya,Maha,Cauliflower,2025,92.25,1081.83,Up-country Wet,Supported envelope
Nuwara Eliya,Maha,Cauliflower,2025,72.15,891.44,Up-country Wet,Supported envelope
Nuwara Eliya,Maha,Chilli,2025,77.77,571.7,Up-country Wet,Supported envelope
Nuwara Eliya,Maha,Chilli,2025,45.57,342.7,Up-country Wet,Supported envelope
Nuwara Eliya,Maha,Maize,2025,92.35,1363.59,Up-country Wet,Supported envelope
Nuwara Eliya,Maha,Pepper,2025,34.25,140.84,Up-country Wet,Supported envelope
Nuwara Eliya,Maha,Pumpkin,2025,110.98,2104.31,Up-country Wet,Unverified
Nuwara Eliya,Maha,Sesame,2025,47.63,199.57,Up-country Wet,Unverified
Nuwara Eliya,Maha,Snake Gourd,2025,71.78,661.78,Up-country Wet,Unverified
Nuwara Eliya,Maha,Snake Gourd,2025,65.19,848.49,Up-country Wet,Unverified
Nuwara Eliya,Maha,Tea,2025,205.98,5150.53,Up-country Wet,Supported envelope
Nuwara Eliya,Maha,Watermelon,2025,84.15,1971.18,Up-country Wet,Unverified
Nuwara Eliya,Maha,Watermelon,2025,64.7,1388.03,Up-country Wet,Unverified
Nuwara Eliya,Maha,Watermelon,2025,144.37,2590.78,Up-country Wet,Unverified
Nuwara Eliya,Maha,Yam,2025,79.29,1026.82,Up-country Wet,Unverified
Nuwara Eliya,Yala,Ash Plantain,2025,217.08,6509.06,Up-country Wet,Unverified
Nuwara Eliya,Yala,Beans,2025,62.3,547.51,Up-country Wet,Supported envelope
Nuwara Eliya,Yala,Beans,2025,97.44,782.2,Up-country Wet,Supported envelope
Nuwara Eliya,Yala,Big Onion,2025,41.85,402.96,Up-country Wet,Supported envelope
Nuwara Eliya,Yala,Brinjal,2025,63.11,642.51,Up-country Wet,Unverified
Nuwara Eliya,Yala,Carrot,2025,103.93,1743.15,Up-country Wet,Supported envelope
Nuwara Eliya,Yala,Carrot,2025,125.5,1548.42,Up-country Wet,Supported envelope
Nuwara Eliya,Yala,Carrot,2025,133.95,1734.99,Up-country Wet,Supported envelope
Nuwara Eliya,Yala,Carrot,2025,194.23,3379.28,Up-country Wet,Supported envelope
Nuwara Eliya,Yala,Cassava,2025,104.38,2581.69,Up-country Wet,Supported envelope
Nuwara Eliya,Yala,Cauliflower,2025,108.15,1242.8,Up-country Wet,Supported envelope
Nuwara Eliya,Yala,Chilli,2025,52.52,429.6,Up-country Wet,Supported envelope
Nuwara Eliya,Yala,Coconut,2025,158.05,5003.57,Up-country Wet,Unverified
Nuwara Eliya,Yala,Leeks,2025,103.57,1332.75,Up-country Wet,Supported envelope
Nuwara Eliya,Yala,Leeks,2025,101.56,1065.85,Up-country Wet,Supported envelope
Nuwara Eliya,Yala,Papaya,2025,124.15,4006.82,Up-country Wet,Unverified
Nuwara Eliya,Yala,Pumpkin,2025,76.84,1406.01,Up-country Wet,Unverified
Nuwara Eliya,Yala,Rice,2025,135.48,2418.37,Up-country Wet,Unverified
Nuwara Eliya,Yala,Snake Gourd,2025,63.55,586.6,Up-country Wet,Unverified
Nuwara Eliya,Yala,Watermelon,2025,112.52,2613.86,Up-country Wet,Unverified
Polonnaruwa,Maha,Banana,2025,226.92,8306.6,Dry,Unverified
Polonnaruwa,Maha,Bitter Gourd,2025,85.2,951.14,Dry,Unverified
Polonnaruwa,Maha,Brinjal,2025,89.96,1087.49,Dry,Unverified
Polonnaruwa,Maha,Cassava,2025,230.79,3572.54,Dry,Supported envelope
Polonnaruwa,Maha,Chilli,2025,46.7,408.53,Dry,Supported envelope
Polonnaruwa,Maha,Chilli,2025,79.13,601.75,Dry,Supported envelope
Polonnaruwa,Maha,Ginger,2025,88.29,1008.76,Dry,Supported envelope
Polonnaruwa,Maha,Groundnut,2025,117.73,1341.32,Dry,Supported envelope
Polonnaruwa,Maha,Long Bean,2025,70.95,662.86,Dry,Unverified
Polonnaruwa,Maha,Maize,2025,118.23,2184.77,Dry,Supported envelope
Polonnaruwa,Maha,Papaya,2025,216.02,5997.35,Dry,Unverified
Polonnaruwa,Maha,Papaya,2025,266.22,7130.45,Dry,Unverified
Polonnaruwa,Maha,Red Onion,2025,53.05,532.72,Dry,Supported envelope
Polonnaruwa,Maha,Red Onion,2025,81.64,669.35,Dry,Supported envelope
Polonnaruwa,Maha,Snake Gourd,2025,71.42,786.36,Dry,Unverified
Polonnaruwa,Maha,Taro,2025,72.05,813.06,Dry,Unverified
Polonnaruwa,Maha,Turmeric,2025,86.24,1040.43,Dry,Supported envelope
Polonnaruwa,Maha,Yam,2025,76.75,949.83,Dry,Unverified
Polonnaruwa,Yala,Banana,2025,217.11,7369.59,Dry,Unverified
Polonnaruwa,Yala,Banana,2025,186.0,5471.24,Dry,Unverified
Polonnaruwa,Yala,Brinjal,2025,174.26,2520.44,Dry,Unverified
Polonnaruwa,Yala,Carrot,2025,69.98,1174.46,Dry,Supported envelope
Polonnaruwa,Yala,Carrot,2025,142.5,2031.85,Dry,Supported envelope
Polonnaruwa,Yala,Cassava,2025,232.1,5147.97,Dry,Supported envelope
Polonnaruwa,Yala,Cassava,2025,172.38,3643.77,Dry,Supported envelope
Polonnaruwa,Yala,Chilli,2025,44.02,313.46,Dry,Supported envelope
Polonnaruwa,Yala,Chilli,2025,74.05,568.94,Dry,Supported envelope
Polonnaruwa,Yala,Chilli,2025,92.73,852.52,Dry,Supported envelope
Polonnaruwa,Yala,Chilli,2025,75.11,551.0,Dry,Supported envelope
Polonnaruwa,Yala,Chilli,2025,97.96,701.59,Dry,Supported envelope
Polonnaruwa,Yala,Coconut,2025,233.89,6032.12,Dry,Unverified
Polonnaruwa,Yala,Cowpea,2025,37.46,303.0,Dry,Supported envelope
Polonnaruwa,Yala,Ginger,2025,50.95,697.59,Dry,Supported envelope
Polonnaruwa,Yala,Groundnut,2025,91.88,699.38,Dry,Supported envelope
Polonnaruwa,Yala,Okra,2025,48.29,425.02,Dry,Unverified
Polonnaruwa,Yala,Okra,2025,76.34,611.15,Dry,Unverified
Polonnaruwa,Yala,Papaya,2025,119.03,2618.03,Dry,Unverified
Polonnaruwa,Yala,Pumpkin,2025,143.07,2251.37,Dry,Unverified
Polonnaruwa,Yala,Snake Gourd,2025,111.86,957.89,Dry,Unverified
Polonnaruwa,Yala,Snake Gourd,2025,52.99,539.66,Dry,Unverified
Polonnaruwa,Yala,Snake Gourd,2025,92.94,867.18,Dry,Unverified
Polonnaruwa,Yala,Soybean,2025,102.01,912.03,Dry,Unverified
Polonnaruwa,Yala,Soybean,2025,71.85,563.51,Dry,Unverified
Polonnaruwa,Yala,Watermelon,2025,156.58,3063.09,Dry,Unverified
Polonnaruwa,Yala,Watermelon,2025,146.3,2933.38,Dry,Unverified
Puttalam,Maha,Ash Plantain,2025,159.2,5295.42,Dry/Intermediate,Unverified
Puttalam,Maha,Banana,2025,125.58,3789.43,Dry/Intermediate,Unverified
Puttalam,Maha,Big Onion,2025,66.21,891.55,Dry/Intermediate,Supported envelope
Puttalam,Maha,Bitter Gourd,2025,81.97,851.21,Dry/Intermediate,Unverified
Puttalam,Maha,Bitter Gourd,2025,70.66,713.46,Dry/Intermediate,Unverified
Puttalam,Maha,Black Gram,2025,61.4,398.87,Dry/Intermediate,Unverified
Puttalam,Maha,Carrot,2025,141.99,2221.61,Dry/Intermediate,Supported envelope
Puttalam,Maha,Carrot,2025,142.88,2068.72,Dry/Intermediate,Supported envelope
Puttalam,Maha,Carrot,2025,144.72,2235.6,Dry/Intermediate,Supported envelope
Puttalam,Maha,Carrot,2025,159.2,2343.66,Dry/Intermediate,Supported envelope
Puttalam,Maha,Chilli,2025,68.81,463.66,Dry/Intermediate,Supported envelope
Puttalam,Maha,Chilli,2025,64.27,466.9,Dry/Intermediate,Supported envelope
Puttalam,Maha,Chilli,2025,84.62,781.7,Dry/Intermediate,Supported envelope
Puttalam,Maha,Cowpea,2025,69.4,470.77,Dry/Intermediate,Supported envelope
Puttalam,Maha,Cowpea,2025,61.21,344.05,Dry/Intermediate,Supported envelope
Puttalam,Maha,Cowpea,2025,93.67,844.05,Dry/Intermediate,Supported envelope
Puttalam,Maha,Cucumber,2025,111.57,1600.58,Dry/Intermediate,Unverified
Puttalam,Maha,Maize,2025,143.64,1898.07,Dry/Intermediate,Supported envelope
Puttalam,Maha,Maize,2025,106.94,1717.05,Dry/Intermediate,Supported envelope
Puttalam,Maha,Pumpkin,2025,108.65,1936.01,Dry/Intermediate,Unverified
Puttalam,Maha,Snake Gourd,2025,96.88,928.99,Dry/Intermediate,Unverified
Puttalam,Maha,Soybean,2025,102.18,1165.19,Dry/Intermediate,Unverified
Puttalam,Maha,Sweet Potato,2025,116.83,1504.79,Dry/Intermediate,Supported envelope
Puttalam,Maha,Sweet Potato,2025,89.8,1039.0,Dry/Intermediate,Supported envelope
Puttalam,Maha,Taro,2025,91.29,1187.79,Dry/Intermediate,Unverified
Puttalam,Maha,Turmeric,2025,76.03,827.24,Dry/Intermediate,Supported envelope
Puttalam,Maha,Turmeric,2025,64.63,531.6,Dry/Intermediate,Supported envelope
Puttalam,Maha,Watermelon,2025,165.48,3398.83,Dry/Intermediate,Unverified
Puttalam,Maha,Watermelon,2025,128.43,1794.01,Dry/Intermediate,Unverified
Puttalam,Maha,Watermelon,2025,112.06,1922.2,Dry/Intermediate,Unverified
Puttalam,Maha,Yam,2025,98.92,1217.73,Dry/Intermediate,Unverified
Puttalam,Yala,Ash Plantain,2025,207.51,6637.05,Dry/Intermediate,Unverified
Puttalam,Yala,Banana,2025,225.64,7998.98,Dry/Intermediate,Unverified
Puttalam,Yala,Bitter Gourd,2025,53.96,660.51,Dry/Intermediate,Unverified
Puttalam,Yala,Brinjal,2025,64.66,798.95,Dry/Intermediate,Unverified
Puttalam,Yala,Carrot,2025,100.73,1313.51,Dry/Intermediate,Supported envelope
Puttalam,Yala,Carrot,2025,94.19,1507.02,Dry/Intermediate,Supported envelope
Puttalam,Yala,Carrot,2025,105.18,1542.68,Dry/Intermediate,Supported envelope
Puttalam,Yala,Carrot,2025,80.93,1343.94,Dry/Intermediate,Supported envelope
Puttalam,Yala,Cassava,2025,175.72,4221.58,Dry/Intermediate,Supported envelope
Puttalam,Yala,Chilli,2025,79.55,504.22,Dry/Intermediate,Supported envelope
Puttalam,Yala,Cucumber,2025,169.2,2933.5,Dry/Intermediate,Unverified
Puttalam,Yala,Groundnut,2025,66.41,767.95,Dry/Intermediate,Supported envelope
Puttalam,Yala,Groundnut,2025,77.68,881.47,Dry/Intermediate,Supported envelope
Puttalam,Yala,Mango,2025,107.02,2984.45,Dry/Intermediate,Unverified
Puttalam,Yala,Mango,2025,182.83,5418.63,Dry/Intermediate,Unverified
Puttalam,Yala,Papaya,2025,138.64,3980.6,Dry/Intermediate,Unverified
Puttalam,Yala,Red Onion,2025,76.0,733.68,Dry/Intermediate,Supported envelope
Puttalam,Yala,Taro,2025,83.42,1080.7,Dry/Intermediate,Unverified
Puttalam,Yala,Taro,2025,63.46,725.91,Dry/Intermediate,Unverified
Puttalam,Yala,Tomato,2025,64.46,801.3,Dry/Intermediate,Unverified
Puttalam,Yala,Turmeric,2025,70.15,665.95,Dry/Intermediate,Supported envelope
Puttalam,Yala,Watermelon,2025,166.21,2792.53,Dry/Intermediate,Unverified
Puttalam,Yala,Watermelon,2025,126.73,2336.89,Dry/Intermediate,Unverified
Puttalam,Yala,Yam,2025,103.97,1352.71,Dry/Intermediate,Unverified
Puttalam,Yala,Yam,2025,104.4,1562.91,Dry/Intermediate,Unverified
Ratnapura,Maha,Banana,2025,136.02,4674.8,Wet/Intermediate,Unverified
Ratnapura,Maha,Beans,2025,77.0,753.99,Wet/Intermediate,Supported envelope
Ratnapura,Maha,Big Onion,2025,72.92,786.15,Wet/Intermediate,Supported envelope
Ratnapura,Maha,Big Onion,2025,61.31,658.64,Wet/Intermediate,Supported envelope
Ratnapura,Maha,Bitter Gourd,2025,69.54,868.14,Wet/Intermediate,Unverified
Ratnapura,Maha,Brinjal,2025,86.29,1060.93,Wet/Intermediate,Unverified
Ratnapura,Maha,Brinjal,2025,87.26,967.51,Wet/Intermediate,Unverified
Ratnapura,Maha,Carrot,2025,98.47,1637.59,Wet/Intermediate,Supported envelope
Ratnapura,Maha,Carrot,2025,99.26,1582.67,Wet/Intermediate,Supported envelope
Ratnapura,Maha,Carrot,2025,150.01,2563.79,Wet/Intermediate,Supported envelope
Ratnapura,Maha,Cauliflower,2025,105.92,1342.47,Wet/Intermediate,Supported envelope
Ratnapura,Maha,Cauliflower,2025,69.1,1013.76,Wet/Intermediate,Supported envelope
Ratnapura,Maha,Cauliflower,2025,87.09,1175.01,Wet/Intermediate,Supported envelope
Ratnapura,Maha,Chilli,2025,67.92,422.6,Wet/Intermediate,Supported envelope
Ratnapura,Maha,Chilli,2025,47.45,402.05,Wet/Intermediate,Supported envelope
Ratnapura,Maha,Cinnamon,2025,35.32,153.74,Wet/Intermediate,Supported envelope
Ratnapura,Maha,Coconut,2025,173.47,6231.73,Wet/Intermediate,Unverified
Ratnapura,Maha,Ginger,2025,51.36,580.02,Wet/Intermediate,Supported envelope
Ratnapura,Maha,Ginger,2025,105.84,1216.41,Wet/Intermediate,Supported envelope
Ratnapura,Maha,Green Gram,2025,63.68,469.52,Wet/Intermediate,Supported envelope
Ratnapura,Maha,Long Bean,2025,63.53,652.58,Wet/Intermediate,Unverified
Ratnapura,Maha,Long Bean,2025,81.73,857.34,Wet/Intermediate,Unverified
Ratnapura,Maha,Maize,2025,59.37,1081.21,Wet/Intermediate,Supported envelope
Ratnapura,Maha,Papaya,2025,150.85,3518.27,Wet/Intermediate,Unverified
Ratnapura,Maha,Pepper,2025,27.26,162.26,Wet/Intermediate,Supported envelope
Ratnapura,Maha,Potato,2025,136.37,2363.06,Wet/Intermediate,Supported envelope
Ratnapura,Maha,Pumpkin,2025,121.59,1719.45,Wet/Intermediate,Unverified
Ratnapura,Maha,Sesame,2025,65.39,336.51,Wet/Intermediate,Unverified
Ratnapura,Maha,Sweet Potato,2025,89.28,1170.6,Wet/Intermediate,Supported envelope
Ratnapura,Maha,Tea,2025,253.33,6140.0,Wet/Intermediate,Supported envelope
Ratnapura,Maha,Turmeric,2025,71.71,895.88,Wet/Intermediate,Supported envelope
Ratnapura,Maha,Watermelon,2025,110.46,2045.4,Wet/Intermediate,Unverified
Ratnapura,Maha,Watermelon,2025,148.46,3136.69,Wet/Intermediate,Unverified
Ratnapura,Maha,Watermelon,2025,170.65,3385.23,Wet/Intermediate,Unverified
Ratnapura,Yala,Banana,2025,133.47,4726.37,Wet/Intermediate,Unverified
Ratnapura,Yala,Banana,2025,197.77,6241.78,Wet/Intermediate,Unverified
Ratnapura,Yala,Banana,2025,164.99,7007.5,Wet/Intermediate,Unverified
Ratnapura,Yala,Banana,2025,279.4,8345.2,Wet/Intermediate,Unverified
Ratnapura,Yala,Beans,2025,74.21,685.38,Wet/Intermediate,Supported envelope
Ratnapura,Yala,Beans,2025,93.76,964.73,Wet/Intermediate,Supported envelope
Ratnapura,Yala,Beans,2025,78.47,677.91,Wet/Intermediate,Supported envelope
Ratnapura,Yala,Beans,2025,69.97,696.03,Wet/Intermediate,Supported envelope
Ratnapura,Yala,Beans,2025,60.32,588.06,Wet/Intermediate,Supported envelope
Ratnapura,Yala,Bitter Gourd,2025,60.24,526.96,Wet/Intermediate,Unverified
Ratnapura,Yala,Bitter Gourd,2025,55.82,651.35,Wet/Intermediate,Unverified
Ratnapura,Yala,Bitter Gourd,2025,74.17,830.52,Wet/Intermediate,Unverified
Ratnapura,Yala,Black Gram,2025,55.74,362.94,Wet/Intermediate,Unverified
Ratnapura,Yala,Brinjal,2025,105.78,1270.09,Wet/Intermediate,Unverified
Ratnapura,Yala,Cabbage,2025,103.33,1623.68,Wet/Intermediate,Supported envelope
Ratnapura,Yala,Carrot,2025,120.36,2028.75,Wet/Intermediate,Supported envelope
Ratnapura,Yala,Carrot,2025,87.31,1399.17,Wet/Intermediate,Supported envelope
Ratnapura,Yala,Carrot,2025,71.37,1131.27,Wet/Intermediate,Supported envelope
Ratnapura,Yala,Cauliflower,2025,103.83,1380.46,Wet/Intermediate,Supported envelope
Ratnapura,Yala,Chilli,2025,74.35,462.26,Wet/Intermediate,Supported envelope
Ratnapura,Yala,Chilli,2025,38.19,345.49,Wet/Intermediate,Supported envelope
Ratnapura,Yala,Green Gram,2025,41.84,286.73,Wet/Intermediate,Supported envelope
Ratnapura,Yala,Long Bean,2025,63.47,607.04,Wet/Intermediate,Unverified
Ratnapura,Yala,Maize,2025,102.0,1853.9,Wet/Intermediate,Supported envelope
Ratnapura,Yala,Okra,2025,77.96,607.13,Wet/Intermediate,Unverified
Ratnapura,Yala,Potato,2025,66.23,1419.62,Wet/Intermediate,Supported envelope
Ratnapura,Yala,Potato,2025,171.88,3090.0,Wet/Intermediate,Supported envelope
Ratnapura,Yala,Pumpkin,2025,99.21,1831.44,Wet/Intermediate,Unverified
Ratnapura,Yala,Pumpkin,2025,128.96,1951.54,Wet/Intermediate,Unverified
Ratnapura,Yala,Rice,2025,103.63,2382.25,Wet/Intermediate,Unverified
Ratnapura,Yala,Rice,2025,146.97,2815.81,Wet/Intermediate,Unverified
Ratnapura,Yala,Tea,2025,155.21,4832.57,Wet/Intermediate,Supported envelope
Ratnapura,Yala,Tea,2025,201.14,4119.36,Wet/Intermediate,Supported envelope
Ratnapura,Yala,Watermelon,2025,126.13,2650.68,Wet/Intermediate,Unverified
Trincomalee,Maha,Banana,2025,198.24,6894.74,Dry,Unverified
Trincomalee,Maha,Banana,2025,208.6,6239.89,Dry,Unverified
Trincomalee,Maha,Banana,2025,167.12,5653.26,Dry,Unverified
Trincomalee,Maha,Black Gram,2025,59.4,368.66,Dry,Unverified
Trincomalee,Maha,Black Gram,2025,46.02,341.17,Dry,Unverified
Trincomalee,Maha,Brinjal,2025,83.95,1018.89,Dry,Unverified
Trincomalee,Maha,Carrot,2025,139.79,2052.35,Dry,Supported envelope
Trincomalee,Maha,Carrot,2025,73.68,1110.17,Dry,Supported envelope
Trincomalee,Maha,Chilli,2025,67.32,570.42,Dry,Supported envelope
Trincomalee,Maha,Cowpea,2025,81.65,674.3,Dry,Supported envelope
Trincomalee,Maha,Cowpea,2025,55.76,413.48,Dry,Supported envelope
Trincomalee,Maha,Cowpea,2025,49.78,415.65,Dry,Supported envelope
Trincomalee,Maha,Groundnut,2025,99.25,1054.5,Dry,Supported envelope
Trincomalee,Maha,Long Bean,2025,42.9,404.43,Dry,Unverified
Trincomalee,Maha,Mango,2025,123.72,2958.07,Dry,Unverified
Trincomalee,Maha,Papaya,2025,169.96,4948.51,Dry,Unverified
Trincomalee,Maha,Potato,2025,163.51,3035.41,Dry,Supported envelope
Trincomalee,Maha,Pumpkin,2025,180.74,3026.03,Dry,Unverified
Trincomalee,Maha,Rice,2025,128.23,3245.02,Dry,Unverified
Trincomalee,Maha,Ridge Gourd,2025,78.3,756.4,Dry,Unverified
Trincomalee,Maha,Ridge Gourd,2025,98.77,995.59,Dry,Unverified
Trincomalee,Maha,Taro,2025,93.34,1110.92,Dry,Unverified
Trincomalee,Maha,Turmeric,2025,72.57,661.57,Dry,Supported envelope
Trincomalee,Maha,Watermelon,2025,127.47,2393.47,Dry,Unverified
Trincomalee,Maha,Watermelon,2025,97.56,1803.03,Dry,Unverified
Trincomalee,Maha,Yam,2025,94.27,1312.26,Dry,Unverified
Trincomalee,Yala,Banana,2025,113.57,4134.33,Dry,Unverified
Trincomalee,Yala,Banana,2025,126.1,4774.72,Dry,Unverified
Trincomalee,Yala,Banana,2025,161.49,5053.19,Dry,Unverified
Trincomalee,Yala,Big Onion,2025,65.69,653.0,Dry,Supported envelope
Trincomalee,Yala,Black Gram,2025,46.64,309.63,Dry,Unverified
Trincomalee,Yala,Carrot,2025,74.63,1172.61,Dry,Supported envelope
Trincomalee,Yala,Carrot,2025,121.91,1828.55,Dry,Supported envelope
Trincomalee,Yala,Carrot,2025,62.39,950.31,Dry,Supported envelope
Trincomalee,Yala,Cassava,2025,157.77,3762.93,Dry,Supported envelope
Trincomalee,Yala,Chilli,2025,43.8,290.24,Dry,Supported envelope
Trincomalee,Yala,Coconut,2025,183.7,7983.14,Dry,Unverified
Trincomalee,Yala,Green Gram,2025,40.61,319.12,Dry,Supported envelope
Trincomalee,Yala,Green Gram,2025,53.49,443.24,Dry,Supported envelope
Trincomalee,Yala,Long Bean,2025,74.56,837.36,Dry,Unverified
Trincomalee,Yala,Maize,2025,52.62,786.73,Dry,Supported envelope
Trincomalee,Yala,Potato,2025,65.42,1075.92,Dry,Supported envelope
Trincomalee,Yala,Pumpkin,2025,103.02,1475.79,Dry,Unverified
Trincomalee,Yala,Red Onion,2025,92.14,842.78,Dry,Supported envelope
Trincomalee,Yala,Red Onion,2025,77.08,996.93,Dry,Supported envelope
Trincomalee,Yala,Snake Gourd,2025,59.68,537.27,Dry,Unverified
Trincomalee,Yala,Sweet Potato,2025,79.69,1113.61,Dry,Supported envelope
Trincomalee,Yala,Taro,2025,93.11,1243.02,Dry,Unverified
Trincomalee,Yala,Turmeric,2025,67.8,637.96,Dry,Supported envelope
Trincomalee,Yala,Watermelon,2025,115.7,2017.18,Dry,Unverified
Trincomalee,Yala,Watermelon,2025,122.18,2393.89,Dry,Unverified
Trincomalee,Yala,Yam,2025,74.91,790.15,Dry,Unverified
Vavuniya,Maha,Banana,2025,149.22,6612.41,Dry,Unverified
Vavuniya,Maha,Banana,2025,147.22,3698.68,Dry,Unverified
Vavuniya,Maha,Banana,2025,193.42,7010.85,Dry,Unverified
Vavuniya,Maha,Banana,2025,228.14,7964.78,Dry,Unverified
Vavuniya,Maha,Big Onion,2025,57.77,563.8,Dry,Supported envelope
Vavuniya,Maha,Black Gram,2025,55.62,366.22,Dry,Unverified
Vavuniya,Maha,Carrot,2025,64.38,940.57,Dry,Supported envelope
Vavuniya,Maha,Carrot,2025,95.4,1668.85,Dry,Supported envelope
Vavuniya,Maha,Carrot,2025,71.24,1245.58,Dry,Supported envelope
Vavuniya,Maha,Cassava,2025,148.92,3883.53,Dry,Supported envelope
Vavuniya,Maha,Cassava,2025,128.35,3611.26,Dry,Supported envelope
Vavuniya,Maha,Coconut,2025,126.51,4069.2,Dry,Unverified
Vavuniya,Maha,Coconut,2025,195.37,7058.49,Dry,Unverified
Vavuniya,Maha,Long Bean,2025,53.59,615.77,Dry,Unverified
Vavuniya,Maha,Maize,2025,120.72,1619.67,Dry,Supported envelope
Vavuniya,Maha,Mango,2025,120.67,2968.13,Dry,Unverified
Vavuniya,Maha,Okra,2025,41.02,425.9,Dry,Unverified
Vavuniya,Maha,Ridge Gourd,2025,53.16,629.68,Dry,Unverified
Vavuniya,Maha,Soybean,2025,85.34,887.05,Dry,Unverified
Vavuniya,Maha,Soybean,2025,62.68,580.74,Dry,Unverified
Vavuniya,Maha,Soybean,2025,71.02,550.11,Dry,Unverified
Vavuniya,Maha,Tomato,2025,71.24,875.79,Dry,Unverified
Vavuniya,Maha,Watermelon,2025,88.83,2431.71,Dry,Unverified
Vavuniya,Yala,Banana,2025,151.65,3742.37,Dry,Unverified
Vavuniya,Yala,Banana,2025,239.85,7975.22,Dry,Unverified
Vavuniya,Yala,Carrot,2025,58.35,1111.97,Dry,Supported envelope
Vavuniya,Yala,Carrot,2025,86.95,1368.94,Dry,Supported envelope
Vavuniya,Yala,Chilli,2025,52.32,342.66,Dry,Supported envelope
Vavuniya,Yala,Cowpea,2025,63.91,518.28,Dry,Supported envelope
Vavuniya,Yala,Groundnut,2025,56.73,652.04,Dry,Supported envelope
Vavuniya,Yala,Maize,2025,91.32,1180.38,Dry,Supported envelope
Vavuniya,Yala,Okra,2025,60.61,554.62,Dry,Unverified
Vavuniya,Yala,Papaya,2025,133.13,3166.05,Dry,Unverified
Vavuniya,Yala,Potato,2025,141.25,2802.2,Dry,Supported envelope
Vavuniya,Yala,Red Onion,2025,55.71,502.32,Dry,Supported envelope
Vavuniya,Yala,Rice,2025,94.49,2256.03,Dry,Unverified
Vavuniya,Yala,Soybean,2025,64.89,620.71,Dry,Unverified
Vavuniya,Yala,Tomato,2025,115.04,1822.17,Dry,Unverified
Vavuniya,Yala,Watermelon,2025,96.11,1968.12,Dry,Unverified
Vavuniya,Yala,Watermelon,2025,148.37,2910.01,Dry,Unverified
Ampara,Maha,Ash Plantain,2026,140.15,3859.14,Dry,Unverified
Ampara,Maha,Big Onion,2026,59.67,551.79,Dry,Supported envelope
Ampara,Maha,Carrot,2026,60.3,980.79,Dry,Supported envelope
Ampara,Maha,Cassava,2026,135.51,3791.21,Dry,Supported envelope
Ampara,Maha,Chilli,2026,41.49,320.97,Dry,Supported envelope
Ampara,Maha,Chilli,2026,38.92,253.19,Dry,Supported envelope
Ampara,Maha,Coconut,2026,209.21,5496.45,Dry,Unverified
Ampara,Maha,Cowpea,2026,37.6,279.75,Dry,Supported envelope
Ampara,Maha,Ginger,2026,57.86,575.63,Dry,Supported envelope
Ampara,Maha,Maize,2026,131.95,1878.66,Dry,Supported envelope
Ampara,Maha,Mango,2026,134.68,3428.22,Dry,Unverified
Ampara,Maha,Papaya,2026,100.83,2553.14,Dry,Unverified
Ampara,Maha,Potato,2026,102.6,1807.43,Dry,Supported envelope
Ampara,Maha,Ridge Gourd,2026,128.7,1090.55,Dry,Unverified
Ampara,Maha,Sesame,2026,63.25,432.06,Dry,Unverified
Ampara,Maha,Snake Gourd,2026,84.62,823.61,Dry,Unverified
Ampara,Maha,Soybean,2026,71.78,627.6,Dry,Unverified
Ampara,Maha,Sweet Potato,2026,64.64,878.76,Dry,Supported envelope
Ampara,Maha,Tomato,2026,124.6,1525.47,Dry,Unverified
Ampara,Maha,Tomato,2026,96.25,1147.98,Dry,Unverified
Ampara,Maha,Tomato,2026,78.79,827.63,Dry,Unverified
Ampara,Maha,Turmeric,2026,56.04,570.79,Dry,Supported envelope
Ampara,Maha,Watermelon,2026,167.81,3337.02,Dry,Unverified
Ampara,Maha,Watermelon,2026,87.59,1844.91,Dry,Unverified
Ampara,Maha,Watermelon,2026,119.38,2203.87,Dry,Unverified
Ampara,Maha,Yam,2026,88.11,1019.95,Dry,Unverified
Ampara,Yala,Ash Plantain,2026,167.55,5048.66,Dry,Unverified
Ampara,Yala,Banana,2026,198.99,6801.84,Dry,Unverified
Ampara,Yala,Banana,2026,187.88,7011.67,Dry,Unverified
Ampara,Yala,Bitter Gourd,2026,57.88,454.28,Dry,Unverified
Ampara,Yala,Bitter Gourd,2026,58.47,579.03,Dry,Unverified
Ampara,Yala,Black Gram,2026,41.86,263.66,Dry,Unverified
Ampara,Yala,Carrot,2026,59.38,923.62,Dry,Supported envelope
Ampara,Yala,Cassava,2026,135.9,2747.44,Dry,Supported envelope
Ampara,Yala,Cassava,2026,147.26,3619.65,Dry,Supported envelope
Ampara,Yala,Chilli,2026,49.39,403.09,Dry,Supported envelope
Ampara,Yala,Chilli,2026,56.37,465.08,Dry,Supported envelope
Ampara,Yala,Green Gram,2026,43.67,353.85,Dry,Supported envelope
Ampara,Yala,Sweet Potato,2026,68.45,1058.17,Dry,Supported envelope
Ampara,Yala,Turmeric,2026,76.18,898.44,Dry,Supported envelope
Ampara,Yala,Watermelon,2026,91.22,2031.4,Dry,Unverified
Ampara,Yala,Watermelon,2026,82.64,1597.23,Dry,Unverified
Ampara,Yala,Watermelon,2026,83.36,1548.66,Dry,Unverified
Anuradhapura,Maha,Ash Plantain,2026,182.57,5372.6,Dry,Unverified
Anuradhapura,Maha,Ash Plantain,2026,161.54,5032.86,Dry,Unverified
Anuradhapura,Maha,Banana,2026,220.98,6322.62,Dry,Unverified
Anuradhapura,Maha,Banana,2026,267.73,9097.81,Dry,Unverified
Anuradhapura,Maha,Black Gram,2026,62.97,438.2,Dry,Unverified
Anuradhapura,Maha,Brinjal,2026,88.25,914.07,Dry,Unverified
Anuradhapura,Maha,Brinjal,2026,82.82,944.32,Dry,Unverified
Anuradhapura,Maha,Chilli,2026,73.08,570.49,Dry,Supported envelope
Anuradhapura,Maha,Chilli,2026,62.67,488.98,Dry,Supported envelope
Anuradhapura,Maha,Chilli,2026,81.25,504.95,Dry,Supported envelope
Anuradhapura,Maha,Cucumber,2026,106.52,1416.19,Dry,Unverified
Anuradhapura,Maha,Long Bean,2026,49.31,441.82,Dry,Unverified
Anuradhapura,Maha,Papaya,2026,200.66,4385.92,Dry,Unverified
Anuradhapura,Maha,Potato,2026,118.72,2473.7,Dry,Supported envelope
Anuradhapura,Maha,Red Onion,2026,56.28,535.03,Dry,Supported envelope
Anuradhapura,Maha,Rice,2026,247.97,4803.34,Dry,Unverified
Anuradhapura,Maha,Rice,2026,245.03,5396.98,Dry,Unverified
Anuradhapura,Maha,Sesame,2026,21.96,116.13,Dry,Unverified
Anuradhapura,Maha,Sweet Potato,2026,59.01,659.28,Dry,Supported envelope
Anuradhapura,Maha,Watermelon,2026,169.36,3506.98,Dry,Unverified
Anuradhapura,Maha,Watermelon,2026,166.7,3005.39,Dry,Unverified
Anuradhapura,Yala,Ash Plantain,2026,119.87,3820.44,Dry,Unverified
Anuradhapura,Yala,Banana,2026,296.26,10648.17,Dry,Unverified
Anuradhapura,Yala,Banana,2026,253.55,9245.41,Dry,Unverified
Anuradhapura,Yala,Big Onion,2026,128.73,1252.1,Dry,Supported envelope
Anuradhapura,Yala,Chilli,2026,59.55,449.57,Dry,Supported envelope
Anuradhapura,Yala,Ginger,2026,92.15,1045.81,Dry,Supported envelope
Anuradhapura,Yala,Green Gram,2026,56.43,403.11,Dry,Supported envelope
Anuradhapura,Yala,Groundnut,2026,103.6,1012.83,Dry,Supported envelope
Anuradhapura,Yala,Mango,2026,166.49,3692.44,Dry,Unverified
Anuradhapura,Yala,Okra,2026,53.28,443.53,Dry,Unverified
Anuradhapura,Yala,Ridge Gourd,2026,91.82,952.29,Dry,Unverified
Anuradhapura,Yala,Ridge Gourd,2026,49.47,594.65,Dry,Unverified
Anuradhapura,Yala,Ridge Gourd,2026,73.02,669.35,Dry,Unverified
Anuradhapura,Yala,Soybean,2026,48.5,417.23,Dry,Unverified
Anuradhapura,Yala,Taro,2026,122.98,1322.87,Dry,Unverified
Anuradhapura,Yala,Taro,2026,62.12,708.91,Dry,Unverified
Anuradhapura,Yala,Taro,2026,107.75,1162.0,Dry,Unverified
Anuradhapura,Yala,Tomato,2026,112.97,1463.99,Dry,Unverified
Anuradhapura,Yala,Turmeric,2026,64.63,748.54,Dry,Supported envelope
Anuradhapura,Yala,Watermelon,2026,219.08,4392.47,Dry,Unverified
Badulla,Maha,Ash Plantain,2026,186.45,5993.08,Up-country Intermediate,Unverified
Badulla,Maha,Banana,2026,245.04,8637.35,Up-country Intermediate,Unverified
Badulla,Maha,Banana,2026,118.43,2923.91,Up-country Intermediate,Unverified
Badulla,Maha,Black Gram,2026,43.46,296.59,Up-country Intermediate,Unverified
Badulla,Maha,Carrot,2026,96.84,1343.08,Up-country Intermediate,Supported envelope
Badulla,Maha,Carrot,2026,118.0,2063.85,Up-country Intermediate,Supported envelope
Badulla,Maha,Carrot,2026,138.58,2061.2,Up-country Intermediate,Supported envelope
Badulla,Maha,Cauliflower,2026,64.54,863.81,Up-country Intermediate,Supported envelope
Badulla,Maha,Cauliflower,2026,78.06,1038.82,Up-country Intermediate,Supported envelope
Badulla,Maha,Leeks,2026,86.41,1161.3,Up-country Intermediate,Supported envelope
Badulla,Maha,Leeks,2026,97.26,1195.5,Up-country Intermediate,Supported envelope
Badulla,Maha,Leeks,2026,99.58,1431.02,Up-country Intermediate,Supported envelope
Badulla,Maha,Maize,2026,75.52,1353.21,Up-country Intermediate,Supported envelope
Badulla,Maha,Okra,2026,71.49,559.51,Up-country Intermediate,Unverified
Badulla,Maha,Pepper,2026,49.99,238.4,Up-country Intermediate,Supported envelope
Badulla,Maha,Potato,2026,87.86,2142.49,Up-country Intermediate,Supported envelope
Badulla,Maha,Potato,2026,78.42,1367.83,Up-country Intermediate,Supported envelope
Badulla,Maha,Ridge Gourd,2026,102.26,1109.58,Up-country Intermediate,Unverified
Badulla,Maha,Taro,2026,98.81,1161.44,Up-country Intermediate,Unverified
Badulla,Maha,Taro,2026,92.06,1045.6,Up-country Intermediate,Unverified
Badulla,Maha,Turmeric,2026,72.13,898.85,Up-country Intermediate,Supported envelope
Badulla,Maha,Yam,2026,43.61,539.68,Up-country Intermediate,Unverified
Badulla,Yala,Ash Plantain,2026,164.55,5027.94,Up-country Intermediate,Unverified
Badulla,Yala,Banana,2026,154.08,4869.44,Up-country Intermediate,Unverified
Badulla,Yala,Beans,2026,70.88,785.53,Up-country Intermediate,Supported envelope
Badulla,Yala,Beans,2026,67.87,759.99,Up-country Intermediate,Supported envelope
Badulla,Yala,Brinjal,2026,60.21,873.51,Up-country Intermediate,Unverified
Badulla,Yala,Brinjal,2026,66.62,819.07,Up-country Intermediate,Unverified
Badulla,Yala,Carrot,2026,88.63,1197.67,Up-country Intermediate,Supported envelope
Badulla,Yala,Chilli,2026,50.91,396.11,Up-country Intermediate,Supported envelope
Badulla,Yala,Chilli,2026,45.44,346.32,Up-country Intermediate,Supported envelope
Badulla,Yala,Coconut,2026,197.86,5524.17,Up-country Intermediate,Unverified
Badulla,Yala,Ginger,2026,67.73,871.0,Up-country Intermediate,Supported envelope
Badulla,Yala,Groundnut,2026,71.42,625.9,Up-country Intermediate,Supported envelope
Badulla,Yala,Maize,2026,61.65,924.59,Up-country Intermediate,Supported envelope
Badulla,Yala,Mango,2026,85.08,2104.79,Up-country Intermediate,Unverified
Badulla,Yala,Mango,2026,125.79,2810.8,Up-country Intermediate,Unverified
Badulla,Yala,Papaya,2026,147.27,3920.72,Up-country Intermediate,Unverified
Badulla,Yala,Red Onion,2026,47.66,453.95,Up-country Intermediate,Supported envelope
Badulla,Yala,Ridge Gourd,2026,59.41,538.36,Up-country Intermediate,Unverified
Badulla,Yala,Snake Gourd,2026,52.96,526.78,Up-country Intermediate,Unverified
Badulla,Yala,Soybean,2026,50.81,460.01,Up-country Intermediate,Unverified
Badulla,Yala,Sweet Potato,2026,63.0,780.18,Up-country Intermediate,Supported envelope
Badulla,Yala,Taro,2026,58.73,708.77,Up-country Intermediate,Unverified
Badulla,Yala,Tomato,2026,58.03,704.32,Up-country Intermediate,Unverified
Badulla,Yala,Watermelon,2026,83.53,1455.61,Up-country Intermediate,Unverified
Batticaloa,Maha,Banana,2026,151.08,6010.07,Dry,Unverified
Batticaloa,Maha,Black Gram,2026,45.4,294.91,Dry,Unverified
Batticaloa,Maha,Brinjal,2026,71.1,1003.16,Dry,Unverified
Batticaloa,Maha,Carrot,2026,96.99,1881.68,Dry,Supported envelope
Batticaloa,Maha,Carrot,2026,101.79,1525.78,Dry,Supported envelope
Batticaloa,Maha,Chilli,2026,41.39,340.8,Dry,Supported envelope
Batticaloa,Maha,Chilli,2026,47.26,343.41,Dry,Supported envelope
Batticaloa,Maha,Chilli,2026,45.55,354.83,Dry,Supported envelope
Batticaloa,Maha,Chilli,2026,42.02,312.42,Dry,Supported envelope
Batticaloa,Maha,Coconut,2026,133.17,3796.29,Dry,Unverified
Batticaloa,Maha,Ginger,2026,80.5,830.71,Dry,Supported envelope
Batticaloa,Maha,Ginger,2026,83.38,778.35,Dry,Supported envelope
Batticaloa,Maha,Long Bean,2026,65.19,665.22,Dry,Unverified
Batticaloa,Maha,Okra,2026,45.16,443.56,Dry,Unverified
Batticaloa,Maha,Papaya,2026,195.11,5237.4,Dry,Unverified
Batticaloa,Maha,Soybean,2026,65.12,679.69,Dry,Unverified
Batticaloa,Maha,Taro,2026,95.86,1196.49,Dry,Unverified
Batticaloa,Maha,Taro,2026,102.8,1218.18,Dry,Unverified
Batticaloa,Maha,Turmeric,2026,61.52,587.59,Dry,Supported envelope
Batticaloa,Maha,Watermelon,2026,62.89,1067.46,Dry,Unverified
Batticaloa,Maha,Yam,2026,121.95,1771.93,Dry,Unverified
Batticaloa,Yala,Banana,2026,148.71,4298.18,Dry,Unverified
Batticaloa,Yala,Banana,2026,248.66,8616.55,Dry,Unverified
Batticaloa,Yala,Banana,2026,117.46,4145.48,Dry,Unverified
Batticaloa,Yala,Big Onion,2026,73.05,849.8,Dry,Supported envelope
Batticaloa,Yala,Bitter Gourd,2026,53.36,527.61,Dry,Unverified
Batticaloa,Yala,Bitter Gourd,2026,67.52,636.74,Dry,Unverified
Batticaloa,Yala,Carrot,2026,64.8,1037.25,Dry,Supported envelope
Batticaloa,Yala,Carrot,2026,94.88,1447.65,Dry,Supported envelope
Batticaloa,Yala,Carrot,2026,60.86,982.18,Dry,Supported envelope
Batticaloa,Yala,Chilli,2026,40.53,326.21,Dry,Supported envelope
Batticaloa,Yala,Chilli,2026,68.41,663.62,Dry,Supported envelope
Batticaloa,Yala,Coconut,2026,127.09,3657.9,Dry,Unverified
Batticaloa,Yala,Coconut,2026,210.25,7690.02,Dry,Unverified
Batticaloa,Yala,Cucumber,2026,78.69,1199.36,Dry,Unverified
Batticaloa,Yala,Maize,2026,103.6,1381.33,Dry,Supported envelope
Batticaloa,Yala,Maize,2026,73.08,1255.24,Dry,Supported envelope
Batticaloa,Yala,Okra,2026,39.03,366.7,Dry,Unverified
Batticaloa,Yala,Potato,2026,109.28,1967.84,Dry,Supported envelope
Batticaloa,Yala,Red Onion,2026,53.69,429.86,Dry,Supported envelope
Batticaloa,Yala,Ridge Gourd,2026,64.57,765.45,Dry,Unverified
Batticaloa,Yala,Ridge Gourd,2026,101.62,1213.25,Dry,Unverified
Batticaloa,Yala,Ridge Gourd,2026,45.41,509.77,Dry,Unverified
Batticaloa,Yala,Snake Gourd,2026,73.36,738.86,Dry,Unverified
Batticaloa,Yala,Snake Gourd,2026,102.71,978.92,Dry,Unverified
Batticaloa,Yala,Taro,2026,82.46,1213.31,Dry,Unverified
Batticaloa,Yala,Tomato,2026,73.9,1094.62,Dry,Unverified
Batticaloa,Yala,Tomato,2026,81.69,1153.79,Dry,Unverified
Batticaloa,Yala,Turmeric,2026,74.09,828.01,Dry,Supported envelope
Batticaloa,Yala,Turmeric,2026,56.67,679.51,Dry,Supported envelope
Batticaloa,Yala,Watermelon,2026,84.89,1709.6,Dry,Unverified
Batticaloa,Yala,Yam,2026,58.81,826.92,Dry,Unverified
Batticaloa,Yala,Yam,2026,82.67,975.82,Dry,Unverified
Batticaloa,Yala,Yam,2026,55.53,869.61,Dry,Unverified
Colombo,Maha,Ash Plantain,2026,250.75,9008.06,Wet,Unverified
Colombo,Maha,Banana,2026,268.74,7642.23,Wet,Unverified
Colombo,Maha,Banana,2026,206.86,5716.53,Wet,Unverified
Colombo,Maha,Banana,2026,240.99,6113.93,Wet,Unverified
Colombo,Maha,Banana,2026,140.24,4623.61,Wet,Unverified
Colombo,Maha,Black Gram,2026,68.69,481.02,Wet,Unverified
Colombo,Maha,Black Gram,2026,54.65,351.15,Wet,Unverified
Colombo,Maha,Brinjal,2026,70.91,770.31,Wet,Unverified
Colombo,Maha,Cassava,2026,202.79,4251.21,Wet,Supported envelope
Colombo,Maha,Cassava,2026,163.69,4160.62,Wet,Supported envelope
Colombo,Maha,Cassava,2026,106.15,2299.76,Wet,Supported envelope
Colombo,Maha,Chilli,2026,58.48,495.18,Wet,Supported envelope
Colombo,Maha,Chilli,2026,65.34,492.85,Wet,Supported envelope
Colombo,Maha,Chilli,2026,65.2,513.43,Wet,Supported envelope
Colombo,Maha,Chilli,2026,54.46,405.8,Wet,Supported envelope
Colombo,Maha,Cucumber,2026,117.57,2038.66,Wet,Unverified
Colombo,Maha,Long Bean,2026,110.31,942.52,Wet,Unverified
Colombo,Maha,Long Bean,2026,66.72,597.36,Wet,Unverified
Colombo,Maha,Okra,2026,74.36,722.48,Wet,Unverified
Colombo,Maha,Pineapple,2026,146.92,3226.67,Wet,Supported envelope
Colombo,Maha,Rice,2026,133.2,3272.58,Wet,Unverified
Colombo,Maha,Rice,2026,134.02,3083.58,Wet,Unverified
Colombo,Maha,Rice,2026,103.77,2176.77,Wet,Unverified
Colombo,Maha,Ridge Gourd,2026,67.3,718.7,Wet,Unverified
Colombo,Maha,Sesame,2026,50.14,306.15,Wet,Unverified
Colombo,Maha,Sesame,2026,43.58,226.31,Wet,Unverified
Colombo,Maha,Sweet Potato,2026,97.88,1192.22,Wet,Supported envelope
Colombo,Maha,Tomato,2026,77.07,1080.03,Wet,Unverified
Colombo,Maha,Tomato,2026,65.26,1014.12,Wet,Unverified
Colombo,Maha,Turmeric,2026,116.94,898.14,Wet,Supported envelope
Colombo,Maha,Turmeric,2026,84.9,876.24,Wet,Supported envelope
Colombo,Maha,Turmeric,2026,63.89,763.75,Wet,Supported envelope
Colombo,Maha,Turmeric,2026,85.63,744.88,Wet,Supported envelope
Colombo,Maha,Yam,2026,67.96,1025.58,Wet,Unverified
Colombo,Yala,Banana,2026,180.44,5547.13,Wet,Unverified
Colombo,Yala,Banana,2026,169.12,6417.01,Wet,Unverified
Colombo,Yala,Banana,2026,214.8,6321.87,Wet,Unverified
Colombo,Yala,Carrot,2026,63.3,855.61,Wet,Supported envelope
Colombo,Yala,Carrot,2026,121.53,1899.87,Wet,Supported envelope
Colombo,Yala,Carrot,2026,104.27,1569.88,Wet,Supported envelope
Colombo,Yala,Chilli,2026,54.67,443.1,Wet,Supported envelope
Colombo,Yala,Coconut,2026,191.92,6557.03,Wet,Unverified
Colombo,Yala,Cucumber,2026,115.06,1787.52,Wet,Unverified
Colombo,Yala,Cucumber,2026,85.05,1527.16,Wet,Unverified
Colombo,Yala,Ginger,2026,96.86,1000.41,Wet,Supported envelope
Colombo,Yala,Long Bean,2026,52.28,480.61,Wet,Unverified
Colombo,Yala,Okra,2026,36.86,254.84,Wet,Unverified
Colombo,Yala,Okra,2026,56.33,724.82,Wet,Unverified
Colombo,Yala,Papaya,2026,157.41,3664.53,Wet,Unverified
Colombo,Yala,Pumpkin,2026,127.48,2198.89,Wet,Unverified
Colombo,Yala,Pumpkin,2026,129.84,2179.43,Wet,Unverified
Colombo,Yala,Rice,2026,120.76,1957.9,Wet,Unverified
Colombo,Yala,Sesame,2026,26.59,193.58,Wet,Unverified
Colombo,Yala,Snake Gourd,2026,75.43,836.81,Wet,Unverified
Colombo,Yala,Snake Gourd,2026,80.91,816.26,Wet,Unverified
Colombo,Yala,Soybean,2026,79.02,731.92,Wet,Unverified
Colombo,Yala,Watermelon,2026,151.7,2795.36,Wet,Unverified
Colombo,Yala,Watermelon,2026,133.02,2582.28,Wet,Unverified
Galle,Maha,Ash Plantain,2026,252.6,7324.21,Wet,Unverified
Galle,Maha,Banana,2026,210.44,5896.79,Wet,Unverified
Galle,Maha,Carrot,2026,76.67,1016.5,Wet,Supported envelope
Galle,Maha,Cassava,2026,135.65,2827.72,Wet,Supported envelope
Galle,Maha,Chilli,2026,40.06,301.93,Wet,Supported envelope
Galle,Maha,Chilli,2026,55.91,432.74,Wet,Supported envelope
Galle,Maha,Cinnamon,2026,36.51,131.07,Wet,Supported envelope
Galle,Maha,Cinnamon,2026,66.11,376.92,Wet,Supported envelope
Galle,Maha,Coconut,2026,192.38,4757.66,Wet,Unverified
Galle,Maha,Ginger,2026,49.31,545.52,Wet,Supported envelope
Galle,Maha,Papaya,2026,124.1,3008.98,Wet,Unverified
Galle,Maha,Pepper,2026,29.98,136.57,Wet,Supported envelope
Galle,Maha,Pepper,2026,39.24,214.9,Wet,Supported envelope
Galle,Maha,Potato,2026,99.02,2336.33,Wet,Supported envelope
Galle,Maha,Potato,2026,120.27,2140.25,Wet,Supported envelope
Galle,Maha,Pumpkin,2026,111.1,2350.98,Wet,Unverified
Galle,Maha,Red Onion,2026,39.34,347.08,Wet,Supported envelope
Galle,Maha,Rice,2026,77.14,1529.58,Wet,Unverified
Galle,Maha,Ridge Gourd,2026,75.73,669.18,Wet,Unverified
Galle,Maha,Ridge Gourd,2026,49.32,485.82,Wet,Unverified
Galle,Maha,Sesame,2026,32.03,202.04,Wet,Unverified
Galle,Maha,Taro,2026,77.62,1061.93,Wet,Unverified
Galle,Maha,Tea,2026,122.99,3044.38,Wet,Supported envelope
Galle,Maha,Tea,2026,144.24,3990.11,Wet,Supported envelope
Galle,Maha,Yam,2026,79.83,1045.46,Wet,Unverified
Galle,Maha,Yam,2026,103.95,1143.84,Wet,Unverified
Galle,Yala,Ash Plantain,2026,161.84,5464.96,Wet,Unverified
Galle,Yala,Banana,2026,214.27,6137.46,Wet,Unverified
Galle,Yala,Banana,2026,186.65,5395.17,Wet,Unverified
Galle,Yala,Banana,2026,151.98,4896.16,Wet,Unverified
Galle,Yala,Banana,2026,120.26,3154.49,Wet,Unverified
Galle,Yala,Banana,2026,106.64,4136.16,Wet,Unverified
Galle,Yala,Black Gram,2026,47.86,313.02,Wet,Unverified
Galle,Yala,Carrot,2026,81.19,1139.25,Wet,Supported envelope
Galle,Yala,Carrot,2026,78.52,1106.55,Wet,Supported envelope
Galle,Yala,Carrot,2026,79.11,1255.5,Wet,Supported envelope
Galle,Yala,Cassava,2026,262.55,6464.52,Wet,Supported envelope
Galle,Yala,Cassava,2026,147.31,3291.1,Wet,Supported envelope
Galle,Yala,Chilli,2026,51.09,391.69,Wet,Supported envelope
Galle,Yala,Cucumber,2026,72.63,1285.15,Wet,Unverified
Galle,Yala,Ginger,2026,53.55,521.7,Wet,Supported envelope
Galle,Yala,Mango,2026,148.63,3057.22,Wet,Unverified
Galle,Yala,Okra,2026,44.16,375.13,Wet,Unverified
Galle,Yala,Papaya,2026,180.86,5225.39,Wet,Unverified
Galle,Yala,Potato,2026,70.59,1315.95,Wet,Supported envelope
Galle,Yala,Potato,2026,129.91,2528.6,Wet,Supported envelope
Galle,Yala,Potato,2026,90.53,1646.8,Wet,Supported envelope
Galle,Yala,Ridge Gourd,2026,51.16,647.61,Wet,Unverified
Galle,Yala,Turmeric,2026,57.75,556.72,Wet,Supported envelope
Galle,Yala,Turmeric,2026,67.92,764.16,Wet,Supported envelope
Gampaha,Maha,Banana,2026,178.97,5119.72,Wet,Unverified
Gampaha,Maha,Banana,2026,174.48,5744.77,Wet,Unverified
Gampaha,Maha,Carrot,2026,150.56,2167.43,Wet,Supported envelope
Gampaha,Maha,Carrot,2026,106.97,1733.71,Wet,Supported envelope
Gampaha,Maha,Cassava,2026,253.6,5145.9,Wet,Supported envelope
Gampaha,Maha,Cucumber,2026,182.8,3401.87,Wet,Unverified
Gampaha,Maha,Ginger,2026,99.61,1294.88,Wet,Supported envelope
Gampaha,Maha,Green Gram,2026,83.73,562.86,Wet,Supported envelope
Gampaha,Maha,Maize,2026,198.89,2942.52,Wet,Supported envelope
Gampaha,Maha,Pineapple,2026,100.52,2162.1,Wet,Supported envelope
Gampaha,Maha,Potato,2026,122.09,2175.23,Wet,Supported envelope
Gampaha,Maha,Rice,2026,247.99,4729.96,Wet,Unverified
Gampaha,Maha,Soybean,2026,98.63,1023.26,Wet,Unverified
Gampaha,Maha,Sweet Potato,2026,106.42,1131.9,Wet,Supported envelope
Gampaha,Maha,Taro,2026,106.28,1583.25,Wet,Unverified
Gampaha,Maha,Taro,2026,99.33,1149.93,Wet,Unverified
Gampaha,Maha,Tomato,2026,150.95,1701.25,Wet,Unverified
Gampaha,Maha,Watermelon,2026,131.83,2815.89,Wet,Unverified
Gampaha,Maha,Yam,2026,159.68,2216.19,Wet,Unverified
Gampaha,Yala,Ash Plantain,2026,179.04,4678.47,Wet,Unverified
Gampaha,Yala,Ash Plantain,2026,250.58,7249.34,Wet,Unverified
Gampaha,Yala,Banana,2026,222.23,8870.78,Wet,Unverified
Gampaha,Yala,Banana,2026,161.76,5317.83,Wet,Unverified
Gampaha,Yala,Banana,2026,239.54,8020.06,Wet,Unverified
Gampaha,Yala,Carrot,2026,125.29,1700.99,Wet,Supported envelope
Gampaha,Yala,Carrot,2026,109.18,1495.82,Wet,Supported envelope
Gampaha,Yala,Cassava,2026,202.46,4889.48,Wet,Supported envelope
Gampaha,Yala,Cassava,2026,174.23,4372.85,Wet,Supported envelope
Gampaha,Yala,Chilli,2026,78.69,531.53,Wet,Supported envelope
Gampaha,Yala,Chilli,2026,77.78,543.7,Wet,Supported envelope
Gampaha,Yala,Coconut,2026,375.99,11409.39,Wet,Unverified
Gampaha,Yala,Green Gram,2026,120.18,823.29,Wet,Supported envelope
Gampaha,Yala,Mango,2026,222.92,5421.36,Wet,Unverified
Gampaha,Yala,Pineapple,2026,149.99,3794.86,Wet,Supported envelope
Gampaha,Yala,Pumpkin,2026,138.14,2159.57,Wet,Unverified
Gampaha,Yala,Red Onion,2026,73.7,717.61,Wet,Supported envelope
Gampaha,Yala,Soybean,2026,73.44,776.88,Wet,Unverified
Gampaha,Yala,Tomato,2026,160.98,2263.77,Wet,Unverified
Gampaha,Yala,Tomato,2026,68.71,813.08,Wet,Unverified
Hambantota,Maha,Ash Plantain,2026,235.58,7563.37,Dry/Intermediate,Unverified
Hambantota,Maha,Ash Plantain,2026,228.01,7115.94,Dry/Intermediate,Unverified
Hambantota,Maha,Big Onion,2026,73.31,993.4,Dry/Intermediate,Supported envelope
Hambantota,Maha,Black Gram,2026,67.04,410.34,Dry/Intermediate,Unverified
Hambantota,Maha,Carrot,2026,135.6,1592.03,Dry/Intermediate,Supported envelope
Hambantota,Maha,Carrot,2026,155.53,2576.59,Dry/Intermediate,Supported envelope
Hambantota,Maha,Carrot,2026,102.51,1639.96,Dry/Intermediate,Supported envelope
Hambantota,Maha,Carrot,2026,125.81,1765.1,Dry/Intermediate,Supported envelope
Hambantota,Maha,Carrot,2026,72.89,956.37,Dry/Intermediate,Supported envelope
Hambantota,Maha,Carrot,2026,99.47,1568.1,Dry/Intermediate,Supported envelope
Hambantota,Maha,Chilli,2026,86.28,670.19,Dry/Intermediate,Supported envelope
Hambantota,Maha,Chilli,2026,96.65,778.98,Dry/Intermediate,Supported envelope
Hambantota,Maha,Coconut,2026,223.64,5508.16,Dry/Intermediate,Unverified
Hambantota,Maha,Coconut,2026,173.81,4513.18,Dry/Intermediate,Unverified
Hambantota,Maha,Cowpea,2026,75.27,545.69,Dry/Intermediate,Supported envelope
Hambantota,Maha,Groundnut,2026,82.85,809.25,Dry/Intermediate,Supported envelope
Hambantota,Maha,Groundnut,2026,72.67,803.0,Dry/Intermediate,Supported envelope
Hambantota,Maha,Groundnut,2026,105.01,813.74,Dry/Intermediate,Supported envelope
Hambantota,Maha,Long Bean,2026,89.32,804.72,Dry/Intermediate,Unverified
Hambantota,Maha,Maize,2026,158.67,2812.74,Dry/Intermediate,Supported envelope
Hambantota,Maha,Maize,2026,118.33,1945.78,Dry/Intermediate,Supported envelope
Hambantota,Maha,Red Onion,2026,86.56,1086.79,Dry/Intermediate,Supported envelope
Hambantota,Maha,Rice,2026,232.42,6173.89,Dry/Intermediate,Unverified
Hambantota,Maha,Sesame,2026,34.16,152.39,Dry/Intermediate,Unverified
Hambantota,Maha,Snake Gourd,2026,119.79,1372.38,Dry/Intermediate,Unverified
Hambantota,Maha,Snake Gourd,2026,99.52,1187.08,Dry/Intermediate,Unverified
Hambantota,Maha,Soybean,2026,70.77,619.47,Dry/Intermediate,Unverified
Hambantota,Maha,Sweet Potato,2026,139.83,1843.62,Dry/Intermediate,Supported envelope
Hambantota,Maha,Tomato,2026,135.52,1908.74,Dry/Intermediate,Unverified
Hambantota,Maha,Turmeric,2026,114.49,1248.24,Dry/Intermediate,Supported envelope
Hambantota,Maha,Yam,2026,135.87,1860.82,Dry/Intermediate,Unverified
Hambantota,Yala,Ash Plantain,2026,357.23,11737.57,Dry/Intermediate,Unverified
Hambantota,Yala,Banana,2026,220.51,7875.65,Dry/Intermediate,Unverified
Hambantota,Yala,Brinjal,2026,146.49,1670.75,Dry/Intermediate,Unverified
Hambantota,Yala,Carrot,2026,77.87,1135.73,Dry/Intermediate,Supported envelope
Hambantota,Yala,Chilli,2026,77.93,557.02,Dry/Intermediate,Supported envelope
Hambantota,Yala,Chilli,2026,79.09,513.22,Dry/Intermediate,Supported envelope
Hambantota,Yala,Cowpea,2026,77.52,551.24,Dry/Intermediate,Supported envelope
Hambantota,Yala,Cowpea,2026,81.15,618.83,Dry/Intermediate,Supported envelope
Hambantota,Yala,Ginger,2026,109.82,1144.09,Dry/Intermediate,Supported envelope
Hambantota,Yala,Groundnut,2026,70.57,894.59,Dry/Intermediate,Supported envelope
Hambantota,Yala,Long Bean,2026,73.75,718.02,Dry/Intermediate,Unverified
Hambantota,Yala,Potato,2026,129.35,2132.26,Dry/Intermediate,Supported envelope
Hambantota,Yala,Potato,2026,120.57,2725.08,Dry/Intermediate,Supported envelope
Hambantota,Yala,Pumpkin,2026,153.33,2669.86,Dry/Intermediate,Unverified
Hambantota,Yala,Rice,2026,196.46,4412.87,Dry/Intermediate,Unverified
Hambantota,Yala,Rice,2026,148.8,3270.51,Dry/Intermediate,Unverified
Hambantota,Yala,Ridge Gourd,2026,58.56,533.4,Dry/Intermediate,Unverified
Hambantota,Yala,Tomato,2026,152.83,2051.32,Dry/Intermediate,Unverified
Hambantota,Yala,Turmeric,2026,103.26,969.1,Dry/Intermediate,Supported envelope
Hambantota,Yala,Watermelon,2026,301.45,7568.71,Dry/Intermediate,Unverified
Jaffna,Maha,Banana,2026,239.68,7904.84,Dry,Unverified
Jaffna,Maha,Banana,2026,260.36,8129.57,Dry,Unverified
Jaffna,Maha,Banana,2026,289.22,8029.31,Dry,Unverified
Jaffna,Maha,Banana,2026,183.82,6472.01,Dry,Unverified
Jaffna,Maha,Banana,2026,196.78,5318.16,Dry,Unverified
Jaffna,Maha,Bitter Gourd,2026,78.06,938.57,Dry,Unverified
Jaffna,Maha,Brinjal,2026,109.53,1252.67,Dry,Unverified
Jaffna,Maha,Carrot,2026,108.03,1868.82,Dry,Supported envelope
Jaffna,Maha,Chilli,2026,73.41,593.5,Dry,Supported envelope
Jaffna,Maha,Chilli,2026,70.63,647.79,Dry,Supported envelope
Jaffna,Maha,Chilli,2026,59.91,464.56,Dry,Supported envelope
Jaffna,Maha,Coconut,2026,282.12,9859.64,Dry,Unverified
Jaffna,Maha,Cowpea,2026,73.92,628.16,Dry,Supported envelope
Jaffna,Maha,Cucumber,2026,111.44,1781.43,Dry,Unverified
Jaffna,Maha,Cucumber,2026,107.75,1532.48,Dry,Unverified
Jaffna,Maha,Ginger,2026,110.94,1170.98,Dry,Supported envelope
Jaffna,Maha,Ginger,2026,110.95,1153.01,Dry,Supported envelope
Jaffna,Maha,Green Gram,2026,86.6,826.61,Dry,Supported envelope
Jaffna,Maha,Green Gram,2026,80.85,510.37,Dry,Supported envelope
Jaffna,Maha,Long Bean,2026,159.2,1316.33,Dry,Unverified
Jaffna,Maha,Maize,2026,130.67,2502.43,Dry,Supported envelope
Jaffna,Maha,Pumpkin,2026,139.76,2012.02,Dry,Unverified
Jaffna,Maha,Red Onion,2026,119.68,1197.56,Dry,Supported envelope
Jaffna,Maha,Red Onion,2026,187.81,1979.07,Dry,Supported envelope
Jaffna,Maha,Rice,2026,140.54,2626.27,Dry,Unverified
Jaffna,Maha,Rice,2026,88.85,1553.01,Dry,Unverified
Jaffna,Maha,Ridge Gourd,2026,93.91,907.67,Dry,Unverified
Jaffna,Maha,Sesame,2026,74.0,464.35,Dry,Unverified
Jaffna,Maha,Snake Gourd,2026,75.67,701.7,Dry,Unverified
Jaffna,Maha,Soybean,2026,117.84,1067.09,Dry,Unverified
Jaffna,Maha,Taro,2026,107.01,1178.34,Dry,Unverified
Jaffna,Maha,Taro,2026,159.4,2191.04,Dry,Unverified
Jaffna,Maha,Tomato,2026,117.78,1671.15,Dry,Unverified
Jaffna,Maha,Turmeric,2026,83.77,776.28,Dry,Supported envelope
Jaffna,Maha,Watermelon,2026,197.6,4351.51,Dry,Unverified
Jaffna,Maha,Watermelon,2026,217.6,4995.24,Dry,Unverified
Jaffna,Yala,Ash Plantain,2026,221.31,6664.69,Dry,Unverified
Jaffna,Yala,Banana,2026,425.27,13228.45,Dry,Unverified
Jaffna,Yala,Banana,2026,278.29,7807.79,Dry,Unverified
Jaffna,Yala,Banana,2026,159.13,5218.64,Dry,Unverified
Jaffna,Yala,Big Onion,2026,116.12,1194.31,Dry,Supported envelope
Jaffna,Yala,Black Gram,2026,75.13,593.2,Dry,Unverified
Jaffna,Yala,Carrot,2026,146.82,2138.62,Dry,Supported envelope
Jaffna,Yala,Carrot,2026,210.16,2934.87,Dry,Supported envelope
Jaffna,Yala,Carrot,2026,80.04,980.99,Dry,Supported envelope
Jaffna,Yala,Chilli,2026,63.58,504.29,Dry,Supported envelope
Jaffna,Yala,Chilli,2026,93.85,721.65,Dry,Supported envelope
Jaffna,Yala,Chilli,2026,111.46,837.87,Dry,Supported envelope
Jaffna,Yala,Cowpea,2026,63.18,426.77,Dry,Supported envelope
Jaffna,Yala,Cowpea,2026,93.82,793.94,Dry,Supported envelope
Jaffna,Yala,Cucumber,2026,119.91,1665.67,Dry,Unverified
Jaffna,Yala,Cucumber,2026,138.59,2037.01,Dry,Unverified
Jaffna,Yala,Ginger,2026,87.15,880.8,Dry,Supported envelope
Jaffna,Yala,Groundnut,2026,97.47,923.08,Dry,Supported envelope
Jaffna,Yala,Long Bean,2026,84.2,725.64,Dry,Unverified
Jaffna,Yala,Papaya,2026,211.77,5344.53,Dry,Unverified
Jaffna,Yala,Red Onion,2026,120.4,1021.99,Dry,Supported envelope
Jaffna,Yala,Red Onion,2026,173.69,1580.53,Dry,Supported envelope
Jaffna,Yala,Red Onion,2026,123.83,1142.17,Dry,Supported envelope
Jaffna,Yala,Ridge Gourd,2026,102.29,996.36,Dry,Unverified
Jaffna,Yala,Sesame,2026,63.33,440.12,Dry,Unverified
Jaffna,Yala,Snake Gourd,2026,59.15,545.81,Dry,Unverified
Jaffna,Yala,Watermelon,2026,158.19,2829.46,Dry,Unverified
Kalutara,Maha,Banana,2026,328.49,11054.2,Wet,Unverified
Kalutara,Maha,Banana,2026,316.16,10026.35,Wet,Unverified
Kalutara,Maha,Banana,2026,191.4,6081.92,Wet,Unverified
Kalutara,Maha,Banana,2026,125.62,4150.53,Wet,Unverified
Kalutara,Maha,Black Gram,2026,60.65,380.72,Wet,Unverified
Kalutara,Maha,Carrot,2026,146.63,2272.5,Wet,Supported envelope
Kalutara,Maha,Carrot,2026,97.42,1324.56,Wet,Supported envelope
Kalutara,Maha,Cassava,2026,188.19,4708.11,Wet,Supported envelope
Kalutara,Maha,Chilli,2026,56.63,324.28,Wet,Supported envelope
Kalutara,Maha,Chilli,2026,43.37,323.21,Wet,Supported envelope
Kalutara,Maha,Cinnamon,2026,63.68,274.52,Wet,Supported envelope
Kalutara,Maha,Ginger,2026,71.48,906.03,Wet,Supported envelope
Kalutara,Maha,Ginger,2026,78.99,875.89,Wet,Supported envelope
Kalutara,Maha,Mango,2026,181.42,3858.92,Wet,Unverified
Kalutara,Maha,Pepper,2026,55.58,372.98,Wet,Supported envelope
Kalutara,Maha,Red Onion,2026,100.65,1115.49,Wet,Supported envelope
Kalutara,Maha,Ridge Gourd,2026,74.99,715.13,Wet,Unverified
Kalutara,Maha,Ridge Gourd,2026,90.86,1030.53,Wet,Unverified
Kalutara,Maha,Sesame,2026,42.41,255.19,Wet,Unverified
Kalutara,Maha,Snake Gourd,2026,72.64,655.35,Wet,Unverified
Kalutara,Maha,Sweet Potato,2026,144.86,1500.06,Wet,Supported envelope
Kalutara,Maha,Taro,2026,149.31,1638.17,Wet,Unverified
Kalutara,Maha,Tea,2026,217.79,5273.93,Wet,Supported envelope
Kalutara,Maha,Tomato,2026,82.44,931.6,Wet,Unverified
Kalutara,Maha,Watermelon,2026,187.02,3595.73,Wet,Unverified
Kalutara,Yala,Banana,2026,232.48,7160.48,Wet,Unverified
Kalutara,Yala,Banana,2026,222.08,7100.24,Wet,Unverified
Kalutara,Yala,Banana,2026,222.21,7566.89,Wet,Unverified
Kalutara,Yala,Carrot,2026,102.36,1399.36,Wet,Supported envelope
Kalutara,Yala,Chilli,2026,53.72,514.68,Wet,Supported envelope
Kalutara,Yala,Cinnamon,2026,91.25,396.17,Wet,Supported envelope
Kalutara,Yala,Papaya,2026,162.73,3922.15,Wet,Unverified
Kalutara,Yala,Papaya,2026,190.52,5494.81,Wet,Unverified
Kalutara,Yala,Pumpkin,2026,116.87,1577.24,Wet,Unverified
Kalutara,Yala,Pumpkin,2026,132.49,1946.17,Wet,Unverified
Kalutara,Yala,Rice,2026,167.44,4181.8,Wet,Unverified
Kalutara,Yala,Ridge Gourd,2026,57.27,554.93,Wet,Unverified
Kalutara,Yala,Ridge Gourd,2026,79.37,708.75,Wet,Unverified
Kalutara,Yala,Sesame,2026,55.26,337.84,Wet,Unverified
Kalutara,Yala,Tomato,2026,110.25,1332.89,Wet,Unverified
Kalutara,Yala,Yam,2026,75.1,940.74,Wet,Unverified
Kandy,Maha,Banana,2026,329.84,9794.45,Up-country Wet/Intermediate,Unverified
Kandy,Maha,Banana,2026,174.31,5013.11,Up-country Wet/Intermediate,Unverified
Kandy,Maha,Banana,2026,188.88,6288.3,Up-country Wet/Intermediate,Unverified
Kandy,Maha,Beans,2026,79.71,694.14,Up-country Wet/Intermediate,Supported envelope
Kandy,Maha,Big Onion,2026,121.08,1218.47,Up-country Wet/Intermediate,Supported envelope
Kandy,Maha,Brinjal,2026,106.64,1325.47,Up-country Wet/Intermediate,Unverified
Kandy,Maha,Brinjal,2026,61.07,861.54,Up-country Wet/Intermediate,Unverified
Kandy,Maha,Cabbage,2026,83.96,1442.39,Up-country Wet/Intermediate,Supported envelope
Kandy,Maha,Carrot,2026,186.03,3046.07,Up-country Wet/Intermediate,Supported envelope
Kandy,Maha,Carrot,2026,161.62,2230.26,Up-country Wet/Intermediate,Supported envelope
Kandy,Maha,Carrot,2026,94.46,1331.27,Up-country Wet/Intermediate,Supported envelope
Kandy,Maha,Carrot,2026,122.99,1985.72,Up-country Wet/Intermediate,Supported envelope
Kandy,Maha,Chilli,2026,82.76,554.59,Up-country Wet/Intermediate,Supported envelope
Kandy,Maha,Chilli,2026,51.0,394.13,Up-country Wet/Intermediate,Supported envelope
Kandy,Maha,Chilli,2026,73.04,611.87,Up-country Wet/Intermediate,Supported envelope
Kandy,Maha,Chilli,2026,66.41,466.35,Up-country Wet/Intermediate,Supported envelope
Kandy,Maha,Cucumber,2026,71.81,1111.18,Up-country Wet/Intermediate,Unverified
Kandy,Maha,Green Gram,2026,65.82,509.32,Up-country Wet/Intermediate,Supported envelope
Kandy,Maha,Groundnut,2026,105.59,798.7,Up-country Wet/Intermediate,Supported envelope
Kandy,Maha,Leeks,2026,148.53,1854.2,Up-country Wet/Intermediate,Supported envelope
Kandy,Maha,Leeks,2026,100.17,1063.78,Up-country Wet/Intermediate,Supported envelope
Kandy,Maha,Long Bean,2026,63.6,551.29,Up-country Wet/Intermediate,Unverified
Kandy,Maha,Papaya,2026,149.81,3615.01,Up-country Wet/Intermediate,Unverified
Kandy,Maha,Sesame,2026,64.96,353.99,Up-country Wet/Intermediate,Unverified
Kandy,Maha,Snake Gourd,2026,82.09,935.76,Up-country Wet/Intermediate,Unverified
Kandy,Maha,Soybean,2026,100.54,1120.33,Up-country Wet/Intermediate,Unverified
Kandy,Maha,Taro,2026,96.34,1191.32,Up-country Wet/Intermediate,Unverified
Kandy,Maha,Tea,2026,295.27,5536.66,Up-country Wet/Intermediate,Supported envelope
Kandy,Maha,Turmeric,2026,76.83,645.43,Up-country Wet/Intermediate,Supported envelope
Kandy,Maha,Watermelon,2026,159.2,3259.86,Up-country Wet/Intermediate,Unverified
Kandy,Maha,Watermelon,2026,150.8,3004.29,Up-country Wet/Intermediate,Unverified
Kandy,Maha,Watermelon,2026,206.4,4724.57,Up-country Wet/Intermediate,Unverified
Kandy,Maha,Watermelon,2026,202.89,3639.99,Up-country Wet/Intermediate,Unverified
Kandy,Maha,Watermelon,2026,126.48,2691.7,Up-country Wet/Intermediate,Unverified
Kandy,Yala,Ash Plantain,2026,233.33,6393.09,Up-country Wet/Intermediate,Unverified
Kandy,Yala,Banana,2026,168.24,4580.32,Up-country Wet/Intermediate,Unverified
Kandy,Yala,Beans,2026,101.62,1110.16,Up-country Wet/Intermediate,Supported envelope
Kandy,Yala,Carrot,2026,101.83,1658.33,Up-country Wet/Intermediate,Supported envelope
Kandy,Yala,Chilli,2026,67.77,570.3,Up-country Wet/Intermediate,Supported envelope
Kandy,Yala,Coconut,2026,243.79,8358.21,Up-country Wet/Intermediate,Unverified
Kandy,Yala,Cowpea,2026,76.95,558.15,Up-country Wet/Intermediate,Supported envelope
Kandy,Yala,Cowpea,2026,64.31,486.66,Up-country Wet/Intermediate,Supported envelope
Kandy,Yala,Ginger,2026,89.38,1094.37,Up-country Wet/Intermediate,Supported envelope
Kandy,Yala,Green Gram,2026,71.81,600.32,Up-country Wet/Intermediate,Supported envelope
Kandy,Yala,Leeks,2026,78.63,942.3,Up-country Wet/Intermediate,Supported envelope
Kandy,Yala,Long Bean,2026,137.72,1480.6,Up-country Wet/Intermediate,Unverified
Kandy,Yala,Long Bean,2026,89.78,773.08,Up-country Wet/Intermediate,Unverified
Kandy,Yala,Okra,2026,46.69,343.46,Up-country Wet/Intermediate,Unverified
Kandy,Yala,Pepper,2026,41.47,213.91,Up-country Wet/Intermediate,Supported envelope
Kandy,Yala,Pineapple,2026,172.03,3765.4,Up-country Wet/Intermediate,Supported envelope
Kandy,Yala,Ridge Gourd,2026,69.03,555.88,Up-country Wet/Intermediate,Unverified
Kandy,Yala,Sesame,2026,64.13,295.04,Up-country Wet/Intermediate,Unverified
Kandy,Yala,Snake Gourd,2026,84.75,888.21,Up-country Wet/Intermediate,Unverified
Kandy,Yala,Sweet Potato,2026,71.76,972.41,Up-country Wet/Intermediate,Supported envelope
Kandy,Yala,Watermelon,2026,80.08,1659.71,Up-country Wet/Intermediate,Unverified
Kandy,Yala,Watermelon,2026,230.5,4237.8,Up-country Wet/Intermediate,Unverified
Kandy,Yala,Watermelon,2026,148.24,2535.24,Up-country Wet/Intermediate,Unverified
Kandy,Yala,Watermelon,2026,162.65,2878.7,Up-country Wet/Intermediate,Unverified
Kegalle,Maha,Ash Plantain,2026,194.91,6150.91,Wet/Intermediate,Unverified
Kegalle,Maha,Banana,2026,249.08,6873.53,Wet/Intermediate,Unverified
Kegalle,Maha,Banana,2026,196.84,7446.06,Wet/Intermediate,Unverified
Kegalle,Maha,Beans,2026,71.44,616.52,Wet/Intermediate,Supported envelope
Kegalle,Maha,Beans,2026,89.5,1046.7,Wet/Intermediate,Supported envelope
Kegalle,Maha,Beans,2026,66.21,581.31,Wet/Intermediate,Supported envelope
Kegalle,Maha,Black Gram,2026,39.42,224.53,Wet/Intermediate,Unverified
Kegalle,Maha,Black Gram,2026,32.42,212.2,Wet/Intermediate,Unverified
Kegalle,Maha,Brinjal,2026,125.46,1631.13,Wet/Intermediate,Unverified
Kegalle,Maha,Cabbage,2026,82.38,1229.96,Wet/Intermediate,Supported envelope
Kegalle,Maha,Carrot,2026,141.85,2130.73,Wet/Intermediate,Supported envelope
Kegalle,Maha,Carrot,2026,105.67,1619.55,Wet/Intermediate,Supported envelope
Kegalle,Maha,Carrot,2026,89.28,1417.2,Wet/Intermediate,Supported envelope
Kegalle,Maha,Cassava,2026,95.74,2086.18,Wet/Intermediate,Supported envelope
Kegalle,Maha,Cauliflower,2026,89.75,1225.1,Wet/Intermediate,Supported envelope
Kegalle,Maha,Chilli,2026,58.1,464.93,Wet/Intermediate,Supported envelope
Kegalle,Maha,Chilli,2026,56.14,446.36,Wet/Intermediate,Supported envelope
Kegalle,Maha,Coconut,2026,258.3,7705.03,Wet/Intermediate,Unverified
Kegalle,Maha,Ginger,2026,68.08,834.28,Wet/Intermediate,Supported envelope
Kegalle,Maha,Green Gram,2026,67.84,458.89,Wet/Intermediate,Supported envelope
Kegalle,Maha,Long Bean,2026,37.96,279.04,Wet/Intermediate,Unverified
Kegalle,Maha,Okra,2026,87.03,699.08,Wet/Intermediate,Unverified
Kegalle,Maha,Pineapple,2026,76.84,1908.7,Wet/Intermediate,Supported envelope
Kegalle,Maha,Pumpkin,2026,69.54,1027.55,Wet/Intermediate,Unverified
Kegalle,Maha,Rice,2026,130.88,3131.38,Wet/Intermediate,Unverified
Kegalle,Maha,Rice,2026,149.06,4236.85,Wet/Intermediate,Unverified
Kegalle,Maha,Soybean,2026,132.67,1171.48,Wet/Intermediate,Unverified
Kegalle,Maha,Tomato,2026,108.4,1430.43,Wet/Intermediate,Unverified
Kegalle,Maha,Turmeric,2026,97.36,1017.18,Wet/Intermediate,Supported envelope
Kegalle,Maha,Turmeric,2026,61.47,730.92,Wet/Intermediate,Supported envelope
Kegalle,Maha,Watermelon,2026,120.26,2831.48,Wet/Intermediate,Unverified
Kegalle,Maha,Watermelon,2026,124.43,2410.53,Wet/Intermediate,Unverified
Kegalle,Maha,Watermelon,2026,155.28,3365.68,Wet/Intermediate,Unverified
Kegalle,Maha,Watermelon,2026,154.92,3938.04,Wet/Intermediate,Unverified
Kegalle,Maha,Yam,2026,102.35,1250.31,Wet/Intermediate,Unverified
Kegalle,Yala,Banana,2026,138.58,4103.64,Wet/Intermediate,Unverified
Kegalle,Yala,Banana,2026,214.21,6324.34,Wet/Intermediate,Unverified
Kegalle,Yala,Beans,2026,51.71,454.16,Wet/Intermediate,Supported envelope
Kegalle,Yala,Beans,2026,90.98,760.13,Wet/Intermediate,Supported envelope
Kegalle,Yala,Carrot,2026,99.58,1482.12,Wet/Intermediate,Supported envelope
Kegalle,Yala,Chilli,2026,65.55,420.39,Wet/Intermediate,Supported envelope
Kegalle,Yala,Cinnamon,2026,31.85,122.39,Wet/Intermediate,Supported envelope
Kegalle,Yala,Long Bean,2026,51.21,404.92,Wet/Intermediate,Unverified
Kegalle,Yala,Long Bean,2026,95.99,782.32,Wet/Intermediate,Unverified
Kegalle,Yala,Pepper,2026,53.56,248.3,Wet/Intermediate,Supported envelope
Kegalle,Yala,Taro,2026,90.19,1054.19,Wet/Intermediate,Unverified
Kilinochchi,Maha,Banana,2026,187.14,5887.51,Dry,Unverified
Kilinochchi,Maha,Big Onion,2026,59.56,628.33,Dry,Supported envelope
Kilinochchi,Maha,Big Onion,2026,76.66,872.95,Dry,Supported envelope
Kilinochchi,Maha,Carrot,2026,114.93,1421.4,Dry,Supported envelope
Kilinochchi,Maha,Chilli,2026,47.14,310.61,Dry,Supported envelope
Kilinochchi,Maha,Chilli,2026,37.73,311.96,Dry,Supported envelope
Kilinochchi,Maha,Chilli,2026,63.71,465.6,Dry,Supported envelope
Kilinochchi,Maha,Chilli,2026,38.9,308.71,Dry,Supported envelope
Kilinochchi,Maha,Chilli,2026,77.13,630.34,Dry,Supported envelope
Kilinochchi,Maha,Coconut,2026,111.58,3448.24,Dry,Unverified
Kilinochchi,Maha,Coconut,2026,127.38,4548.78,Dry,Unverified
Kilinochchi,Maha,Cucumber,2026,83.84,1181.5,Dry,Unverified
Kilinochchi,Maha,Ginger,2026,85.16,1142.65,Dry,Supported envelope
Kilinochchi,Maha,Groundnut,2026,44.26,441.37,Dry,Supported envelope
Kilinochchi,Maha,Maize,2026,104.36,1583.12,Dry,Supported envelope
Kilinochchi,Maha,Okra,2026,49.77,350.28,Dry,Unverified
Kilinochchi,Maha,Papaya,2026,136.13,3461.79,Dry,Unverified
Kilinochchi,Maha,Red Onion,2026,63.92,504.98,Dry,Supported envelope
Kilinochchi,Maha,Sesame,2026,34.16,165.88,Dry,Unverified
Kilinochchi,Maha,Sesame,2026,37.96,188.54,Dry,Unverified
Kilinochchi,Maha,Soybean,2026,65.05,530.24,Dry,Unverified
Kilinochchi,Maha,Soybean,2026,73.67,644.71,Dry,Unverified
Kilinochchi,Maha,Tomato,2026,58.22,784.45,Dry,Unverified
Kilinochchi,Maha,Watermelon,2026,81.12,1735.37,Dry,Unverified
Kilinochchi,Maha,Watermelon,2026,80.17,1681.09,Dry,Unverified
Kilinochchi,Maha,Watermelon,2026,103.76,2561.01,Dry,Unverified
Kilinochchi,Maha,Watermelon,2026,98.46,2013.94,Dry,Unverified
Kilinochchi,Maha,Watermelon,2026,121.1,2101.72,Dry,Unverified
Kilinochchi,Maha,Watermelon,2026,123.06,2005.95,Dry,Unverified
Kilinochchi,Maha,Watermelon,2026,74.18,1608.05,Dry,Unverified
Kilinochchi,Maha,Yam,2026,62.36,879.87,Dry,Unverified
Kilinochchi,Maha,Yam,2026,84.57,1302.17,Dry,Unverified
Kilinochchi,Yala,Ash Plantain,2026,89.12,2637.12,Dry,Unverified
Kilinochchi,Yala,Banana,2026,106.21,3703.19,Dry,Unverified
Kilinochchi,Yala,Banana,2026,167.43,6327.66,Dry,Unverified
Kilinochchi,Yala,Banana,2026,99.58,2926.16,Dry,Unverified
Kilinochchi,Yala,Banana,2026,166.79,5577.37,Dry,Unverified
Kilinochchi,Yala,Big Onion,2026,49.38,539.47,Dry,Supported envelope
Kilinochchi,Yala,Black Gram,2026,34.09,228.71,Dry,Unverified
Kilinochchi,Yala,Brinjal,2026,68.08,712.78,Dry,Unverified
Kilinochchi,Yala,Carrot,2026,39.2,680.69,Dry,Supported envelope
Kilinochchi,Yala,Chilli,2026,44.65,319.93,Dry,Supported envelope
Kilinochchi,Yala,Chilli,2026,29.38,198.11,Dry,Supported envelope
Kilinochchi,Yala,Cowpea,2026,68.3,441.22,Dry,Supported envelope
Kilinochchi,Yala,Ginger,2026,51.99,566.84,Dry,Supported envelope
Kilinochchi,Yala,Ginger,2026,50.73,576.78,Dry,Supported envelope
Kilinochchi,Yala,Ginger,2026,55.07,563.94,Dry,Supported envelope
Kilinochchi,Yala,Long Bean,2026,54.73,522.09,Dry,Unverified
Kilinochchi,Yala,Maize,2026,93.71,1414.2,Dry,Supported envelope
Kilinochchi,Yala,Pumpkin,2026,123.85,1910.67,Dry,Unverified
Kilinochchi,Yala,Rice,2026,107.93,2115.06,Dry,Unverified
Kilinochchi,Yala,Tomato,2026,64.78,815.3,Dry,Unverified
Kilinochchi,Yala,Tomato,2026,57.53,905.38,Dry,Unverified
Kilinochchi,Yala,Watermelon,2026,56.25,1220.98,Dry,Unverified
Kilinochchi,Yala,Yam,2026,73.98,822.53,Dry,Unverified
Kurunegala,Maha,Ash Plantain,2026,204.89,7244.4,Intermediate/Dry,Unverified
Kurunegala,Maha,Banana,2026,373.02,12754.67,Intermediate/Dry,Unverified
Kurunegala,Maha,Carrot,2026,108.38,1751.67,Intermediate/Dry,Supported envelope
Kurunegala,Maha,Carrot,2026,103.56,1705.93,Intermediate/Dry,Supported envelope
Kurunegala,Maha,Chilli,2026,65.98,537.46,Intermediate/Dry,Supported envelope
Kurunegala,Maha,Coconut,2026,448.62,13965.87,Intermediate/Dry,Unverified
Kurunegala,Maha,Cowpea,2026,58.67,339.44,Intermediate/Dry,Supported envelope
Kurunegala,Maha,Cowpea,2026,57.38,426.95,Intermediate/Dry,Supported envelope
Kurunegala,Maha,Ginger,2026,76.02,962.29,Intermediate/Dry,Supported envelope
Kurunegala,Maha,Green Gram,2026,60.79,459.66,Intermediate/Dry,Supported envelope
Kurunegala,Maha,Groundnut,2026,53.21,434.95,Intermediate/Dry,Supported envelope
Kurunegala,Maha,Maize,2026,167.39,2182.91,Intermediate/Dry,Supported envelope
Kurunegala,Maha,Maize,2026,140.64,2147.61,Intermediate/Dry,Supported envelope
Kurunegala,Maha,Papaya,2026,151.27,3974.32,Intermediate/Dry,Unverified
Kurunegala,Maha,Papaya,2026,171.46,4421.49,Intermediate/Dry,Unverified
Kurunegala,Maha,Papaya,2026,142.67,3925.9,Intermediate/Dry,Unverified
Kurunegala,Maha,Pineapple,2026,149.59,3645.89,Intermediate/Dry,Supported envelope
Kurunegala,Maha,Potato,2026,110.87,2061.5,Intermediate/Dry,Supported envelope
Kurunegala,Maha,Potato,2026,148.89,2814.39,Intermediate/Dry,Supported envelope
Kurunegala,Maha,Pumpkin,2026,161.0,2108.67,Intermediate/Dry,Unverified
Kurunegala,Maha,Soybean,2026,89.32,671.17,Intermediate/Dry,Unverified
Kurunegala,Maha,Soybean,2026,144.85,1483.21,Intermediate/Dry,Unverified
Kurunegala,Maha,Taro,2026,79.63,1119.24,Intermediate/Dry,Unverified
Kurunegala,Yala,Big Onion,2026,72.98,755.09,Intermediate/Dry,Supported envelope
Kurunegala,Yala,Big Onion,2026,82.53,976.21,Intermediate/Dry,Supported envelope
Kurunegala,Yala,Black Gram,2026,54.59,346.32,Intermediate/Dry,Unverified
Kurunegala,Yala,Carrot,2026,57.42,1094.57,Intermediate/Dry,Supported envelope
Kurunegala,Yala,Chilli,2026,78.78,485.15,Intermediate/Dry,Supported envelope
Kurunegala,Yala,Chilli,2026,60.91,645.96,Intermediate/Dry,Supported envelope
Kurunegala,Yala,Chilli,2026,52.13,465.85,Intermediate/Dry,Supported envelope
Kurunegala,Yala,Cowpea,2026,69.54,745.51,Intermediate/Dry,Supported envelope
Kurunegala,Yala,Ginger,2026,90.09,801.8,Intermediate/Dry,Supported envelope
Kurunegala,Yala,Ginger,2026,81.74,875.08,Intermediate/Dry,Supported envelope
Kurunegala,Yala,Green Gram,2026,48.38,474.25,Intermediate/Dry,Supported envelope
Kurunegala,Yala,Pumpkin,2026,102.13,1858.52,Intermediate/Dry,Unverified
Kurunegala,Yala,Rice,2026,219.88,5069.07,Intermediate/Dry,Unverified
Kurunegala,Yala,Ridge Gourd,2026,97.65,1000.06,Intermediate/Dry,Unverified
Kurunegala,Yala,Snake Gourd,2026,54.47,457.56,Intermediate/Dry,Unverified
Kurunegala,Yala,Taro,2026,93.69,916.98,Intermediate/Dry,Unverified
Kurunegala,Yala,Tomato,2026,66.22,801.4,Intermediate/Dry,Unverified
Kurunegala,Yala,Watermelon,2026,105.58,1855.96,Intermediate/Dry,Unverified
Kurunegala,Yala,Watermelon,2026,165.8,2483.2,Intermediate/Dry,Unverified
Kurunegala,Yala,Yam,2026,97.72,1270.03,Intermediate/Dry,Unverified
Mannar,Maha,Ash Plantain,2026,158.06,4011.99,Dry,Unverified
Mannar,Maha,Ash Plantain,2026,208.94,5747.44,Dry,Unverified
Mannar,Maha,Banana,2026,262.95,8888.17,Dry,Unverified
Mannar,Maha,Banana,2026,335.24,10658.89,Dry,Unverified
Mannar,Maha,Banana,2026,225.68,7497.04,Dry,Unverified
Mannar,Maha,Banana,2026,225.08,7671.7,Dry,Unverified
Mannar,Maha,Black Gram,2026,61.41,369.73,Dry,Unverified
Mannar,Maha,Carrot,2026,140.93,2387.92,Dry,Supported envelope
Mannar,Maha,Cassava,2026,279.14,5916.92,Dry,Supported envelope
Mannar,Maha,Chilli,2026,86.38,667.99,Dry,Supported envelope
Mannar,Maha,Cowpea,2026,90.18,638.03,Dry,Supported envelope
Mannar,Maha,Cowpea,2026,87.13,629.42,Dry,Supported envelope
Mannar,Maha,Cucumber,2026,178.82,2259.47,Dry,Unverified
Mannar,Maha,Long Bean,2026,118.89,923.91,Dry,Unverified
Mannar,Maha,Mango,2026,266.04,5125.62,Dry,Unverified
Mannar,Maha,Mango,2026,157.31,4192.21,Dry,Unverified
Mannar,Maha,Okra,2026,80.39,571.29,Dry,Unverified
Mannar,Maha,Papaya,2026,154.87,4656.4,Dry,Unverified
Mannar,Maha,Potato,2026,199.96,3482.15,Dry,Supported envelope
Mannar,Maha,Potato,2026,174.26,2880.16,Dry,Supported envelope
Mannar,Maha,Pumpkin,2026,128.55,1891.05,Dry,Unverified
Mannar,Maha,Pumpkin,2026,207.48,3141.01,Dry,Unverified
Mannar,Maha,Red Onion,2026,118.42,1160.86,Dry,Supported envelope
Mannar,Maha,Red Onion,2026,124.61,1099.05,Dry,Supported envelope
Mannar,Maha,Snake Gourd,2026,90.66,968.94,Dry,Unverified
Mannar,Maha,Turmeric,2026,88.27,904.84,Dry,Supported envelope
Mannar,Maha,Watermelon,2026,205.53,3638.31,Dry,Unverified
Mannar,Maha,Watermelon,2026,166.1,3416.96,Dry,Unverified
Mannar,Yala,Ash Plantain,2026,191.22,4503.63,Dry,Unverified
Mannar,Yala,Banana,2026,193.27,6202.6,Dry,Unverified
Mannar,Yala,Banana,2026,197.05,5754.97,Dry,Unverified
Mannar,Yala,Banana,2026,340.5,10200.18,Dry,Unverified
Mannar,Yala,Bitter Gourd,2026,74.05,720.43,Dry,Unverified
Mannar,Yala,Carrot,2026,106.16,1683.8,Dry,Supported envelope
Mannar,Yala,Chilli,2026,71.48,478.73,Dry,Supported envelope
Mannar,Yala,Coconut,2026,198.14,5866.02,Dry,Unverified
Mannar,Yala,Cucumber,2026,139.82,2121.44,Dry,Unverified
Mannar,Yala,Ginger,2026,77.21,784.56,Dry,Supported envelope
Mannar,Yala,Groundnut,2026,94.14,810.72,Dry,Supported envelope
Mannar,Yala,Maize,2026,137.38,2399.59,Dry,Supported envelope
Mannar,Yala,Papaya,2026,268.53,5537.81,Dry,Unverified
Mannar,Yala,Papaya,2026,231.4,7565.02,Dry,Unverified
Mannar,Yala,Papaya,2026,191.32,4483.28,Dry,Unverified
Mannar,Yala,Red Onion,2026,95.39,966.26,Dry,Supported envelope
Mannar,Yala,Watermelon,2026,116.18,2311.81,Dry,Unverified
Matale,Maha,Ash Plantain,2026,158.28,4592.63,Intermediate/Up-country,Unverified
Matale,Maha,Banana,2026,183.96,5849.25,Intermediate/Up-country,Unverified
Matale,Maha,Banana,2026,128.04,4043.11,Intermediate/Up-country,Unverified
Matale,Maha,Beans,2026,77.92,770.14,Intermediate/Up-country,Supported envelope
Matale,Maha,Beans,2026,55.9,555.06,Intermediate/Up-country,Supported envelope
Matale,Maha,Big Onion,2026,68.1,588.81,Intermediate/Up-country,Supported envelope
Matale,Maha,Brinjal,2026,74.54,1114.39,Intermediate/Up-country,Unverified
Matale,Maha,Cabbage,2026,86.54,1181.07,Intermediate/Up-country,Supported envelope
Matale,Maha,Carrot,2026,110.45,1713.05,Intermediate/Up-country,Supported envelope
Matale,Maha,Carrot,2026,132.64,1852.87,Intermediate/Up-country,Supported envelope
Matale,Maha,Carrot,2026,73.48,1184.39,Intermediate/Up-country,Supported envelope
Matale,Maha,Chilli,2026,74.37,564.38,Intermediate/Up-country,Supported envelope
Matale,Maha,Chilli,2026,54.32,450.41,Intermediate/Up-country,Supported envelope
Matale,Maha,Cucumber,2026,80.76,1245.45,Intermediate/Up-country,Unverified
Matale,Maha,Green Gram,2026,46.52,266.53,Intermediate/Up-country,Supported envelope
Matale,Maha,Green Gram,2026,49.93,446.43,Intermediate/Up-country,Supported envelope
Matale,Maha,Groundnut,2026,66.5,721.88,Intermediate/Up-country,Supported envelope
Matale,Maha,Groundnut,2026,65.4,726.8,Intermediate/Up-country,Supported envelope
Matale,Maha,Leeks,2026,66.47,843.11,Intermediate/Up-country,Supported envelope
Matale,Maha,Leeks,2026,63.26,687.21,Intermediate/Up-country,Supported envelope
Matale,Maha,Long Bean,2026,52.61,611.41,Intermediate/Up-country,Unverified
Matale,Maha,Mango,2026,155.99,3538.15,Intermediate/Up-country,Unverified
Matale,Maha,Pepper,2026,37.56,191.86,Intermediate/Up-country,Supported envelope
Matale,Maha,Red Onion,2026,52.77,486.41,Intermediate/Up-country,Supported envelope
Matale,Maha,Ridge Gourd,2026,60.23,644.8,Intermediate/Up-country,Unverified
Matale,Maha,Snake Gourd,2026,75.39,738.73,Intermediate/Up-country,Unverified
Matale,Maha,Snake Gourd,2026,101.17,959.08,Intermediate/Up-country,Unverified
Matale,Maha,Tea,2026,166.73,3612.46,Intermediate/Up-country,Supported envelope
Matale,Maha,Tea,2026,146.67,4151.31,Intermediate/Up-country,Supported envelope
Matale,Maha,Tomato,2026,71.98,1046.5,Intermediate/Up-country,Unverified
Matale,Maha,Watermelon,2026,124.25,2626.57,Intermediate/Up-country,Unverified
Matale,Yala,Ash Plantain,2026,180.24,5667.47,Intermediate/Up-country,Unverified
Matale,Yala,Banana,2026,173.73,4220.68,Intermediate/Up-country,Unverified
Matale,Yala,Beans,2026,49.97,501.85,Intermediate/Up-country,Supported envelope
Matale,Yala,Beans,2026,56.97,533.58,Intermediate/Up-country,Supported envelope
Matale,Yala,Brinjal,2026,84.76,982.11,Intermediate/Up-country,Unverified
Matale,Yala,Carrot,2026,76.82,997.53,Intermediate/Up-country,Supported envelope
Matale,Yala,Carrot,2026,61.63,876.74,Intermediate/Up-country,Supported envelope
Matale,Yala,Carrot,2026,120.72,2261.82,Intermediate/Up-country,Supported envelope
Matale,Yala,Cassava,2026,137.2,2500.66,Intermediate/Up-country,Supported envelope
Matale,Yala,Cassava,2026,136.69,3096.47,Intermediate/Up-country,Supported envelope
Matale,Yala,Chilli,2026,48.85,343.4,Intermediate/Up-country,Supported envelope
Matale,Yala,Chilli,2026,49.21,367.84,Intermediate/Up-country,Supported envelope
Matale,Yala,Groundnut,2026,59.25,580.81,Intermediate/Up-country,Supported envelope
Matale,Yala,Groundnut,2026,77.57,764.58,Intermediate/Up-country,Supported envelope
Matale,Yala,Groundnut,2026,64.74,627.83,Intermediate/Up-country,Supported envelope
Matale,Yala,Leeks,2026,72.5,881.9,Intermediate/Up-country,Supported envelope
Matale,Yala,Leeks,2026,63.0,801.16,Intermediate/Up-country,Supported envelope
Matale,Yala,Long Bean,2026,37.03,341.56,Intermediate/Up-country,Unverified
Matale,Yala,Maize,2026,76.19,1245.25,Intermediate/Up-country,Supported envelope
Matale,Yala,Mango,2026,167.59,4396.02,Intermediate/Up-country,Unverified
Matale,Yala,Mango,2026,136.68,3246.62,Intermediate/Up-country,Unverified
Matale,Yala,Pepper,2026,35.32,184.08,Intermediate/Up-country,Supported envelope
Matale,Yala,Pepper,2026,49.97,240.45,Intermediate/Up-country,Supported envelope
Matale,Yala,Pepper,2026,30.67,129.05,Intermediate/Up-country,Supported envelope
Matale,Yala,Potato,2026,88.9,1684.79,Intermediate/Up-country,Supported envelope
Matale,Yala,Pumpkin,2026,111.37,1704.14,Intermediate/Up-country,Unverified
Matale,Yala,Pumpkin,2026,96.29,1296.3,Intermediate/Up-country,Unverified
Matale,Yala,Rice,2026,170.57,3882.69,Intermediate/Up-country,Unverified
Matale,Yala,Rice,2026,140.66,3463.94,Intermediate/Up-country,Unverified
Matale,Yala,Ridge Gourd,2026,35.12,335.69,Intermediate/Up-country,Unverified
Matale,Yala,Ridge Gourd,2026,44.75,524.95,Intermediate/Up-country,Unverified
Matale,Yala,Snake Gourd,2026,71.59,772.22,Intermediate/Up-country,Unverified
Matale,Yala,Taro,2026,81.24,1303.61,Intermediate/Up-country,Unverified
Matale,Yala,Tomato,2026,85.02,1225.61,Intermediate/Up-country,Unverified
Matara,Maha,Ash Plantain,2026,318.37,9959.23,Wet,Unverified
Matara,Maha,Banana,2026,246.0,7552.51,Wet,Unverified
Matara,Maha,Banana,2026,418.35,12826.13,Wet,Unverified
Matara,Maha,Banana,2026,273.62,9427.46,Wet,Unverified
Matara,Maha,Big Onion,2026,176.58,1928.13,Wet,Supported envelope
Matara,Maha,Big Onion,2026,106.73,1256.82,Wet,Supported envelope
Matara,Maha,Bitter Gourd,2026,78.98,687.6,Wet,Unverified
Matara,Maha,Black Gram,2026,62.09,383.52,Wet,Unverified
Matara,Maha,Brinjal,2026,159.06,1773.88,Wet,Unverified
Matara,Maha,Carrot,2026,121.79,1842.61,Wet,Supported envelope
Matara,Maha,Carrot,2026,121.52,1682.92,Wet,Supported envelope
Matara,Maha,Carrot,2026,150.56,1832.18,Wet,Supported envelope
Matara,Maha,Cassava,2026,144.81,3911.89,Wet,Supported envelope
Matara,Maha,Chilli,2026,88.95,626.02,Wet,Supported envelope
Matara,Maha,Coconut,2026,360.92,10544.58,Wet,Unverified
Matara,Maha,Coconut,2026,245.68,7746.37,Wet,Unverified
Matara,Maha,Coconut,2026,220.21,6953.68,Wet,Unverified
Matara,Maha,Cowpea,2026,132.16,986.45,Wet,Supported envelope
Matara,Maha,Cowpea,2026,92.11,773.58,Wet,Supported envelope
Matara,Maha,Green Gram,2026,70.73,590.87,Wet,Supported envelope
Matara,Maha,Maize,2026,161.16,2004.01,Wet,Supported envelope
Matara,Maha,Okra,2026,56.82,477.06,Wet,Unverified
Matara,Maha,Pepper,2026,66.45,432.11,Wet,Supported envelope
Matara,Maha,Red Onion,2026,90.73,984.26,Wet,Supported envelope
Matara,Maha,Soybean,2026,83.96,751.57,Wet,Unverified
Matara,Maha,Soybean,2026,69.25,725.08,Wet,Unverified
Matara,Maha,Taro,2026,146.73,1746.95,Wet,Unverified
Matara,Maha,Turmeric,2026,60.13,567.68,Wet,Supported envelope
Matara,Maha,Turmeric,2026,84.62,868.32,Wet,Supported envelope
Matara,Maha,Turmeric,2026,91.4,872.99,Wet,Supported envelope
Matara,Maha,Watermelon,2026,298.03,5416.22,Wet,Unverified
Matara,Maha,Watermelon,2026,199.0,3832.16,Wet,Unverified
Matara,Maha,Yam,2026,120.18,1538.46,Wet,Unverified
Matara,Yala,Banana,2026,302.41,12178.69,Wet,Unverified
Matara,Yala,Banana,2026,243.13,8460.04,Wet,Unverified
Matara,Yala,Brinjal,2026,80.42,1032.92,Wet,Unverified
Matara,Yala,Carrot,2026,122.49,2018.41,Wet,Supported envelope
Matara,Yala,Cassava,2026,200.13,5027.62,Wet,Supported envelope
Matara,Yala,Chilli,2026,65.99,511.33,Wet,Supported envelope
Matara,Yala,Chilli,2026,94.32,906.31,Wet,Supported envelope
Matara,Yala,Cinnamon,2026,58.23,265.32,Wet,Supported envelope
Matara,Yala,Cinnamon,2026,80.89,411.48,Wet,Supported envelope
Matara,Yala,Cowpea,2026,55.33,462.21,Wet,Supported envelope
Matara,Yala,Green Gram,2026,78.02,603.35,Wet,Supported envelope
Matara,Yala,Groundnut,2026,66.43,714.66,Wet,Supported envelope
Matara,Yala,Maize,2026,107.7,1604.32,Wet,Supported envelope
Matara,Yala,Mango,2026,166.19,4133.29,Wet,Unverified
Matara,Yala,Papaya,2026,167.3,5281.95,Wet,Unverified
Matara,Yala,Papaya,2026,190.04,5085.86,Wet,Unverified
Matara,Yala,Pumpkin,2026,138.09,1849.27,Wet,Unverified
Matara,Yala,Rice,2026,197.6,3862.55,Wet,Unverified
Matara,Yala,Sesame,2026,52.27,340.35,Wet,Unverified
Matara,Yala,Snake Gourd,2026,91.88,910.18,Wet,Unverified
Matara,Yala,Sweet Potato,2026,147.13,2189.53,Wet,Supported envelope
Matara,Yala,Taro,2026,75.86,922.48,Wet,Unverified
Matara,Yala,Turmeric,2026,107.24,869.64,Wet,Supported envelope
Matara,Yala,Yam,2026,143.3,1697.64,Wet,Unverified
Monaragala,Maha,Banana,2026,252.76,7980.93,Unknown,Unverified
Monaragala,Maha,Bitter Gourd,2026,88.29,863.3,Unknown,Unverified
Monaragala,Maha,Bitter Gourd,2026,73.13,726.9,Unknown,Unverified
Monaragala,Maha,Black Gram,2026,48.09,295.42,Unknown,Unverified
Monaragala,Maha,Brinjal,2026,107.64,1537.75,Unknown,Unverified
Monaragala,Maha,Long Bean,2026,90.88,874.66,Unknown,Unverified
Monaragala,Maha,Okra,2026,68.09,588.88,Unknown,Unverified
Monaragala,Maha,Papaya,2026,141.68,3133.2,Unknown,Unverified
Monaragala,Maha,Papaya,2026,235.66,5603.55,Unknown,Unverified
Monaragala,Maha,Pumpkin,2026,142.11,2485.19,Unknown,Unverified
Monaragala,Maha,Pumpkin,2026,159.23,2300.16,Unknown,Unverified
Monaragala,Maha,Rice,2026,174.12,3619.6,Unknown,Unverified
Monaragala,Maha,Rice,2026,163.3,4215.41,Unknown,Unverified
Monaragala,Maha,Soybean,2026,47.82,393.08,Unknown,Unverified
Monaragala,Maha,Watermelon,2026,159.64,2966.59,Unknown,Unverified
Monaragala,Maha,Watermelon,2026,120.06,2426.05,Unknown,Unverified
Monaragala,Maha,Watermelon,2026,210.24,3104.07,Unknown,Unverified
Monaragala,Maha,Watermelon,2026,174.5,3292.23,Unknown,Unverified
Monaragala,Maha,Yam,2026,106.32,1404.82,Unknown,Unverified
Monaragala,Yala,Banana,2026,435.3,16682.04,Unknown,Unverified
Monaragala,Yala,Black Gram,2026,42.91,203.88,Unknown,Unverified
Monaragala,Yala,Okra,2026,58.32,495.17,Unknown,Unverified
Monaragala,Yala,Soybean,2026,67.07,584.64,Unknown,Unverified
Monaragala,Yala,Watermelon,2026,202.64,4774.83,Unknown,Unverified
Monaragala,Yala,Yam,2026,78.33,1069.97,Unknown,Unverified
Mullaitivu,Maha,Banana,2026,171.2,6878.16,Dry,Unverified
Mullaitivu,Maha,Banana,2026,192.34,7659.42,Dry,Unverified
Mullaitivu,Maha,Banana,2026,332.27,10120.58,Dry,Unverified
Mullaitivu,Maha,Big Onion,2026,124.58,1323.2,Dry,Supported envelope
Mullaitivu,Maha,Bitter Gourd,2026,99.44,1277.08,Dry,Unverified
Mullaitivu,Maha,Bitter Gourd,2026,101.78,802.79,Dry,Unverified
Mullaitivu,Maha,Carrot,2026,124.2,1969.98,Dry,Supported envelope
Mullaitivu,Maha,Carrot,2026,140.05,1975.67,Dry,Supported envelope
Mullaitivu,Maha,Carrot,2026,97.99,1667.42,Dry,Supported envelope
Mullaitivu,Maha,Carrot,2026,115.86,2251.71,Dry,Supported envelope
Mullaitivu,Maha,Chilli,2026,55.44,455.27,Dry,Supported envelope
Mullaitivu,Maha,Chilli,2026,90.0,710.55,Dry,Supported envelope
Mullaitivu,Maha,Ginger,2026,120.67,1532.84,Dry,Supported envelope
Mullaitivu,Maha,Ginger,2026,132.66,1705.56,Dry,Supported envelope
Mullaitivu,Maha,Groundnut,2026,60.2,555.82,Dry,Supported envelope
Mullaitivu,Maha,Long Bean,2026,90.83,826.47,Dry,Unverified
Mullaitivu,Maha,Maize,2026,138.22,2504.42,Dry,Supported envelope
Mullaitivu,Maha,Mango,2026,142.53,3477.85,Dry,Unverified
Mullaitivu,Maha,Mango,2026,124.77,2902.81,Dry,Unverified
Mullaitivu,Maha,Potato,2026,160.68,2899.57,Dry,Supported envelope
Mullaitivu,Maha,Red Onion,2026,105.12,984.02,Dry,Supported envelope
Mullaitivu,Maha,Rice,2026,144.42,3206.5,Dry,Unverified
Mullaitivu,Maha,Ridge Gourd,2026,102.14,1150.36,Dry,Unverified
Mullaitivu,Maha,Ridge Gourd,2026,103.5,937.52,Dry,Unverified
Mullaitivu,Maha,Ridge Gourd,2026,69.07,566.34,Dry,Unverified
Mullaitivu,Maha,Sesame,2026,52.88,262.15,Dry,Unverified
Mullaitivu,Maha,Snake Gourd,2026,84.53,800.85,Dry,Unverified
Mullaitivu,Maha,Turmeric,2026,108.76,1261.14,Dry,Supported envelope
Mullaitivu,Maha,Turmeric,2026,88.11,933.68,Dry,Supported envelope
Mullaitivu,Maha,Watermelon,2026,131.67,2480.03,Dry,Unverified
Mullaitivu,Maha,Yam,2026,125.95,1730.35,Dry,Unverified
Mullaitivu,Maha,Yam,2026,89.33,1034.66,Dry,Unverified
Mullaitivu,Yala,Banana,2026,278.63,8047.28,Dry,Unverified
Mullaitivu,Yala,Banana,2026,205.64,6665.85,Dry,Unverified
Mullaitivu,Yala,Bitter Gourd,2026,70.96,698.76,Dry,Unverified
Mullaitivu,Yala,Bitter Gourd,2026,115.28,1437.52,Dry,Unverified
Mullaitivu,Yala,Bitter Gourd,2026,78.08,653.76,Dry,Unverified
Mullaitivu,Yala,Black Gram,2026,72.52,465.77,Dry,Unverified
Mullaitivu,Yala,Carrot,2026,119.34,2058.51,Dry,Supported envelope
Mullaitivu,Yala,Carrot,2026,148.68,2019.74,Dry,Supported envelope
Mullaitivu,Yala,Chilli,2026,69.32,527.68,Dry,Supported envelope
Mullaitivu,Yala,Cowpea,2026,93.23,670.24,Dry,Supported envelope
Mullaitivu,Yala,Cowpea,2026,47.73,315.8,Dry,Supported envelope
Mullaitivu,Yala,Groundnut,2026,101.84,952.87,Dry,Supported envelope
Mullaitivu,Yala,Groundnut,2026,56.74,555.88,Dry,Supported envelope
Mullaitivu,Yala,Long Bean,2026,103.15,824.26,Dry,Unverified
Mullaitivu,Yala,Maize,2026,109.51,1701.93,Dry,Supported envelope
Mullaitivu,Yala,Maize,2026,112.96,1646.02,Dry,Supported envelope
Mullaitivu,Yala,Okra,2026,63.78,498.74,Dry,Unverified
Mullaitivu,Yala,Pumpkin,2026,122.89,1973.87,Dry,Unverified
Mullaitivu,Yala,Snake Gourd,2026,110.64,1019.82,Dry,Unverified
Mullaitivu,Yala,Soybean,2026,61.94,651.46,Dry,Unverified
Mullaitivu,Yala,Yam,2026,221.68,2841.57,Dry,Unverified
Mullaitivu,Yala,Yam,2026,96.67,1334.85,Dry,Unverified
Nuwara Eliya,Maha,Banana,2026,197.16,5601.26,Up-country Wet,Unverified
Nuwara Eliya,Maha,Banana,2026,152.8,5535.34,Up-country Wet,Unverified
Nuwara Eliya,Maha,Beans,2026,103.22,1103.6,Up-country Wet,Supported envelope
Nuwara Eliya,Maha,Beans,2026,133.21,1306.34,Up-country Wet,Supported envelope
Nuwara Eliya,Maha,Beans,2026,80.28,819.83,Up-country Wet,Supported envelope
Nuwara Eliya,Maha,Beans,2026,64.44,619.84,Up-country Wet,Supported envelope
Nuwara Eliya,Maha,Brinjal,2026,47.44,684.1,Up-country Wet,Unverified
Nuwara Eliya,Maha,Carrot,2026,126.3,1973.88,Up-country Wet,Supported envelope
Nuwara Eliya,Maha,Cauliflower,2026,90.14,1009.78,Up-country Wet,Supported envelope
Nuwara Eliya,Maha,Coconut,2026,221.69,5650.33,Up-country Wet,Unverified
Nuwara Eliya,Maha,Cowpea,2026,39.47,322.3,Up-country Wet,Supported envelope
Nuwara Eliya,Maha,Cowpea,2026,41.83,294.01,Up-country Wet,Supported envelope
Nuwara Eliya,Maha,Ginger,2026,101.38,1145.21,Up-country Wet,Supported envelope
Nuwara Eliya,Maha,Groundnut,2026,46.61,516.26,Up-country Wet,Supported envelope
Nuwara Eliya,Maha,Leeks,2026,87.26,976.43,Up-country Wet,Supported envelope
Nuwara Eliya,Maha,Long Bean,2026,79.05,717.48,Up-country Wet,Unverified
Nuwara Eliya,Maha,Long Bean,2026,63.57,566.8,Up-country Wet,Unverified
Nuwara Eliya,Maha,Maize,2026,99.82,1718.81,Up-country Wet,Supported envelope
Nuwara Eliya,Maha,Maize,2026,114.48,1545.42,Up-country Wet,Supported envelope
Nuwara Eliya,Maha,Maize,2026,116.35,1913.05,Up-country Wet,Supported envelope
Nuwara Eliya,Maha,Papaya,2026,125.46,3187.8,Up-country Wet,Unverified
Nuwara Eliya,Maha,Pepper,2026,48.61,226.14,Up-country Wet,Supported envelope
Nuwara Eliya,Maha,Potato,2026,98.24,1885.88,Up-country Wet,Supported envelope
Nuwara Eliya,Maha,Pumpkin,2026,152.23,2797.71,Up-country Wet,Unverified
Nuwara Eliya,Maha,Pumpkin,2026,90.85,1495.07,Up-country Wet,Unverified
Nuwara Eliya,Maha,Ridge Gourd,2026,53.41,640.38,Up-country Wet,Unverified
Nuwara Eliya,Maha,Snake Gourd,2026,68.3,696.1,Up-country Wet,Unverified
Nuwara Eliya,Maha,Soybean,2026,59.58,498.52,Up-country Wet,Unverified
Nuwara Eliya,Maha,Soybean,2026,60.41,529.57,Up-country Wet,Unverified
Nuwara Eliya,Maha,Sweet Potato,2026,65.52,801.55,Up-country Wet,Supported envelope
Nuwara Eliya,Maha,Watermelon,2026,76.3,1415.02,Up-country Wet,Unverified
Nuwara Eliya,Maha,Watermelon,2026,149.46,3404.38,Up-country Wet,Unverified
Nuwara Eliya,Yala,Banana,2026,130.45,3445.74,Up-country Wet,Unverified
Nuwara Eliya,Yala,Cabbage,2026,64.61,977.74,Up-country Wet,Supported envelope
Nuwara Eliya,Yala,Carrot,2026,123.48,2009.26,Up-country Wet,Supported envelope
Nuwara Eliya,Yala,Cauliflower,2026,56.95,746.51,Up-country Wet,Supported envelope
Nuwara Eliya,Yala,Chilli,2026,51.41,437.15,Up-country Wet,Supported envelope
Nuwara Eliya,Yala,Coconut,2026,144.71,4388.78,Up-country Wet,Unverified
Nuwara Eliya,Yala,Cowpea,2026,42.85,283.54,Up-country Wet,Supported envelope
Nuwara Eliya,Yala,Cucumber,2026,95.88,1552.94,Up-country Wet,Unverified
Nuwara Eliya,Yala,Leeks,2026,92.03,1033.87,Up-country Wet,Supported envelope
Nuwara Eliya,Yala,Leeks,2026,141.62,1731.58,Up-country Wet,Supported envelope
Nuwara Eliya,Yala,Leeks,2026,126.8,1431.15,Up-country Wet,Supported envelope
Nuwara Eliya,Yala,Maize,2026,108.6,1974.23,Up-country Wet,Supported envelope
Nuwara Eliya,Yala,Okra,2026,49.48,433.07,Up-country Wet,Unverified
Nuwara Eliya,Yala,Red Onion,2026,37.03,379.45,Up-country Wet,Supported envelope
Nuwara Eliya,Yala,Ridge Gourd,2026,70.06,788.6,Up-country Wet,Unverified
Nuwara Eliya,Yala,Sesame,2026,37.18,212.69,Up-country Wet,Unverified
Nuwara Eliya,Yala,Soybean,2026,85.74,921.59,Up-country Wet,Unverified
Nuwara Eliya,Yala,Sweet Potato,2026,85.55,1156.26,Up-country Wet,Supported envelope
Nuwara Eliya,Yala,Taro,2026,66.38,865.29,Up-country Wet,Unverified
Nuwara Eliya,Yala,Tea,2026,225.57,6184.58,Up-country Wet,Supported envelope
Nuwara Eliya,Yala,Watermelon,2026,110.14,2614.95,Up-country Wet,Unverified
Nuwara Eliya,Yala,Yam,2026,87.22,1075.14,Up-country Wet,Unverified
Polonnaruwa,Maha,Banana,2026,369.62,10039.88,Dry,Unverified
Polonnaruwa,Maha,Banana,2026,231.76,6435.17,Dry,Unverified
Polonnaruwa,Maha,Banana,2026,194.15,4819.44,Dry,Unverified
Polonnaruwa,Maha,Banana,2026,551.21,21561.99,Dry,Unverified
Polonnaruwa,Maha,Banana,2026,253.66,6926.42,Dry,Unverified
Polonnaruwa,Maha,Banana,2026,220.22,6756.94,Dry,Unverified
Polonnaruwa,Maha,Banana,2026,262.84,8466.3,Dry,Unverified
Polonnaruwa,Maha,Banana,2026,295.95,8533.55,Dry,Unverified
Polonnaruwa,Maha,Big Onion,2026,72.29,664.81,Dry,Supported envelope
Polonnaruwa,Maha,Bitter Gourd,2026,94.6,868.18,Dry,Unverified
Polonnaruwa,Maha,Carrot,2026,59.71,886.13,Dry,Supported envelope
Polonnaruwa,Maha,Chilli,2026,74.43,617.65,Dry,Supported envelope
Polonnaruwa,Maha,Chilli,2026,77.79,574.26,Dry,Supported envelope
Polonnaruwa,Maha,Ginger,2026,70.16,645.36,Dry,Supported envelope
Polonnaruwa,Maha,Green Gram,2026,42.26,327.38,Dry,Supported envelope
Polonnaruwa,Maha,Papaya,2026,181.22,5660.39,Dry,Unverified
Polonnaruwa,Maha,Potato,2026,116.31,2666.14,Dry,Supported envelope
Polonnaruwa,Maha,Pumpkin,2026,119.66,2169.52,Dry,Unverified
Polonnaruwa,Maha,Pumpkin,2026,88.25,1367.56,Dry,Unverified
Polonnaruwa,Maha,Red Onion,2026,93.5,702.11,Dry,Supported envelope
Polonnaruwa,Maha,Red Onion,2026,82.59,871.13,Dry,Supported envelope
Polonnaruwa,Maha,Ridge Gourd,2026,64.81,744.96,Dry,Unverified
Polonnaruwa,Maha,Ridge Gourd,2026,94.73,956.49,Dry,Unverified
Polonnaruwa,Maha,Snake Gourd,2026,109.12,781.09,Dry,Unverified
Polonnaruwa,Maha,Snake Gourd,2026,74.79,786.07,Dry,Unverified
Polonnaruwa,Maha,Sweet Potato,2026,100.35,1580.79,Dry,Supported envelope
Polonnaruwa,Maha,Tomato,2026,103.94,1215.1,Dry,Unverified
Polonnaruwa,Maha,Tomato,2026,111.96,1445.69,Dry,Unverified
Polonnaruwa,Maha,Turmeric,2026,95.8,1141.05,Dry,Supported envelope
Polonnaruwa,Maha,Watermelon,2026,190.19,3981.49,Dry,Unverified
Polonnaruwa,Maha,Watermelon,2026,140.23,2615.86,Dry,Unverified
Polonnaruwa,Maha,Yam,2026,141.85,1820.75,Dry,Unverified
Polonnaruwa,Yala,Ash Plantain,2026,216.19,5482.07,Dry,Unverified
Polonnaruwa,Yala,Banana,2026,239.37,7517.97,Dry,Unverified
Polonnaruwa,Yala,Banana,2026,233.14,6843.13,Dry,Unverified
Polonnaruwa,Yala,Banana,2026,242.94,6074.55,Dry,Unverified
Polonnaruwa,Yala,Banana,2026,151.61,3509.72,Dry,Unverified
Polonnaruwa,Yala,Banana,2026,254.05,8747.68,Dry,Unverified
Polonnaruwa,Yala,Bitter Gourd,2026,83.3,792.24,Dry,Unverified
Polonnaruwa,Yala,Carrot,2026,93.87,1487.26,Dry,Supported envelope
Polonnaruwa,Yala,Carrot,2026,66.13,915.27,Dry,Supported envelope
Polonnaruwa,Yala,Chilli,2026,66.31,423.51,Dry,Supported envelope
Polonnaruwa,Yala,Chilli,2026,89.47,622.24,Dry,Supported envelope
Polonnaruwa,Yala,Chilli,2026,53.24,454.51,Dry,Supported envelope
Polonnaruwa,Yala,Chilli,2026,49.64,411.0,Dry,Supported envelope
Polonnaruwa,Yala,Coconut,2026,198.78,5509.67,Dry,Unverified
Polonnaruwa,Yala,Green Gram,2026,50.8,442.43,Dry,Supported envelope
Polonnaruwa,Yala,Maize,2026,78.89,1362.39,Dry,Supported envelope
Polonnaruwa,Yala,Maize,2026,115.59,1692.52,Dry,Supported envelope
Polonnaruwa,Yala,Papaya,2026,164.48,4501.89,Dry,Unverified
Polonnaruwa,Yala,Potato,2026,178.26,3378.83,Dry,Supported envelope
Polonnaruwa,Yala,Potato,2026,82.53,1600.97,Dry,Supported envelope
Polonnaruwa,Yala,Potato,2026,112.12,2214.51,Dry,Supported envelope
Polonnaruwa,Yala,Red Onion,2026,117.99,1127.6,Dry,Supported envelope
Polonnaruwa,Yala,Red Onion,2026,52.9,487.23,Dry,Supported envelope
Polonnaruwa,Yala,Snake Gourd,2026,117.35,1270.87,Dry,Unverified
Polonnaruwa,Yala,Taro,2026,116.42,1151.88,Dry,Unverified
Polonnaruwa,Yala,Tomato,2026,65.14,865.0,Dry,Unverified
Polonnaruwa,Yala,Turmeric,2026,62.03,686.35,Dry,Supported envelope
Polonnaruwa,Yala,Watermelon,2026,84.86,1761.46,Dry,Unverified
Polonnaruwa,Yala,Watermelon,2026,199.39,4933.25,Dry,Unverified
Puttalam,Maha,Banana,2026,158.54,5376.76,Dry/Intermediate,Unverified
Puttalam,Maha,Banana,2026,139.05,4720.82,Dry/Intermediate,Unverified
Puttalam,Maha,Banana,2026,160.84,5432.36,Dry/Intermediate,Unverified
Puttalam,Maha,Banana,2026,198.63,6420.04,Dry/Intermediate,Unverified
Puttalam,Maha,Big Onion,2026,92.6,1125.17,Dry/Intermediate,Supported envelope
Puttalam,Maha,Bitter Gourd,2026,109.1,917.04,Dry/Intermediate,Unverified
Puttalam,Maha,Black Gram,2026,67.07,454.7,Dry/Intermediate,Unverified
Puttalam,Maha,Black Gram,2026,46.01,262.24,Dry/Intermediate,Unverified
Puttalam,Maha,Carrot,2026,137.47,2369.6,Dry/Intermediate,Supported envelope
Puttalam,Maha,Carrot,2026,94.86,1086.72,Dry/Intermediate,Supported envelope
Puttalam,Maha,Carrot,2026,74.34,1026.27,Dry/Intermediate,Supported envelope
Puttalam,Maha,Carrot,2026,79.98,1140.66,Dry/Intermediate,Supported envelope
Puttalam,Maha,Carrot,2026,96.05,1385.63,Dry/Intermediate,Supported envelope
Puttalam,Maha,Carrot,2026,120.3,1739.27,Dry/Intermediate,Supported envelope
Puttalam,Maha,Coconut,2026,338.98,8282.06,Dry/Intermediate,Unverified
Puttalam,Maha,Coconut,2026,304.49,11491.58,Dry/Intermediate,Unverified
Puttalam,Maha,Cowpea,2026,57.9,459.69,Dry/Intermediate,Supported envelope
Puttalam,Maha,Cucumber,2026,108.56,2238.53,Dry/Intermediate,Unverified
Puttalam,Maha,Ginger,2026,84.58,774.81,Dry/Intermediate,Supported envelope
Puttalam,Maha,Green Gram,2026,57.98,387.01,Dry/Intermediate,Supported envelope
Puttalam,Maha,Groundnut,2026,78.93,633.38,Dry/Intermediate,Supported envelope
Puttalam,Maha,Long Bean,2026,104.25,877.11,Dry/Intermediate,Unverified
Puttalam,Maha,Long Bean,2026,85.76,694.22,Dry/Intermediate,Unverified
Puttalam,Maha,Mango,2026,192.36,5106.91,Dry/Intermediate,Unverified
Puttalam,Maha,Potato,2026,92.62,1605.71,Dry/Intermediate,Supported envelope
Puttalam,Maha,Snake Gourd,2026,73.62,791.39,Dry/Intermediate,Unverified
Puttalam,Maha,Tomato,2026,115.2,1832.33,Dry/Intermediate,Unverified
Puttalam,Maha,Turmeric,2026,87.53,886.79,Dry/Intermediate,Supported envelope
Puttalam,Maha,Watermelon,2026,210.21,3023.48,Dry/Intermediate,Unverified
Puttalam,Maha,Yam,2026,84.26,1124.69,Dry/Intermediate,Unverified
Puttalam,Yala,Banana,2026,200.51,6583.26,Dry/Intermediate,Unverified
Puttalam,Yala,Banana,2026,87.06,2716.49,Dry/Intermediate,Unverified
Puttalam,Yala,Banana,2026,229.51,4926.19,Dry/Intermediate,Unverified
Puttalam,Yala,Banana,2026,267.25,7697.03,Dry/Intermediate,Unverified
Puttalam,Yala,Banana,2026,215.78,6956.9,Dry/Intermediate,Unverified
Puttalam,Yala,Carrot,2026,77.7,1236.61,Dry/Intermediate,Supported envelope
Puttalam,Yala,Chilli,2026,92.09,681.57,Dry/Intermediate,Supported envelope
Puttalam,Yala,Ginger,2026,67.05,824.54,Dry/Intermediate,Supported envelope
Puttalam,Yala,Green Gram,2026,59.55,549.44,Dry/Intermediate,Supported envelope
Puttalam,Yala,Long Bean,2026,81.15,581.48,Dry/Intermediate,Unverified
Puttalam,Yala,Papaya,2026,210.23,5680.03,Dry/Intermediate,Unverified
Puttalam,Yala,Potato,2026,69.82,1100.26,Dry/Intermediate,Supported envelope
Puttalam,Yala,Rice,2026,113.5,2484.58,Dry/Intermediate,Unverified
Puttalam,Yala,Rice,2026,145.01,3405.2,Dry/Intermediate,Unverified
Puttalam,Yala,Ridge Gourd,2026,80.76,671.99,Dry/Intermediate,Unverified
Puttalam,Yala,Soybean,2026,64.84,614.39,Dry/Intermediate,Unverified
Puttalam,Yala,Sweet Potato,2026,126.2,1654.19,Dry/Intermediate,Supported envelope
Puttalam,Yala,Sweet Potato,2026,74.68,1105.39,Dry/Intermediate,Supported envelope
Puttalam,Yala,Taro,2026,65.44,973.9,Dry/Intermediate,Unverified
Puttalam,Yala,Taro,2026,99.9,1659.94,Dry/Intermediate,Unverified
Puttalam,Yala,Watermelon,2026,144.64,2363.53,Dry/Intermediate,Unverified
Puttalam,Yala,Watermelon,2026,137.26,2657.18,Dry/Intermediate,Unverified
Puttalam,Yala,Watermelon,2026,121.43,2748.16,Dry/Intermediate,Unverified
Puttalam,Yala,Yam,2026,116.42,1689.42,Dry/Intermediate,Unverified
Ratnapura,Maha,Banana,2026,209.17,6468.74,Wet/Intermediate,Unverified
Ratnapura,Maha,Big Onion,2026,48.36,628.12,Wet/Intermediate,Supported envelope
Ratnapura,Maha,Big Onion,2026,95.93,977.19,Wet/Intermediate,Supported envelope
Ratnapura,Maha,Bitter Gourd,2026,88.21,926.43,Wet/Intermediate,Unverified
Ratnapura,Maha,Bitter Gourd,2026,71.13,667.88,Wet/Intermediate,Unverified
Ratnapura,Maha,Carrot,2026,92.9,1431.99,Wet/Intermediate,Supported envelope
Ratnapura,Maha,Carrot,2026,99.56,1551.65,Wet/Intermediate,Supported envelope
Ratnapura,Maha,Carrot,2026,69.6,1066.13,Wet/Intermediate,Supported envelope
Ratnapura,Maha,Carrot,2026,109.72,1603.43,Wet/Intermediate,Supported envelope
Ratnapura,Maha,Cassava,2026,262.73,7769.72,Wet/Intermediate,Supported envelope
Ratnapura,Maha,Cassava,2026,101.64,2534.1,Wet/Intermediate,Supported envelope
Ratnapura,Maha,Chilli,2026,71.26,511.78,Wet/Intermediate,Supported envelope
Ratnapura,Maha,Coconut,2026,174.64,4735.04,Wet/Intermediate,Unverified
Ratnapura,Maha,Coconut,2026,178.96,5183.24,Wet/Intermediate,Unverified
Ratnapura,Maha,Cowpea,2026,70.6,630.15,Wet/Intermediate,Supported envelope
Ratnapura,Maha,Cucumber,2026,122.52,1582.04,Wet/Intermediate,Unverified
Ratnapura,Maha,Ginger,2026,55.96,801.53,Wet/Intermediate,Supported envelope
Ratnapura,Maha,Groundnut,2026,85.16,919.43,Wet/Intermediate,Supported envelope
Ratnapura,Maha,Mango,2026,144.56,3754.19,Wet/Intermediate,Unverified
Ratnapura,Maha,Okra,2026,66.16,531.01,Wet/Intermediate,Unverified
Ratnapura,Maha,Papaya,2026,232.28,6384.71,Wet/Intermediate,Unverified
Ratnapura,Maha,Papaya,2026,115.15,2745.21,Wet/Intermediate,Unverified
Ratnapura,Maha,Pumpkin,2026,82.46,1141.43,Wet/Intermediate,Unverified
Ratnapura,Maha,Pumpkin,2026,101.51,1621.9,Wet/Intermediate,Unverified
Ratnapura,Maha,Ridge Gourd,2026,59.24,596.02,Wet/Intermediate,Unverified
Ratnapura,Maha,Ridge Gourd,2026,117.14,1306.48,Wet/Intermediate,Unverified
Ratnapura,Maha,Snake Gourd,2026,87.59,724.46,Wet/Intermediate,Unverified
Ratnapura,Maha,Soybean,2026,81.18,705.57,Wet/Intermediate,Unverified
Ratnapura,Maha,Sweet Potato,2026,76.56,992.12,Wet/Intermediate,Supported envelope
Ratnapura,Maha,Taro,2026,82.53,1247.54,Wet/Intermediate,Unverified
Ratnapura,Maha,Tea,2026,292.96,7423.47,Wet/Intermediate,Supported envelope
Ratnapura,Maha,Tea,2026,165.91,3789.99,Wet/Intermediate,Supported envelope
Ratnapura,Maha,Tomato,2026,78.08,1030.09,Wet/Intermediate,Unverified
Ratnapura,Maha,Watermelon,2026,77.35,1720.2,Wet/Intermediate,Unverified
Ratnapura,Maha,Watermelon,2026,113.6,2035.5,Wet/Intermediate,Unverified
Ratnapura,Maha,Watermelon,2026,138.14,2942.8,Wet/Intermediate,Unverified
Ratnapura,Maha,Watermelon,2026,162.07,3563.04,Wet/Intermediate,Unverified
Ratnapura,Maha,Watermelon,2026,121.67,2631.54,Wet/Intermediate,Unverified
Ratnapura,Yala,Ash Plantain,2026,214.15,6355.18,Wet/Intermediate,Unverified
Ratnapura,Yala,Beans,2026,60.6,474.89,Wet/Intermediate,Supported envelope
Ratnapura,Yala,Big Onion,2026,64.69,637.64,Wet/Intermediate,Supported envelope
Ratnapura,Yala,Bitter Gourd,2026,75.53,737.7,Wet/Intermediate,Unverified
Ratnapura,Yala,Bitter Gourd,2026,69.6,711.01,Wet/Intermediate,Unverified
Ratnapura,Yala,Brinjal,2026,59.27,695.03,Wet/Intermediate,Unverified
Ratnapura,Yala,Brinjal,2026,100.53,1364.51,Wet/Intermediate,Unverified
Ratnapura,Yala,Brinjal,2026,64.7,774.3,Wet/Intermediate,Unverified
Ratnapura,Yala,Cabbage,2026,78.52,1214.85,Wet/Intermediate,Supported envelope
Ratnapura,Yala,Carrot,2026,110.13,1742.44,Wet/Intermediate,Supported envelope
Ratnapura,Yala,Cassava,2026,122.13,2617.95,Wet/Intermediate,Supported envelope
Ratnapura,Yala,Cauliflower,2026,71.54,763.78,Wet/Intermediate,Supported envelope
Ratnapura,Yala,Cauliflower,2026,89.01,1205.91,Wet/Intermediate,Supported envelope
Ratnapura,Yala,Chilli,2026,66.21,517.75,Wet/Intermediate,Supported envelope
Ratnapura,Yala,Chilli,2026,33.78,243.79,Wet/Intermediate,Supported envelope
Ratnapura,Yala,Cowpea,2026,44.37,286.89,Wet/Intermediate,Supported envelope
Ratnapura,Yala,Cowpea,2026,57.75,440.41,Wet/Intermediate,Supported envelope
Ratnapura,Yala,Cucumber,2026,71.51,1030.24,Wet/Intermediate,Unverified
Ratnapura,Yala,Groundnut,2026,55.44,506.11,Wet/Intermediate,Supported envelope
Ratnapura,Yala,Long Bean,2026,63.19,553.04,Wet/Intermediate,Unverified
Ratnapura,Yala,Maize,2026,83.34,1291.43,Wet/Intermediate,Supported envelope
Ratnapura,Yala,Pepper,2026,39.37,217.58,Wet/Intermediate,Supported envelope
Ratnapura,Yala,Potato,2026,107.51,2254.5,Wet/Intermediate,Supported envelope
Ratnapura,Yala,Pumpkin,2026,100.39,1754.71,Wet/Intermediate,Unverified
Ratnapura,Yala,Red Onion,2026,56.07,515.78,Wet/Intermediate,Supported envelope
Ratnapura,Yala,Sesame,2026,51.87,325.55,Wet/Intermediate,Unverified
Ratnapura,Yala,Sesame,2026,50.47,284.44,Wet/Intermediate,Unverified
Ratnapura,Yala,Tea,2026,249.73,6028.25,Wet/Intermediate,Supported envelope
Ratnapura,Yala,Tea,2026,245.65,6784.03,Wet/Intermediate,Supported envelope
Ratnapura,Yala,Tomato,2026,95.23,1361.75,Wet/Intermediate,Unverified
Ratnapura,Yala,Tomato,2026,84.99,1163.96,Wet/Intermediate,Unverified
Ratnapura,Yala,Tomato,2026,102.78,1466.75,Wet/Intermediate,Unverified
Ratnapura,Yala,Turmeric,2026,106.92,1090.25,Wet/Intermediate,Supported envelope
Ratnapura,Yala,Watermelon,2026,177.6,3183.52,Wet/Intermediate,Unverified
Ratnapura,Yala,Watermelon,2026,70.53,1662.87,Wet/Intermediate,Unverified
Ratnapura,Yala,Watermelon,2026,138.7,3007.62,Wet/Intermediate,Unverified
Ratnapura,Yala,Watermelon,2026,99.81,1615.56,Wet/Intermediate,Unverified
Ratnapura,Yala,Watermelon,2026,109.23,1798.05,Wet/Intermediate,Unverified
Ratnapura,Yala,Yam,2026,116.06,1209.47,Wet/Intermediate,Unverified
Trincomalee,Maha,Ash Plantain,2026,247.1,7481.49,Dry,Unverified
Trincomalee,Maha,Banana,2026,223.52,7445.02,Dry,Unverified
Trincomalee,Maha,Bitter Gourd,2026,56.16,554.5,Dry,Unverified
Trincomalee,Maha,Bitter Gourd,2026,70.41,1075.18,Dry,Unverified
Trincomalee,Maha,Black Gram,2026,38.07,299.82,Dry,Unverified
Trincomalee,Maha,Brinjal,2026,58.66,920.09,Dry,Unverified
Trincomalee,Maha,Carrot,2026,94.82,1425.92,Dry,Supported envelope
Trincomalee,Maha,Carrot,2026,106.26,1868.56,Dry,Supported envelope
Trincomalee,Maha,Chilli,2026,42.37,317.49,Dry,Supported envelope
Trincomalee,Maha,Cucumber,2026,64.37,1066.56,Dry,Unverified
Trincomalee,Maha,Ginger,2026,55.41,593.98,Dry,Supported envelope
Trincomalee,Maha,Okra,2026,77.88,662.84,Dry,Unverified
Trincomalee,Maha,Okra,2026,41.89,348.77,Dry,Unverified
Trincomalee,Maha,Papaya,2026,142.2,4005.47,Dry,Unverified
Trincomalee,Maha,Red Onion,2026,63.4,471.6,Dry,Supported envelope
Trincomalee,Maha,Red Onion,2026,79.02,705.08,Dry,Supported envelope
Trincomalee,Maha,Ridge Gourd,2026,66.24,708.65,Dry,Unverified
Trincomalee,Maha,Sesame,2026,51.6,318.08,Dry,Unverified
Trincomalee,Maha,Tomato,2026,108.28,1393.17,Dry,Unverified
Trincomalee,Maha,Tomato,2026,109.81,1809.1,Dry,Unverified
Trincomalee,Maha,Watermelon,2026,153.48,3613.3,Dry,Unverified
Trincomalee,Maha,Watermelon,2026,111.91,1567.94,Dry,Unverified
Trincomalee,Maha,Watermelon,2026,96.8,2258.59,Dry,Unverified
Trincomalee,Maha,Watermelon,2026,139.23,3200.81,Dry,Unverified
Trincomalee,Maha,Yam,2026,96.61,1067.52,Dry,Unverified
Trincomalee,Maha,Yam,2026,132.77,1718.48,Dry,Unverified
Trincomalee,Yala,Banana,2026,178.36,6466.35,Dry,Unverified
Trincomalee,Yala,Big Onion,2026,47.9,490.75,Dry,Supported envelope
Trincomalee,Yala,Black Gram,2026,34.64,226.86,Dry,Unverified
Trincomalee,Yala,Carrot,2026,88.01,1684.15,Dry,Supported envelope
Trincomalee,Yala,Chilli,2026,67.02,486.08,Dry,Supported envelope
Trincomalee,Yala,Cowpea,2026,40.45,290.96,Dry,Supported envelope
Trincomalee,Yala,Ginger,2026,83.07,772.51,Dry,Supported envelope
Trincomalee,Yala,Maize,2026,101.81,1567.36,Dry,Supported envelope
Trincomalee,Yala,Mango,2026,105.93,2735.47,Dry,Unverified
Trincomalee,Yala,Okra,2026,36.4,307.48,Dry,Unverified
Trincomalee,Yala,Okra,2026,26.65,207.66,Dry,Unverified
Trincomalee,Yala,Pumpkin,2026,160.95,2469.95,Dry,Unverified
Trincomalee,Yala,Rice,2026,125.45,2785.06,Dry,Unverified
Trincomalee,Yala,Soybean,2026,74.9,717.56,Dry,Unverified
Trincomalee,Yala,Sweet Potato,2026,101.79,1137.86,Dry,Supported envelope
Trincomalee,Yala,Sweet Potato,2026,107.08,1512.35,Dry,Supported envelope
Trincomalee,Yala,Taro,2026,111.32,1308.98,Dry,Unverified
Trincomalee,Yala,Tomato,2026,81.28,1087.61,Dry,Unverified
Trincomalee,Yala,Watermelon,2026,88.54,1621.79,Dry,Unverified
Vavuniya,Maha,Banana,2026,187.17,6061.34,Dry,Unverified
Vavuniya,Maha,Banana,2026,172.66,5157.45,Dry,Unverified
Vavuniya,Maha,Bitter Gourd,2026,94.67,1060.49,Dry,Unverified
Vavuniya,Maha,Carrot,2026,71.87,874.0,Dry,Supported envelope
Vavuniya,Maha,Carrot,2026,82.29,1301.0,Dry,Supported envelope
Vavuniya,Maha,Carrot,2026,125.32,2054.83,Dry,Supported envelope
Vavuniya,Maha,Carrot,2026,83.08,1136.85,Dry,Supported envelope
Vavuniya,Maha,Carrot,2026,118.29,1897.83,Dry,Supported envelope
Vavuniya,Maha,Cassava,2026,114.79,2785.02,Dry,Supported envelope
Vavuniya,Maha,Cassava,2026,179.19,3703.87,Dry,Supported envelope
Vavuniya,Maha,Chilli,2026,46.08,334.09,Dry,Supported envelope
Vavuniya,Maha,Chilli,2026,99.09,638.05,Dry,Supported envelope
Vavuniya,Maha,Coconut,2026,173.18,5168.05,Dry,Unverified
Vavuniya,Maha,Cucumber,2026,130.54,2024.46,Dry,Unverified
Vavuniya,Maha,Green Gram,2026,100.14,781.71,Dry,Supported envelope
Vavuniya,Maha,Long Bean,2026,57.44,564.59,Dry,Unverified
Vavuniya,Maha,Long Bean,2026,74.82,601.62,Dry,Unverified
Vavuniya,Maha,Maize,2026,114.97,1885.19,Dry,Supported envelope
Vavuniya,Maha,Okra,2026,79.3,645.86,Dry,Unverified
Vavuniya,Maha,Papaya,2026,87.95,2215.62,Dry,Unverified
Vavuniya,Maha,Ridge Gourd,2026,81.84,797.83,Dry,Unverified
Vavuniya,Maha,Sesame,2026,80.73,520.69,Dry,Unverified
Vavuniya,Maha,Tomato,2026,58.63,795.71,Dry,Unverified
Vavuniya,Maha,Watermelon,2026,140.38,2824.8,Dry,Unverified
Vavuniya,Yala,Banana,2026,240.41,7827.88,Dry,Unverified
Vavuniya,Yala,Big Onion,2026,68.08,719.83,Dry,Supported envelope
Vavuniya,Yala,Big Onion,2026,42.54,530.83,Dry,Supported envelope
Vavuniya,Yala,Bitter Gourd,2026,74.05,649.73,Dry,Unverified
Vavuniya,Yala,Bitter Gourd,2026,44.94,390.44,Dry,Unverified
Vavuniya,Yala,Brinjal,2026,73.25,937.05,Dry,Unverified
Vavuniya,Yala,Coconut,2026,175.09,4700.58,Dry,Unverified
Vavuniya,Yala,Cucumber,2026,83.6,1040.51,Dry,Unverified
Vavuniya,Yala,Okra,2026,54.69,452.17,Dry,Unverified
Vavuniya,Yala,Ridge Gourd,2026,41.37,442.91,Dry,Unverified
Vavuniya,Yala,Ridge Gourd,2026,71.69,675.12,Dry,Unverified
Vavuniya,Yala,Soybean,2026,60.18,460.15,Dry,Unverified
Vavuniya,Yala,Taro,2026,69.21,910.31,Dry,Unverified
Vavuniya,Yala,Turmeric,2026,81.36,874.34,Dry,Supported envelope
